datetime,kp,kp_class,solar_wind_speed,solar_wind_bz,flare_class,flare_active,xray_flux,seismic_count,max_magnitude,field_modifier,tithi,nakshatra,hora,vara,paksha
2026-04-12T15:09:48,1.0,quiet,599.3,0.0,none,False,3.0879937185090967e-07,1,4.6,0.32,Ekādaśī,Śatabhiṣā,budha,Ravivāra,Kṛṣṇa
2026-04-12T15:10:00,1.0,quiet,599.3,0.0,none,False,3.0879937185090967e-07,1,4.6,0.32,Ekādaśī,Śatabhiṣā,,Ravivāra ☀,Kṛṣṇa
2026-04-12T15:20:04,1.0,quiet,644.9,0.0,none,False,3.378552833055437e-07,1,4.6,0.33,Ekādaśī,Śatabhiṣā,,Ravivāra ☀,Kṛṣṇa
2026-04-12T15:51:45,1.0,quiet,573.1,0.0,none,False,4.533816877483332e-07,1,2.5,0.27,Ekādaśī,Śatabhiṣā,,Ravivāra ☀,Kṛṣṇa
2026-04-12T16:01:48,1.0,quiet,563.2,0.0,none,False,4.6780692741776875e-07,2,4.0,0.306,Ekādaśī,Śatabhiṣā,,Ravivāra ☀,Kṛṣṇa
2026-04-12T16:11:51,1.0,quiet,573.8,0.0,none,False,3.974089679559256e-07,2,4.5,0.317,Ekādaśī,Śatabhiṣā,,Ravivāra ☀,Kṛṣṇa
2026-04-12T16:34:23,1.0,quiet,507.7,0.0,none,False,3.2835157526278635e-07,4,5.1,0.317,Ekādaśī,Śatabhiṣā,,Ravivāra ☀,Kṛṣṇa
2026-04-12T16:44:28,1.0,quiet,569.9,0.0,none,False,3.3751413752725057e-07,4,5.1,0.329,Ekādaśī,Śatabhiṣā,,Ravivāra ☀,Kṛṣṇa
2026-04-12T16:54:30,1.0,quiet,561.1,0.0,none,False,3.219674056254007e-07,4,5.1,0.326,Ekādaśī,Śatabhiṣā,,Ravivāra ☀,Kṛṣṇa
2026-04-12T17:15:01,0.0,quiet,534.1,0.0,none,False,3.2928610949056747e-07,3,4.6,0.276,Ekādaśī,Śatabhiṣā,,Ravivāra ☀,Kṛṣṇa
2026-04-12T17:25:03,0.0,quiet,542.4,0.0,none,False,3.4544851246209873e-07,4,4.6,0.278,Ekādaśī,Śatabhiṣā,,Ravivāra ☀,Kṛṣṇa
2026-04-12T17:35:08,0.0,quiet,555.5,0.0,none,False,3.5356671901354275e-07,4,4.6,0.281,Ekādaśī,Śatabhiṣā,,Ravivāra ☀,Kṛṣṇa
2026-04-12T17:45:12,0.0,quiet,507.7,0.0,none,False,4.175817878149246e-07,1,4.6,0.275,Ekādaśī,Śatabhiṣā,,Ravivāra ☀,Kṛṣṇa
2026-04-12T17:55:17,0.0,quiet,544.8,0.0,none,False,3.6181231166665384e-07,1,4.6,0.279,Ekādaśī,Śatabhiṣā,,Ravivāra ☀,Kṛṣṇa
2026-04-13T07:06:38,0.0,quiet,497.8,0.0,none,False,3.155867887016939e-07,1,2.5,0.216,Dvādaśī,Pūrva Bhādrapadā,,Somavāra ☽,Kṛṣṇa
2026-04-13T07:16:42,0.0,quiet,500.3,0.0,none,False,3.150014435959747e-07,0,0,0.154,Dvādaśī,Pūrva Bhādrapadā,,Somavāra ☽,Kṛṣṇa
2026-04-13T07:26:46,0.0,quiet,486.0,0.0,none,False,3.491219615625596e-07,0,0,0.153,Dvādaśī,Pūrva Bhādrapadā,,Somavāra ☽,Kṛṣṇa
2026-04-13T07:36:50,0.0,quiet,505.5,0.0,none,False,9.15214570795797e-07,0,0,0.173,Dvādaśī,Pūrva Bhādrapadā,,Somavāra ☽,Kṛṣṇa
2026-04-13T07:46:55,0.0,quiet,500.8,0.0,C,False,1.010710889204347e-06,0,0,0.174,Dvādaśī,Pūrva Bhādrapadā,,Somavāra ☽,Kṛṣṇa
2026-04-13T07:56:56,1.0,quiet,501.5,0.0,none,False,7.033391398181266e-07,1,4.4,0.311,Dvādaśī,Pūrva Bhādrapadā,,Somavāra ☽,Kṛṣṇa
2026-04-13T08:06:58,0.0,quiet,510.5,0.0,none,False,5.586658744505257e-07,0,0,0.166,Dvādaśī,Pūrva Bhādrapadā,,Somavāra ☽,Kṛṣṇa
2026-04-13T08:16:59,0.0,quiet,504.7,0.0,none,False,5.001018621442199e-07,0,0,0.163,Dvādaśī,Pūrva Bhādrapadā,,Somavāra ☽,Kṛṣṇa
2026-04-13T08:27:04,0.0,quiet,503.9,0.0,none,False,4.169838803136372e-07,0,0,0.159,Dvādaśī,Pūrva Bhādrapadā,,Somavāra ☽,Kṛṣṇa
2026-04-13T08:37:10,0.0,quiet,499.5,0.0,none,False,3.635600762663671e-07,0,0,0.156,Dvādaśī,Pūrva Bhādrapadā,,Somavāra ☽,Kṛṣṇa
2026-04-13T08:47:11,0.0,quiet,500.4,0.0,none,False,3.273337938480836e-07,1,4.4,0.264,Dvādaśī,Pūrva Bhādrapadā,,Somavāra ☽,Kṛṣṇa
2026-04-13T08:47:55,0.0,quiet,501.5,0.0,none,False,3.273337938480836e-07,1,4.4,0.265,Dvādaśī,Pūrva Bhādrapadā,,Somavāra ☽,Kṛṣṇa
2026-04-13T08:57:56,0.0,quiet,492.0,0.0,none,False,4.950953211846354e-07,1,4.4,0.27,Dvādaśī,Pūrva Bhādrapadā,,Somavāra ☽,Kṛṣṇa
2026-04-13T09:07:57,0.0,quiet,495.5,0.0,none,False,3.09971909473461e-07,1,4.4,0.263,Dvādaśī,Pūrva Bhādrapadā,,Somavāra ☽,Kṛṣṇa
2026-04-13T09:17:58,0.0,quiet,491.8,0.0,none,False,2.968172054806928e-07,1,4.4,0.261,Dvādaśī,Pūrva Bhādrapadā,,Somavāra ☽,Kṛṣṇa
2026-04-13T09:19:55,0.0,quiet,491.7,0.0,none,False,2.8805450824620493e-07,1,4.4,0.261,Dvādaśī,Pūrva Bhādrapadā,,Somavāra ☽,Kṛṣṇa
2026-04-13T09:29:56,0.0,quiet,489.3,0.0,none,False,2.588209895293403e-07,0,0,0.148,Dvādaśī,Pūrva Bhādrapadā,,Somavāra ☽,Kṛṣṇa
2026-04-13T09:39:57,0.0,quiet,483.2,0.0,none,False,2.8233867510607524e-07,0,0,0.149,Dvādaśī,Pūrva Bhādrapadā,,Somavāra ☽,Kṛṣṇa
2026-04-13T09:44:13,0.0,quiet,490.1,0.0,none,False,2.886102379306976e-07,0,0,0.15,Dvādaśī,Pūrva Bhādrapadā,,Somavāra ☽,Kṛṣṇa
2026-04-13T09:54:14,0.0,quiet,473.0,0.0,none,False,3.1973942782315135e-07,1,4.7,0.266,Dvādaśī,Pūrva Bhādrapadā,,Somavāra ☽,Kṛṣṇa
2026-04-13T10:04:15,0.0,quiet,499.2,0.0,none,False,3.5140882914674876e-07,0,0,0.155,Dvādaśī,Pūrva Bhādrapadā,,Somavāra ☽,Kṛṣṇa
2026-04-13T10:14:17,0.0,quiet,475.4,0.0,none,False,3.152468934786157e-07,0,0,0.149,Dvādaśī,Pūrva Bhādrapadā,,Somavāra ☽,Kṛṣṇa
2026-04-13T10:52:26,0.0,quiet,492.3,0.0,none,False,2.9847157634321775e-07,0,0,0.151,Dvādaśī,Pūrva Bhādrapadā,,Somavāra ☽,Kṛṣṇa
2026-04-13T11:02:27,0.0,quiet,478.8,0.0,none,False,3.2351360346183355e-07,0,0,0.15,Dvādaśī,Pūrva Bhādrapadā,,Somavāra ☽,Kṛṣṇa
2026-04-13T11:12:29,0.0,quiet,494.3,0.0,none,False,3.1865963023847144e-07,0,0,0.153,Dvādaśī,Pūrva Bhādrapadā,,Somavāra ☽,Kṛṣṇa
2026-04-13T11:22:30,0.0,quiet,519.8,0.0,none,False,3.355585533881822e-07,0,0,0.158,Dvādaśī,Pūrva Bhādrapadā,,Somavāra ☽,Kṛṣṇa
2026-04-13T11:32:31,0.0,quiet,521.8,0.0,none,False,3.046597214506619e-07,0,0,0.157,Dvādaśī,Pūrva Bhādrapadā,,Somavāra ☽,Kṛṣṇa
2026-04-13T11:42:32,0.0,quiet,491.0,0.0,none,False,3.836920257072052e-07,0,0,0.155,Dvādaśī,Pūrva Bhādrapadā,,Somavāra ☽,Kṛṣṇa
2026-04-13T11:52:37,0.0,quiet,461.1,0.0,none,False,3.007913278452179e-07,0,0,0.146,Dvādaśī,Pūrva Bhādrapadā,,Somavāra ☽,Kṛṣṇa
2026-04-13T12:02:40,0.0,quiet,493.0,0.0,none,False,2.772522975647007e-07,0,0,0.15,Dvādaśī,Pūrva Bhādrapadā,,Somavāra ☽,Kṛṣṇa
2026-04-13T12:12:44,0.0,quiet,505.0,0.0,none,False,2.754291301698686e-07,0,0,0.152,Dvādaśī,Pūrva Bhādrapadā,,Somavāra ☽,Kṛṣṇa
2026-04-13T12:29:44,0.0,quiet,509.3,0.0,none,False,2.6413110276735097e-07,1,2.5,0.215,Dvādaśī,Pūrva Bhādrapadā,,Somavāra ☽,Kṛṣṇa
2026-04-13T12:39:48,0.0,quiet,489.9,0.0,none,False,3.55287937736648e-07,1,2.5,0.216,Dvādaśī,Pūrva Bhādrapadā,,Somavāra ☽,Kṛṣṇa
2026-04-13T12:49:52,0.0,quiet,486.5,0.0,none,False,2.8390073225637025e-07,1,2.5,0.212,Dvādaśī,Pūrva Bhādrapadā,,Somavāra ☽,Kṛṣṇa
2026-04-13T12:59:56,0.0,quiet,489.3,0.0,none,False,2.552577313963411e-07,2,3.2,0.228,Dvādaśī,Pūrva Bhādrapadā,,Somavāra ☽,Kṛṣṇa
2026-04-13T13:09:59,0.0,quiet,499.7,0.0,none,False,2.5257378410969977e-07,2,3.2,0.23,Dvādaśī,Pūrva Bhādrapadā,,Somavāra ☽,Kṛṣṇa
2026-04-13T13:20:03,0.0,quiet,465.7,0.0,none,False,2.6791565232997527e-07,1,3.2,0.224,Dvādaśī,Pūrva Bhādrapadā,,Somavāra ☽,Kṛṣṇa
2026-04-13T14:41:22,0.0,quiet,506.7,0.0,none,False,3.5499556361173745e-07,2,4.4,0.267,Dvādaśī,Pūrva Bhādrapadā,,Somavāra ☽,Kṛṣṇa
2026-04-13T14:51:26,0.0,quiet,494.4,0.0,none,False,3.7040175016045396e-07,2,4.4,0.265,Dvādaśī,Pūrva Bhādrapadā,,Somavāra ☽,Kṛṣṇa
2026-04-13T15:01:30,0.0,quiet,511.5,0.0,none,False,3.875937011343922e-07,0,0,0.159,Dvādaśī,Pūrva Bhādrapadā,,Somavāra ☽,Kṛṣṇa
2026-04-13T15:32:33,0.0,quiet,468.4,0.0,none,False,3.1970617442311777e-07,3,4.6,0.263,Dvādaśī,Pūrva Bhādrapadā,,Somavāra ☽,Kṛṣṇa
2026-04-13T15:42:35,0.0,quiet,471.3,0.0,none,False,3.1737317840452306e-07,2,4.6,0.263,Dvādaśī,Pūrva Bhādrapadā,,Somavāra ☽,Kṛṣṇa
2026-04-13T15:52:36,1.0,quiet,470.2,0.0,none,False,3.2322557785846584e-07,1,4.6,0.297,Dvādaśī,Pūrva Bhādrapadā,,Somavāra ☽,Kṛṣṇa
2026-04-13T16:02:37,1.0,quiet,479.6,0.0,none,False,3.134161943307845e-07,0,0,0.183,Dvādaśī,Pūrva Bhādrapadā,,Somavāra ☽,Kṛṣṇa
2026-04-13T16:12:38,0.0,quiet,469.8,0.0,none,False,3.0649189852738346e-07,0,0,0.148,Dvādaśī,Pūrva Bhādrapadā,,Somavāra ☽,Kṛṣṇa
2026-04-13T16:22:40,0.0,quiet,463.6,0.0,none,False,3.227321485610446e-07,1,3.2,0.227,Dvādaśī,Pūrva Bhādrapadā,,Somavāra ☽,Kṛṣṇa
2026-04-13T16:32:41,0.0,quiet,467.2,0.0,none,False,3.2811348660288786e-07,1,3.2,0.228,Dvādaśī,Pūrva Bhādrapadā,,Somavāra ☽,Kṛṣṇa
2026-04-13T16:32:52,0.0,quiet,467.2,0.0,none,False,3.2811348660288786e-07,1,3.2,0.228,Dvādaśī,Pūrva Bhādrapadā,,Somavāra ☽,Kṛṣṇa
2026-04-13T16:42:53,0.0,quiet,471.2,0.0,none,False,3.3778317742871877e-07,0,0,0.149,Dvādaśī,Pūrva Bhādrapadā,,Somavāra ☽,Kṛṣṇa
2026-04-13T16:44:48,0,unknown,0,0,none,False,0,0,0,0.0,Dvādaśī,Pūrva Bhādrapadā,,Somavāra ☽,Kṛṣṇa
2026-04-13T16:45:25,0.0,quiet,457.3,0.0,none,False,3.3761685358513205e-07,0,0,0.147,Dvādaśī,Pūrva Bhādrapadā,,Somavāra ☽,Kṛṣṇa
2026-04-13T16:51:12,0.0,quiet,469.5,0.0,none,False,3.289421215413313e-07,0,0,0.149,Dvādaśī,Pūrva Bhādrapadā,,Somavāra ☽,Kṛṣṇa
2026-04-13T17:01:13,0.0,quiet,463.8,0.0,none,False,3.3404367627554166e-07,0,0,0.148,Dvādaśī,Pūrva Bhādrapadā,,Somavāra ☽,Kṛṣṇa
2026-04-13T17:11:14,0.0,quiet,451.2,0.0,none,False,3.346047776631167e-07,0,0,0.146,Dvādaśī,Pūrva Bhādrapadā,,Somavāra ☽,Kṛṣṇa
2026-04-13T21:52:09,2.0,unsettled,475.8,0.0,none,False,3.7980808542670275e-07,13,5.7,0.362,Dvādaśī,Pūrva Bhādrapadā,,Somavāra ☽,Kṛṣṇa
2026-04-13T22:02:13,1.0,quiet,509.3,0.0,none,False,3.410726776564843e-07,16,5.5,0.328,Dvādaśī,Pūrva Bhādrapadā,,Somavāra ☽,Kṛṣṇa
2026-04-13T22:12:18,2.0,unsettled,465.7,0.0,none,False,3.463109976564738e-07,17,5.5,0.353,Dvādaśī,Pūrva Bhādrapadā,,Somavāra ☽,Kṛṣṇa
2026-04-13T22:17:08,1.0,quiet,459.7,0.0,none,False,3.4842446439142805e-07,18,5.5,0.319,Dvādaśī,Pūrva Bhādrapadā,,Somavāra ☽,Kṛṣṇa
2026-04-13T22:27:17,2.0,unsettled,443.6,0.0,none,False,3.4175613450315723e-07,20,5.5,0.349,Dvādaśī,Pūrva Bhādrapadā,,Somavāra ☽,Kṛṣṇa
2026-04-13T22:37:19,2.0,unsettled,443.6,0.0,none,False,3.3520981901347113e-07,15,3.4,0.296,Dvādaśī,Pūrva Bhādrapadā,,Somavāra ☽,Kṛṣṇa
2026-04-13T22:47:23,1.0,quiet,435.0,0.0,none,False,3.213438048987882e-07,8,3.4,0.26,Dvādaśī,Pūrva Bhādrapadā,,Somavāra ☽,Kṛṣṇa
2026-04-13T22:57:27,1.0,quiet,448.0,0.0,none,False,3.2754576295701554e-07,5,3.4,0.263,Dvādaśī,Pūrva Bhādrapadā,,Somavāra ☽,Kṛṣṇa
2026-04-13T23:07:31,0.0,quiet,446.6,0.0,none,False,3.040543674615037e-07,5,3.0,0.218,Dvādaśī,Pūrva Bhādrapadā,,Somavāra ☽,Kṛṣṇa
2026-04-13T23:17:34,0.0,quiet,455.6,0.0,none,False,3.0221011115827423e-07,8,5.5,0.282,Dvādaśī,Pūrva Bhādrapadā,,Somavāra ☽,Kṛṣṇa
2026-04-13T23:27:35,0.0,quiet,433.0,0.0,none,False,3.076820291880722e-07,7,5.5,0.278,Dvādaśī,Pūrva Bhādrapadā,,Somavāra ☽,Kṛṣṇa
2026-04-14T07:29:45,0.0,quiet,430.5,0.0,none,False,2.962587757338042e-07,1,3.3,0.222,Trayodaśī,Uttara Bhādrapadā,,Maṅgalavāra ♂,Kṛṣṇa
2026-04-14T07:39:49,1.0,quiet,402.6,0.0,none,False,2.945236872164969e-07,0,0,0.168,Trayodaśī,Uttara Bhādrapadā,,Maṅgalavāra ♂,Kṛṣṇa
2026-04-14T07:40:02,1.0,quiet,425.4,0.0,none,False,2.941344234841381e-07,0,0,0.172,Trayodaśī,Uttara Bhādrapadā,,Maṅgalavāra ♂,Kṛṣṇa
2026-04-14T07:41:02,1.0,quiet,425.4,0.0,none,False,2.983521767419006e-07,0,0,0.172,Trayodaśī,Uttara Bhādrapadā,,Maṅgalavāra ♂,Kṛṣṇa
2026-04-14T07:51:03,1.0,quiet,424.0,0.0,none,False,3.0675437301397324e-07,0,0,0.172,Trayodaśī,Uttara Bhādrapadā,,Maṅgalavāra ♂,Kṛṣṇa
2026-04-14T08:01:04,1.0,quiet,408.9,0.0,none,False,3.3325702020192693e-07,0,0,0.171,Trayodaśī,Uttara Bhādrapadā,,Maṅgalavāra ♂,Kṛṣṇa
2026-04-14T08:11:05,0.0,quiet,414.8,0.0,none,False,2.9338315243876423e-07,0,0,0.136,Trayodaśī,Uttara Bhādrapadā,,Maṅgalavāra ♂,Kṛṣṇa
2026-04-14T08:21:06,0.0,quiet,418.2,0.0,none,False,2.9700822778977454e-07,0,0,0.137,Trayodaśī,Uttara Bhādrapadā,,Maṅgalavāra ♂,Kṛṣṇa
2026-04-14T08:31:10,0.0,quiet,430.5,0.0,none,False,2.943457104720437e-07,1,2.6,0.204,Trayodaśī,Uttara Bhādrapadā,,Maṅgalavāra ♂,Kṛṣṇa
2026-04-14T08:41:57,0,unknown,430.4,0.0,none,False,2.879251894682966e-07,1,2.6,0.204,Trayodaśī,Uttara Bhādrapadā,,Maṅgalavāra ♂,Kṛṣṇa
2026-04-14T08:51:59,1.0,quiet,429.9,0.0,none,False,3.1709461723039567e-07,1,2.6,0.239,Trayodaśī,Uttara Bhādrapadā,,Maṅgalavāra ♂,Kṛṣṇa
2026-04-14T09:02:00,1.0,quiet,452.0,0.0,none,False,2.9756353114862577e-07,2,5.2,0.307,Trayodaśī,Uttara Bhādrapadā,,Maṅgalavāra ♂,Kṛṣṇa
2026-04-14T09:12:01,1.0,quiet,461.7,0.0,none,False,3.0914739568288496e-07,2,4.7,0.297,Trayodaśī,Uttara Bhādrapadā,,Maṅgalavāra ♂,Kṛṣṇa
2026-04-14T09:22:01,1.0,quiet,478.1,0.0,none,False,3.4790573977261374e-07,2,4.7,0.302,Trayodaśī,Uttara Bhādrapadā,,Maṅgalavāra ♂,Kṛṣṇa
2026-04-14T09:32:02,1.0,quiet,477.2,0.0,none,False,3.389825451449724e-07,1,4.7,0.302,Trayodaśī,Uttara Bhādrapadā,,Maṅgalavāra ♂,Kṛṣṇa
2026-04-14T09:42:03,1.0,quiet,479.4,0.0,none,False,3.402110735351016e-07,1,4.7,0.302,Trayodaśī,Uttara Bhādrapadā,,Maṅgalavāra ♂,Kṛṣṇa
2026-04-14T09:52:04,1.0,quiet,479.9,0.0,none,False,3.708704809923802e-07,0,0,0.186,Trayodaśī,Uttara Bhādrapadā,,Maṅgalavāra ♂,Kṛṣṇa
2026-04-14T10:02:05,1.0,quiet,478.1,0.0,none,False,3.496315059692279e-07,0,0,0.185,Trayodaśī,Uttara Bhādrapadā,,Maṅgalavāra ♂,Kṛṣṇa
2026-04-14T10:12:06,1.0,quiet,468.0,0.0,none,False,3.402668653507135e-07,0,0,0.182,Trayodaśī,Uttara Bhādrapadā,,Maṅgalavāra ♂,Kṛṣṇa
2026-04-14T10:22:07,1.0,quiet,455.9,0.0,none,False,3.424767385240557e-07,0,0,0.18,Trayodaśī,Uttara Bhādrapadā,,Maṅgalavāra ♂,Kṛṣṇa
2026-04-14T10:32:08,1.0,quiet,439.8,0.0,none,False,3.4322266628805664e-07,0,0,0.177,Trayodaśī,Uttara Bhādrapadā,,Maṅgalavāra ♂,Kṛṣṇa
2026-04-14T10:42:09,1.0,quiet,445.7,0.0,none,False,3.509956911784684e-07,0,0,0.179,Trayodaśī,Uttara Bhādrapadā,,Maṅgalavāra ♂,Kṛṣṇa
2026-04-14T10:52:10,1.0,quiet,445.7,0.0,none,False,4.4673780053017254e-07,0,0,0.183,Trayodaśī,Uttara Bhādrapadā,,Maṅgalavāra ♂,Kṛṣṇa
2026-04-14T11:02:11,1.0,quiet,460.1,0.0,none,False,4.1382310200788197e-07,0,0,0.184,Trayodaśī,Uttara Bhādrapadā,,Maṅgalavāra ♂,Kṛṣṇa
2026-04-14T11:12:12,1.0,quiet,451.1,0.0,none,False,0,0,0,0.118,Trayodaśī,Uttara Bhādrapadā,,Maṅgalavāra ♂,Kṛṣṇa
2026-04-14T11:22:16,1.0,quiet,452.4,0.0,none,False,4.3578725694715104e-07,0,0,0.184,Trayodaśī,Uttara Bhādrapadā,,Maṅgalavāra ♂,Kṛṣṇa
2026-04-14T11:32:19,1.0,quiet,454.6,0.0,none,False,3.4185470099146187e-07,0,0,0.18,Trayodaśī,Uttara Bhādrapadā,,Maṅgalavāra ♂,Kṛṣṇa
2026-04-14T11:42:23,1.0,quiet,442.3,0.0,none,False,3.014593232819607e-07,0,0,0.175,Trayodaśī,Uttara Bhādrapadā,,Maṅgalavāra ♂,Kṛṣṇa
2026-04-14T11:52:28,1.0,quiet,461.2,0.0,none,False,2.995153352003399e-07,0,0,0.179,Trayodaśī,Uttara Bhādrapadā,,Maṅgalavāra ♂,Kṛṣṇa
2026-04-14T12:02:31,1.0,quiet,443.0,0.0,none,False,3.015607603629178e-07,0,0,0.176,Trayodaśī,Uttara Bhādrapadā,,Maṅgalavāra ♂,Kṛṣṇa
2026-04-14T12:12:35,1.0,quiet,458.5,0.0,none,False,3.2159400120690407e-07,0,0,0.18,Trayodaśī,Uttara Bhādrapadā,,Maṅgalavāra ♂,Kṛṣṇa
2026-04-14T12:22:41,1.0,quiet,452.6,0.0,none,False,3.2719623277444043e-07,0,0,0.179,Trayodaśī,Uttara Bhādrapadā,,Maṅgalavāra ♂,Kṛṣṇa
2026-04-14T12:32:45,1.0,quiet,435.4,0.0,none,False,3.122297584923217e-07,0,0,0.175,Trayodaśī,Uttara Bhādrapadā,,Maṅgalavāra ♂,Kṛṣṇa
2026-04-14T12:42:51,1.0,quiet,450.4,0.0,none,False,3.082766397710657e-07,0,0,0.177,Trayodaśī,Uttara Bhādrapadā,,Maṅgalavāra ♂,Kṛṣṇa
2026-04-14T12:52:54,1.0,quiet,438.4,0.0,none,False,3.136093482680735e-07,0,0,0.175,Trayodaśī,Uttara Bhādrapadā,,Maṅgalavāra ♂,Kṛṣṇa
2026-04-14T13:02:55,1.0,quiet,442.7,0.0,none,False,3.0734526035303134e-07,2,4.6,0.291,Trayodaśī,Uttara Bhādrapadā,,Maṅgalavāra ♂,Kṛṣṇa
2026-04-14T13:12:56,1.0,quiet,429.6,0.0,none,False,3.1263792266145174e-07,2,4.6,0.289,Trayodaśī,Uttara Bhādrapadā,,Maṅgalavāra ♂,Kṛṣṇa
2026-04-14T13:22:58,1.0,quiet,431.8,0.0,none,False,2.9123239642103727e-07,2,4.6,0.288,Trayodaśī,Uttara Bhādrapadā,,Maṅgalavāra ♂,Kṛṣṇa
2026-04-14T14:09:28,0.0,quiet,429.9,0.0,none,False,3.502605352423416e-07,0,0,0.142,Trayodaśī,Uttara Bhādrapadā,,Maṅgalavāra ♂,Kṛṣṇa
2026-04-14T14:19:29,0.0,quiet,419.2,0.0,none,False,3.6933474234501773e-07,1,2.9,0.214,Trayodaśī,Uttara Bhādrapadā,,Maṅgalavāra ♂,Kṛṣṇa
2026-04-14T14:29:54,0.0,quiet,0,0,none,False,3.3891032558130973e-07,1,2.9,0.134,Trayodaśī,Uttara Bhādrapadā,,Maṅgalavāra ♂,Kṛṣṇa
2026-04-14T14:39:59,0.0,quiet,411.3,0.0,none,False,3.5295161637804995e-07,1,2.9,0.212,Trayodaśī,Uttara Bhādrapadā,,Maṅgalavāra ♂,Kṛṣṇa
2026-04-14T14:50:04,0.0,quiet,398.5,0.0,none,False,3.932712502319191e-07,1,2.9,0.211,Trayodaśī,Uttara Bhādrapadā,,Maṅgalavāra ♂,Kṛṣṇa
2026-04-14T15:00:09,0.0,quiet,424.7,0.0,none,False,4.072184651704447e-07,3,3.3,0.227,Trayodaśī,Uttara Bhādrapadā,,Maṅgalavāra ♂,Kṛṣṇa
2026-04-14T15:10:12,0.0,quiet,402.2,0.0,none,False,4.5551112748398737e-07,2,3.3,0.224,Trayodaśī,Uttara Bhādrapadā,,Maṅgalavāra ♂,Kṛṣṇa
2026-04-14T15:20:13,0.0,quiet,416.9,0.0,none,False,3.6781628409698897e-07,2,3.3,0.223,Trayodaśī,Uttara Bhādrapadā,,Maṅgalavāra ♂,Kṛṣṇa
2026-04-14T15:30:15,0.0,quiet,412.5,0.0,none,False,3.6323314134278917e-07,3,3.3,0.222,Trayodaśī,Uttara Bhādrapadā,,Maṅgalavāra ♂,Kṛṣṇa
2026-04-14T15:40:16,0.0,quiet,406.0,0.0,none,False,3.671246702197095e-07,3,3.3,0.221,Trayodaśī,Uttara Bhādrapadā,,Maṅgalavāra ♂,Kṛṣṇa
2026-04-14T15:50:17,0.0,quiet,414.6,0.0,none,False,3.5867174119630363e-07,3,4.3,0.247,Trayodaśī,Uttara Bhādrapadā,,Maṅgalavāra ♂,Kṛṣṇa
2026-04-14T20:21:23,0.0,quiet,410.4,0.0,none,False,2.874217273074464e-07,0,0,0.135,Trayodaśī,Uttara Bhādrapadā,,Maṅgalavāra ♂,Kṛṣṇa
2026-04-14T20:31:23,0.0,quiet,385.9,0.0,none,False,3.0898800673639926e-07,0,0,0.132,Trayodaśī,Uttara Bhādrapadā,,Maṅgalavāra ♂,Kṛṣṇa
2026-04-14T20:41:25,0.0,quiet,388.3,0.0,none,False,3.177149778821331e-07,0,0,0.133,Trayodaśī,Uttara Bhādrapadā,,Maṅgalavāra ♂,Kṛṣṇa
2026-04-14T20:51:26,0.0,quiet,390.2,0.0,none,False,3.313135437110759e-07,0,0,0.134,Trayodaśī,Uttara Bhādrapadā,,Maṅgalavāra ♂,Kṛṣṇa
2026-04-14T21:01:27,0.0,quiet,393.1,0.0,none,False,3.485466777419788e-07,0,0,0.135,Trayodaśī,Uttara Bhādrapadā,,Maṅgalavāra ♂,Kṛṣṇa
2026-04-14T21:11:28,0.0,quiet,395.7,0.0,none,False,3.810918087765458e-07,0,0,0.137,Trayodaśī,Uttara Bhādrapadā,,Maṅgalavāra ♂,Kṛṣṇa
2026-04-14T21:21:29,0.0,quiet,399.4,0.0,none,False,3.758530624509149e-07,0,0,0.138,Trayodaśī,Uttara Bhādrapadā,,Maṅgalavāra ♂,Kṛṣṇa
2026-04-14T21:31:30,0.0,quiet,406.9,0.0,none,False,3.865754365506291e-07,0,0,0.14,Trayodaśī,Uttara Bhādrapadā,,Maṅgalavāra ♂,Kṛṣṇa
2026-04-14T21:41:34,0.0,quiet,405.2,0.0,none,False,3.8107626210148737e-07,1,4.3,0.247,Trayodaśī,Uttara Bhādrapadā,,Maṅgalavāra ♂,Kṛṣṇa
2026-04-14T21:51:36,0.0,quiet,410.9,0.0,none,False,3.819574203589582e-07,1,4.3,0.248,Trayodaśī,Uttara Bhādrapadā,,Maṅgalavāra ♂,Kṛṣṇa
2026-04-14T22:01:40,1.0,quiet,400.0,0.0,none,False,4.154898078922997e-07,1,4.3,0.281,Trayodaśī,Uttara Bhādrapadā,,Maṅgalavāra ♂,Kṛṣṇa
2026-04-14T22:11:43,0.0,quiet,412.2,0.0,none,False,4.1699018993313075e-07,1,4.3,0.25,Trayodaśī,Uttara Bhādrapadā,,Maṅgalavāra ♂,Kṛṣṇa
2026-04-14T22:21:47,0.0,quiet,397.2,0.0,none,False,4.243245257384842e-07,0,0,0.14,Trayodaśī,Uttara Bhādrapadā,,Maṅgalavāra ♂,Kṛṣṇa
2026-04-14T22:31:52,0.0,quiet,412.6,0.0,none,False,4.3455213472043397e-07,0,0,0.143,Trayodaśī,Uttara Bhādrapadā,,Maṅgalavāra ♂,Kṛṣṇa
2026-04-14T22:41:55,0.0,quiet,415.3,0.0,none,False,5.53024790406198e-07,1,4.9,0.27,Trayodaśī,Uttara Bhādrapadā,,Maṅgalavāra ♂,Kṛṣṇa
2026-04-14T22:51:58,0.0,quiet,411.9,0.0,none,False,6.04016520355799e-07,1,4.9,0.271,Trayodaśī,Uttara Bhādrapadā,,Maṅgalavāra ♂,Kṛṣṇa
2026-04-14T23:02:03,0.0,quiet,412.0,0.0,none,False,4.7637533384659037e-07,1,4.9,0.267,Trayodaśī,Uttara Bhādrapadā,,Maṅgalavāra ♂,Kṛṣṇa
2026-04-14T23:12:08,0.0,quiet,398.3,0.0,none,False,3.993744712715852e-07,0,0,0.139,Trayodaśī,Uttara Bhādrapadā,,Maṅgalavāra ♂,Kṛṣṇa
2026-04-14T23:22:11,0.0,quiet,398.5,0.0,none,False,4.0539390511185047e-07,1,5.0,0.264,Trayodaśī,Uttara Bhādrapadā,,Maṅgalavāra ♂,Kṛṣṇa
2026-04-14T23:32:11,0.0,quiet,381.0,0.0,none,False,3.9355595049528347e-07,1,5.0,0.26,Trayodaśī,Uttara Bhādrapadā,,Maṅgalavāra ♂,Kṛṣṇa
2026-04-14T23:42:13,0.0,quiet,402.9,0.0,none,False,3.48780190506659e-07,0,0,0.137,Trayodaśī,Uttara Bhādrapadā,,Maṅgalavāra ♂,Kṛṣṇa
2026-04-14T23:52:14,0.0,quiet,377.5,0.0,none,False,3.283814464793977e-07,0,0,0.131,Trayodaśī,Uttara Bhādrapadā,,Maṅgalavāra ♂,Kṛṣṇa
2026-04-15T00:02:15,0.0,quiet,378.1,0.0,none,False,3.3300577229056216e-07,0,0,0.132,Trayodaśī,Uttara Bhādrapadā,,Budhavāra ☿,Kṛṣṇa
2026-04-15T00:12:16,0.0,quiet,403.0,0.0,none,False,3.508458519263513e-07,0,0,0.137,Trayodaśī,Uttara Bhādrapadā,,Budhavāra ☿,Kṛṣṇa
2026-04-15T00:22:17,0.0,quiet,405.7,0.0,none,False,3.5762766970037774e-07,0,0,0.138,Trayodaśī,Uttara Bhādrapadā,,Budhavāra ☿,Kṛṣṇa
2026-04-15T00:32:18,0.0,quiet,395.1,0.0,none,False,3.492210680633434e-07,1,4.3,0.243,Trayodaśī,Uttara Bhādrapadā,,Budhavāra ☿,Kṛṣṇa
2026-04-15T00:42:19,0.0,quiet,367.8,0.0,none,False,3.980784413215588e-07,1,4.3,0.24,Trayodaśī,Uttara Bhādrapadā,,Budhavāra ☿,Kṛṣṇa
2026-04-15T00:52:20,0.0,quiet,388.2,0.0,none,False,7.852383987483336e-07,1,4.3,0.256,Trayodaśī,Uttara Bhādrapadā,,Budhavāra ☿,Kṛṣṇa
2026-04-15T01:02:20,0.0,quiet,396.8,0.0,none,False,6.11728808053158e-07,0,0,0.146,Trayodaśī,Uttara Bhādrapadā,,Budhavāra ☿,Kṛṣṇa
2026-04-15T01:12:22,1.0,quiet,400.2,0.0,none,False,7.617740038767806e-07,0,0,0.184,Trayodaśī,Uttara Bhādrapadā,,Budhavāra ☿,Kṛṣṇa
2026-04-15T01:22:22,1.0,quiet,400.2,0.0,none,False,8.802258548712416e-07,0,0,0.186,Trayodaśī,Uttara Bhādrapadā,,Budhavāra ☿,Kṛṣṇa
2026-04-15T01:32:24,1.0,quiet,390.1,0.0,none,False,7.401944799312332e-07,0,0,0.181,Trayodaśī,Uttara Bhādrapadā,,Budhavāra ☿,Kṛṣṇa
2026-04-15T01:42:25,1.0,quiet,387.1,0.0,none,False,6.629969107052602e-07,0,0,0.179,Trayodaśī,Uttara Bhādrapadā,,Budhavāra ☿,Kṛṣṇa
2026-04-15T01:52:26,1.0,quiet,389.8,0.0,none,False,5.833757654727378e-07,0,0,0.177,Trayodaśī,Uttara Bhādrapadā,,Budhavāra ☿,Kṛṣṇa
2026-04-15T02:02:27,1.0,quiet,370.4,0.0,none,False,5.759638384006394e-07,0,0,0.173,Trayodaśī,Uttara Bhādrapadā,,Budhavāra ☿,Kṛṣṇa
2026-04-15T02:12:29,0.0,quiet,374.7,0.0,none,False,4.979143568561994e-07,0,0,0.138,Trayodaśī,Uttara Bhādrapadā,,Budhavāra ☿,Kṛṣṇa
2026-04-15T02:22:31,0.0,quiet,366.7,0.0,none,False,4.5514812541114225e-07,0,0,0.135,Trayodaśī,Uttara Bhādrapadā,,Budhavāra ☿,Kṛṣṇa
2026-04-15T02:32:36,0.0,quiet,379.9,0.0,none,False,4.278828953374614e-07,0,0,0.136,Trayodaśī,Uttara Bhādrapadā,,Budhavāra ☿,Kṛṣṇa
2026-04-15T02:42:42,1.0,quiet,359.9,0.0,none,False,4.154955774993141e-07,0,0,0.166,Trayodaśī,Uttara Bhādrapadā,,Budhavāra ☿,Kṛṣṇa
2026-04-15T02:52:48,0.0,quiet,363.6,0.0,none,False,3.9089971437533677e-07,0,0,0.132,Trayodaśī,Uttara Bhādrapadā,,Budhavāra ☿,Kṛṣṇa
2026-04-15T03:02:53,1.0,quiet,393.5,0.0,none,False,4.327546321292175e-07,0,0,0.173,Trayodaśī,Uttara Bhādrapadā,,Budhavāra ☿,Kṛṣṇa
2026-04-15T03:12:59,1.0,quiet,356.0,0.0,none,False,4.874679575550545e-07,0,0,0.168,Caturdaśī,Revatī,,Budhavāra ☿,Kṛṣṇa
2026-04-15T03:23:04,1.0,quiet,385.4,0.0,none,False,4.315824924105982e-07,1,5.7,0.313,Caturdaśī,Revatī,,Budhavāra ☿,Kṛṣṇa
2026-04-15T03:33:08,1.0,quiet,384.2,0.0,none,False,4.029278386497026e-07,1,5.7,0.312,Caturdaśī,Revatī,,Budhavāra ☿,Kṛṣṇa
2026-04-15T03:43:10,1.0,quiet,380.0,0.0,none,False,5.963738090031256e-07,1,5.7,0.318,Caturdaśī,Revatī,,Budhavāra ☿,Kṛṣṇa
2026-04-15T03:53:11,1.0,quiet,369.0,0.0,none,False,8.104768767225323e-07,1,5.7,0.321,Caturdaśī,Revatī,,Budhavāra ☿,Kṛṣṇa
2026-04-15T04:03:12,0.0,quiet,370.1,0.0,none,False,4.0370366605202435e-07,0,0,0.134,Caturdaśī,Revatī,,Budhavāra ☿,Kṛṣṇa
2026-04-15T04:13:13,1.0,quiet,377.3,0.0,none,False,4.053898123856925e-07,0,0,0.168,Caturdaśī,Revatī,,Budhavāra ☿,Kṛṣṇa
2026-04-15T05:32:05,0.0,quiet,376.8,0.0,none,False,3.747962011857453e-07,0,0,0.134,Caturdaśī,Revatī,,Budhavāra ☿,Kṛṣṇa
2026-04-15T05:42:08,0.0,quiet,366.3,0.0,none,False,3.772999832563073e-07,0,0,0.132,Caturdaśī,Revatī,,Budhavāra ☿,Kṛṣṇa
2026-04-15T05:52:10,0.0,quiet,372.6,0.0,none,False,3.881070256284147e-07,0,0,0.133,Caturdaśī,Revatī,,Budhavāra ☿,Kṛṣṇa
2026-04-15T06:02:13,0.0,quiet,376.9,0.0,none,False,3.7777238048875006e-07,0,0,0.134,Caturdaśī,Revatī,,Budhavāra ☿,Kṛṣṇa
2026-04-15T06:12:17,0.0,quiet,370.6,0.0,none,False,3.4920756775136397e-07,0,0,0.131,Caturdaśī,Revatī,,Budhavāra ☿,Kṛṣṇa
2026-04-15T06:22:22,0.0,quiet,378.6,0.0,none,False,3.312481169359671e-07,0,0,0.132,Caturdaśī,Revatī,,Budhavāra ☿,Kṛṣṇa
2026-04-15T06:32:26,0.0,quiet,357.7,0.0,none,False,3.3297499157924904e-07,3,4.4,0.238,Caturdaśī,Revatī,,Budhavāra ☿,Kṛṣṇa
2026-04-15T06:42:31,0.0,quiet,360.9,0.0,none,False,3.3236858598684194e-07,3,4.4,0.239,Caturdaśī,Revatī,,Budhavāra ☿,Kṛṣṇa
2026-04-15T06:52:35,0.0,quiet,366.6,0.0,none,False,3.1961988611328707e-07,3,4.4,0.239,Caturdaśī,Revatī,,Budhavāra ☿,Kṛṣṇa
2026-04-15T07:02:38,0.0,quiet,376.8,0.0,none,False,3.7098354255249433e-07,3,4.4,0.243,Caturdaśī,Revatī,,Budhavāra ☿,Kṛṣṇa
2026-04-15T07:12:41,0.0,quiet,373.7,0.0,none,False,3.292695964773884e-07,3,4.4,0.241,Caturdaśī,Revatī,,Budhavāra ☿,Kṛṣṇa
2026-04-15T07:32:19,0.0,quiet,379.2,0.0,none,False,3.538772261890699e-07,0,0,0.133,Caturdaśī,Revatī,,Budhavāra ☿,Kṛṣṇa
2026-04-15T07:42:23,0,unknown,393.2,0.0,none,False,3.331673212869646e-07,0,0,0.135,Caturdaśī,Revatī,,Budhavāra ☿,Kṛṣṇa
2026-04-15T07:52:27,1.0,quiet,379.2,0.0,none,False,3.2369175073654333e-07,0,0,0.165,Caturdaśī,Revatī,,Budhavāra ☿,Kṛṣṇa
2026-04-15T08:02:30,0.0,quiet,368.9,0.0,none,False,3.2923344406299293e-07,0,0,0.13,Caturdaśī,Revatī,,Budhavāra ☿,Kṛṣṇa
2026-04-15T08:12:35,0.0,quiet,381.9,0.0,none,False,3.729991249201703e-07,0,0,0.134,Caturdaśī,Revatī,,Budhavāra ☿,Kṛṣṇa
2026-04-15T08:22:39,0.0,quiet,372.0,0.0,none,False,3.377177790753194e-07,0,0,0.131,Caturdaśī,Revatī,,Budhavāra ☿,Kṛṣṇa
2026-04-15T08:32:44,0.0,quiet,389.5,0.0,none,False,3.33136313201976e-07,0,0,0.134,Caturdaśī,Revatī,,Budhavāra ☿,Kṛṣṇa
2026-04-15T08:42:49,0.0,quiet,380.7,0.0,none,False,3.3431174983888923e-07,0,0,0.132,Caturdaśī,Revatī,,Budhavāra ☿,Kṛṣṇa
2026-04-15T08:52:53,0.0,quiet,358.1,0.0,none,False,3.3723301839927444e-07,0,0,0.128,Caturdaśī,Revatī,,Budhavāra ☿,Kṛṣṇa
2026-04-15T09:02:55,0.0,quiet,382.7,0.0,none,False,3.283256262420764e-07,1,3.2,0.212,Caturdaśī,Revatī,,Budhavāra ☿,Kṛṣṇa
2026-04-15T09:12:59,0.0,quiet,398.5,0.0,none,False,3.258537333294953e-07,1,3.2,0.215,Caturdaśī,Revatī,,Budhavāra ☿,Kṛṣṇa
2026-04-15T09:23:00,0.0,quiet,391.1,0.0,none,False,3.0937837891542586e-07,1,3.2,0.213,Caturdaśī,Revatī,,Budhavāra ☿,Kṛṣṇa
2026-04-15T09:33:40,0,unknown,0,0,none,False,0,0,0,0.0,Caturdaśī,Revatī,,Budhavāra ☿,Kṛṣṇa
2026-04-15T09:43:45,0.0,quiet,382.6,0.0,none,False,2.864798887003417e-07,1,3.2,0.21,Caturdaśī,Revatī,,Budhavāra ☿,Kṛṣṇa
2026-04-15T09:53:49,0.0,quiet,388.0,0.0,none,False,2.8579023592101294e-07,1,3.2,0.211,Caturdaśī,Revatī,,Budhavāra ☿,Kṛṣṇa
2026-04-15T10:03:53,0.0,quiet,384.4,0.0,none,False,3.0711959198015393e-07,0,0,0.132,Caturdaśī,Revatī,,Budhavāra ☿,Kṛṣṇa
2026-04-15T10:13:57,0.0,quiet,381.1,0.0,none,False,3.138544286684919e-07,0,0,0.131,Caturdaśī,Revatī,,Budhavāra ☿,Kṛṣṇa
2026-04-15T10:23:59,0.0,quiet,392.9,0.0,none,False,3.2674503813723277e-07,0,0,0.134,Caturdaśī,Revatī,,Budhavāra ☿,Kṛṣṇa
2026-04-15T10:34:00,0.0,quiet,374.7,0.0,none,False,3.721521295574348e-07,0,0,0.133,Caturdaśī,Revatī,,Budhavāra ☿,Kṛṣṇa
2026-04-15T10:44:00,0.0,quiet,384.6,0.0,none,False,3.2404850003331376e-07,0,0,0.133,Caturdaśī,Revatī,,Budhavāra ☿,Kṛṣṇa
2026-04-15T10:54:02,0.0,quiet,374.3,0.0,none,False,3.5042430113207956e-07,1,3.5,0.219,Caturdaśī,Revatī,,Budhavāra ☿,Kṛṣṇa
2026-04-15T11:04:02,0.0,quiet,356.0,0.0,none,False,3.1001346201264823e-07,2,3.5,0.214,Caturdaśī,Revatī,,Budhavāra ☿,Kṛṣṇa
2026-04-15T11:14:03,0.0,quiet,379.4,0.0,none,False,3.184900378983002e-07,2,3.5,0.219,Caturdaśī,Revatī,,Budhavāra ☿,Kṛṣṇa
2026-04-15T11:24:04,1.0,quiet,352.3,0.0,none,False,3.158629340305197e-07,2,3.5,0.247,Caturdaśī,Revatī,,Budhavāra ☿,Kṛṣṇa
2026-04-15T11:34:06,1.0,quiet,387.6,0.0,none,False,3.384315050425357e-07,2,3.5,0.255,Caturdaśī,Revatī,,Budhavāra ☿,Kṛṣṇa
2026-04-15T11:44:07,1.0,quiet,380.0,0.0,none,False,3.1448388426724705e-07,2,3.2,0.244,Caturdaśī,Revatī,,Budhavāra ☿,Kṛṣṇa
2026-04-15T11:54:07,1.0,quiet,353.2,0.0,none,False,2.9584890626210836e-07,1,2.5,0.221,Caturdaśī,Revatī,,Budhavāra ☿,Kṛṣṇa
2026-04-15T12:04:09,1.0,quiet,353.5,0.0,none,False,3.059689106521546e-07,0,0,0.159,Caturdaśī,Revatī,,Budhavāra ☿,Kṛṣṇa
2026-04-15T12:14:10,1.0,quiet,354.9,0.0,none,False,3.4270303217454057e-07,0,0,0.161,Caturdaśī,Revatī,,Budhavāra ☿,Kṛṣṇa
2026-04-15T12:24:11,1.0,quiet,341.0,0.0,none,False,3.2790129012028046e-07,1,3.8,0.253,Caturdaśī,Revatī,,Budhavāra ☿,Kṛṣṇa
2026-04-15T12:34:12,0.0,quiet,340.1,0.0,none,False,3.165320094922208e-07,1,3.8,0.219,Caturdaśī,Revatī,,Budhavāra ☿,Kṛṣṇa
2026-04-15T12:44:14,1.0,quiet,374.2,0.0,none,False,3.2050223808255396e-07,1,3.8,0.259,Caturdaśī,Revatī,,Budhavāra ☿,Kṛṣṇa
2026-04-15T12:54:14,1.0,quiet,376.9,0.0,none,False,3.225138698326191e-07,1,3.8,0.259,Caturdaśī,Revatī,,Budhavāra ☿,Kṛṣṇa
2026-04-15T13:04:16,1.0,quiet,365.7,0.0,none,False,3.578490179734217e-07,0,0,0.164,Caturdaśī,Revatī,,Budhavāra ☿,Kṛṣṇa
2026-04-15T13:34:30,1.0,quiet,379.9,0.0,none,False,3.037108342596184e-07,0,0,0.164,Caturdaśī,Revatī,,Budhavāra ☿,Kṛṣṇa
2026-04-15T13:44:31,1.0,quiet,359.5,0.0,none,False,3.299892910035851e-07,2,4.7,0.279,Caturdaśī,Revatī,,Budhavāra ☿,Kṛṣṇa
2026-04-15T13:54:33,1.0,quiet,360.8,0.0,none,False,3.1890849072624405e-07,2,4.7,0.279,Caturdaśī,Revatī,,Budhavāra ☿,Kṛṣṇa
2026-04-15T14:04:34,0.0,quiet,363.2,0.0,none,False,3.467048657057603e-07,2,4.7,0.247,Caturdaśī,Revatī,,Budhavāra ☿,Kṛṣṇa
2026-04-15T14:14:45,0.0,quiet,363.8,0.0,none,False,3.342498473557498e-07,1,3.4,0.214,Caturdaśī,Revatī,,Budhavāra ☿,Kṛṣṇa
2026-04-15T14:24:48,0.0,quiet,375.2,0.0,none,False,3.590464814351435e-07,1,3.4,0.218,Caturdaśī,Revatī,,Budhavāra ☿,Kṛṣṇa
2026-04-15T14:34:52,0.0,quiet,387.4,0.0,none,False,3.5515421359377797e-07,1,3.4,0.22,Caturdaśī,Revatī,,Budhavāra ☿,Kṛṣṇa
2026-04-15T14:44:56,0.0,quiet,378.5,0.0,none,False,3.3196354820574925e-07,0,0,0.132,Caturdaśī,Revatī,,Budhavāra ☿,Kṛṣṇa
2026-04-15T14:54:58,0.0,quiet,392.2,0.0,none,False,4.238961537339492e-07,0,0,0.139,Caturdaśī,Revatī,,Budhavāra ☿,Kṛṣṇa
2026-04-15T15:05:01,0.0,quiet,385.5,0.0,none,False,3.883718591168872e-07,0,0,0.136,Caturdaśī,Revatī,,Budhavāra ☿,Kṛṣṇa
2026-04-15T15:15:04,0.0,quiet,363.5,0.0,none,False,3.7881011394347297e-07,0,0,0.131,Caturdaśī,Revatī,,Budhavāra ☿,Kṛṣṇa
2026-04-15T15:25:09,0.0,quiet,384.9,0.0,none,False,3.617246875364799e-07,0,0,0.135,Caturdaśī,Revatī,,Budhavāra ☿,Kṛṣṇa
2026-04-15T15:35:11,0.0,quiet,0.0,0.0,none,False,4.297906457395584e-07,0,0,0.065,Caturdaśī,Revatī,,Budhavāra ☿,Kṛṣṇa
2026-04-15T15:45:13,0.0,quiet,361.9,0.0,none,False,4.0244543697554036e-07,0,0,0.132,Caturdaśī,Revatī,,Budhavāra ☿,Kṛṣṇa
2026-04-15T15:55:17,0.0,quiet,398.4,0.0,none,False,3.889940671797376e-07,1,3.4,0.223,Caturdaśī,Revatī,,Budhavāra ☿,Kṛṣṇa
2026-04-15T16:05:21,1.0,quiet,399.9,0.0,none,False,3.6147017112853064e-07,1,3.4,0.256,Caturdaśī,Revatī,,Budhavāra ☿,Kṛṣṇa
2026-04-16T07:01:22,0.0,quiet,339.5,0.0,none,False,4.1728185351530556e-07,0,0,0.128,Amāvāsyā,Aśvinī,,Guruvāra ♃,Kṛṣṇa
2026-04-16T07:09:25,0,unknown,0,0,none,False,0,0,0,0.0,Amāvāsyā,Aśvinī,,Guruvāra ♃,Kṛṣṇa
2026-04-16T07:19:29,0.0,quiet,342.8,0.0,none,False,7.624882414347667e-07,0,0,0.14,Amāvāsyā,Aśvinī,,Guruvāra ♃,Kṛṣṇa
2026-04-16T07:29:31,1.0,quiet,328.3,0.0,none,False,6.517631732094742e-07,0,0,0.167,Amāvāsyā,Aśvinī,,Guruvāra ♃,Kṛṣṇa
2026-04-16T07:39:36,2.0,unsettled,329.2,0.0,none,False,6.343595373436983e-07,0,0,0.2,Amāvāsyā,Aśvinī,,Guruvāra ♃,Kṛṣṇa
2026-04-16T07:49:40,0.0,quiet,337.4,0.0,none,False,6.014129780851363e-07,0,0,0.134,Amāvāsyā,Aśvinī,,Guruvāra ♃,Kṛṣṇa
2026-04-16T07:59:43,1.0,quiet,341.7,0.0,none,False,0,0,0,0.097,Amāvāsyā,Aśvinī,,Guruvāra ♃,Kṛṣṇa
2026-04-16T08:09:47,0.0,quiet,337.9,0.0,none,False,5.302318868416478e-07,0,0,0.132,Amāvāsyā,Aśvinī,,Guruvāra ♃,Kṛṣṇa
2026-04-16T08:19:50,0.0,quiet,343.6,0.0,none,False,8.031802849473024e-07,0,0,0.141,Amāvāsyā,Aśvinī,,Guruvāra ♃,Kṛṣṇa
2026-04-16T08:29:54,0.0,quiet,339.0,0.0,C,False,1.7453695591029827e-06,0,0,0.153,Amāvāsyā,Aśvinī,,Guruvāra ♃,Kṛṣṇa
2026-04-16T08:39:57,0.0,quiet,329.2,0.0,C,False,1.2234744417582988e-06,0,0,0.145,Amāvāsyā,Aśvinī,,Guruvāra ♃,Kṛṣṇa
2026-04-16T08:49:58,0.0,quiet,339.2,0.0,none,False,7.37255845706386e-07,0,0,0.138,Amāvāsyā,Aśvinī,,Guruvāra ♃,Kṛṣṇa
2026-04-16T09:00:04,0.0,quiet,333.4,0.0,none,False,5.686931103809911e-07,0,0,0.133,Amāvāsyā,Aśvinī,,Guruvāra ♃,Kṛṣṇa
2026-04-16T09:10:06,0.0,quiet,354.7,0.0,none,False,9.497878750153177e-07,0,0,0.146,Amāvāsyā,Aśvinī,,Guruvāra ♃,Kṛṣṇa
2026-04-16T09:15:25,0.0,quiet,355.6,0.0,C,False,1.083054030459607e-06,0,0,0.148,Amāvāsyā,Aśvinī,,Guruvāra ♃,Kṛṣṇa
2026-04-16T09:25:29,0.0,quiet,358.7,0.0,none,False,6.908138061589852e-07,0,0,0.141,Amāvāsyā,Aśvinī,,Guruvāra ♃,Kṛṣṇa
2026-04-16T09:28:06,0.0,quiet,364.6,0.0,none,False,6.639917842221621e-07,0,0,0.141,Amāvāsyā,Aśvinī,,Guruvāra ♃,Kṛṣṇa
2026-04-16T09:35:03,0.0,quiet,353.7,0.0,none,False,5.563093168348132e-07,1,4.8,0.256,Amāvāsyā,Aśvinī,,Guruvāra ♃,Kṛṣṇa
2026-04-16T09:45:04,0.0,quiet,341.9,0.0,none,False,3.9521418671029096e-07,0,0,0.128,Amāvāsyā,Aśvinī,,Guruvāra ♃,Kṛṣṇa
2026-04-16T09:55:06,0.0,quiet,324.8,0.0,none,False,4.699444104971917e-07,2,6.0,0.278,Amāvāsyā,Aśvinī,,Guruvāra ♃,Kṛṣṇa
2026-04-16T09:58:04,0.0,quiet,339.8,0.0,none,False,4.391942240999924e-07,2,6.0,0.279,Amāvāsyā,Aśvinī,,Guruvāra ♃,Kṛṣṇa
2026-04-16T10:08:05,0.0,quiet,343.8,0.0,none,False,6.345584324662923e-07,2,6.0,0.287,Amāvāsyā,Aśvinī,,Guruvāra ♃,Kṛṣṇa
2026-04-16T10:13:22,0.0,quiet,344.6,0.0,none,False,5.762481123383623e-07,2,6.0,0.285,Amāvāsyā,Aśvinī,,Guruvāra ♃,Kṛṣṇa
2026-04-16T10:23:26,0.0,quiet,355.0,0.0,none,False,4.4021422240803076e-07,2,6.0,0.282,Amāvāsyā,Aśvinī,,Guruvāra ♃,Kṛṣṇa
2026-04-16T10:33:30,0.0,quiet,348.2,0.0,none,False,4.799327371074469e-07,1,2.7,0.2,Amāvāsyā,Aśvinī,,Guruvāra ♃,Kṛṣṇa
2026-04-16T10:43:36,0.0,quiet,341.5,0.0,none,False,5.02492071063898e-07,1,2.7,0.2,Amāvāsyā,Aśvinī,,Guruvāra ♃,Kṛṣṇa
2026-04-16T10:44:46,0.0,quiet,355.1,0.0,none,False,5.064257493359037e-07,1,2.7,0.202,Amāvāsyā,Aśvinī,,Guruvāra ♃,Kṛṣṇa
2026-04-16T10:54:50,0.0,quiet,344.5,0.0,none,False,5.457695806398988e-07,0,0,0.134,Amāvāsyā,Aśvinī,,Guruvāra ♃,Kṛṣṇa
2026-04-16T11:04:56,0.0,quiet,347.2,0.0,none,False,4.94729590627685e-07,0,0,0.133,Amāvāsyā,Aśvinī,,Guruvāra ♃,Kṛṣṇa
2026-04-16T11:14:58,0.0,quiet,359.3,0.0,none,False,0,1,5.0,0.192,Amāvāsyā,Aśvinī,,Guruvāra ♃,Kṛṣṇa
2026-04-16T11:19:04,0.0,quiet,359.2,0.0,none,False,4.2777239173119597e-07,1,5.0,0.258,Amāvāsyā,Aśvinī,,Guruvāra ♃,Kṛṣṇa
2026-04-16T11:29:05,0.0,quiet,345.2,0.0,none,False,4.238734447881143e-07,1,5.0,0.255,Amāvāsyā,Aśvinī,,Guruvāra ♃,Kṛṣṇa
2026-04-16T11:39:06,0.0,quiet,339.6,0.0,none,False,4.1233872138946026e-07,1,5.0,0.253,Amāvāsyā,Aśvinī,,Guruvāra ♃,Kṛṣṇa
2026-04-16T11:49:07,0.0,quiet,326.7,0.0,none,False,4.4075329697079724e-07,0,0,0.127,Amāvāsyā,Aśvinī,,Guruvāra ♃,Kṛṣṇa
2026-04-16T11:59:08,0.0,quiet,329.9,0.0,none,False,4.1249396076636913e-07,0,0,0.126,Amāvāsyā,Aśvinī,,Guruvāra ♃,Kṛṣṇa
2026-04-16T12:09:08,0,unknown,0,0,none,False,0,0,0,0.0,Amāvāsyā,Aśvinī,,Guruvāra ♃,Kṛṣṇa
2026-04-16T12:19:08,0,unknown,0,0,none,False,0,0,0,0.0,Amāvāsyā,Aśvinī,,Guruvāra ♃,Kṛṣṇa
2026-04-16T12:31:24,0,unknown,0,0,none,False,0,0,0,0.0,Amāvāsyā,Aśvinī,,Guruvāra ♃,Kṛṣṇa
2026-04-16T12:42:03,0,unknown,0,0,none,False,0,0,0,0.0,Amāvāsyā,Aśvinī,,Guruvāra ♃,Kṛṣṇa
2026-04-16T12:52:03,0,unknown,0,0,none,False,0,0,0,0.0,Amāvāsyā,Aśvinī,,Guruvāra ♃,Kṛṣṇa
2026-04-16T13:02:14,0.0,quiet,344.0,0.0,none,False,4.671900910580007e-07,0,0,0.131,Amāvāsyā,Aśvinī,,Guruvāra ♃,Kṛṣṇa
2026-04-16T13:12:16,0.0,quiet,342.9,0.0,none,False,4.933557420372381e-07,0,0,0.132,Amāvāsyā,Aśvinī,,Guruvāra ♃,Kṛṣṇa
2026-04-16T13:22:37,0.0,quiet,342.7,0.0,none,False,4.6755397420383815e-07,0,0,0.131,Amāvāsyā,Aśvinī,,Guruvāra ♃,Kṛṣṇa
2026-04-16T13:32:50,0.0,quiet,335.9,0.0,none,False,4.188120499293291e-07,0,0,0.128,Amāvāsyā,Aśvinī,,Guruvāra ♃,Kṛṣṇa
2026-04-16T13:35:11,0.0,quiet,337.1,0.0,none,False,4.116783429708448e-07,0,0,0.128,Amāvāsyā,Aśvinī,,Guruvāra ♃,Kṛṣṇa
2026-04-16T13:39:03,0.0,quiet,335.9,0.0,none,False,4.114555451906199e-07,0,0,0.128,Amāvāsyā,Aśvinī,,Guruvāra ♃,Kṛṣṇa
2026-04-16T14:23:01,0.0,quiet,345.7,0.0,none,False,3.921695963526872e-07,0,0,0.129,Amāvāsyā,Aśvinī,,Guruvāra ♃,Kṛṣṇa
2026-04-16T14:33:02,0.0,quiet,337.8,0.0,none,False,3.8603721463914553e-07,2,4.5,0.239,Amāvāsyā,Aśvinī,,Guruvāra ♃,Kṛṣṇa
2026-04-16T14:43:03,0.0,quiet,336.1,0.0,none,False,3.6244404100216343e-07,2,4.5,0.238,Amāvāsyā,Aśvinī,,Guruvāra ♃,Kṛṣṇa
2026-04-16T14:53:04,0.0,quiet,338.6,0.0,none,False,4.137981477470021e-07,3,4.5,0.241,Amāvāsyā,Aśvinī,,Guruvāra ♃,Kṛṣṇa
2026-04-16T15:03:05,0.0,quiet,353.0,0.0,none,False,4.124108556879946e-07,4,4.5,0.243,Amāvāsyā,Aśvinī,,Guruvāra ♃,Kṛṣṇa
2026-04-16T15:13:06,0.0,quiet,352.4,0.0,none,False,4.0119530808624404e-07,3,3.3,0.213,Amāvāsyā,Aśvinī,,Guruvāra ♃,Kṛṣṇa
2026-04-16T15:23:07,0.0,quiet,343.8,0.0,none,False,4.499366355048551e-07,3,3.3,0.213,Amāvāsyā,Aśvinī,,Guruvāra ♃,Kṛṣṇa
2026-04-16T15:33:08,0.0,quiet,338.3,0.0,none,False,4.272189073617483e-07,2,3.4,0.214,Amāvāsyā,Aśvinī,,Guruvāra ♃,Kṛṣṇa
2026-04-16T15:39:48,0.0,quiet,336.4,0.0,none,False,4.140031535371236e-07,1,2.9,0.2,Amāvāsyā,Aśvinī,,Guruvāra ♃,Kṛṣṇa
2026-04-16T15:50:00,0.0,quiet,341.1,0.0,none,False,4.5712917540186027e-07,2,4.4,0.24,Amāvāsyā,Aśvinī,,Guruvāra ♃,Kṛṣṇa
2026-04-16T15:53:54,0.0,quiet,336.7,0.0,none,False,4.6770426820330613e-07,1,4.4,0.24,Amāvāsyā,Aśvinī,,Guruvāra ♃,Kṛṣṇa
2026-04-16T16:03:54,0,unknown,0,0,none,False,0,0,0,0.0,Amāvāsyā,Aśvinī,,Guruvāra ♃,Kṛṣṇa
2026-04-16T16:14:03,1.0,quiet,338.0,0.0,none,False,4.6405912712543795e-07,1,4.4,0.273,Amāvāsyā,Aśvinī,,Guruvāra ♃,Kṛṣṇa
2026-04-16T16:16:55,2.0,unsettled,347.9,0.0,none,False,4.4327231307761394e-07,2,4.7,0.315,Amāvāsyā,Aśvinī,,Guruvāra ♃,Kṛṣṇa
2026-04-16T16:27:07,2.0,unsettled,342.1,0.0,none,False,4.2220517570967786e-07,1,4.7,0.313,Amāvāsyā,Aśvinī,,Guruvāra ♃,Kṛṣṇa
2026-04-16T16:27:48,2.0,unsettled,342.1,0.0,none,False,4.2220517570967786e-07,1,4.7,0.313,Amāvāsyā,Aśvinī,,Guruvāra ♃,Kṛṣṇa
2026-04-16T16:38:02,2.0,unsettled,349.0,0.0,none,False,4.2889311657745566e-07,1,4.7,0.315,Amāvāsyā,Aśvinī,,Guruvāra ♃,Kṛṣṇa
2026-04-16T16:48:04,2.0,unsettled,352.3,0.0,none,False,5.869067081221147e-07,2,4.7,0.321,Amāvāsyā,Aśvinī,,Guruvāra ♃,Kṛṣṇa
2026-04-16T22:32:44,0.0,quiet,330.1,0.0,none,False,5.453589437820483e-07,0,0,0.131,Amāvāsyā,Aśvinī,,Guruvāra ♃,Kṛṣṇa
2026-04-16T22:42:46,0.0,quiet,330.4,0.0,none,False,7.353716569014068e-07,0,0,0.137,Amāvāsyā,Aśvinī,,Guruvāra ♃,Kṛṣṇa
2026-04-16T22:52:52,0.0,quiet,328.3,0.0,none,False,6.623048420806299e-07,0,0,0.134,Amāvāsyā,Aśvinī,,Guruvāra ♃,Kṛṣṇa
2026-04-16T23:02:58,0.0,quiet,342.1,0.0,none,False,5.37493235697184e-07,0,0,0.133,Amāvāsyā,Aśvinī,,Guruvāra ♃,Kṛṣṇa
2026-04-16T23:13:02,0.0,quiet,296.5,0.0,none,False,4.921044478578551e-07,0,0,0.123,Amāvāsyā,Aśvinī,,Guruvāra ♃,Kṛṣṇa
2026-04-16T23:23:16,0.0,quiet,300.1,0.0,none,False,4.4745516447619593e-07,0,0,0.122,Amāvāsyā,Aśvinī,,Guruvāra ♃,Kṛṣṇa
2026-04-16T23:33:24,0.0,quiet,329.6,0.0,none,False,4.518487912719138e-07,0,0,0.128,Amāvāsyā,Aśvinī,,Guruvāra ♃,Kṛṣṇa
2026-04-16T23:43:25,0.0,quiet,328.5,0.0,none,False,4.0943839962892525e-07,0,0,0.126,Amāvāsyā,Aśvinī,,Guruvāra ♃,Kṛṣṇa
2026-04-16T23:53:26,0.0,quiet,299.6,0.0,none,False,4.0899158193496987e-07,0,0,0.121,Amāvāsyā,Aśvinī,,Guruvāra ♃,Kṛṣṇa
2026-04-17T00:03:30,0.0,quiet,335.6,0.0,none,False,4.1191466948475863e-07,0,0,0.128,Amāvāsyā,Aśvinī,,Śukravāra ♀,Kṛṣṇa
2026-04-17T00:13:33,0.0,quiet,344.1,0.0,none,False,4.4355959971653647e-07,0,0,0.13,Amāvāsyā,Aśvinī,,Śukravāra ♀,Kṛṣṇa
2026-04-17T00:23:34,0.0,quiet,332.7,0.0,none,False,4.760027536576672e-07,0,0,0.129,Amāvāsyā,Aśvinī,,Śukravāra ♀,Kṛṣṇa
2026-04-17T00:33:35,0.0,quiet,349.0,0.0,none,False,5.494712809195335e-07,0,0,0.135,Amāvāsyā,Aśvinī,,Śukravāra ♀,Kṛṣṇa
2026-04-17T00:43:45,0.0,quiet,316.0,0.0,C,False,3.872454271913739e-06,0,0,0.163,Amāvāsyā,Aśvinī,,Śukravāra ♀,Kṛṣṇa
2026-04-17T00:53:58,0.0,quiet,318.7,0.0,C,False,3.641042439994635e-06,0,0,0.162,Amāvāsyā,Aśvinī,,Śukravāra ♀,Kṛṣṇa
2026-04-17T01:04:06,0.0,quiet,320.9,0.0,C,False,2.5280894533352694e-06,0,0,0.156,Amāvāsyā,Aśvinī,,Śukravāra ♀,Kṛṣṇa
2026-04-17T01:14:11,0.0,quiet,341.1,0.0,C,False,1.6172895129784592e-06,0,0,0.152,Amāvāsyā,Aśvinī,,Śukravāra ♀,Kṛṣṇa
2026-04-17T01:24:17,0.0,quiet,300.9,0.0,C,False,1.0833975920832017e-06,0,0,0.138,Amāvāsyā,Aśvinī,,Śukravāra ♀,Kṛṣṇa
2026-04-17T01:53:41,0.0,quiet,337.9,0.0,none,False,5.420359343588643e-07,0,0,0.133,Amāvāsyā,Aśvinī,,Śukravāra ♀,Kṛṣṇa
2026-04-17T02:03:43,0.0,quiet,318.5,0.0,none,False,4.729140812287369e-07,0,0,0.127,Amāvāsyā,Aśvinī,,Śukravāra ♀,Kṛṣṇa
2026-04-17T02:14:08,0.0,quiet,308.6,0.0,none,False,0,0,0,0.058,Amāvāsyā,Aśvinī,,Śukravāra ♀,Kṛṣṇa
2026-04-17T03:47:01,0.0,quiet,329.6,0.0,none,False,3.856522425849107e-07,2,4.9,0.248,Dvitīyā,Bharaṇī,,Śukravāra ♀,Śukla
2026-04-17T03:57:02,0.0,quiet,335.7,0.0,none,False,4.0253425481751037e-07,1,2.8,0.197,Dvitīyā,Bharaṇī,,Śukravāra ♀,Śukla
2026-04-17T05:41:56,0.0,quiet,338.6,0.0,none,False,4.993690936316852e-07,0,0,0.131,Dvitīyā,Bharaṇī,,Śukravāra ♀,Śukla
2026-04-17T07:06:08,1.0,quiet,294.7,0.0,none,False,3.9001275808914215e-07,1,4.7,0.27,Dvitīyā,Bharaṇī,,Śukravāra ♀,Śukla
2026-04-17T07:16:46,0,unknown,324.5,0.0,none,False,0,1,4.7,0.178,Dvitīyā,Bharaṇī,,Śukravāra ♀,Śukla
2026-04-17T07:36:38,1.0,quiet,322.0,0.0,none,False,3.419179108732351e-07,1,2.5,0.218,Dvitīyā,Bharaṇī,,Śukravāra ♀,Śukla
2026-04-17T07:46:49,0.0,quiet,312.5,0.0,none,False,3.8671319657623826e-07,1,2.5,0.185,Dvitīyā,Bharaṇī,,Śukravāra ♀,Śukla
2026-04-17T07:56:54,1.0,quiet,301.1,0.0,none,False,3.4248594715791114e-07,1,2.5,0.214,Dvitīyā,Bharaṇī,,Śukravāra ♀,Śukla
2026-04-17T11:08:19,0.0,quiet,283.8,0.0,none,False,4.1211660573026165e-07,1,2.6,0.183,Dvitīyā,Bharaṇī,,Śukravāra ♀,Śukla
2026-04-17T11:18:20,0.0,quiet,289.5,0.0,none,False,3.8435283045146207e-07,1,2.6,0.183,Dvitīyā,Bharaṇī,,Śukravāra ♀,Śukla
2026-04-17T11:28:21,0.0,quiet,292.3,0.0,none,False,3.7042792655483936e-07,1,2.8,0.188,Dvitīyā,Bharaṇī,,Śukravāra ♀,Śukla
2026-04-17T11:38:24,0.0,quiet,293.9,0.0,none,False,5.5352916206175e-07,1,2.8,0.195,Dvitīyā,Bharaṇī,,Śukravāra ♀,Śukla
2026-04-17T11:48:25,0.0,quiet,326.8,0.0,none,False,3.931468199880328e-07,1,2.8,0.195,Dvitīyā,Bharaṇī,,Śukravāra ♀,Śukla
2026-04-17T11:58:27,0.0,quiet,329.5,0.0,none,False,3.5680918131220096e-07,1,2.8,0.194,Dvitīyā,Bharaṇī,,Śukravāra ♀,Śukla
2026-04-17T12:08:25,0.0,quiet,302.9,0.0,none,False,3.4367531043244526e-07,1,2.8,0.188,Dvitīyā,Bharaṇī,,Śukravāra ♀,Śukla
2026-04-17T12:18:27,0.0,quiet,328.7,0.0,none,False,3.40573762969143e-07,1,2.8,0.193,Dvitīyā,Bharaṇī,,Śukravāra ♀,Śukla
2026-04-17T12:28:28,0.0,quiet,336.4,0.0,none,False,3.929779097688879e-07,0,0,0.127,Dvitīyā,Bharaṇī,,Śukravāra ♀,Śukla
2026-04-17T12:38:29,0.0,quiet,313.0,0.0,none,False,3.767717373648338e-07,0,0,0.122,Dvitīyā,Bharaṇī,,Śukravāra ♀,Śukla
2026-04-17T12:48:30,0.0,quiet,314.8,0.0,none,False,4.6284856125566876e-07,1,3.4,0.211,Dvitīyā,Bharaṇī,,Śukravāra ♀,Śukla
2026-04-17T12:58:32,0.0,quiet,325.8,0.0,none,False,4.485077909066604e-07,1,3.4,0.212,Dvitīyā,Bharaṇī,,Śukravāra ♀,Śukla
2026-04-17T13:08:33,0.0,quiet,324.7,0.0,none,False,4.986863473277481e-07,1,3.4,0.214,Dvitīyā,Bharaṇī,,Śukravāra ♀,Śukla
2026-04-17T13:46:50,0.0,quiet,312.9,0.0,none,False,3.753287387553428e-07,0,0,0.122,Dvitīyā,Bharaṇī,,Śukravāra ♀,Śukla
2026-04-17T13:56:51,0.0,quiet,325.8,0.0,none,False,3.50393491999057e-07,0,0,0.123,Dvitīyā,Bharaṇī,,Śukravāra ♀,Śukla
2026-04-18T07:51:27,4.0,active,305.2,0.0,none,False,3.5930162312070024e-07,2,5.0,0.378,Tṛtīyā,Kṛttikā,,Śanivāra ♄,Śukla
2026-04-18T08:01:28,4.0,active,310.5,0.0,none,False,3.433427480104001e-07,2,5.0,0.378,Tṛtīyā,Kṛttikā,,Śanivāra ♄,Śukla
2026-04-18T08:11:29,1.0,quiet,305.8,0.0,none,False,3.423041619043943e-07,0,0,0.152,Tṛtīyā,Kṛttikā,,Śanivāra ♄,Śukla
2026-04-18T08:21:29,2.0,unsettled,306.1,0.0,none,False,3.5148343613400357e-07,0,0,0.186,Tṛtīyā,Kṛttikā,,Śanivāra ♄,Śukla
2026-04-18T08:31:30,2.0,unsettled,301.5,0.0,none,False,4.4243054730941367e-07,0,0,0.189,Tṛtīyā,Kṛttikā,,Śanivāra ♄,Śukla
2026-04-18T08:41:31,3.0,unsettled,336.0,0.0,none,False,3.851918393138476e-07,1,5.2,0.356,Tṛtīyā,Kṛttikā,,Śanivāra ♄,Śukla
2026-04-18T09:23:30,3.0,unsettled,317.6,0.0,none,False,3.40463486736553e-07,0,0,0.221,Tṛtīyā,Kṛttikā,,Śanivāra ♄,Śukla
2026-04-18T09:33:31,3.0,unsettled,322.9,0.0,none,False,3.414443767724151e-07,1,5.0,0.347,Tṛtīyā,Kṛttikā,,Śanivāra ♄,Śukla
2026-04-18T10:14:20,3.0,unsettled,332.3,0.0,none,False,3.18335764859512e-07,1,5.0,0.347,Tṛtīyā,Kṛttikā,,Śanivāra ♄,Śukla
2026-04-18T10:24:23,3.0,unsettled,329.4,0.0,none,False,3.463393341007759e-07,0,0,0.223,Tṛtīyā,Kṛttikā,,Śanivāra ♄,Śukla
2026-04-18T11:15:43,2.0,unsettled,334.2,0.0,none,False,3.752838608761522e-07,1,4.5,0.305,Tṛtīyā,Kṛttikā,,Śanivāra ♄,Śukla
2026-04-18T11:25:43,2.0,unsettled,332.3,0.0,none,False,3.7589342127830605e-07,2,5.8,0.337,Tṛtīyā,Kṛttikā,,Śanivāra ♄,Śukla
2026-04-18T11:46:20,2.0,unsettled,343.8,0.0,none,False,3.7207914260761754e-07,1,5.8,0.339,Tṛtīyā,Kṛttikā,,Śanivāra ♄,Śukla
2026-04-18T11:56:21,2.0,unsettled,337.2,0.0,none,False,3.9148130781541113e-07,2,5.8,0.339,Tṛtīyā,Kṛttikā,,Śanivāra ♄,Śukla
2026-04-18T12:06:23,2.0,unsettled,333.0,0.0,none,False,4.2192499449811294e-07,1,4.4,0.304,Tṛtīyā,Kṛttikā,,Śanivāra ♄,Śukla
2026-04-18T12:16:24,3.0,unsettled,343.3,0.0,none,False,4.2205113004456507e-07,1,4.4,0.339,Tṛtīyā,Kṛttikā,,Śanivāra ♄,Śukla
2026-04-18T12:26:25,3.0,unsettled,335.1,0.0,none,False,4.4057429704480455e-07,2,5.3,0.361,Tṛtīyā,Kṛttikā,,Śanivāra ♄,Śukla
2026-04-18T12:36:26,3.0,unsettled,333.4,0.0,none,False,4.7567317551511223e-07,1,5.3,0.362,Tṛtīyā,Kṛttikā,,Śanivāra ♄,Śukla
2026-04-18T13:01:57,3.0,unsettled,340.2,0.0,none,False,3.6523474022942537e-07,2,5.3,0.359,Tṛtīyā,Kṛttikā,,Śanivāra ♄,Śukla
2026-04-18T13:11:57,3.0,unsettled,329.3,0.0,none,False,3.282275713445415e-07,1,2.5,0.285,Tṛtīyā,Kṛttikā,,Śanivāra ♄,Śukla
2026-04-18T13:14:28,3.0,unsettled,331.6,0.0,none,False,0,1,2.5,0.225,Tṛtīyā,Kṛttikā,,Śanivāra ♄,Śukla
2026-04-18T13:16:45,3.0,unsettled,333.2,0.0,none,False,3.266185899519769e-07,1,2.5,0.286,Tṛtīyā,Kṛttikā,,Śanivāra ♄,Śukla
2026-04-18T13:24:44,3.0,unsettled,329.4,0.0,none,False,3.3482845651633397e-07,1,2.5,0.285,Tṛtīyā,Kṛttikā,,Śanivāra ♄,Śukla
2026-04-18T13:34:45,3.0,unsettled,334.5,0.0,none,False,3.241763124606223e-07,2,2.6,0.288,Tṛtīyā,Kṛttikā,,Śanivāra ♄,Śukla
2026-04-18T13:44:46,3.0,unsettled,341.5,0.0,none,False,3.1179709480966267e-07,1,2.6,0.289,Tṛtīyā,Kṛttikā,,Śanivāra ♄,Śukla
2026-04-18T13:54:47,3.0,unsettled,331.6,0.0,none,False,3.37255045224083e-07,1,2.6,0.288,Tṛtīyā,Kṛttikā,,Śanivāra ♄,Śukla
2026-04-18T14:18:03,1.0,quiet,330.4,0.0,none,False,3.083203239384602e-07,2,3.4,0.24,Tṛtīyā,Kṛttikā,,Śanivāra ♄,Śukla
2026-04-18T14:28:04,1.0,quiet,341.6,0.0,none,False,3.171204525642679e-07,1,3.4,0.242,Tṛtīyā,Kṛttikā,,Śanivāra ♄,Śukla
2026-04-18T15:28:04,3.0,unsettled,327.4,0.0,none,False,3.0661902883366565e-07,2,5.4,0.356,Tṛtīyā,Kṛttikā,,Śanivāra ♄,Śukla
2026-04-18T15:38:08,3.0,unsettled,333.1,0.0,none,False,3.296591160051321e-07,1,3.9,0.321,Tṛtīyā,Kṛttikā,,Śanivāra ♄,Śukla
2026-04-18T15:48:11,3.0,unsettled,335.9,0.0,none,False,3.323747250760789e-07,1,3.9,0.321,Tṛtīyā,Kṛttikā,,Śanivāra ♄,Śukla
2026-04-18T15:58:15,3.0,unsettled,338.7,0.0,none,False,3.2928468840509595e-07,0,0,0.224,Tṛtīyā,Kṛttikā,,Śanivāra ♄,Śukla
2026-04-18T16:08:19,3.0,unsettled,325.5,0.0,none,False,3.336677423249057e-07,1,4.8,0.342,Tṛtīyā,Kṛttikā,,Śanivāra ♄,Śukla
2026-04-18T16:18:22,3.0,unsettled,336.0,0.0,none,False,3.2914968528530153e-07,1,4.8,0.344,Tṛtīyā,Kṛttikā,,Śanivāra ♄,Śukla
2026-04-18T16:28:23,3.0,unsettled,323.1,0.0,none,False,3.1984112069949333e-07,2,5.6,0.361,Tṛtīyā,Kṛttikā,,Śanivāra ♄,Śukla
2026-04-18T16:38:24,3.0,unsettled,316.6,0.0,none,False,3.267947192853171e-07,3,5.6,0.36,Tṛtīyā,Kṛttikā,,Śanivāra ♄,Śukla
2026-04-18T21:19:09,3.0,unsettled,357.8,0.0,none,False,3.4422609473949706e-07,0,0,0.229,Tṛtīyā,Kṛttikā,,Śanivāra ♄,Śukla
2026-04-18T21:29:13,3.0,unsettled,359.9,0.0,none,False,3.507627468479768e-07,0,0,0.229,Tṛtīyā,Kṛttikā,,Śanivāra ♄,Śukla
2026-04-18T21:39:16,3.0,unsettled,377.5,0.0,none,False,3.376453889814002e-07,0,0,0.232,Tṛtīyā,Kṛttikā,,Śanivāra ♄,Śukla
2026-04-18T21:49:18,3.0,unsettled,375.7,0.0,none,False,3.145272273741284e-07,1,2.8,0.3,Tṛtīyā,Kṛttikā,,Śanivāra ♄,Śukla
2026-04-19T07:23:49,3.0,unsettled,473.2,0.0,none,False,3.649868460797734e-07,1,4.4,0.361,Caturthī,Rohiṇī,,Ravivāra ☀,Śukla
2026-04-19T07:33:54,2.0,unsettled,480.7,0.0,none,False,3.527024432514736e-07,2,4.5,0.331,Caturthī,Rohiṇī,,Ravivāra ☀,Śukla
2026-04-19T07:43:57,3.0,unsettled,480.1,0.0,none,False,3.75516094663908e-07,1,4.5,0.366,Caturthī,Rohiṇī,,Ravivāra ☀,Śukla
2026-04-19T07:54:00,3.0,unsettled,532.3,0.0,none,False,3.407903648167121e-07,1,3.2,0.341,Caturthī,Rohiṇī,,Ravivāra ☀,Śukla
2026-04-19T09:19:41,2.0,unsettled,478.1,0.0,none,False,5.004423542231962e-07,6,4.2,0.329,Caturthī,Rohiṇī,,Ravivāra ☀,Śukla
2026-04-19T09:40:02,2.0,unsettled,450.1,0.0,none,False,5.94617233673489e-07,5,4.2,0.327,Caturthī,Rohiṇī,,Ravivāra ☀,Śukla
2026-04-19T09:50:03,2.0,unsettled,469.2,0.0,none,False,5.737833248531388e-07,3,2.6,0.29,Caturthī,Rohiṇī,,Ravivāra ☀,Śukla
2026-04-19T10:00:04,2.0,unsettled,460.0,0.0,none,False,5.093565960123669e-07,2,3.3,0.304,Caturthī,Rohiṇī,,Ravivāra ☀,Śukla
2026-04-19T14:31:22,1.0,quiet,519.2,0.0,none,False,4.2364766272839915e-07,3,6.1,0.348,Caturthī,Rohiṇī,,Ravivāra ☀,Śukla
2026-04-19T14:41:26,1.0,quiet,516.7,0.0,none,False,4.119504524169315e-07,2,4.6,0.31,Caturthī,Rohiṇī,,Ravivāra ☀,Śukla
2026-04-20T09:12:20,2.0,unsettled,515.4,0.0,none,False,4.2433595126567525e-07,0,0,0.228,Pañcamī,Mṛgaśīrṣa,,Somavāra ☽,Śukla
2026-04-20T09:22:21,4.0,active,488.6,0.0,none,False,5.110758820592309e-07,1,5.1,0.421,Pañcamī,Mṛgaśīrṣa,,Somavāra ☽,Śukla
2026-04-20T09:32:25,3.0,unsettled,489.5,0.0,none,False,5.508834988177114e-07,2,5.1,0.389,Pañcamī,Mṛgaśīrṣa,,Somavāra ☽,Śukla
2026-04-20T09:42:30,3.0,unsettled,488.3,0.0,none,False,5.540278493754158e-07,2,5.1,0.389,Pañcamī,Mṛgaśīrṣa,,Somavāra ☽,Śukla
2026-04-20T09:52:33,3.0,unsettled,495.1,0.0,none,False,6.823098601671518e-07,2,5.1,0.394,Pañcamī,Mṛgaśīrṣa,,Somavāra ☽,Śukla
2026-04-20T10:02:38,3.0,unsettled,495.1,0.0,none,False,8.391491519432748e-07,1,3.7,0.362,Pañcamī,Mṛgaśīrṣa,,Somavāra ☽,Śukla
2026-04-20T10:12:42,4.0,active,493.5,0.0,none,False,7.85326449204149e-07,2,3.7,0.394,Pañcamī,Mṛgaśīrṣa,,Somavāra ☽,Śukla
2026-04-20T10:22:45,4.0,active,511.3,0.0,none,False,5.849479975950089e-07,2,3.7,0.392,Pañcamī,Mṛgaśīrṣa,,Somavāra ☽,Śukla
2026-04-20T10:32:50,4.0,active,496.1,0.0,none,False,5.292778837429069e-07,1,3.5,0.383,Pañcamī,Mṛgaśīrṣa,,Somavāra ☽,Śukla
2026-04-20T10:42:52,4.0,active,508.6,0.0,none,False,4.928002681481303e-07,1,3.5,0.384,Pañcamī,Mṛgaśīrṣa,,Somavāra ☽,Śukla
2026-04-20T10:52:56,4.0,active,503.7,0.0,none,False,4.5940112158859847e-07,1,3.5,0.382,Pañcamī,Mṛgaśīrṣa,,Somavāra ☽,Śukla
2026-04-20T11:02:59,4.0,active,499.0,0.0,none,False,4.364346466445568e-07,1,3.5,0.38,Pañcamī,Mṛgaśīrṣa,,Somavāra ☽,Śukla
2026-04-20T11:13:02,0.0,quiet,494.2,0.0,C,False,1.4850676279820618e-06,0,0,0.18,Pañcamī,Mṛgaśīrṣa,,Somavāra ☽,Śukla
2026-04-20T11:23:03,2.0,unsettled,497.4,0.0,C,False,1.5358035625467892e-06,0,0,0.247,Pañcamī,Mṛgaśīrṣa,,Somavāra ☽,Śukla
2026-04-20T11:33:04,2.0,unsettled,495.8,0.0,none,False,8.25433971840539e-07,0,0,0.236,Pañcamī,Mṛgaśīrṣa,,Somavāra ☽,Śukla
2026-04-20T11:43:05,3.0,unsettled,500.8,0.0,none,False,5.641259122057818e-07,0,0,0.264,Pañcamī,Mṛgaśīrṣa,,Somavāra ☽,Śukla
2026-04-20T11:53:06,3.0,unsettled,497.9,0.0,none,False,4.7622359033994144e-07,0,0,0.26,Pañcamī,Mṛgaśīrṣa,,Somavāra ☽,Śukla
2026-04-20T12:03:07,3.0,unsettled,498.6,0.0,none,False,4.400749560318218e-07,0,0,0.259,Pañcamī,Mṛgaśīrṣa,,Somavāra ☽,Śukla
2026-04-20T12:27:49,3.0,unsettled,522.5,0.0,none,False,3.665554402232374e-07,2,2.9,0.333,Pañcamī,Mṛgaśīrṣa,,Somavāra ☽,Śukla
2026-04-20T12:37:53,3.0,unsettled,523.9,0.0,none,False,3.562297195003339e-07,2,2.9,0.333,Pañcamī,Mṛgaśīrṣa,,Somavāra ☽,Śukla
2026-04-20T12:47:56,3.0,unsettled,503.1,0.0,none,False,3.34281622826893e-07,2,2.9,0.328,Pañcamī,Mṛgaśīrṣa,,Somavāra ☽,Śukla
2026-04-20T12:58:00,3.0,unsettled,499.4,0.0,none,False,3.521359701608162e-07,2,2.9,0.328,Pañcamī,Mṛgaśīrṣa,,Somavāra ☽,Śukla
2026-04-20T13:08:00,3.0,unsettled,524.0,0.0,none,False,3.906681911303167e-07,3,2.9,0.334,Pañcamī,Mṛgaśīrṣa,,Somavāra ☽,Śukla
2026-04-20T13:18:01,3.0,unsettled,523.1,0.0,none,False,4.1768922187657154e-07,1,2.7,0.33,Pañcamī,Mṛgaśīrṣa,,Somavāra ☽,Śukla
2026-04-20T13:28:02,4.0,active,504.9,0.0,none,False,4.6371670237022045e-07,2,2.8,0.365,Pañcamī,Mṛgaśīrṣa,,Somavāra ☽,Śukla
2026-04-20T13:38:03,4.0,active,514.3,0.0,none,False,4.508588347107434e-07,3,2.8,0.366,Pañcamī,Mṛgaśīrṣa,,Somavāra ☽,Śukla
2026-04-20T13:48:04,3.0,unsettled,504.2,0.0,none,False,0,4,3.2,0.275,Pañcamī,Mṛgaśīrṣa,,Somavāra ☽,Śukla
2026-04-20T13:58:06,3.0,unsettled,499.3,0.0,none,False,5.172850023882347e-07,5,3.9,0.36,Pañcamī,Mṛgaśīrṣa,,Somavāra ☽,Śukla
2026-04-20T14:08:07,0.0,quiet,510.1,0.0,none,False,5.59190937110543e-07,4,3.9,0.263,Pañcamī,Mṛgaśīrṣa,,Somavāra ☽,Śukla
2026-04-20T14:18:08,2.0,unsettled,518.9,0.0,none,False,4.521103562638018e-07,3,3.3,0.313,Pañcamī,Mṛgaśīrṣa,,Somavāra ☽,Śukla
2026-04-20T14:28:09,2.0,unsettled,518.5,0.0,none,False,4.528069439402316e-07,2,3.3,0.313,Pañcamī,Mṛgaśīrṣa,,Somavāra ☽,Śukla
2026-04-20T14:38:49,0,unknown,0,0,none,False,0,0,0,0.0,Pañcamī,Mṛgaśīrṣa,,Somavāra ☽,Śukla
2026-04-20T14:48:52,2.0,unsettled,508.2,0.0,none,False,4.00922317567165e-07,0,0,0.226,Pañcamī,Mṛgaśīrṣa,,Somavāra ☽,Śukla
2026-04-20T14:58:55,2.0,unsettled,512.9,0.0,none,False,3.8461257645394653e-07,0,0,0.226,Pañcamī,Mṛgaśīrṣa,,Somavāra ☽,Śukla
2026-04-20T15:09:04,3.0,unsettled,499.7,0.0,none,False,3.9840165300120134e-07,1,5.3,0.39,Pañcamī,Mṛgaśīrṣa,,Somavāra ☽,Śukla
2026-04-20T15:19:04,4.0,active,503.5,0.0,none,False,4.0583859117759857e-07,1,5.3,0.425,Pañcamī,Mṛgaśīrṣa,,Somavāra ☽,Śukla
2026-04-20T15:29:05,3.0,unsettled,515.0,0.0,none,False,4.0072640672406123e-07,1,5.3,0.393,Pañcamī,Mṛgaśīrṣa,,Somavāra ☽,Śukla
2026-04-20T15:39:06,4.0,active,515.4,0.0,none,False,4.984284487363766e-07,1,5.3,0.43,Pañcamī,Mṛgaśīrṣa,,Somavāra ☽,Śukla
2026-04-20T15:49:07,5.0,storm,511.0,0.0,none,False,4.819438004233234e-07,0,0,0.33,Pañcamī,Mṛgaśīrṣa,,Somavāra ☽,Śukla
2026-04-20T15:59:08,5.0,storm,507.4,0.0,none,False,5.561849434343458e-07,0,0,0.332,Pañcamī,Mṛgaśīrṣa,,Somavāra ☽,Śukla
2026-04-20T16:09:09,5.0,storm,488.1,0.0,none,False,6.943903940737073e-07,0,0,0.332,Pañcamī,Mṛgaśīrṣa,,Somavāra ☽,Śukla
2026-04-21T07:34:57,2.0,unsettled,486.5,0.0,C,False,2.209975264122477e-06,0,0,0.252,Ṣaṣṭhī,Ārdrā,,Maṅgalavāra ♂,Śukla
2026-04-21T07:45:00,2.0,unsettled,501.0,0.0,C,False,1.4212795349521912e-06,1,4.7,0.364,Ṣaṣṭhī,Ārdrā,,Maṅgalavāra ♂,Śukla
2026-04-21T07:55:03,2.0,unsettled,485.3,0.0,C,False,3.7330839859350817e-06,1,4.7,0.378,Ṣaṣṭhī,Ārdrā,,Maṅgalavāra ♂,Śukla
2026-04-21T08:05:06,0.0,quiet,483.6,0.0,none,False,0,0,0,0.091,Ṣaṣṭhī,Ārdrā,,Maṅgalavāra ♂,Śukla
2026-04-21T08:15:07,0.0,quiet,503.2,0.0,C,False,1.7208182043759734e-06,0,0,0.184,Ṣaṣṭhī,Ārdrā,,Maṅgalavāra ♂,Śukla
2026-04-21T08:25:08,0.0,quiet,490.2,0.0,C,False,1.211650101140549e-06,0,0,0.175,Ṣaṣṭhī,Ārdrā,,Maṅgalavāra ♂,Śukla
2026-04-21T08:35:09,1.0,quiet,448.3,0.0,C,False,1.1209940566914156e-06,0,0,0.199,Ṣaṣṭhī,Ārdrā,,Maṅgalavāra ♂,Śukla
2026-04-21T08:45:10,0.0,quiet,497.4,0.0,none,False,8.940182283367903e-07,0,0,0.171,Ṣaṣṭhī,Ārdrā,,Maṅgalavāra ♂,Śukla
2026-04-21T08:55:11,1.0,quiet,529.4,0.0,none,False,7.152993930503726e-07,1,2.5,0.269,Ṣaṣṭhī,Ārdrā,,Maṅgalavāra ♂,Śukla
2026-04-21T09:05:12,1.0,quiet,506.2,0.0,none,False,6.112385335654835e-07,2,2.6,0.265,Ṣaṣṭhī,Ārdrā,,Maṅgalavāra ♂,Śukla
2026-04-21T09:15:13,1.0,quiet,493.9,0.0,none,False,6.050171919014247e-07,2,2.6,0.262,Ṣaṣṭhī,Ārdrā,,Maṅgalavāra ♂,Śukla
2026-04-21T09:25:14,1.0,quiet,533.0,0.0,none,False,5.919940235799004e-07,2,2.6,0.269,Ṣaṣṭhī,Ārdrā,,Maṅgalavāra ♂,Śukla
2026-04-21T09:35:15,2.0,unsettled,511.5,0.0,none,False,6.073973395359644e-07,2,2.6,0.299,Ṣaṣṭhī,Ārdrā,,Maṅgalavāra ♂,Śukla
2026-04-21T09:45:16,2.0,unsettled,495.4,0.0,none,False,7.225934268717538e-07,1,2.6,0.299,Ṣaṣṭhī,Ārdrā,,Maṅgalavāra ♂,Śukla
2026-04-21T09:55:17,2.0,unsettled,523.2,0.0,C,False,1.0860279644475668e-06,0,0,0.246,Ṣaṣṭhī,Ārdrā,,Maṅgalavāra ♂,Śukla
2026-04-21T10:05:18,2.0,unsettled,509.2,0.0,C,False,1.4898180324962595e-06,0,0,0.249,Ṣaṣṭhī,Ārdrā,,Maṅgalavāra ♂,Śukla
2026-04-21T10:19:24,3.0,unsettled,516.6,0.0,C,False,1.079775984180742e-06,1,2.9,0.351,Ṣaṣṭhī,Ārdrā,,Maṅgalavāra ♂,Śukla
2026-04-21T10:29:26,2.0,unsettled,536.6,0.0,C,False,1.80329629984044e-06,1,2.9,0.33,Ṣaṣṭhī,Ārdrā,,Maṅgalavāra ♂,Śukla
2026-04-21T10:39:28,2.0,unsettled,532.1,0.0,C,False,1.653425215408788e-06,1,2.9,0.328,Ṣaṣṭhī,Ārdrā,,Maṅgalavāra ♂,Śukla
2026-04-21T10:49:32,3.0,unsettled,523.9,0.0,C,False,1.289284568883886e-06,1,2.9,0.355,Ṣaṣṭhī,Ārdrā,,Maṅgalavāra ♂,Śukla
2026-04-21T10:59:36,3.0,unsettled,546.1,0.0,none,False,9.942195902112871e-07,1,2.9,0.355,Ṣaṣṭhī,Ārdrā,,Maṅgalavāra ♂,Śukla
2026-04-21T11:09:40,0.0,quiet,523.1,0.0,none,False,8.241194677793828e-07,0,0,0.175,Ṣaṣṭhī,Ārdrā,,Maṅgalavāra ♂,Śukla
2026-04-21T11:20:54,1.0,quiet,528.2,0.0,none,False,7.556202490377473e-07,1,5.0,0.333,Ṣaṣṭhī,Ārdrā,,Maṅgalavāra ♂,Śukla
2026-04-21T11:30:55,2.0,unsettled,521.9,0.0,none,False,6.815811275373562e-07,1,5.0,0.363,Ṣaṣṭhī,Ārdrā,,Maṅgalavāra ♂,Śukla
2026-04-21T11:40:56,2.0,unsettled,522.5,0.0,none,False,6.557983169841464e-07,1,5.0,0.362,Ṣaṣṭhī,Ārdrā,,Maṅgalavāra ♂,Śukla
2026-04-21T11:53:53,2.0,unsettled,564.9,0.0,none,False,6.940576326996961e-07,0,0,0.246,Ṣaṣṭhī,Ārdrā,,Maṅgalavāra ♂,Śukla
2026-04-21T12:03:57,2.0,unsettled,541.7,0.0,none,False,8.077711299847579e-07,0,0,0.245,Ṣaṣṭhī,Ārdrā,,Maṅgalavāra ♂,Śukla
2026-04-21T12:14:00,2.0,unsettled,522.5,0.0,none,False,7.553458090114873e-07,0,0,0.24,Ṣaṣṭhī,Ārdrā,,Maṅgalavāra ♂,Śukla
2026-04-21T12:24:01,2.0,unsettled,525.3,0.0,none,False,6.453071250689391e-07,0,0,0.238,Ṣaṣṭhī,Ārdrā,,Maṅgalavāra ♂,Śukla
2026-04-21T12:34:35,0,unknown,0,0,none,False,0,0,0,0.0,Ṣaṣṭhī,Ārdrā,,Maṅgalavāra ♂,Śukla
2026-04-21T12:45:15,0,unknown,0,0,none,False,0,0,0,0.0,Ṣaṣṭhī,Ārdrā,,Maṅgalavāra ♂,Śukla
2026-04-21T12:55:16,3.0,unsettled,527.3,0.0,C,False,1.1625237448242842e-06,0,0,0.281,Ṣaṣṭhī,Ārdrā,,Maṅgalavāra ♂,Śukla
2026-04-21T15:35:00,2.0,unsettled,506.4,0.0,none,False,6.463867521233624e-07,2,5.6,0.374,Ṣaṣṭhī,Ārdrā,,Maṅgalavāra ♂,Śukla
2026-04-21T21:55:11,1.0,quiet,0,0,none,False,6.718315717080259e-07,0,0,0.106,Ṣaṣṭhī,Ārdrā,,Maṅgalavāra ♂,Śukla
2026-04-21T22:05:12,1.0,quiet,486.9,0.0,none,False,5.575011527980678e-07,0,0,0.194,Ṣaṣṭhī,Ārdrā,,Maṅgalavāra ♂,Śukla
2026-04-21T22:15:14,1.0,quiet,485.8,0.0,none,False,6.244198402782786e-07,0,0,0.196,Ṣaṣṭhī,Ārdrā,,Maṅgalavāra ♂,Śukla
2026-04-21T22:25:15,1.0,quiet,461.5,0.0,none,False,5.24533675161365e-07,0,0,0.189,Ṣaṣṭhī,Ārdrā,,Maṅgalavāra ♂,Śukla
2026-04-21T22:35:17,1.0,quiet,488.5,0.0,none,False,5.271385816740803e-07,1,2.8,0.264,Ṣaṣṭhī,Ārdrā,,Maṅgalavāra ♂,Śukla
2026-04-21T22:45:18,1.0,quiet,479.0,0.0,none,False,5.612069458038604e-07,1,2.8,0.263,Ṣaṣṭhī,Ārdrā,,Maṅgalavāra ♂,Śukla
2026-04-21T22:55:19,1.0,quiet,499.3,0.0,none,False,0,2,2.9,0.199,Ṣaṣṭhī,Ārdrā,,Maṅgalavāra ♂,Śukla
2026-04-21T23:05:20,0.0,quiet,493.4,0.0,none,False,5.19305956458993e-07,2,2.9,0.234,Ṣaṣṭhī,Ārdrā,,Maṅgalavāra ♂,Śukla
2026-04-21T23:15:24,0.0,quiet,488.7,0.0,none,False,6.577628823833948e-07,2,2.9,0.237,Ṣaṣṭhī,Ārdrā,,Maṅgalavāra ♂,Śukla
2026-04-21T23:25:30,0.0,quiet,489.9,0.0,none,False,7.262441954480892e-07,3,3.2,0.246,Ṣaṣṭhī,Ārdrā,,Maṅgalavāra ♂,Śukla
2026-04-21T23:35:46,0.0,quiet,513.6,0.0,none,False,6.591250780729752e-07,1,3.2,0.249,Ṣaṣṭhī,Ārdrā,,Maṅgalavāra ♂,Śukla
2026-04-21T23:46:05,0.0,quiet,501.7,0.0,none,False,5.75105161715328e-07,1,3.2,0.244,Ṣaṣṭhī,Ārdrā,,Maṅgalavāra ♂,Śukla
2026-04-21T23:56:08,0.0,quiet,509.4,0.0,none,False,5.567862899624743e-07,0,0,0.165,Ṣaṣṭhī,Ārdrā,,Maṅgalavāra ♂,Śukla
2026-04-22T00:06:11,0.0,quiet,476.0,0.0,none,False,5.994809839648951e-07,0,0,0.16,Ṣaṣṭhī,Ārdrā,,Budhavāra ☿,Śukla
2026-04-22T00:16:14,0.0,quiet,503.8,0.0,none,False,6.176498459353752e-07,1,2.6,0.231,Ṣaṣṭhī,Ārdrā,,Budhavāra ☿,Śukla
2026-04-22T00:26:16,0.0,quiet,510.4,0.0,none,False,7.134102588679525e-07,1,2.6,0.235,Ṣaṣṭhī,Ārdrā,,Budhavāra ☿,Śukla
2026-04-22T00:36:17,0.0,quiet,495.3,0.0,C,False,1.4309144944490981e-06,2,2.9,0.252,Ṣaṣṭhī,Ārdrā,,Budhavāra ☿,Śukla
2026-04-22T00:46:18,0.0,quiet,506.7,0.0,none,False,9.419225079909666e-07,2,3.1,0.251,Ṣaṣṭhī,Ārdrā,,Budhavāra ☿,Śukla
2026-04-22T00:56:19,0.0,quiet,504.6,0.0,none,False,7.977707809914136e-07,3,3.1,0.248,Ṣaṣṭhī,Ārdrā,,Budhavāra ☿,Śukla
2026-04-22T01:06:21,0.0,quiet,498.5,0.0,none,False,7.996568456292152e-07,3,3.1,0.247,Ṣaṣṭhī,Ārdrā,,Budhavāra ☿,Śukla
2026-04-22T01:16:24,0.0,quiet,514.8,0.0,none,False,7.87363831022958e-07,2,3.1,0.25,Ṣaṣṭhī,Ārdrā,,Budhavāra ☿,Śukla
2026-04-22T01:26:26,1.0,quiet,512.3,0.0,none,False,7.939465831441339e-07,1,2.5,0.268,Ṣaṣṭhī,Ārdrā,,Budhavāra ☿,Śukla
2026-04-22T01:36:31,0.0,quiet,524.6,0.0,none,False,8.35910611840518e-07,1,2.5,0.238,Ṣaṣṭhī,Ārdrā,,Budhavāra ☿,Śukla
2026-04-22T01:47:01,0.0,quiet,499.4,0.0,none,False,8.707423830855987e-07,0,0,0.171,Ṣaṣṭhī,Ārdrā,,Budhavāra ☿,Śukla
2026-04-22T01:57:12,0.0,quiet,512.1,0.0,none,False,9.487363286098116e-07,0,0,0.175,Ṣaṣṭhī,Ārdrā,,Budhavāra ☿,Śukla
2026-04-22T02:07:14,0.0,quiet,546.9,0.0,none,False,8.061675202952756e-07,0,0,0.179,Ṣaṣṭhī,Ārdrā,,Budhavāra ☿,Śukla
2026-04-22T02:17:15,0.0,quiet,519.8,0.0,none,False,8.739551731196116e-07,0,0,0.175,Ṣaṣṭhī,Ārdrā,,Budhavāra ☿,Śukla
2026-04-22T02:27:17,0.0,quiet,519.9,0.0,none,False,8.58037935813627e-07,0,0,0.175,Ṣaṣṭhī,Ārdrā,,Budhavāra ☿,Śukla
2026-04-22T02:37:18,0.0,quiet,514.9,0.0,none,False,7.921849487502186e-07,0,0,0.172,Ṣaṣṭhī,Ārdrā,,Budhavāra ☿,Śukla
2026-04-22T02:47:20,0.0,quiet,527.1,0.0,none,False,6.06423100180109e-07,0,0,0.17,Ṣaṣṭhī,Ārdrā,,Budhavāra ☿,Śukla
2026-04-22T02:57:20,0.0,quiet,509.7,0.0,none,False,5.506673232957837e-07,0,0,0.165,Ṣaṣṭhī,Ārdrā,,Budhavāra ☿,Śukla
2026-04-22T03:07:24,0.0,quiet,525.6,0.0,none,False,5.525552637664077e-07,0,0,0.168,Saptamī,Punarvasu,,Budhavāra ☿,Śukla
2026-04-22T03:17:25,0.0,quiet,512.7,0.0,none,False,6.101018357185239e-07,0,0,0.168,Saptamī,Punarvasu,,Budhavāra ☿,Śukla
2026-04-22T03:27:29,0.0,quiet,511.6,0.0,none,False,5.373315730139439e-07,0,0,0.165,Saptamī,Punarvasu,,Budhavāra ☿,Śukla
2026-04-22T03:37:49,0.0,quiet,516.6,0.0,none,False,6.638210265919042e-07,1,2.8,0.24,Saptamī,Punarvasu,,Budhavāra ☿,Śukla
2026-04-22T03:48:02,0.0,quiet,529.3,0.0,none,False,6.26358655608783e-07,2,2.8,0.241,Saptamī,Punarvasu,,Budhavāra ☿,Śukla
2026-04-22T03:58:11,0.0,quiet,529.6,0.0,none,False,6.419741680474544e-07,2,2.8,0.242,Saptamī,Punarvasu,,Budhavāra ☿,Śukla
2026-04-22T04:08:14,0.0,quiet,496.4,0.0,none,False,6.827023071309668e-07,2,2.8,0.236,Saptamī,Punarvasu,,Budhavāra ☿,Śukla
2026-04-22T04:18:16,0.0,quiet,517.8,0.0,none,False,6.22566005858971e-07,2,4.9,0.291,Saptamī,Punarvasu,,Budhavāra ☿,Śukla
2026-04-22T04:28:20,0.0,quiet,524.5,0.0,none,False,6.639047001044673e-07,2,4.9,0.294,Saptamī,Punarvasu,,Budhavāra ☿,Śukla
2026-04-22T04:38:21,0.0,quiet,514.5,0.0,none,False,5.858629492649925e-07,2,4.9,0.29,Saptamī,Punarvasu,,Budhavāra ☿,Śukla
2026-04-22T04:48:24,0.0,quiet,533.7,0.0,none,False,6.34387447462359e-07,0,0,0.172,Saptamī,Punarvasu,,Budhavāra ☿,Śukla
2026-04-22T04:58:27,0.0,quiet,533.0,0.0,none,False,6.400901497727318e-07,1,4.9,0.295,Saptamī,Punarvasu,,Budhavāra ☿,Śukla
2026-04-22T05:08:31,0.0,quiet,523.3,0.0,none,False,7.123203431547154e-07,1,4.9,0.295,Saptamī,Punarvasu,,Budhavāra ☿,Śukla
2026-04-22T05:18:37,0.0,quiet,496.9,0.0,none,False,6.252941489037767e-07,1,4.9,0.288,Saptamī,Punarvasu,,Budhavāra ☿,Śukla
2026-04-22T05:28:44,0.0,quiet,493.1,0.0,none,False,5.854514029124402e-07,2,4.9,0.286,Saptamī,Punarvasu,,Budhavāra ☿,Śukla
2026-04-22T05:38:53,0.0,quiet,520.6,0.0,none,False,5.824859385938908e-07,1,2.5,0.231,Saptamī,Punarvasu,,Budhavāra ☿,Śukla
2026-04-22T05:48:58,1.0,quiet,499.5,0.0,none,False,5.871893904441094e-07,1,2.5,0.26,Saptamī,Punarvasu,,Budhavāra ☿,Śukla
2026-04-22T05:59:07,1.0,quiet,526.4,0.0,none,False,7.947285212139832e-07,1,2.5,0.271,Saptamī,Punarvasu,,Budhavāra ☿,Śukla
2026-04-22T06:09:09,1.0,quiet,525.6,0.0,none,False,8.767177632762468e-07,0,0,0.21,Saptamī,Punarvasu,,Budhavāra ☿,Śukla
2026-04-22T06:19:11,1.0,quiet,527.7,0.0,none,False,6.719527618770371e-07,1,4.2,0.31,Saptamī,Punarvasu,,Budhavāra ☿,Śukla
2026-04-22T06:29:12,1.0,quiet,522.9,0.0,none,False,6.199018685038027e-07,1,4.2,0.308,Saptamī,Punarvasu,,Budhavāra ☿,Śukla
2026-04-22T06:39:13,1.0,quiet,526.0,0.0,none,False,9.062020467354159e-07,1,4.2,0.315,Saptamī,Punarvasu,,Budhavāra ☿,Śukla
2026-04-22T06:49:14,1.0,quiet,511.3,0.0,none,False,9.014842135002255e-07,1,4.2,0.312,Saptamī,Punarvasu,,Budhavāra ☿,Śukla
2026-04-22T06:59:15,1.0,quiet,528.1,0.0,none,False,6.901034907969006e-07,0,0,0.206,Saptamī,Punarvasu,,Budhavāra ☿,Śukla
2026-04-22T07:09:16,1.0,quiet,512.4,0.0,none,False,5.956603104095848e-07,0,0,0.2,Saptamī,Punarvasu,,Budhavāra ☿,Śukla
2026-04-22T08:09:33,0.0,quiet,534.2,0.0,none,False,5.750389391323552e-07,1,4.9,0.293,Saptamī,Punarvasu,,Budhavāra ☿,Śukla
2026-04-22T08:20:01,0.0,quiet,518.0,0.0,none,False,5.773691214017163e-07,0,0,0.168,Saptamī,Punarvasu,,Budhavāra ☿,Śukla
2026-04-22T08:30:02,0.0,quiet,541.8,0.0,none,False,5.797166977572488e-07,2,4.6,0.287,Saptamī,Punarvasu,,Budhavāra ☿,Śukla
2026-04-22T08:40:03,0.0,quiet,530.0,0.0,none,False,6.415539246518165e-07,3,5.0,0.297,Saptamī,Punarvasu,,Budhavāra ☿,Śukla
2026-04-22T08:50:04,0.0,quiet,514.4,0.0,none,False,8.028682145777566e-07,3,5.0,0.298,Saptamī,Punarvasu,,Budhavāra ☿,Śukla
2026-04-22T09:00:05,0.0,quiet,486.9,0.0,none,False,9.445822115594638e-07,3,5.0,0.295,Saptamī,Punarvasu,,Budhavāra ☿,Śukla
2026-04-22T09:10:06,0.0,quiet,536.3,0.0,C,False,1.2290765880607069e-06,1,5.0,0.309,Saptamī,Punarvasu,,Budhavāra ☿,Śukla
2026-04-22T09:20:07,0.0,quiet,525.5,0.0,C,False,1.1417340601838077e-06,0,0,0.181,Saptamī,Punarvasu,,Budhavāra ☿,Śukla
2026-04-22T09:30:08,0.0,quiet,539.8,0.0,none,False,8.424899533565622e-07,0,0,0.178,Saptamī,Punarvasu,,Budhavāra ☿,Śukla
2026-04-22T09:40:09,1.0,quiet,540.3,0.0,none,False,9.213561611431942e-07,0,0,0.213,Saptamī,Punarvasu,,Budhavāra ☿,Śukla
2026-04-22T09:50:10,1.0,quiet,524.1,0.0,none,False,7.205107976915315e-07,0,0,0.206,Saptamī,Punarvasu,,Budhavāra ☿,Śukla
2026-04-22T10:00:14,1.0,quiet,543.1,0.0,none,False,6.17312196027342e-07,0,0,0.207,Saptamī,Punarvasu,,Budhavāra ☿,Śukla
2026-04-22T10:10:17,1.0,quiet,0.0,0.0,none,False,5.562981186812976e-07,1,5.0,0.228,Saptamī,Punarvasu,,Budhavāra ☿,Śukla
2026-04-22T10:20:22,1.0,quiet,541.4,0.0,none,False,5.394592221819039e-07,1,5.0,0.329,Saptamī,Punarvasu,,Budhavāra ☿,Śukla
2026-04-22T10:30:26,1.0,quiet,546.6,0.0,none,False,5.542636358768505e-07,0,0,0.206,Saptamī,Punarvasu,,Budhavāra ☿,Śukla
2026-04-22T10:40:30,1.0,quiet,553.3,0.0,none,False,5.496398784998746e-07,1,2.6,0.272,Saptamī,Punarvasu,,Budhavāra ☿,Śukla
2026-04-22T10:50:34,1.0,quiet,528.1,0.0,none,False,5.42412180948304e-07,2,3.2,0.282,Saptamī,Punarvasu,,Budhavāra ☿,Śukla
2026-04-22T11:00:38,1.0,quiet,513.8,0.0,none,False,5.898720019104076e-07,3,3.2,0.281,Saptamī,Punarvasu,,Budhavāra ☿,Śukla
2026-04-22T11:10:41,0.0,quiet,525.8,0.0,none,False,8.99092924555589e-07,2,3.2,0.257,Saptamī,Punarvasu,,Budhavāra ☿,Śukla
2026-04-22T11:20:44,0.0,quiet,524.9,0.0,none,False,0,2,3.2,0.178,Saptamī,Punarvasu,,Budhavāra ☿,Śukla
2026-04-22T11:30:47,0.0,quiet,523.8,0.0,none,False,5.7617836546342e-07,2,3.2,0.249,Saptamī,Punarvasu,,Budhavāra ☿,Śukla
2026-04-22T11:40:51,0.0,quiet,532.1,0.0,none,False,5.929395001658122e-07,1,2.7,0.238,Saptamī,Punarvasu,,Budhavāra ☿,Śukla
2026-04-22T12:20:43,0.0,quiet,528.9,0.0,none,False,6.293508363341971e-07,0,0,0.171,Saptamī,Punarvasu,,Budhavāra ☿,Śukla
2026-04-22T12:30:47,0.0,quiet,528.4,0.0,none,False,6.441504751819593e-07,0,0,0.171,Saptamī,Punarvasu,,Budhavāra ☿,Śukla
2026-04-22T12:37:56,0.0,quiet,541.7,0.0,none,False,6.748842906745267e-07,0,0,0.175,Saptamī,Punarvasu,,Budhavāra ☿,Śukla
2026-04-22T12:47:57,0.0,quiet,556.3,0.0,none,False,7.835892574803438e-07,0,0,0.18,Saptamī,Punarvasu,,Budhavāra ☿,Śukla
2026-04-22T12:57:58,0.0,quiet,546.4,0.0,none,False,7.452786121575627e-07,1,3.5,0.265,Saptamī,Punarvasu,,Budhavāra ☿,Śukla
2026-04-22T13:07:58,0.0,quiet,530.2,0.0,none,False,8.28344923320401e-07,1,3.5,0.264,Saptamī,Punarvasu,,Budhavāra ☿,Śukla
2026-04-22T13:17:59,0.0,quiet,531.3,0.0,C,False,3.7422842069645412e-06,1,3.5,0.29,Saptamī,Punarvasu,,Budhavāra ☿,Śukla
2026-04-22T13:28:00,0.0,quiet,525.4,0.0,C,False,1.9871204131050035e-06,3,4.7,0.308,Saptamī,Punarvasu,,Budhavāra ☿,Śukla
2026-04-22T13:38:01,0.0,quiet,536.8,0.0,C,False,1.0791894737849361e-06,7,4.7,0.299,Saptamī,Punarvasu,,Budhavāra ☿,Śukla
2026-04-22T13:48:02,0.0,quiet,547.7,0.0,none,False,7.215538175842084e-07,8,4.8,0.297,Saptamī,Punarvasu,,Budhavāra ☿,Śukla
2026-04-22T13:58:04,0.0,quiet,526.6,0.0,none,False,6.464811690420902e-07,7,4.8,0.291,Saptamī,Punarvasu,,Budhavāra ☿,Śukla
2026-04-22T14:08:05,0.0,quiet,529.4,0.0,none,False,8.271530873571464e-07,5,4.8,0.296,Saptamī,Punarvasu,,Budhavāra ☿,Śukla
2026-04-22T14:18:06,0.0,quiet,512.9,0.0,none,False,6.488325539066864e-07,5,4.8,0.289,Saptamī,Punarvasu,,Budhavāra ☿,Śukla
2026-04-22T14:28:07,0.0,quiet,511.8,0.0,none,False,6.420393674488878e-07,3,2.7,0.236,Saptamī,Punarvasu,,Budhavāra ☿,Śukla
2026-04-22T14:32:53,0.0,quiet,507.1,0.0,none,False,5.939416496403283e-07,2,2.7,0.234,Saptamī,Punarvasu,,Budhavāra ☿,Śukla
2026-04-22T14:34:08,0.0,quiet,508.5,0.0,none,False,5.939416496403283e-07,2,2.7,0.234,Saptamī,Punarvasu,,Budhavāra ☿,Śukla
2026-04-22T14:37:56,0.0,quiet,528.4,0.0,none,False,5.675965439877473e-07,1,2.5,0.232,Saptamī,Punarvasu,,Budhavāra ☿,Śukla
2026-04-22T14:47:57,0.0,quiet,509.4,0.0,none,False,5.563301783695351e-07,0,0,0.165,Saptamī,Punarvasu,,Budhavāra ☿,Śukla
2026-04-22T14:57:58,0.0,quiet,518.3,0.0,none,False,5.694932951882947e-07,0,0,0.167,Saptamī,Punarvasu,,Budhavāra ☿,Śukla
2026-04-22T15:06:19,0.0,quiet,507.5,0.0,none,False,5.845754458277952e-07,0,0,0.166,Saptamī,Punarvasu,,Budhavāra ☿,Śukla
2026-04-22T15:16:23,1.0,quiet,535.3,0.0,none,False,7.739313900856359e-07,0,0,0.209,Saptamī,Punarvasu,,Budhavāra ☿,Śukla
2026-04-22T15:26:26,1.0,quiet,506.0,0.0,C,False,2.239221430500038e-06,0,0,0.222,Saptamī,Punarvasu,,Budhavāra ☿,Śukla
2026-04-22T15:36:30,1.0,quiet,495.7,0.0,C,False,1.708573449832329e-06,0,0,0.216,Saptamī,Punarvasu,,Budhavāra ☿,Śukla
2026-04-22T15:46:38,1.0,quiet,501.6,0.0,C,False,1.2692644304479472e-06,1,3.1,0.289,Saptamī,Punarvasu,,Budhavāra ☿,Śukla
2026-04-22T15:56:48,1.0,quiet,511.1,0.0,C,False,1.2288451216591056e-06,1,3.1,0.29,Saptamī,Punarvasu,,Budhavāra ☿,Śukla
2026-04-22T16:06:52,1.0,quiet,527.5,0.0,C,False,1.1305273801553994e-06,1,3.1,0.292,Saptamī,Punarvasu,,Budhavāra ☿,Śukla
2026-04-22T16:16:53,1.0,quiet,532.0,0.0,none,False,9.199472401633102e-07,1,3.1,0.289,Saptamī,Punarvasu,,Budhavāra ☿,Śukla
2026-04-22T16:26:54,1.0,quiet,514.7,0.0,none,False,7.998816045073909e-07,1,3.1,0.283,Saptamī,Punarvasu,,Budhavāra ☿,Śukla
2026-04-22T16:36:55,1.0,quiet,525.6,0.0,none,False,7.863545761210844e-07,1,3.1,0.285,Saptamī,Punarvasu,,Budhavāra ☿,Śukla
2026-04-22T16:47:01,2.0,unsettled,512.1,0.0,none,False,7.06135153905052e-07,1,3.1,0.314,Saptamī,Punarvasu,,Budhavāra ☿,Śukla
2026-04-22T16:57:02,1.0,quiet,494.9,0.0,none,False,7.390798941742105e-07,0,0,0.201,Saptamī,Punarvasu,,Budhavāra ☿,Śukla
2026-04-22T17:07:03,0.0,quiet,502.7,0.0,none,False,7.323849331442034e-07,0,0,0.169,Saptamī,Punarvasu,,Budhavāra ☿,Śukla
2026-04-22T17:17:04,0.0,quiet,506.1,0.0,none,False,7.194767022156157e-07,0,0,0.169,Saptamī,Punarvasu,,Budhavāra ☿,Śukla
2026-04-22T17:27:04,0.0,quiet,524.3,0.0,none,False,6.716957727803674e-07,0,0,0.171,Saptamī,Punarvasu,,Budhavāra ☿,Śukla
2026-04-22T17:37:05,0.0,quiet,522.7,0.0,none,False,6.803861083426455e-07,0,0,0.171,Saptamī,Punarvasu,,Budhavāra ☿,Śukla
2026-04-22T17:47:06,0.0,quiet,508.0,0.0,none,False,7.043392997729825e-07,0,0,0.169,Saptamī,Punarvasu,,Budhavāra ☿,Śukla
2026-04-22T17:57:07,0.0,quiet,504.2,0.0,none,False,6.767563149878697e-07,0,0,0.168,Saptamī,Punarvasu,,Budhavāra ☿,Śukla
2026-04-22T18:07:08,0.0,quiet,497.7,0.0,none,False,7.240337822622678e-07,0,0,0.168,Saptamī,Punarvasu,,Budhavāra ☿,Śukla
2026-04-22T18:17:09,0.0,quiet,497.0,0.0,none,False,6.428768415389641e-07,1,2.5,0.228,Saptamī,Punarvasu,,Budhavāra ☿,Śukla
2026-04-22T18:27:10,0.0,quiet,524.0,0.0,none,False,8.068884085332684e-07,2,4.5,0.287,Saptamī,Punarvasu,,Budhavāra ☿,Śukla
2026-04-22T18:37:11,0.0,quiet,505.5,0.0,none,False,9.104730906983605e-07,1,4.5,0.286,Saptamī,Punarvasu,,Budhavāra ☿,Śukla
2026-04-22T18:47:12,0.0,quiet,511.5,0.0,none,False,8.207108521673945e-07,1,4.5,0.285,Saptamī,Punarvasu,,Budhavāra ☿,Śukla
2026-04-22T18:57:16,1.0,quiet,508.7,0.0,none,False,8.166209681803593e-07,1,4.5,0.318,Saptamī,Punarvasu,,Budhavāra ☿,Śukla
2026-04-22T19:07:19,1.0,quiet,523.7,0.0,none,False,7.980221425896161e-07,0,0,0.208,Saptamī,Punarvasu,,Budhavāra ☿,Śukla
2026-04-22T19:17:22,1.0,quiet,517.1,0.0,C,False,3.072468871323508e-06,0,0,0.23,Saptamī,Punarvasu,,Budhavāra ☿,Śukla
2026-04-22T19:27:26,0.0,quiet,503.9,0.0,C,False,2.1214925709500676e-06,0,0,0.188,Saptamī,Punarvasu,,Budhavāra ☿,Śukla
2026-04-22T19:37:29,1.0,quiet,520.3,0.0,C,False,1.5260380905601778e-06,0,0,0.218,Saptamī,Punarvasu,,Budhavāra ☿,Śukla
2026-04-22T19:47:33,3.0,unsettled,500.9,0.0,C,False,1.2870777936768718e-06,0,0,0.278,Saptamī,Punarvasu,,Budhavāra ☿,Śukla
2026-04-22T19:57:36,2.0,unsettled,512.4,0.0,C,False,1.1169131539645605e-06,0,0,0.245,Saptamī,Punarvasu,,Budhavāra ☿,Śukla
2026-04-22T20:07:38,0.0,quiet,540.5,0.0,C,False,1.0061484090329031e-06,0,0,0.181,Saptamī,Punarvasu,,Budhavāra ☿,Śukla
2026-04-22T20:17:41,0.0,quiet,522.8,0.0,none,False,9.884593055176083e-07,0,0,0.178,Saptamī,Punarvasu,,Budhavāra ☿,Śukla
2026-04-22T20:27:44,0.0,quiet,511.4,0.0,C,False,1.0608799811961944e-06,0,0,0.177,Saptamī,Punarvasu,,Budhavāra ☿,Śukla
2026-04-22T20:37:49,1.0,quiet,524.1,0.0,C,False,1.0214497478955309e-06,2,4.9,0.334,Saptamī,Punarvasu,,Budhavāra ☿,Śukla
2026-04-22T20:47:52,1.0,quiet,523.1,0.0,none,False,9.244049010703748e-07,1,4.9,0.333,Saptamī,Punarvasu,,Budhavāra ☿,Śukla
2026-04-22T20:57:53,1.0,quiet,523.4,0.0,none,False,9.784229177967063e-07,1,4.9,0.334,Saptamī,Punarvasu,,Budhavāra ☿,Śukla
2026-04-22T21:07:54,1.0,quiet,524.3,0.0,C,False,1.1407735200918978e-06,1,4.9,0.336,Saptamī,Punarvasu,,Budhavāra ☿,Śukla
2026-04-22T21:17:55,1.0,quiet,521.7,0.0,C,False,3.517174263834022e-06,0,0,0.233,Saptamī,Punarvasu,,Budhavāra ☿,Śukla
2026-04-22T21:27:56,1.0,quiet,523.8,0.0,C,False,3.265573695898638e-06,0,0,0.232,Saptamī,Punarvasu,,Budhavāra ☿,Śukla
2026-04-22T21:37:57,2.0,unsettled,507.7,0.0,C,False,2.692927409952972e-06,0,0,0.259,Saptamī,Punarvasu,,Budhavāra ☿,Śukla
2026-04-22T21:47:58,2.0,unsettled,526.9,0.0,C,False,2.83232361653063e-06,0,0,0.264,Saptamī,Punarvasu,,Budhavāra ☿,Śukla
2026-04-22T21:57:59,2.0,unsettled,527.9,0.0,C,False,2.164630132028833e-06,0,0,0.259,Saptamī,Punarvasu,,Budhavāra ☿,Śukla
2026-04-22T22:08:00,2.0,unsettled,522.8,0.0,C,False,1.5803624364707503e-06,0,0,0.253,Saptamī,Punarvasu,,Budhavāra ☿,Śukla
2026-04-22T22:18:01,2.0,unsettled,0.0,0.0,C,False,1.3008994983465527e-06,1,4.9,0.274,Saptamī,Punarvasu,,Budhavāra ☿,Śukla
2026-04-22T22:28:03,2.0,unsettled,503.3,0.0,C,False,1.897990955512796e-06,1,4.9,0.375,Saptamī,Punarvasu,,Budhavāra ☿,Śukla
2026-04-22T22:38:04,2.0,unsettled,504.2,0.0,C,False,1.432327167094627e-06,1,4.9,0.37,Saptamī,Punarvasu,,Budhavāra ☿,Śukla
2026-04-22T22:48:05,2.0,unsettled,514.9,0.0,C,False,1.1327227866786416e-06,0,0,0.245,Saptamī,Punarvasu,,Budhavāra ☿,Śukla
2026-04-22T22:58:06,2.0,unsettled,530.2,0.0,C,False,1.0743407301561092e-06,0,0,0.247,Saptamī,Punarvasu,,Budhavāra ☿,Śukla
2026-04-22T23:08:07,2.0,unsettled,536.1,0.0,none,False,9.58631289904588e-07,0,0,0.246,Saptamī,Punarvasu,,Budhavāra ☿,Śukla
2026-04-22T23:18:08,0.0,quiet,512.5,0.0,none,False,9.290968137065647e-07,0,0,0.175,Saptamī,Punarvasu,,Budhavāra ☿,Śukla
2026-04-22T23:28:08,1.0,quiet,510.7,0.0,none,False,8.429948934463027e-07,0,0,0.206,Saptamī,Punarvasu,,Budhavāra ☿,Śukla
2026-04-22T23:38:09,0.0,quiet,501.5,0.0,none,False,8.211548561121162e-07,0,0,0.171,Saptamī,Punarvasu,,Budhavāra ☿,Śukla
2026-04-22T23:48:10,1.0,quiet,533.0,0.0,none,False,8.537962230548146e-07,1,3.0,0.286,Saptamī,Punarvasu,,Budhavāra ☿,Śukla
2026-04-22T23:58:11,0.0,quiet,537.9,0.0,none,False,8.348064852725656e-07,1,3.0,0.253,Saptamī,Punarvasu,,Budhavāra ☿,Śukla
2026-04-23T00:08:14,3.0,unsettled,527.4,0.0,none,False,8.55747714467725e-07,1,3.0,0.351,Saptamī,Punarvasu,,Guruvāra ♃,Śukla
2026-04-23T00:18:16,3.0,unsettled,524.3,0.0,none,False,9.436898835701868e-07,1,3.0,0.352,Saptamī,Punarvasu,,Guruvāra ♃,Śukla
2026-04-23T00:28:20,3.0,unsettled,498.6,0.0,none,False,8.997770919449977e-07,2,3.5,0.359,Saptamī,Punarvasu,,Guruvāra ♃,Śukla
2026-04-23T00:38:23,3.0,unsettled,507.8,0.0,M,True,1.650170270295348e-05,1,3.5,0.411,Saptamī,Punarvasu,,Guruvāra ♃,Śukla
2026-04-23T00:48:26,3.0,unsettled,523.7,0.0,M,True,1.1903678569069598e-05,0,0,0.321,Saptamī,Punarvasu,,Guruvāra ♃,Śukla
2026-04-23T00:58:36,3.0,unsettled,515.9,0.0,M,True,1.0646237569744699e-05,0,0,0.318,Saptamī,Punarvasu,,Guruvāra ♃,Śukla
2026-04-23T01:08:40,3.0,unsettled,522.2,0.0,M,True,1.0949269380944315e-05,0,0,0.319,Saptamī,Punarvasu,,Guruvāra ♃,Śukla
2026-04-23T01:18:44,3.0,unsettled,491.8,0.0,C,False,7.651634405192453e-06,0,0,0.308,Saptamī,Punarvasu,,Guruvāra ♃,Śukla
2026-04-23T01:28:48,3.0,unsettled,503.6,0.0,C,False,5.99288932789932e-06,0,0,0.306,Saptamī,Punarvasu,,Guruvāra ♃,Śukla
2026-04-23T01:38:53,3.0,unsettled,511.5,0.0,C,False,3.897261649399297e-06,0,0,0.3,Saptamī,Punarvasu,,Guruvāra ♃,Śukla
2026-04-23T01:48:54,3.0,unsettled,522.3,0.0,C,False,2.9844657092326088e-06,0,0,0.297,Saptamī,Punarvasu,,Guruvāra ♃,Śukla
2026-04-23T01:58:55,3.0,unsettled,508.9,0.0,C,False,2.2897113467479357e-06,0,0,0.29,Saptamī,Punarvasu,,Guruvāra ♃,Śukla
2026-04-23T02:08:56,0.0,quiet,507.5,0.0,C,False,2.0427976323844632e-06,0,0,0.188,Saptamī,Punarvasu,,Guruvāra ♃,Śukla
2026-04-23T02:18:57,0.0,quiet,497.2,0.0,C,False,1.7739172335495823e-06,1,5.0,0.308,Saptamī,Punarvasu,,Guruvāra ♃,Śukla
2026-04-23T02:28:59,0.0,quiet,500.8,0.0,C,False,1.9035092009289656e-06,1,5.0,0.31,Saptamī,Punarvasu,,Guruvāra ♃,Śukla
2026-04-23T02:39:01,0.0,quiet,526.7,0.0,C,False,2.005390797421569e-06,0,0,0.191,Saptamī,Punarvasu,,Guruvāra ♃,Śukla
2026-04-23T02:49:01,0.0,quiet,509.0,0.0,C,False,2.424566901026992e-06,0,0,0.191,Saptamī,Punarvasu,,Guruvāra ♃,Śukla
2026-04-23T02:59:02,1.0,quiet,492.8,0.0,C,False,3.1765121093485504e-06,1,5.2,0.356,Aṣṭamī,Puṣya,,Guruvāra ♃,Śukla
2026-04-23T03:09:04,1.0,quiet,488.2,0.0,C,False,3.1697463782620616e-06,1,5.2,0.355,Aṣṭamī,Puṣya,,Guruvāra ♃,Śukla
2026-04-23T03:19:04,2.0,unsettled,501.0,0.0,C,False,2.821937187036383e-06,2,5.2,0.389,Aṣṭamī,Puṣya,,Guruvāra ♃,Śukla
2026-04-23T03:29:05,1.0,quiet,495.7,0.0,C,False,2.622305601107655e-06,2,5.2,0.353,Aṣṭamī,Puṣya,,Guruvāra ♃,Śukla
2026-04-23T03:39:07,0.0,quiet,517.0,0.0,C,False,2.3553334358439315e-06,1,4.2,0.297,Aṣṭamī,Puṣya,,Guruvāra ♃,Śukla
2026-04-23T03:49:08,1.0,quiet,497.3,0.0,C,False,2.4838996068865526e-06,1,4.2,0.327,Aṣṭamī,Puṣya,,Guruvāra ♃,Śukla
2026-04-23T03:59:09,1.0,quiet,498.6,0.0,C,False,3.88261696571135e-06,1,4.2,0.335,Aṣṭamī,Puṣya,,Guruvāra ♃,Śukla
2026-04-23T04:09:10,1.0,quiet,499.8,0.0,C,False,3.992152869614074e-06,1,4.2,0.336,Aṣṭamī,Puṣya,,Guruvāra ♃,Śukla
2026-04-23T04:19:11,1.0,quiet,506.5,0.0,C,False,5.276976025925251e-06,0,0,0.237,Aṣṭamī,Puṣya,,Guruvāra ♃,Śukla
2026-04-23T04:29:15,2.0,unsettled,495.9,0.0,C,False,3.241408649046207e-06,1,2.6,0.325,Aṣṭamī,Puṣya,,Guruvāra ♃,Śukla
2026-04-23T04:39:18,2.0,unsettled,504.4,0.0,none,False,0,1,2.6,0.226,Aṣṭamī,Puṣya,,Guruvāra ♃,Śukla
2026-04-23T04:49:21,2.0,unsettled,492.7,0.0,M,True,3.0848648748360574e-05,1,2.6,0.364,Aṣṭamī,Puṣya,,Guruvāra ♃,Śukla
2026-04-23T04:59:24,2.0,unsettled,495.5,0.0,M,True,1.15749553515343e-05,1,2.6,0.347,Aṣṭamī,Puṣya,,Guruvāra ♃,Śukla
2026-04-23T05:09:27,0.0,quiet,508.6,0.0,C,False,2.6403995434520766e-06,1,2.6,0.257,Aṣṭamī,Puṣya,,Guruvāra ♃,Śukla
2026-04-23T05:19:31,0.0,quiet,498.4,0.0,C,False,1.4892294757373747e-06,1,2.6,0.245,Aṣṭamī,Puṣya,,Guruvāra ♃,Śukla
2026-04-23T05:29:34,0.0,quiet,513.8,0.0,C,False,1.1681152045639465e-06,0,0,0.179,Aṣṭamī,Puṣya,,Guruvāra ♃,Śukla
2026-04-23T05:39:39,0.0,quiet,500.4,0.0,C,False,1.3430144463200122e-06,0,0,0.179,Aṣṭamī,Puṣya,,Guruvāra ♃,Śukla
2026-04-23T05:49:42,0.0,quiet,514.4,0.0,C,False,1.7500060494057834e-06,1,3.0,0.261,Aṣṭamī,Puṣya,,Guruvāra ♃,Śukla
2026-04-23T05:59:46,0.0,quiet,490.0,0.0,C,False,2.0749587292812066e-06,1,3.0,0.26,Aṣṭamī,Puṣya,,Guruvāra ♃,Śukla
2026-04-23T06:09:52,0.0,quiet,489.6,0.0,C,False,1.5137306945689488e-06,1,3.0,0.254,Aṣṭamī,Puṣya,,Guruvāra ♃,Śukla
2026-04-23T06:19:53,0.0,quiet,490.6,0.0,C,False,1.287876898459217e-06,1,3.0,0.251,Aṣṭamī,Puṣya,,Guruvāra ♃,Śukla
2026-04-23T06:29:54,0.0,quiet,504.3,0.0,C,False,1.1709694263117854e-06,2,5.2,0.307,Aṣṭamī,Puṣya,,Guruvāra ♃,Śukla
2026-04-23T06:39:55,0.0,quiet,479.6,0.0,C,False,1.1161107522639213e-06,2,5.2,0.302,Aṣṭamī,Puṣya,,Guruvāra ♃,Śukla
2026-04-23T06:49:56,0.0,quiet,492.3,0.0,C,False,1.0925480182777392e-06,1,5.2,0.304,Aṣṭamī,Puṣya,,Guruvāra ♃,Śukla
2026-04-23T06:59:57,0.0,quiet,490.6,0.0,C,False,1.0020595482274075e-06,1,5.2,0.302,Aṣṭamī,Puṣya,,Guruvāra ♃,Śukla
2026-04-23T07:09:58,0.0,quiet,473.7,0.0,none,False,9.837261814027443e-07,0,0,0.169,Aṣṭamī,Puṣya,,Guruvāra ♃,Śukla
2026-04-23T07:19:59,0.0,quiet,512.4,0.0,none,False,9.71471536104218e-07,0,0,0.176,Aṣṭamī,Puṣya,,Guruvāra ♃,Śukla
2026-04-23T07:30:00,0.0,quiet,506.3,0.0,C,False,1.0155497420782922e-06,0,0,0.175,Aṣṭamī,Puṣya,,Guruvāra ♃,Śukla
2026-04-23T07:40:02,1.0,quiet,501.9,0.0,C,False,1.1103828683189931e-06,0,0,0.209,Aṣṭamī,Puṣya,,Guruvāra ♃,Śukla
2026-04-23T07:50:02,1.0,quiet,490.3,0.0,none,False,9.060898378265847e-07,0,0,0.204,Aṣṭamī,Puṣya,,Guruvāra ♃,Śukla
2026-04-23T08:00:03,1.0,quiet,497.4,0.0,C,False,1.1293509487586562e-06,0,0,0.209,Aṣṭamī,Puṣya,,Guruvāra ♃,Śukla
2026-04-23T08:10:04,0.0,quiet,501.1,0.0,C,False,1.0915043731074547e-06,1,2.6,0.24,Aṣṭamī,Puṣya,,Guruvāra ♃,Śukla
2026-04-23T08:20:06,0.0,quiet,480.5,0.0,none,False,0,1,2.6,0.155,Aṣṭamī,Puṣya,,Guruvāra ♃,Śukla
2026-04-23T08:30:07,0.0,quiet,486.0,0.0,C,False,1.0170540463150246e-06,2,3.3,0.254,Aṣṭamī,Puṣya,,Guruvāra ♃,Śukla
2026-04-23T08:40:08,0.0,quiet,486.8,0.0,C,False,1.2003495157841826e-06,2,3.3,0.257,Aṣṭamī,Puṣya,,Guruvāra ♃,Śukla
2026-04-23T08:50:09,0.0,quiet,477.7,0.0,C,False,1.3264379958854988e-06,2,3.3,0.257,Aṣṭamī,Puṣya,,Guruvāra ♃,Śukla
2026-04-23T09:00:09,0.0,quiet,496.1,0.0,C,False,1.5633315797458636e-06,2,3.3,0.263,Aṣṭamī,Puṣya,,Guruvāra ♃,Śukla
2026-04-23T09:10:11,0.0,quiet,497.6,0.0,C,False,1.5018080148365698e-06,2,3.3,0.263,Aṣṭamī,Puṣya,,Guruvāra ♃,Śukla
2026-04-23T09:20:12,0.0,quiet,494.5,0.0,C,False,1.2070585171386483e-06,2,3.3,0.258,Aṣṭamī,Puṣya,,Guruvāra ♃,Śukla
2026-04-23T09:30:16,0.0,quiet,504.4,0.0,C,False,1.370452082483098e-06,1,2.7,0.248,Aṣṭamī,Puṣya,,Guruvāra ♃,Śukla
2026-04-23T09:40:20,0.0,quiet,498.2,0.0,C,False,1.1937577255594078e-06,2,2.7,0.244,Aṣṭamī,Puṣya,,Guruvāra ♃,Śukla
2026-04-23T09:50:24,0.0,quiet,506.0,0.0,C,False,1.1740698937501293e-06,2,2.7,0.245,Aṣṭamī,Puṣya,,Guruvāra ♃,Śukla
2026-04-23T10:00:30,0.0,quiet,493.1,0.0,M,True,1.415651695424458e-05,2,2.7,0.286,Aṣṭamī,Puṣya,,Guruvāra ♃,Śukla
2026-04-23T10:10:35,0.0,quiet,496.1,0.0,M,True,1.2136752047808841e-05,1,2.7,0.284,Aṣṭamī,Puṣya,,Guruvāra ♃,Śukla
2026-04-23T10:20:37,0.0,quiet,499.9,0.0,C,False,4.871516011917265e-06,1,2.7,0.269,Aṣṭamī,Puṣya,,Guruvāra ♃,Śukla
2026-04-23T10:30:48,1.0,quiet,501.1,0.0,C,False,2.0944969492120435e-06,2,4.8,0.34,Aṣṭamī,Puṣya,,Guruvāra ♃,Śukla
2026-04-23T10:40:54,1.0,quiet,485.4,0.0,C,False,1.184636857942678e-06,1,4.8,0.327,Aṣṭamī,Puṣya,,Guruvāra ♃,Śukla
2026-04-23T10:50:56,1.0,quiet,500.5,0.0,none,False,9.917004035742139e-07,1,4.8,0.327,Aṣṭamī,Puṣya,,Guruvāra ♃,Śukla
2026-04-23T11:00:57,1.0,quiet,494.0,0.0,none,False,9.176453090731229e-07,1,4.8,0.324,Aṣṭamī,Puṣya,,Guruvāra ♃,Śukla
2026-04-23T11:10:58,0.0,quiet,484.8,0.0,none,False,0,0,0,0.091,Aṣṭamī,Puṣya,,Guruvāra ♃,Śukla
                                                                                                                          2026-05-01T10:12:25,0,unknown,0,0,none,False,0,0,0,0.0,Pratipadā,Viśākhā,,Śukravāra ♀,Kṛṣṇa
2026-05-01T10:22:27,1.0,quiet,407.7,0.0,C,False,1.0160380270463065e-06,1,2.9,0.263,Pratipadā,Viśākhā,,Śukravāra ♀,Kṛṣṇa
2026-05-01T10:32:32,1.0,quiet,377.1,0.0,none,False,9.367798270432104e-07,1,2.9,0.255,Pratipadā,Viśākhā,,Śukravāra ♀,Kṛṣṇa
2026-05-01T10:42:35,1.0,quiet,376.8,0.0,none,False,9.562504601490218e-07,0,0,0.183,Pratipadā,Viśākhā,,Śukravāra ♀,Kṛṣṇa
2026-05-01T10:52:39,1.0,quiet,377.9,0.0,none,False,9.587671456756652e-07,0,0,0.183,Pratipadā,Viśākhā,,Śukravāra ♀,Kṛṣṇa
2026-05-01T11:02:43,1.0,quiet,394.4,0.0,none,False,9.642941449783393e-07,0,0,0.187,Pratipadā,Viśākhā,,Śukravāra ♀,Kṛṣṇa
2026-05-01T11:12:46,0.0,quiet,399.2,0.0,none,False,9.474251783103682e-07,0,0,0.154,Pratipadā,Viśākhā,,Śukravāra ♀,Kṛṣṇa
2026-05-01T11:22:49,0.0,quiet,508.6,0.0,none,False,9.62269496085355e-07,0,0,0.175,Pratipadā,Viśākhā,,Śukravāra ♀,Kṛṣṇa
2026-05-01T11:32:53,0.0,quiet,367.2,0.0,C,False,7.465610451617977e-06,1,3.2,0.264,Pratipadā,Viśākhā,,Śukravāra ♀,Kṛṣṇa
2026-05-01T11:42:56,1.0,quiet,366.3,0.0,C,False,1.181822312901204e-06,1,3.2,0.265,Pratipadā,Viśākhā,,Śukravāra ♀,Kṛṣṇa
2026-05-01T11:52:01,1.0,quiet,378.6,0.0,none,False,0,1,3.2,0.184,Pratipadā,Viśākhā,,Śukravāra ♀,Kṛṣṇa
2026-05-01T12:02:02,1.0,quiet,401.9,0.0,C,False,1.030575390359445e-06,0,0,0.189,Pratipadā,Viśākhā,,Śukravāra ♀,Kṛṣṇa
2026-05-01T12:12:08,1.0,quiet,390.7,0.0,C,False,1.0396166771897697e-06,0,0,0.187,Pratipadā,Viśākhā,,Śukravāra ♀,Kṛṣṇa
2026-05-01T12:22:49,0,unknown,0,0,none,False,0,0,0,0.0,Pratipadā,Viśākhā,,Śukravāra ♀,Kṛṣṇa
2026-05-01T12:32:53,1.0,quiet,512.6,0.0,none,False,9.952192385753733e-07,2,3.2,0.289,Pratipadā,Viśākhā,,Śukravāra ♀,Kṛṣṇa
2026-05-01T12:42:56,1.0,quiet,392.7,0.0,none,False,9.84449116003816e-07,2,3.5,0.274,Pratipadā,Viśākhā,,Śukravāra ♀,Kṛṣṇa
2026-05-01T12:52:59,1.0,quiet,535.7,0.0,none,False,9.536573202240106e-07,2,3.5,0.3,Pratipadā,Viśākhā,,Śukravāra ♀,Kṛṣṇa
2026-05-01T13:03:03,1.0,quiet,442.8,0.0,C,False,1.0688543170545017e-06,1,2.6,0.263,Pratipadā,Viśākhā,,Śukravāra ♀,Kṛṣṇa
2026-05-01T13:13:03,2.0,unsettled,526.0,0.0,none,False,9.712133532957523e-07,1,2.6,0.31,Pratipadā,Viśākhā,,Śukravāra ♀,Kṛṣṇa
2026-05-01T13:23:04,2.0,unsettled,386.4,0.0,none,False,9.092336199501005e-07,1,4.4,0.327,Pratipadā,Viśākhā,,Śukravāra ♀,Kṛṣṇa
2026-05-01T13:33:05,2.0,unsettled,515.5,0.0,none,False,9.096880830838927e-07,0,0,0.242,Pratipadā,Viśākhā,,Śukravāra ♀,Kṛṣṇa
2026-05-01T13:43:06,2.0,unsettled,389.1,0.0,none,False,9.230979003405082e-07,1,2.6,0.283,Pratipadā,Viśākhā,,Śukravāra ♀,Kṛṣṇa
2026-05-01T13:53:08,1.0,quiet,401.9,0.0,none,False,9.723527227833983e-07,2,4.8,0.308,Pratipadā,Viśākhā,,Śukravāra ♀,Kṛṣṇa
2026-05-01T14:03:09,0.0,quiet,403.7,0.0,none,False,9.629338819650002e-07,2,4.8,0.275,Pratipadā,Viśākhā,,Śukravāra ♀,Kṛṣṇa
2026-05-01T14:13:10,0.0,quiet,404.7,0.0,none,False,9.145347803496406e-07,3,4.8,0.274,Pratipadā,Viśākhā,,Śukravāra ♀,Kṛṣṇa
2026-05-01T14:23:11,0.0,quiet,443.0,0.0,C,False,1.2215211881994037e-06,2,3.3,0.249,Pratipadā,Viśākhā,,Śukravāra ♀,Kṛṣṇa
2026-05-01T14:33:12,1.0,quiet,394.9,0.0,C,False,1.05016010820691e-06,1,3.3,0.271,Pratipadā,Viśākhā,,Śukravāra ♀,Kṛṣṇa
2026-05-01T14:43:13,1.0,quiet,434.7,0.0,none,False,9.396104019288032e-07,1,3.3,0.276,Pratipadā,Viśākhā,,Śukravāra ♀,Kṛṣṇa
2026-05-01T14:53:15,1.0,quiet,470.1,0.0,none,False,9.205947435475537e-07,1,3.3,0.283,Pratipadā,Viśākhā,,Śukravāra ♀,Kṛṣṇa
2026-05-01T15:03:16,1.0,quiet,498.4,0.0,none,False,8.799250963420491e-07,0,0,0.205,Pratipadā,Viśākhā,,Śukravāra ♀,Kṛṣṇa
2026-05-01T15:13:17,1.0,quiet,484.3,0.0,none,False,8.697629141352081e-07,2,4.8,0.322,Pratipadā,Viśākhā,,Śukravāra ♀,Kṛṣṇa
2026-05-01T15:23:57,0,unknown,0,0,none,False,0,0,0,0.0,Pratipadā,Viśākhā,,Śukravāra ♀,Kṛṣṇa
2026-05-01T15:33:59,2.0,unsettled,457.1,0.0,none,False,0,2,4.8,0.272,Pratipadā,Viśākhā,,Śukravāra ♀,Kṛṣṇa
2026-05-01T15:44:02,3.0,unsettled,481.1,0.0,none,False,9.316290174865571e-07,2,4.8,0.389,Pratipadā,Viśākhā,,Śukravāra ♀,Kṛṣṇa
2026-05-01T15:54:06,3.0,unsettled,440.0,0.0,none,False,9.734662853588816e-07,1,3.0,0.337,Pratipadā,Viśākhā,,Śukravāra ♀,Kṛṣṇa
2026-05-01T16:04:11,2.0,unsettled,505.6,0.0,none,False,8.928786883188877e-07,1,3.0,0.314,Pratipadā,Viśākhā,,Śukravāra ♀,Kṛṣṇa
2026-05-01T16:14:14,3.0,unsettled,465.8,0.0,none,False,9.84672510639939e-07,0,0,0.267,Pratipadā,Viśākhā,,Śukravāra ♀,Kṛṣṇa
2026-05-01T16:24:18,3.0,unsettled,486.1,0.0,none,False,9.196303949465801e-07,0,0,0.27,Pratipadā,Viśākhā,,Śukravāra ♀,Kṛṣṇa
2026-05-01T16:34:23,2.0,unsettled,504.2,0.0,C,False,1.09534425973834e-06,0,0,0.243,Pratipadā,Viśākhā,,Śukravāra ♀,Kṛṣṇa
2026-05-01T16:44:26,2.0,unsettled,420.0,0.0,none,False,9.97847678263497e-07,0,0,0.225,Pratipadā,Viśākhā,,Śukravāra ♀,Kṛṣṇa
2026-05-01T16:54:30,2.0,unsettled,504.5,0.0,none,False,9.061306514013268e-07,0,0,0.24,Pratipadā,Viśākhā,,Śukravāra ♀,Kṛṣṇa
2026-05-01T17:04:34,0.0,quiet,500.2,0.0,C,False,1.0027755479313782e-06,0,0,0.174,Pratipadā,Viśākhā,,Śukravāra ♀,Kṛṣṇa
2026-05-01T17:14:38,0.0,quiet,492.1,0.0,C,False,1.133894215854525e-06,0,0,0.174,Pratipadā,Viśākhā,,Śukravāra ♀,Kṛṣṇa
2026-05-01T17:24:42,1.0,quiet,505.6,0.0,C,False,1.2100490494049154e-06,0,0,0.211,Pratipadā,Viśākhā,,Śukravāra ♀,Kṛṣṇa
2026-05-01T17:34:44,0.0,quiet,466.5,0.0,C,False,1.1585387937884661e-06,0,0,0.17,Pratipadā,Viśākhā,,Śukravāra ♀,Kṛṣṇa
2026-05-01T17:44:45,0.0,quiet,481.9,0.0,C,False,1.0731481552284095e-06,0,0,0.172,Pratipadā,Viśākhā,,Śukravāra ♀,Kṛṣṇa
2026-05-01T17:54:46,0.0,quiet,482.8,0.0,C,False,1.0594019386189757e-06,1,4.2,0.277,Pratipadā,Viśākhā,,Śukravāra ♀,Kṛṣṇa
2026-05-01T18:04:47,1.0,quiet,477.2,0.0,none,False,9.050327207660303e-07,1,4.2,0.306,Pratipadā,Viśākhā,,Śukravāra ♀,Kṛṣṇa
2026-05-01T18:14:47,1.0,quiet,451.5,0.0,none,False,9.92495870377752e-07,0,0,0.198,Pratipadā,Viśākhā,,Śukravāra ♀,Kṛṣṇa
2026-05-01T18:24:48,1.0,quiet,467.0,0.0,none,False,9.770818678589421e-07,0,0,0.2,Pratipadā,Viśākhā,,Śukravāra ♀,Kṛṣṇa
2026-05-01T18:34:50,1.0,quiet,487.6,0.0,none,False,9.855752978182863e-07,0,0,0.205,Pratipadā,Viśākhā,,Śukravāra ♀,Kṛṣṇa
2026-05-01T18:44:51,1.0,quiet,508.1,0.0,C,False,1.1137738056277158e-06,0,0,0.21,Pratipadā,Viśākhā,,Śukravāra ♀,Kṛṣṇa
2026-05-01T18:54:52,1.0,quiet,491.2,0.0,C,False,1.0240170240649604e-06,0,0,0.206,Pratipadā,Viśākhā,,Śukravāra ♀,Kṛṣṇa
2026-05-01T19:04:53,1.0,quiet,0.0,0.0,C,False,1.0010286359829479e-06,0,0,0.113,Pratipadā,Viśākhā,,Śukravāra ♀,Kṛṣṇa
2026-05-01T19:14:54,1.0,quiet,445.0,0.0,none,False,9.517080457044358e-07,0,0,0.196,Pratipadā,Viśākhā,,Śukravāra ♀,Kṛṣṇa
2026-05-01T19:24:55,1.0,quiet,478.5,0.0,C,False,1.1014922165486496e-06,0,0,0.205,Pratipadā,Viśākhā,,Śukravāra ♀,Kṛṣṇa
2026-05-01T19:34:56,1.0,quiet,494.8,0.0,C,False,2.5026990897458745e-06,1,2.7,0.29,Pratipadā,Viśākhā,,Śukravāra ♀,Kṛṣṇa
2026-05-01T19:44:57,1.0,quiet,482.3,0.0,C,False,1.5025163975224132e-06,1,2.7,0.278,Pratipadā,Viśākhā,,Śukravāra ♀,Kṛṣṇa
2026-05-01T19:54:58,1.0,quiet,468.1,0.0,C,False,1.1452904118414153e-06,1,2.7,0.271,Pratipadā,Viśākhā,,Śukravāra ♀,Kṛṣṇa
2026-05-01T20:04:59,0.0,quiet,476.6,0.0,C,False,1.1655839671220747e-06,1,2.7,0.24,Pratipadā,Viśākhā,,Śukravāra ♀,Kṛṣṇa
2026-05-01T20:15:00,0.0,quiet,483.2,0.0,C,False,1.0584749361441936e-06,2,3.0,0.247,Pratipadā,Viśākhā,,Śukravāra ♀,Kṛṣṇa
2026-05-01T20:25:01,0.0,quiet,477.7,0.0,none,False,9.666460982771241e-07,2,3.0,0.244,Pratipadā,Viśākhā,,Śukravāra ♀,Kṛṣṇa
2026-05-01T20:35:02,0.0,quiet,467.3,0.0,none,False,9.623428240956855e-07,1,3.0,0.242,Pratipadā,Viśākhā,,Śukravāra ♀,Kṛṣṇa
2026-05-01T20:45:03,1.0,quiet,483.0,0.0,none,False,9.698006806502235e-07,1,3.0,0.278,Pratipadā,Viśākhā,,Śukravāra ♀,Kṛṣṇa
2026-05-01T20:55:05,1.0,quiet,499.0,0.0,none,False,9.924410733219702e-07,1,3.0,0.282,Pratipadā,Viśākhā,,Śukravāra ♀,Kṛṣṇa
2026-05-01T21:05:08,0,unknown,491.9,0.0,none,False,9.542661700834287e-07,1,3.0,0.246,Pratipadā,Viśākhā,,Śukravāra ♀,Kṛṣṇa
2026-05-01T21:15:12,2.0,unsettled,506.0,0.0,none,False,9.255473401026393e-07,0,0,0.24,Pratipadā,Viśākhā,,Śukravāra ♀,Kṛṣṇa
2026-05-01T21:25:16,2.0,unsettled,503.8,0.0,C,False,1.1828702781713218e-06,0,0,0.244,Pratipadā,Viśākhā,,Śukravāra ♀,Kṛṣṇa
2026-05-01T21:35:20,2.0,unsettled,513.5,0.0,none,False,9.607729225535877e-07,0,0,0.242,Pratipadā,Viśākhā,,Śukravāra ♀,Kṛṣṇa
2026-05-01T21:45:23,2.0,unsettled,491.0,0.0,none,False,9.524632105240016e-07,0,0,0.238,Pratipadā,Viśākhā,,Śukravāra ♀,Kṛṣṇa
2026-05-01T21:55:29,2.0,unsettled,492.2,0.0,C,False,1.0944747828034451e-06,1,3.8,0.336,Pratipadā,Viśākhā,,Śukravāra ♀,Kṛṣṇa
2026-05-01T22:05:34,2.0,unsettled,526.5,0.0,C,False,1.096063442673767e-06,2,4.4,0.357,Pratipadā,Viśākhā,,Śukravāra ♀,Kṛṣṇa
2026-05-01T22:15:38,2.0,unsettled,518.1,0.0,C,False,1.0335930937799276e-06,2,4.4,0.354,Pratipadā,Viśākhā,,Śukravāra ♀,Kṛṣṇa
2026-05-01T22:25:42,2.0,unsettled,485.9,0.0,C,False,1.0278164381816168e-06,1,5.1,0.366,Pratipadā,Viśākhā,,Śukravāra ♀,Kṛṣṇa
2026-05-01T22:35:44,2.0,unsettled,472.4,0.0,C,False,1.096126311495027e-06,1,5.1,0.364,Pratipadā,Viśākhā,,Śukravāra ♀,Kṛṣṇa
2026-05-01T22:45:45,2.0,unsettled,487.7,0.0,C,False,2.4013554593693698e-06,1,5.1,0.381,Pratipadā,Viśākhā,,Śukravāra ♀,Kṛṣṇa
2026-05-01T22:55:46,2.0,unsettled,482.9,0.0,C,False,2.0105819658056134e-06,4,5.1,0.377,Pratipadā,Viśākhā,,Śukravāra ♀,Kṛṣṇa
2026-05-01T23:05:48,0.0,quiet,535.8,0.0,C,False,1.5613946970916004e-06,3,5.1,0.316,Pratipadā,Viśākhā,,Śukravāra ♀,Kṛṣṇa
2026-05-01T23:15:49,0.0,quiet,505.7,0.0,C,False,2.040168510575313e-06,1,3.0,0.262,Pratipadā,Viśākhā,,Śukravāra ♀,Kṛṣṇa
2026-05-01T23:25:50,0.0,quiet,505.5,0.0,C,False,1.2101646689188783e-06,1,3.0,0.253,Pratipadā,Viśākhā,,Śukravāra ♀,Kṛṣṇa
2026-05-01T23:35:51,0.0,quiet,484.5,0.0,C,False,1.1714088259395794e-06,1,3.0,0.249,Pratipadā,Viśākhā,,Śukravāra ♀,Kṛṣṇa
2026-05-01T23:45:55,1.0,quiet,481.2,0.0,C,False,1.1364028296156903e-06,1,3.0,0.281,Pratipadā,Viśākhā,,Śukravāra ♀,Kṛṣṇa
2026-05-01T23:55:56,1.0,quiet,461.6,0.0,C,False,1.0457616781422985e-06,0,0,0.201,Pratipadā,Viśākhā,,Śukravāra ♀,Kṛṣṇa
2026-05-02T00:05:57,1.0,quiet,492.5,0.0,C,False,1.0157840506508364e-06,0,0,0.206,Pratipadā,Viśākhā,,Śanivāra ♄,Kṛṣṇa
2026-05-02T00:15:58,1.0,quiet,490.0,0.0,none,False,9.290192224398197e-07,0,0,0.204,Pratipadā,Viśākhā,,Śanivāra ♄,Kṛṣṇa
2026-05-02T00:25:59,1.0,quiet,448.1,0.0,none,False,9.077491540665505e-07,1,2.9,0.268,Pratipadā,Viśākhā,,Śanivāra ♄,Kṛṣṇa
2026-05-02T00:36:00,1.0,quiet,486.8,0.0,C,False,1.023837057800847e-06,1,2.9,0.278,Pratipadā,Viśākhā,,Śanivāra ♄,Kṛṣṇa
2026-05-02T00:46:01,1.0,quiet,488.8,0.0,C,False,1.091022795662866e-06,2,4.5,0.319,Pratipadā,Viśākhā,,Śanivāra ♄,Kṛṣṇa
2026-05-02T00:56:03,1.0,quiet,485.5,0.0,C,False,1.1409103990445146e-06,2,4.5,0.319,Pratipadā,Viśākhā,,Śanivāra ♄,Kṛṣṇa
2026-05-02T01:06:06,1.0,quiet,477.9,0.0,C,False,1.1461919484645477e-06,1,2.6,0.27,Pratipadā,Viśākhā,,Śanivāra ♄,Kṛṣṇa
2026-05-02T01:16:10,1.0,quiet,496.0,0.0,C,False,1.0834455679287203e-06,1,2.6,0.273,Pratipadā,Viśākhā,,Śanivāra ♄,Kṛṣṇa
2026-05-02T01:26:15,1.0,quiet,470.0,0.0,C,False,1.1325413424856379e-06,2,5.0,0.329,Pratipadā,Viśākhā,,Śanivāra ♄,Kṛṣṇa
2026-05-02T01:36:19,1.0,quiet,477.1,0.0,C,False,1.0785942095026257e-06,2,5.0,0.329,Pratipadā,Viśākhā,,Śanivāra ♄,Kṛṣṇa
2026-05-02T01:46:29,1.0,quiet,452.6,0.0,C,False,1.4125588450042414e-06,1,5.0,0.329,Pratipadā,Viśākhā,,Śanivāra ♄,Kṛṣṇa
2026-05-02T01:56:33,1.0,quiet,497.3,0.0,C,False,1.520248360975529e-06,1,5.0,0.339,Pratipadā,Viśākhā,,Śanivāra ♄,Kṛṣṇa
2026-05-02T02:06:42,0.0,quiet,524.4,0.0,C,False,1.1766956049541477e-06,0,0,0.181,Pratipadā,Viśākhā,,Śanivāra ♄,Kṛṣṇa
2026-05-02T02:16:45,0.0,quiet,524.9,0.0,C,False,1.047143427967967e-06,0,0,0.179,Pratipadā,Viśākhā,,Śanivāra ♄,Kṛṣṇa
2026-05-02T02:26:47,0.0,quiet,523.6,0.0,C,False,1.6765824284448172e-06,0,0,0.187,Pratipadā,Viśākhā,,Śanivāra ♄,Kṛṣṇa
2026-05-02T02:37:06,0.0,quiet,477.4,0.0,C,False,1.4507760397464153e-06,0,0,0.176,Pratipadā,Viśākhā,,Śanivāra ♄,Kṛṣṇa
2026-05-02T02:47:11,0.0,quiet,488.7,0.0,C,False,1.2319105735514313e-06,1,4.6,0.29,Pratipadā,Viśākhā,,Śanivāra ♄,Kṛṣṇa
2026-05-02T02:57:16,0.0,quiet,493.3,0.0,C,False,1.1878205441462342e-06,1,4.6,0.29,Dvitīyā,Anurādhā,,Śanivāra ♄,Kṛṣṇa
2026-05-02T03:07:20,0.0,quiet,500.4,0.0,C,False,1.0192628678851179e-06,1,4.6,0.289,Dvitīyā,Anurādhā,,Śanivāra ♄,Kṛṣṇa
2026-05-02T03:17:24,0.0,quiet,484.9,0.0,none,False,9.95457071439887e-07,1,4.6,0.286,Dvitīyā,Anurādhā,,Śanivāra ♄,Kṛṣṇa
2026-05-02T03:27:27,0.0,quiet,504.1,0.0,C,False,1.0788827466967632e-06,0,0,0.176,Dvitīyā,Anurādhā,,Śanivāra ♄,Kṛṣṇa
2026-05-02T03:37:30,0.0,quiet,477.0,0.0,none,False,9.710911399452016e-07,1,3.0,0.244,Dvitīyā,Anurādhā,,Śanivāra ♄,Kṛṣṇa
2026-05-02T03:47:39,1.0,quiet,480.7,0.0,C,False,1.0861305099751917e-06,2,3.0,0.28,Dvitīyā,Anurādhā,,Śanivāra ♄,Kṛṣṇa
2026-05-02T03:57:43,0.0,quiet,508.7,0.0,C,False,1.0249641491100192e-06,2,3.0,0.251,Dvitīyā,Anurādhā,,Śanivāra ♄,Kṛṣṇa
2026-05-02T04:07:45,0.0,quiet,478.5,0.0,C,False,1.6734935570639209e-06,2,3.0,0.254,Dvitīyā,Anurādhā,,Śanivāra ♄,Kṛṣṇa
2026-05-02T04:17:47,0.0,quiet,508.2,0.0,C,False,1.6227094192799996e-06,1,2.8,0.254,Dvitīyā,Anurādhā,,Śanivāra ♄,Kṛṣṇa
2026-05-02T04:27:49,0.0,quiet,476.1,0.0,C,False,1.3141005865691113e-06,1,2.8,0.244,Dvitīyā,Anurādhā,,Śanivāra ♄,Kṛṣṇa
2026-05-02T04:37:50,1.0,quiet,505.9,0.0,C,False,1.2123470014557824e-06,0,0,0.212,Dvitīyā,Anurādhā,,Śanivāra ♄,Kṛṣṇa
2026-05-02T04:47:52,1.0,quiet,496.8,0.0,C,False,1.1383075388948782e-06,0,0,0.209,Dvitīyā,Anurādhā,,Śanivāra ♄,Kṛṣṇa
2026-05-02T04:57:53,1.0,quiet,487.7,0.0,C,False,1.0483403229955002e-06,1,4.6,0.321,Dvitīyā,Anurādhā,,Śanivāra ♄,Kṛṣṇa
2026-05-02T05:07:54,0.0,quiet,482.2,0.0,C,False,1.0020232821261743e-06,1,4.6,0.285,Dvitīyā,Anurādhā,,Śanivāra ♄,Kṛṣṇa
2026-05-02T05:17:55,0.0,quiet,478.2,0.0,C,False,1.043627662511426e-06,1,4.6,0.285,Dvitīyā,Anurādhā,,Śanivāra ♄,Kṛṣṇa
2026-05-02T05:27:58,0.0,quiet,474.3,0.0,C,False,2.1575392565864604e-06,1,4.6,0.297,Dvitīyā,Anurādhā,,Śanivāra ♄,Kṛṣṇa
2026-05-02T05:37:59,0.0,quiet,470.1,0.0,C,False,1.1452069657025277e-06,0,0,0.17,Dvitīyā,Anurādhā,,Śanivāra ♄,Kṛṣṇa
2026-05-02T05:48:00,0.0,quiet,488.0,0.0,C,False,1.239511448147823e-06,1,5.7,0.318,Dvitīyā,Anurādhā,,Śanivāra ♄,Kṛṣṇa
2026-05-02T05:58:10,0.0,quiet,481.4,0.0,C,False,1.2624054761545267e-06,1,5.7,0.317,Dvitīyā,Anurādhā,,Śanivāra ♄,Kṛṣṇa
2026-05-02T06:08:24,0.0,quiet,480.3,0.0,none,False,0,1,5.7,0.233,Dvitīyā,Anurādhā,,Śanivāra ♄,Kṛṣṇa
2026-05-02T06:18:35,0.0,quiet,481.4,0.0,C,False,1.0826512379935593e-06,3,5.7,0.314,Dvitīyā,Anurādhā,,Śanivāra ♄,Kṛṣṇa
2026-05-02T06:28:39,0.0,quiet,466.0,0.0,C,False,1.589018211234361e-06,3,5.7,0.318,Dvitīyā,Anurādhā,,Śanivāra ♄,Kṛṣṇa
2026-05-02T06:38:44,0.0,quiet,467.7,0.0,C,False,1.5605504586346797e-06,2,2.9,0.248,Dvitīyā,Anurādhā,,Śanivāra ♄,Kṛṣṇa
2026-05-02T06:48:45,1.0,quiet,474.6,0.0,C,False,1.326414235336415e-06,2,5.2,0.337,Dvitīyā,Anurādhā,,Śanivāra ♄,Kṛṣṇa
2026-05-02T06:58:47,1.0,quiet,476.8,0.0,C,False,3.0942667308409e-06,3,5.2,0.352,Dvitīyā,Anurādhā,,Śanivāra ♄,Kṛṣṇa
2026-05-02T07:08:49,1.0,quiet,479.9,0.0,C,False,4.049632934766123e-06,3,5.2,0.358,Dvitīyā,Anurādhā,,Śanivāra ♄,Kṛṣṇa
2026-05-02T07:18:50,2.0,unsettled,479.6,0.0,C,False,3.4599709124449873e-06,2,5.2,0.388,Dvitīyā,Anurādhā,,Śanivāra ♄,Kṛṣṇa
2026-05-02T07:28:51,2.0,unsettled,478.9,0.0,C,False,2.7265889457339654e-06,1,5.0,0.379,Dvitīyā,Anurādhā,,Śanivāra ♄,Kṛṣṇa
2026-05-02T07:38:53,2.0,unsettled,465.1,0.0,C,False,2.2525011900143e-06,0,0,0.248,Dvitīyā,Anurādhā,,Śanivāra ♄,Kṛṣṇa
2026-05-02T07:48:55,2.0,unsettled,480.1,0.0,C,False,1.9357003111508675e-06,1,4.9,0.371,Dvitīyā,Anurādhā,,Śanivāra ♄,Kṛṣṇa
2026-05-02T07:58:57,2.0,unsettled,447.3,0.0,C,False,2.9480479497578926e-06,2,4.9,0.372,Dvitīyā,Anurādhā,,Śanivāra ♄,Kṛṣṇa
2026-05-02T08:08:59,0.0,quiet,488.4,0.0,C,False,3.5290511277707992e-06,2,4.9,0.316,Dvitīyā,Anurādhā,,Śanivāra ♄,Kṛṣṇa
2026-05-02T08:19:01,0.0,quiet,456.2,0.0,C,False,3.756609885385842e-06,2,4.9,0.311,Dvitīyā,Anurādhā,,Śanivāra ♄,Kṛṣṇa
2026-05-02T08:29:02,0.0,quiet,463.5,0.0,none,False,0,2,4.9,0.209,Dvitīyā,Anurādhā,,Śanivāra ♄,Kṛṣṇa
2026-05-02T08:39:03,1.0,quiet,459.0,0.0,C,False,3.043882998099434e-06,0,0,0.219,Dvitīyā,Anurādhā,,Śanivāra ♄,Kṛṣṇa
2026-05-02T08:49:07,1.0,quiet,495.6,0.0,C,False,2.3587633677379927e-06,0,0,0.221,Dvitīyā,Anurādhā,,Śanivāra ♄,Kṛṣṇa
2026-05-02T08:59:14,1.0,quiet,460.8,0.0,C,False,2.1997127532813465e-06,0,0,0.213,Dvitīyā,Anurādhā,,Śanivāra ♄,Kṛṣṇa
2026-05-02T09:09:20,1.0,quiet,472.1,0.0,C,False,1.7257490299016354e-06,0,0,0.211,Dvitīyā,Anurādhā,,Śanivāra ♄,Kṛṣṇa
2026-05-02T09:19:24,1.0,quiet,492.3,0.0,C,False,1.570106860526721e-06,0,0,0.213,Dvitīyā,Anurādhā,,Śanivāra ♄,Kṛṣṇa
2026-05-02T09:29:28,1.0,quiet,479.3,0.0,C,False,1.5623804756614845e-06,0,0,0.211,Dvitīyā,Anurādhā,,Śanivāra ♄,Kṛṣṇa
2026-05-02T09:39:33,1.0,quiet,435.0,0.0,C,False,1.7751556242728839e-06,0,0,0.205,Dvitīyā,Anurādhā,,Śanivāra ♄,Kṛṣṇa
2026-05-02T09:49:36,1.0,quiet,460.4,0.0,C,False,1.5999389688658994e-06,0,0,0.208,Dvitīyā,Anurādhā,,Śanivāra ♄,Kṛṣṇa
2026-05-02T09:59:40,0.0,quiet,432.6,0.0,C,False,1.4685920177726075e-06,0,0,0.168,Dvitīyā,Anurādhā,,Śanivāra ♄,Kṛṣṇa
2026-05-02T10:09:43,1.0,quiet,433.0,0.0,C,False,2.2635149434790947e-06,0,0,0.209,Dvitīyā,Anurādhā,,Śanivāra ♄,Kṛṣṇa
2026-05-02T10:19:44,1.0,quiet,444.5,0.0,C,False,1.5890678923824453e-06,1,3.4,0.29,Dvitīyā,Anurādhā,,Śanivāra ♄,Kṛṣṇa
2026-05-02T10:29:45,1.0,quiet,0.0,0.0,C,False,1.3522478639060864e-06,1,3.5,0.206,Dvitīyā,Anurādhā,,Śanivāra ♄,Kṛṣṇa
2026-05-02T10:39:46,1.0,quiet,448.8,0.0,C,False,1.2869903684986639e-06,1,3.5,0.289,Dvitīyā,Anurādhā,,Śanivāra ♄,Kṛṣṇa
2026-05-02T10:49:51,1.0,quiet,451.8,0.0,none,False,0,1,3.5,0.206,Dvitīyā,Anurādhā,,Śanivāra ♄,Kṛṣṇa
2026-05-02T10:59:52,1.0,quiet,474.5,0.0,C,False,1.246600163540279e-06,2,3.5,0.294,Dvitīyā,Anurādhā,,Śanivāra ♄,Kṛṣṇa
2026-05-02T11:09:53,0.0,quiet,454.8,0.0,C,False,1.4080632126933779e-06,1,3.1,0.249,Dvitīyā,Anurādhā,,Śanivāra ♄,Kṛṣṇa
2026-05-02T11:19:54,0.0,quiet,478.3,0.0,none,False,0,0,0,0.09,Dvitīyā,Anurādhā,,Śanivāra ♄,Kṛṣṇa
2026-05-02T11:29:55,0.0,quiet,402.8,0.0,C,False,3.0901010177331045e-06,0,0,0.175,Dvitīyā,Anurādhā,,Śanivāra ♄,Kṛṣṇa
2026-05-02T11:39:56,0.0,quiet,434.2,0.0,C,False,4.111976977583254e-06,0,0,0.186,Dvitīyā,Anurādhā,,Śanivāra ♄,Kṛṣṇa
2026-05-02T11:49:57,0.0,quiet,458.5,0.0,C,False,2.2939002519706264e-06,0,0,0.18,Dvitīyā,Anurādhā,,Śanivāra ♄,Kṛṣṇa
2026-05-02T11:59:58,1.0,quiet,443.5,0.0,C,False,1.8029693364951527e-06,0,0,0.207,Dvitīyā,Anurādhā,,Śanivāra ♄,Kṛṣṇa
2026-05-02T12:10:00,1.0,quiet,442.9,0.0,C,False,2.1120524706930155e-06,0,0,0.209,Dvitīyā,Anurādhā,,Śanivāra ♄,Kṛṣṇa
2026-05-02T12:20:01,1.0,quiet,441.7,0.0,C,False,1.5195181504168431e-06,0,0,0.203,Dvitīyā,Anurādhā,,Śanivāra ♄,Kṛṣṇa
2026-05-02T12:30:02,1.0,quiet,463.1,0.0,C,False,1.3092133031022968e-06,0,0,0.205,Dvitīyā,Anurādhā,,Śanivāra ♄,Kṛṣṇa
2026-05-02T12:40:03,0.0,quiet,445.7,0.0,C,False,1.208331582347455e-06,0,0,0.167,Dvitīyā,Anurādhā,,Śanivāra ♄,Kṛṣṇa
2026-05-02T12:50:06,0.0,quiet,450.9,0.0,C,False,1.190241050608165e-06,1,2.6,0.233,Dvitīyā,Anurādhā,,Śanivāra ♄,Kṛṣṇa
2026-05-02T13:00:10,1.0,quiet,477.6,0.0,C,False,1.323934156971518e-06,1,2.6,0.273,Dvitīyā,Anurādhā,,Śanivāra ♄,Kṛṣṇa
2026-05-02T13:10:15,1.0,quiet,448.6,0.0,C,False,1.1359147720213514e-06,1,2.6,0.265,Dvitīyā,Anurādhā,,Śanivāra ♄,Kṛṣṇa
2026-05-02T13:20:55,0,unknown,0,0,none,False,0,0,0,0.0,Dvitīyā,Anurādhā,,Śanivāra ♄,Kṛṣṇa
2026-05-02T13:31:35,0,unknown,0,0,none,False,0,0,0,0.0,Dvitīyā,Anurādhā,,Śanivāra ♄,Kṛṣṇa
2026-05-02T13:42:15,0,unknown,0,0,none,False,0,0,0,0.0,Dvitīyā,Anurādhā,,Śanivāra ♄,Kṛṣṇa
2026-05-02T13:52:55,0,unknown,0,0,none,False,0,0,0,0.0,Dvitīyā,Anurādhā,,Śanivāra ♄,Kṛṣṇa
2026-05-02T14:03:35,0,unknown,0,0,none,False,0,0,0,0.0,Dvitīyā,Anurādhā,,Śanivāra ♄,Kṛṣṇa
2026-05-02T14:14:15,0,unknown,0,0,none,False,0,0,0,0.0,Dvitīyā,Anurādhā,,Śanivāra ♄,Kṛṣṇa
2026-05-02T14:24:55,0,unknown,0,0,none,False,0,0,0,0.0,Dvitīyā,Anurādhā,,Śanivāra ♄,Kṛṣṇa
2026-05-02T14:35:35,0,unknown,0,0,none,False,0,0,0,0.0,Dvitīyā,Anurādhā,,Śanivāra ♄,Kṛṣṇa
2026-05-02T14:46:15,0,unknown,0,0,none,False,0,0,0,0.0,Dvitīyā,Anurādhā,,Śanivāra ♄,Kṛṣṇa
2026-05-02T14:56:56,0,unknown,0,0,none,False,0,0,0,0.0,Dvitīyā,Anurādhā,,Śanivāra ♄,Kṛṣṇa
2026-05-02T15:07:36,0,unknown,0,0,none,False,0,0,0,0.0,Dvitīyā,Anurādhā,,Śanivāra ♄,Kṛṣṇa
2026-05-02T15:18:16,0,unknown,0,0,none,False,0,0,0,0.0,Dvitīyā,Anurādhā,,Śanivāra ♄,Kṛṣṇa
2026-05-02T15:28:43,0,unknown,452.4,0.0,C,False,1.4494647757601342e-06,1,2.5,0.234,Dvitīyā,Anurādhā,,Śanivāra ♄,Kṛṣṇa
2026-05-02T15:38:45,1.0,quiet,452.5,0.0,C,False,1.3959446505396045e-06,1,2.5,0.266,Dvitīyā,Anurādhā,,Śanivāra ♄,Kṛṣṇa
2026-05-02T15:48:46,1.0,quiet,460.7,0.0,C,False,1.3480874940796639e-06,2,4.4,0.315,Dvitīyā,Anurādhā,,Śanivāra ♄,Kṛṣṇa
2026-05-02T15:58:48,1.0,quiet,442.4,0.0,C,False,1.3227656836534152e-06,3,4.4,0.311,Dvitīyā,Anurādhā,,Śanivāra ♄,Kṛṣṇa
2026-05-02T16:08:49,1.0,quiet,448.8,0.0,C,False,1.3370876104090712e-06,2,4.4,0.313,Dvitīyā,Anurādhā,,Śanivāra ♄,Kṛṣṇa
2026-05-02T16:18:51,1.0,quiet,480.5,0.0,C,False,1.4051142898097169e-06,1,3.2,0.289,Dvitīyā,Anurādhā,,Śanivāra ♄,Kṛṣṇa
2026-05-02T16:28:53,1.0,quiet,446.3,0.0,C,False,2.1920188828516984e-06,1,3.2,0.291,Dvitīyā,Anurādhā,,Śanivāra ♄,Kṛṣṇa
2026-05-02T16:38:54,1.0,quiet,478.1,0.0,C,False,1.6308749763993546e-06,1,2.8,0.281,Dvitīyā,Anurādhā,,Śanivāra ♄,Kṛṣṇa
2026-05-02T16:48:56,1.0,quiet,463.4,0.0,C,False,1.5271890561052714e-06,1,2.8,0.278,Dvitīyā,Anurādhā,,Śanivāra ♄,Kṛṣṇa
2026-05-02T16:58:57,1.0,quiet,436.4,0.0,C,False,1.478534272791876e-06,1,2.8,0.272,Dvitīyā,Anurādhā,,Śanivāra ♄,Kṛṣṇa
2026-05-02T17:08:58,0.0,quiet,440.9,0.0,C,False,1.2987184163648635e-06,1,2.8,0.237,Dvitīyā,Anurādhā,,Śanivāra ♄,Kṛṣṇa
2026-05-02T17:18:59,1.0,quiet,437.1,0.0,C,False,1.1891233953065239e-06,1,2.8,0.268,Dvitīyā,Anurādhā,,Śanivāra ♄,Kṛṣṇa
2026-05-02T17:29:01,1.0,quiet,463.3,0.0,none,False,0,1,2.8,0.19,Dvitīyā,Anurādhā,,Śanivāra ♄,Kṛṣṇa
2026-05-02T17:39:02,2.0,unsettled,447.1,0.0,C,False,1.1675890618789708e-06,0,0,0.233,Dvitīyā,Anurādhā,,Śanivāra ♄,Kṛṣṇa
2026-05-02T17:49:03,2.0,unsettled,434.6,0.0,C,False,1.1478374517537304e-06,1,5.1,0.358,Dvitīyā,Anurādhā,,Śanivāra ♄,Kṛṣṇa
2026-05-02T17:59:07,2.0,unsettled,448.3,0.0,C,False,1.078231434803456e-06,2,5.1,0.36,Dvitīyā,Anurādhā,,Śanivāra ♄,Kṛṣṇa
2026-05-02T18:09:11,2.0,unsettled,435.7,0.0,C,False,1.1158701909153024e-06,2,5.1,0.358,Dvitīyā,Anurādhā,,Śanivāra ♄,Kṛṣṇa
2026-05-02T18:19:14,2.0,unsettled,478.2,0.0,C,False,1.086847873921215e-06,1,2.7,0.305,Dvitīyā,Anurādhā,,Śanivāra ♄,Kṛṣṇa
2026-05-02T18:29:19,2.0,unsettled,427.9,0.0,C,False,1.0945383337457315e-06,1,2.7,0.296,Dvitīyā,Anurādhā,,Śanivāra ♄,Kṛṣṇa
2026-05-02T18:39:23,2.0,unsettled,437.0,0.0,C,False,1.1515541018525255e-06,1,2.7,0.299,Dvitīyā,Anurādhā,,Śanivāra ♄,Kṛṣṇa
2026-05-02T18:49:28,2.0,unsettled,466.2,0.0,none,False,0,1,2.7,0.222,Dvitīyā,Anurādhā,,Śanivāra ♄,Kṛṣṇa
2026-05-02T18:59:33,2.0,unsettled,469.7,0.0,C,False,1.30351179450372e-06,0,0,0.239,Dvitīyā,Anurādhā,,Śanivāra ♄,Kṛṣṇa
2026-05-02T19:09:38,2.0,unsettled,446.1,0.0,none,False,0,2,3.0,0.225,Dvitīyā,Anurādhā,,Śanivāra ♄,Kṛṣṇa
2026-05-02T19:19:44,2.0,unsettled,458.8,0.0,C,False,1.1778150792451925e-06,2,3.0,0.311,Dvitīyā,Anurādhā,,Śanivāra ♄,Kṛṣṇa
2026-05-02T19:29:47,2.0,unsettled,445.2,0.0,C,False,1.1857798654091312e-06,3,3.0,0.308,Dvitīyā,Anurādhā,,Śanivāra ♄,Kṛṣṇa
2026-05-02T19:39:48,2.0,unsettled,446.8,0.0,C,False,1.163105821433419e-06,3,3.0,0.308,Dvitīyā,Anurādhā,,Śanivāra ♄,Kṛṣṇa
2026-05-02T19:49:50,2.0,unsettled,441.7,0.0,C,False,1.20012759907695e-06,1,2.5,0.295,Dvitīyā,Anurādhā,,Śanivāra ♄,Kṛṣṇa
2026-05-02T19:59:51,2.0,unsettled,446.0,0.0,C,False,1.2914183571410831e-06,2,2.7,0.302,Dvitīyā,Anurādhā,,Śanivāra ♄,Kṛṣṇa
2026-05-02T20:09:54,0.0,quiet,444.6,0.0,C,False,1.0760659279185347e-06,2,2.7,0.232,Dvitīyā,Anurādhā,,Śanivāra ♄,Kṛṣṇa
2026-05-02T20:19:55,0.0,quiet,459.5,0.0,C,False,1.019726369122509e-06,2,2.7,0.234,Dvitīyā,Anurādhā,,Śanivāra ♄,Kṛṣṇa
2026-05-02T20:29:56,0.0,quiet,466.7,0.0,C,False,1.0052800689663854e-06,1,2.7,0.235,Dvitīyā,Anurādhā,,Śanivāra ♄,Kṛṣṇa
2026-05-02T20:39:57,0.0,quiet,453.0,0.0,C,False,1.2654491001740098e-06,0,0,0.169,Dvitīyā,Anurādhā,,Śanivāra ♄,Kṛṣṇa
2026-05-02T20:49:59,0.0,quiet,473.9,0.0,none,False,9.801591431823908e-07,1,3.3,0.251,Dvitīyā,Anurādhā,,Śanivāra ♄,Kṛṣṇa
2026-05-02T21:00:00,0.0,quiet,451.9,0.0,C,False,1.0788509143822012e-06,1,3.3,0.249,Dvitīyā,Anurādhā,,Śanivāra ♄,Kṛṣṇa
2026-05-02T21:10:01,1.0,quiet,459.6,0.0,C,False,1.007651349027583e-06,2,3.3,0.282,Dvitīyā,Anurādhā,,Śanivāra ♄,Kṛṣṇa
2026-05-02T21:20:03,1.0,quiet,452.9,0.0,none,False,9.910701237458852e-07,2,3.3,0.281,Dvitīyā,Anurādhā,,Śanivāra ♄,Kṛṣṇa
2026-05-02T21:30:08,1.0,quiet,449.0,0.0,C,False,1.0014823601522949e-06,2,3.3,0.28,Dvitīyā,Anurādhā,,Śanivāra ♄,Kṛṣṇa
2026-05-02T21:40:25,0,unknown,433.5,0.0,none,False,9.332453601018642e-07,0,0,0.16,Dvitīyā,Anurādhā,,Śanivāra ♄,Kṛṣṇa
2026-05-02T21:50:36,2.0,unsettled,449.2,0.0,none,False,9.037616450768837e-07,0,0,0.229,Dvitīyā,Anurādhā,,Śanivāra ♄,Kṛṣṇa
2026-05-02T22:00:42,2.0,unsettled,454.1,0.0,C,False,1.2023207318634377e-06,0,0,0.235,Dvitīyā,Anurādhā,,Śanivāra ♄,Kṛṣṇa
2026-05-02T22:10:44,3.0,unsettled,440.8,0.0,C,False,1.1240426829317585e-06,0,0,0.265,Dvitīyā,Anurādhā,,Śanivāra ♄,Kṛṣṇa
2026-05-02T22:20:45,2.0,unsettled,472.9,0.0,none,False,0,0,0,0.155,Dvitīyā,Anurādhā,,Śanivāra ♄,Kṛṣṇa
2026-05-02T22:30:47,2.0,unsettled,480.4,0.0,C,False,1.526507276139455e-06,1,3.1,0.322,Dvitīyā,Anurādhā,,Śanivāra ♄,Kṛṣṇa
2026-05-02T22:40:48,3.0,unsettled,430.7,0.0,C,False,1.018422381093842e-06,1,3.1,0.339,Dvitīyā,Anurādhā,,Śanivāra ♄,Kṛṣṇa
2026-05-02T22:50:49,3.0,unsettled,439.9,0.0,none,False,8.74796285188495e-07,1,3.1,0.338,Dvitīyā,Anurādhā,,Śanivāra ♄,Kṛṣṇa
2026-05-02T23:00:52,3.0,unsettled,476.1,0.0,none,False,8.250598284575972e-07,1,3.1,0.343,Dvitīyā,Anurādhā,,Śanivāra ♄,Kṛṣṇa
2026-05-02T23:10:53,0.0,quiet,475.0,0.0,none,False,8.426490012425347e-07,1,3.1,0.244,Dvitīyā,Anurādhā,,Śanivāra ♄,Kṛṣṇa
2026-05-02T23:20:54,1.0,quiet,478.7,0.0,none,False,8.675396543367242e-07,1,3.1,0.278,Dvitīyā,Anurādhā,,Śanivāra ♄,Kṛṣṇa
2026-05-02T23:30:56,1.0,quiet,458.7,0.0,none,False,8.577348467042611e-07,0,0,0.197,Dvitīyā,Anurādhā,,Śanivāra ♄,Kṛṣṇa
2026-05-02T23:40:57,1.0,quiet,427.4,0.0,none,False,9.247632419828733e-07,0,0,0.192,Dvitīyā,Anurādhā,,Śanivāra ♄,Kṛṣṇa
2026-05-02T23:50:59,2.0,unsettled,464.4,0.0,C,False,1.2134380540373968e-06,0,0,0.237,Dvitīyā,Anurādhā,,Śanivāra ♄,Kṛṣṇa
2026-05-03T00:00:59,2.0,unsettled,457.1,0.0,none,False,8.513190437042795e-07,0,0,0.23,Dvitīyā,Anurādhā,,Ravivāra ☀,Kṛṣṇa
2026-05-03T00:11:01,2.0,unsettled,475.5,0.0,none,False,8.232522077378235e-07,0,0,0.232,Dvitīyā,Anurādhā,,Ravivāra ☀,Kṛṣṇa
2026-05-03T00:21:02,2.0,unsettled,474.4,0.0,none,False,8.322812163896742e-07,0,0,0.232,Dvitīyā,Anurādhā,,Ravivāra ☀,Kṛṣṇa
2026-05-03T00:31:03,2.0,unsettled,430.4,0.0,none,False,8.855459441292624e-07,0,0,0.225,Dvitīyā,Anurādhā,,Ravivāra ☀,Kṛṣṇa
2026-05-03T00:41:06,2.0,unsettled,479.1,0.0,none,False,9.614594773665885e-07,1,3.4,0.321,Dvitīyā,Anurādhā,,Ravivāra ☀,Kṛṣṇa
2026-05-03T00:51:13,2.0,unsettled,461.4,0.0,C,False,1.2959010291524464e-06,1,3.4,0.323,Dvitīyā,Anurādhā,,Ravivāra ☀,Kṛṣṇa
2026-05-03T01:01:19,2.0,unsettled,448.8,0.0,C,False,1.1873501080117421e-06,2,4.9,0.356,Dvitīyā,Anurādhā,,Ravivāra ☀,Kṛṣṇa
2026-05-03T01:11:22,2.0,unsettled,444.8,0.0,C,False,1.0289508054484031e-06,1,4.9,0.353,Dvitīyā,Anurādhā,,Ravivāra ☀,Kṛṣṇa
2026-05-03T01:21:28,2.0,unsettled,451.0,0.0,none,False,9.553555173624773e-07,1,4.9,0.353,Dvitīyā,Anurādhā,,Ravivāra ☀,Kṛṣṇa
2026-05-03T01:31:32,2.0,unsettled,445.4,0.0,none,False,9.110764835895679e-07,1,4.9,0.351,Dvitīyā,Anurādhā,,Ravivāra ☀,Kṛṣṇa
2026-05-03T01:41:36,2.0,unsettled,440.4,0.0,none,False,9.786818964130362e-07,2,2.6,0.294,Dvitīyā,Anurādhā,,Ravivāra ☀,Kṛṣṇa
2026-05-03T01:51:39,2.0,unsettled,448.2,0.0,C,False,1.1451166983533767e-06,2,2.6,0.298,Dvitīyā,Anurādhā,,Ravivāra ☀,Kṛṣṇa
2026-05-03T02:01:44,2.0,unsettled,452.8,0.0,C,False,1.2004644531771191e-06,2,2.6,0.3,Dvitīyā,Anurādhā,,Ravivāra ☀,Kṛṣṇa
2026-05-03T02:11:45,0.0,quiet,458.0,0.0,none,False,0,2,2.6,0.151,Dvitīyā,Anurādhā,,Ravivāra ☀,Kṛṣṇa
2026-05-03T02:21:46,0.0,quiet,464.1,0.0,C,False,1.2399984825606225e-06,3,2.9,0.243,Dvitīyā,Anurādhā,,Ravivāra ☀,Kṛṣṇa
2026-05-03T02:31:47,0.0,quiet,446.3,0.0,C,False,1.1224256013520062e-06,4,4.2,0.271,Dvitīyā,Anurādhā,,Ravivāra ☀,Kṛṣṇa
2026-05-03T02:41:51,0.0,quiet,421.7,0.0,none,False,0,2,2.9,0.152,Dvitīyā,Anurādhā,,Ravivāra ☀,Kṛṣṇa
2026-05-03T02:51:52,0.0,quiet,479.1,0.0,C,False,1.2062217820130172e-06,2,2.9,0.246,Tṛtīyā,Jyeṣṭhā,,Ravivāra ☀,Kṛṣṇa
2026-05-03T03:01:53,0.0,quiet,430.8,0.0,C,False,1.1194850912943366e-06,3,2.9,0.235,Tṛtīyā,Jyeṣṭhā,,Ravivāra ☀,Kṛṣṇa
2026-05-03T03:11:55,0.0,quiet,480.2,0.0,C,False,3.679877863760339e-06,3,2.9,0.265,Tṛtīyā,Jyeṣṭhā,,Ravivāra ☀,Kṛṣṇa
2026-05-03T03:21:56,1.0,quiet,432.6,0.0,C,False,2.0056168068549596e-06,2,2.6,0.272,Tṛtīyā,Jyeṣṭhā,,Ravivāra ☀,Kṛṣṇa
2026-05-03T03:31:58,2.0,unsettled,452.1,0.0,C,False,1.3115690080667264e-06,3,4.8,0.356,Tṛtīyā,Jyeṣṭhā,,Ravivāra ☀,Kṛṣṇa
2026-05-03T03:42:00,2.0,unsettled,427.9,0.0,C,False,1.1760182587750023e-06,3,4.8,0.35,Tṛtīyā,Jyeṣṭhā,,Ravivāra ☀,Kṛṣṇa
2026-05-03T03:52:01,2.0,unsettled,449.3,0.0,C,False,1.1133254247397417e-06,3,4.8,0.353,Tṛtīyā,Jyeṣṭhā,,Ravivāra ☀,Kṛṣṇa
2026-05-03T04:02:03,2.0,unsettled,445.4,0.0,C,False,1.0579186664472218e-06,2,4.5,0.344,Tṛtīyā,Jyeṣṭhā,,Ravivāra ☀,Kṛṣṇa
2026-05-03T04:12:07,3.0,unsettled,431.3,0.0,C,False,1.184267262033245e-06,0,0,0.264,Tṛtīyā,Jyeṣṭhā,,Ravivāra ☀,Kṛṣṇa
2026-05-03T04:22:11,3.0,unsettled,448.0,0.0,C,False,1.2369098385534016e-06,0,0,0.268,Tṛtīyā,Jyeṣṭhā,,Ravivāra ☀,Kṛṣṇa
2026-05-03T04:32:14,3.0,unsettled,446.3,0.0,C,False,1.2358785852484289e-06,0,0,0.267,Tṛtīyā,Jyeṣṭhā,,Ravivāra ☀,Kṛṣṇa
2026-05-03T04:42:18,3.0,unsettled,442.2,0.0,C,False,1.247008981408726e-06,0,0,0.267,Tṛtīyā,Jyeṣṭhā,,Ravivāra ☀,Kṛṣṇa
2026-05-03T04:52:21,3.0,unsettled,431.9,0.0,C,False,1.3263925211504102e-06,0,0,0.266,Tṛtīyā,Jyeṣṭhā,,Ravivāra ☀,Kṛṣṇa
2026-05-03T05:02:25,2.0,unsettled,456.3,0.0,C,False,1.2872584420620115e-06,0,0,0.237,Tṛtīyā,Jyeṣṭhā,,Ravivāra ☀,Kṛṣṇa
2026-05-03T05:12:30,0.0,quiet,434.7,0.0,C,False,1.2111484011256834e-06,0,0,0.165,Tṛtīyā,Jyeṣṭhā,,Ravivāra ☀,Kṛṣṇa
2026-05-03T05:22:39,0.0,quiet,451.0,0.0,C,False,1.2458417586458381e-06,0,0,0.168,Tṛtīyā,Jyeṣṭhā,,Ravivāra ☀,Kṛṣṇa
2026-05-03T05:32:44,0.0,quiet,434.5,0.0,C,False,1.1958804861933459e-06,0,0,0.165,Tṛtīyā,Jyeṣṭhā,,Ravivāra ☀,Kṛṣṇa
2026-05-03T05:42:45,1.0,quiet,442.0,0.0,C,False,1.0843002655747114e-06,0,0,0.198,Tṛtīyā,Jyeṣṭhā,,Ravivāra ☀,Kṛṣṇa
2026-05-03T05:52:46,1.0,quiet,436.8,0.0,C,False,1.0545284112595255e-06,0,0,0.196,Tṛtīyā,Jyeṣṭhā,,Ravivāra ☀,Kṛṣṇa
2026-05-03T06:02:48,1.0,quiet,421.6,0.0,C,False,1.0176316891374881e-06,0,0,0.193,Tṛtīyā,Jyeṣṭhā,,Ravivāra ☀,Kṛṣṇa
2026-05-03T06:12:49,1.0,quiet,435.6,0.0,C,False,1.0123117135663051e-06,0,0,0.195,Tṛtīyā,Jyeṣṭhā,,Ravivāra ☀,Kṛṣṇa
2026-05-03T06:22:50,1.0,quiet,444.5,0.0,none,False,9.907820412990986e-07,1,5.1,0.324,Tṛtīyā,Jyeṣṭhā,,Ravivāra ☀,Kṛṣṇa
2026-05-03T06:32:51,1.0,quiet,437.7,0.0,none,False,9.768829158929293e-07,1,5.1,0.322,Tṛtīyā,Jyeṣṭhā,,Ravivāra ☀,Kṛṣṇa
2026-05-03T06:42:52,1.0,quiet,443.6,0.0,none,False,9.821873163673445e-07,1,5.1,0.324,Tṛtīyā,Jyeṣṭhā,,Ravivāra ☀,Kṛṣṇa
2026-05-03T06:52:53,1.0,quiet,466.9,0.0,none,False,9.61728801485151e-07,1,5.1,0.328,Tṛtīyā,Jyeṣṭhā,,Ravivāra ☀,Kṛṣṇa
2026-05-03T07:02:54,1.0,quiet,460.6,0.0,none,False,9.977682111639297e-07,0,0,0.2,Tṛtīyā,Jyeṣṭhā,,Ravivāra ☀,Kṛṣṇa
2026-05-03T07:12:56,1.0,quiet,461.7,0.0,none,False,9.607516631149338e-07,0,0,0.199,Tṛtīyā,Jyeṣṭhā,,Ravivāra ☀,Kṛṣṇa
2026-05-03T07:22:57,1.0,quiet,472.1,0.0,none,False,9.152198572337511e-07,0,0,0.2,Tṛtīyā,Jyeṣṭhā,,Ravivāra ☀,Kṛṣṇa
2026-05-03T07:32:58,1.0,quiet,445.5,0.0,none,False,9.347882610200031e-07,0,0,0.196,Tṛtīyā,Jyeṣṭhā,,Ravivāra ☀,Kṛṣṇa
2026-05-03T07:43:00,1.0,quiet,407.0,0.0,C,False,1.0764902071969118e-06,1,4.3,0.298,Tṛtīyā,Jyeṣṭhā,,Ravivāra ☀,Kṛṣṇa
2026-05-03T07:53:01,1.0,quiet,432.9,0.0,C,False,1.0543465123191709e-06,1,4.3,0.303,Tṛtīyā,Jyeṣṭhā,,Ravivāra ☀,Kṛṣṇa
2026-05-03T08:03:10,1.0,quiet,435.3,0.0,none,False,9.842199233389692e-07,0,0,0.195,Tṛtīyā,Jyeṣṭhā,,Ravivāra ☀,Kṛṣṇa
2026-05-03T08:13:17,0.0,quiet,441.7,0.0,none,False,9.87387011264218e-07,0,0,0.163,Tṛtīyā,Jyeṣṭhā,,Ravivāra ☀,Kṛṣṇa
2026-05-03T08:23:36,0,unknown,441.7,0.0,none,False,9.779812444321578e-07,1,3.1,0.24,Tṛtīyā,Jyeṣṭhā,,Ravivāra ☀,Kṛṣṇa
2026-05-03T08:33:41,0.0,quiet,440.4,0.0,none,False,9.344173577119363e-07,2,4.4,0.271,Tṛtīyā,Jyeṣṭhā,,Ravivāra ☀,Kṛṣṇa
2026-05-03T08:43:44,0.0,quiet,469.8,0.0,C,False,1.0363207820773823e-06,2,4.4,0.279,Tṛtīyā,Jyeṣṭhā,,Ravivāra ☀,Kṛṣṇa
2026-05-03T08:53:45,0.0,quiet,431.0,0.0,none,False,9.334911510450183e-07,2,4.4,0.27,Tṛtīyā,Jyeṣṭhā,,Ravivāra ☀,Kṛṣṇa
2026-05-03T09:03:47,0.0,quiet,459.7,0.0,none,False,8.88918918917625e-07,3,4.4,0.274,Tṛtīyā,Jyeṣṭhā,,Ravivāra ☀,Kṛṣṇa
2026-05-03T09:13:50,0.0,quiet,431.6,0.0,none,False,8.682751513333642e-07,1,3.5,0.246,Tṛtīyā,Jyeṣṭhā,,Ravivāra ☀,Kṛṣṇa
2026-05-03T09:23:51,0.0,quiet,428.9,0.0,none,False,8.822341897030128e-07,1,3.5,0.246,Tṛtīyā,Jyeṣṭhā,,Ravivāra ☀,Kṛṣṇa
2026-05-03T09:33:52,0.0,quiet,453.3,0.0,none,False,8.567807299186825e-07,1,3.5,0.25,Tṛtīyā,Jyeṣṭhā,,Ravivāra ☀,Kṛṣṇa
2026-05-03T09:43:53,1.0,quiet,458.3,0.0,none,False,9.476914897277311e-07,2,3.5,0.286,Tṛtīyā,Jyeṣṭhā,,Ravivāra ☀,Kṛṣṇa
2026-05-03T09:53:55,1.0,quiet,457.3,0.0,none,False,8.54686732054688e-07,1,2.6,0.261,Tṛtīyā,Jyeṣṭhā,,Ravivāra ☀,Kṛṣṇa
2026-05-03T10:03:56,1.0,quiet,463.9,0.0,none,False,9.519473564978398e-07,1,2.6,0.264,Tṛtīyā,Jyeṣṭhā,,Ravivāra ☀,Kṛṣṇa
2026-05-03T10:13:58,1.0,quiet,413.8,0.0,none,False,8.846648711369198e-07,1,2.6,0.254,Tṛtīyā,Jyeṣṭhā,,Ravivāra ☀,Kṛṣṇa
2026-05-03T10:23:59,1.0,quiet,452.6,0.0,none,False,8.792874837126874e-07,1,2.6,0.261,Tṛtīyā,Jyeṣṭhā,,Ravivāra ☀,Kṛṣṇa
2026-05-03T10:34:01,1.0,quiet,427.5,0.0,none,False,9.205629680764105e-07,0,0,0.192,Tṛtīyā,Jyeṣṭhā,,Ravivāra ☀,Kṛṣṇa
2026-05-03T10:44:02,1.0,quiet,417.5,0.0,none,False,8.793417691776995e-07,0,0,0.189,Tṛtīyā,Jyeṣṭhā,,Ravivāra ☀,Kṛṣṇa
2026-05-03T10:54:06,1.0,quiet,438.5,0.0,none,False,9.106564107241866e-07,1,2.5,0.256,Tṛtīyā,Jyeṣṭhā,,Ravivāra ☀,Kṛṣṇa
2026-05-03T11:04:10,0.0,quiet,432.4,0.0,none,False,9.012633768179512e-07,1,2.5,0.222,Tṛtīyā,Jyeṣṭhā,,Ravivāra ☀,Kṛṣṇa
2026-05-03T11:14:29,0.0,quiet,439.1,0.0,none,False,9.256511361854791e-07,2,2.5,0.223,Tṛtīyā,Jyeṣṭhā,,Ravivāra ☀,Kṛṣṇa
2026-05-03T11:24:32,0.0,quiet,440.1,0.0,none,False,0,2,2.5,0.145,Tṛtīyā,Jyeṣṭhā,,Ravivāra ☀,Kṛṣṇa
2026-05-03T11:34:36,0.0,quiet,428.9,0.0,none,False,9.973875876312377e-07,2,2.5,0.223,Tṛtīyā,Jyeṣṭhā,,Ravivāra ☀,Kṛṣṇa
2026-05-03T11:44:42,0.0,quiet,443.4,0.0,none,False,9.54714096224052e-07,1,2.5,0.225,Tṛtīyā,Jyeṣṭhā,,Ravivāra ☀,Kṛṣṇa
2026-05-03T11:54:44,0.0,quiet,418.2,0.0,none,False,9.53776861933875e-07,1,2.5,0.22,Tṛtīyā,Jyeṣṭhā,,Ravivāra ☀,Kṛṣṇa
2026-05-03T12:04:45,0.0,quiet,427.6,0.0,none,False,9.460933938498783e-07,1,2.5,0.222,Tṛtīyā,Jyeṣṭhā,,Ravivāra ☀,Kṛṣṇa
2026-05-03T12:14:47,0.0,quiet,434.0,0.0,none,False,9.29847715269716e-07,0,0,0.16,Tṛtīyā,Jyeṣṭhā,,Ravivāra ☀,Kṛṣṇa
2026-05-03T12:24:48,0.0,quiet,428.3,0.0,none,False,8.820187531455304e-07,0,0,0.158,Tṛtīyā,Jyeṣṭhā,,Ravivāra ☀,Kṛṣṇa
2026-05-03T12:34:50,1.0,quiet,418.6,0.0,none,False,9.082750693778507e-07,0,0,0.19,Tṛtīyā,Jyeṣṭhā,,Ravivāra ☀,Kṛṣṇa
2026-05-03T12:44:51,1.0,quiet,435.1,0.0,none,False,8.711384680282208e-07,1,4.9,0.315,Tṛtīyā,Jyeṣṭhā,,Ravivāra ☀,Kṛṣṇa
2026-05-03T12:54:52,1.0,quiet,420.4,0.0,none,False,9.130984039984469e-07,2,5.0,0.316,Tṛtīyā,Jyeṣṭhā,,Ravivāra ☀,Kṛṣṇa
2026-05-03T13:04:58,1.0,quiet,421.4,0.0,none,False,8.547539209757815e-07,5,5.0,0.315,Tṛtīyā,Jyeṣṭhā,,Ravivāra ☀,Kṛṣṇa
2026-05-03T13:15:01,1.0,quiet,447.5,0.0,none,False,8.237200859184668e-07,6,5.0,0.319,Tṛtīyā,Jyeṣṭhā,,Ravivāra ☀,Kṛṣṇa
2026-05-03T13:25:03,1.0,quiet,461.5,0.0,none,False,8.799538591119926e-07,5,5.0,0.323,Tṛtīyā,Jyeṣṭhā,,Ravivāra ☀,Kṛṣṇa
2026-05-03T13:35:09,1.0,quiet,471.6,0.0,none,False,8.938902738009347e-07,6,5.0,0.325,Tṛtīyā,Jyeṣṭhā,,Ravivāra ☀,Kṛṣṇa
2026-05-03T13:45:15,1.0,quiet,432.7,0.0,none,False,8.49931552693306e-07,4,4.6,0.307,Tṛtīyā,Jyeṣṭhā,,Ravivāra ☀,Kṛṣṇa
2026-05-03T13:55:25,1.0,quiet,418.6,0.0,none,False,8.49998116336792e-07,3,3.3,0.271,Tṛtīyā,Jyeṣṭhā,,Ravivāra ☀,Kṛṣṇa
2026-05-03T14:05:36,0.0,quiet,433.4,0.0,none,False,8.953018095780862e-07,2,3.3,0.242,Tṛtīyā,Jyeṣṭhā,,Ravivāra ☀,Kṛṣṇa
2026-05-03T14:15:48,0.0,quiet,418.2,0.0,C,False,1.0696654726416455e-06,2,3.3,0.242,Tṛtīyā,Jyeṣṭhā,,Ravivāra ☀,Kṛṣṇa
2026-05-03T14:25:50,0.0,quiet,442.0,0.0,C,False,1.0347750958317192e-06,2,3.3,0.246,Tṛtīyā,Jyeṣṭhā,,Ravivāra ☀,Kṛṣṇa
2026-05-03T14:35:51,0.0,quiet,423.1,0.0,C,False,1.0660282896424178e-06,2,2.5,0.223,Tṛtīyā,Jyeṣṭhā,,Ravivāra ☀,Kṛṣṇa
2026-05-03T14:45:58,1.0,quiet,433.1,0.0,C,False,1.0905125691351714e-06,2,2.5,0.259,Tṛtīyā,Jyeṣṭhā,,Ravivāra ☀,Kṛṣṇa
2026-05-03T14:55:59,1.0,quiet,425.3,0.0,C,False,1.0572683777354541e-06,1,2.5,0.257,Tṛtīyā,Jyeṣṭhā,,Ravivāra ☀,Kṛṣṇa
2026-05-03T15:06:03,1.0,quiet,414.1,0.0,C,False,1.1516480071804835e-06,2,4.3,0.301,Tṛtīyā,Jyeṣṭhā,,Ravivāra ☀,Kṛṣṇa
2026-05-03T15:16:09,1.0,quiet,434.5,0.0,C,False,1.2813278544854256e-06,3,4.6,0.314,Tṛtīyā,Jyeṣṭhā,,Ravivāra ☀,Kṛṣṇa
2026-05-03T15:26:13,1.0,quiet,432.5,0.0,C,False,1.211653739119356e-06,3,4.6,0.313,Tṛtīyā,Jyeṣṭhā,,Ravivāra ☀,Kṛṣṇa
2026-05-03T15:36:19,1.0,quiet,426.3,0.0,C,False,1.1223266938031884e-06,3,4.6,0.31,Tṛtīyā,Jyeṣṭhā,,Ravivāra ☀,Kṛṣṇa
2026-05-03T15:46:25,1.0,quiet,440.8,0.0,C,False,1.3878392337574041e-06,1,4.6,0.317,Tṛtīyā,Jyeṣṭhā,,Ravivāra ☀,Kṛṣṇa
2026-05-03T15:56:29,1.0,quiet,443.2,0.0,C,False,1.1569321713977843e-06,1,4.6,0.314,Tṛtīyā,Jyeṣṭhā,,Ravivāra ☀,Kṛṣṇa
2026-05-03T16:06:35,1.0,quiet,435.7,0.0,C,False,1.101623183785705e-06,1,4.6,0.312,Tṛtīyā,Jyeṣṭhā,,Ravivāra ☀,Kṛṣṇa
2026-05-03T16:16:40,1.0,quiet,422.8,0.0,C,False,1.0731812380981864e-06,2,4.6,0.309,Tṛtīyā,Jyeṣṭhā,,Ravivāra ☀,Kṛṣṇa
2026-05-03T16:26:45,1.0,quiet,433.0,0.0,C,False,1.1374368114047684e-06,3,2.6,0.262,Tṛtīyā,Jyeṣṭhā,,Ravivāra ☀,Kṛṣṇa
2026-05-03T16:36:47,1.0,quiet,432.2,0.0,none,False,0.0,3,2.6,0.179,Tṛtīyā,Jyeṣṭhā,,Ravivāra ☀,Kṛṣṇa
2026-05-03T16:46:49,1.0,quiet,426.8,0.0,none,False,0.0,3,2.6,0.178,Tṛtīyā,Jyeṣṭhā,,Ravivāra ☀,Kṛṣṇa
2026-05-03T16:56:58,1.0,quiet,429.4,0.0,none,False,0.0,3,2.6,0.179,Tṛtīyā,Jyeṣṭhā,,Ravivāra ☀,Kṛṣṇa
2026-05-03T17:07:00,0.0,quiet,434.3,0.0,none,False,0.0,2,2.6,0.146,Tṛtīyā,Jyeṣṭhā,,Ravivāra ☀,Kṛṣṇa
2026-05-03T17:17:01,0.0,quiet,416.0,0.0,none,False,0.0,3,4.5,0.191,Tṛtīyā,Jyeṣṭhā,,Ravivāra ☀,Kṛṣṇa
2026-05-03T17:27:05,0.0,quiet,397.1,0.0,none,False,0.0,1,4.5,0.187,Tṛtīyā,Jyeṣṭhā,,Ravivāra ☀,Kṛṣṇa
2026-05-03T17:37:17,0.0,quiet,396.7,0.0,none,False,8.265039923571749e-07,1,4.5,0.264,Tṛtīyā,Jyeṣṭhā,,Ravivāra ☀,Kṛṣṇa
2026-05-03T17:47:23,0.0,quiet,398.2,0.0,none,False,8.047790061027627e-07,1,4.5,0.263,Tṛtīyā,Jyeṣṭhā,,Ravivāra ☀,Kṛṣṇa
2026-05-03T17:57:29,0.0,quiet,421.7,0.0,none,False,8.186089530681784e-07,0,0,0.156,Tṛtīyā,Jyeṣṭhā,,Ravivāra ☀,Kṛṣṇa
2026-05-03T18:07:35,1.0,quiet,429.8,0.0,none,False,8.132338962241192e-07,0,0,0.19,Tṛtīyā,Jyeṣṭhā,,Ravivāra ☀,Kṛṣṇa
2026-05-03T18:17:45,1.0,quiet,437.2,0.0,none,False,8.16592091723578e-07,0,0,0.192,Tṛtīyā,Jyeṣṭhā,,Ravivāra ☀,Kṛṣṇa
2026-05-03T18:27:47,1.0,quiet,415.9,0.0,none,False,8.515311265000491e-07,0,0,0.189,Tṛtīyā,Jyeṣṭhā,,Ravivāra ☀,Kṛṣṇa
2026-05-03T18:37:49,0.0,quiet,419.5,0.0,none,False,8.570407317165518e-07,0,0,0.156,Tṛtīyā,Jyeṣṭhā,,Ravivāra ☀,Kṛṣṇa
2026-05-03T18:47:51,0.0,quiet,397.8,0.0,none,False,8.45693364226463e-07,0,0,0.152,Tṛtīyā,Jyeṣṭhā,,Ravivāra ☀,Kṛṣṇa
2026-05-03T18:57:53,0.0,quiet,403.0,0.0,none,False,8.320769779857073e-07,0,0,0.152,Tṛtīyā,Jyeṣṭhā,,Ravivāra ☀,Kṛṣṇa
2026-05-03T19:07:55,0.0,quiet,423.8,0.0,none,False,8.816473950901127e-07,0,0,0.157,Tṛtīyā,Jyeṣṭhā,,Ravivāra ☀,Kṛṣṇa
2026-05-03T19:17:56,0.0,quiet,429.8,0.0,none,False,9.882217000267701e-07,1,3.1,0.238,Tṛtīyā,Jyeṣṭhā,,Ravivāra ☀,Kṛṣṇa
2026-05-03T19:27:58,0.0,quiet,404.6,0.0,C,False,1.061947273228725e-06,1,3.1,0.234,Tṛtīyā,Jyeṣṭhā,,Ravivāra ☀,Kṛṣṇa
2026-05-03T19:38:00,0.0,quiet,424.3,0.0,C,False,1.004730165732326e-06,1,3.1,0.237,Tṛtīyā,Jyeṣṭhā,,Ravivāra ☀,Kṛṣṇa
2026-05-03T19:48:02,0.0,quiet,435.7,0.0,none,False,9.218072705152736e-07,1,3.1,0.238,Tṛtīyā,Jyeṣṭhā,,Ravivāra ☀,Kṛṣṇa
2026-05-03T19:58:07,0.0,quiet,411.4,0.0,none,False,8.729187470635225e-07,2,4.3,0.262,Tṛtīyā,Jyeṣṭhā,,Ravivāra ☀,Kṛṣṇa
2026-05-03T20:08:13,0.0,quiet,434.9,0.0,none,False,8.573526883992599e-07,2,4.3,0.266,Tṛtīyā,Jyeṣṭhā,,Ravivāra ☀,Kṛṣṇa
2026-05-03T20:18:17,0.0,quiet,440.6,0.0,none,False,8.342969408658973e-07,2,4.3,0.267,Tṛtīyā,Jyeṣṭhā,,Ravivāra ☀,Kṛṣṇa
2026-05-03T20:28:23,0.0,quiet,436.8,0.0,none,False,8.998921998681908e-07,2,4.3,0.268,Tṛtīyā,Jyeṣṭhā,,Ravivāra ☀,Kṛṣṇa
2026-05-03T20:38:29,0.0,quiet,416.3,0.0,none,False,8.710002248335513e-07,3,3.4,0.241,Tṛtīyā,Jyeṣṭhā,,Ravivāra ☀,Kṛṣṇa
2026-05-03T20:48:35,0.0,quiet,428.1,0.0,none,False,8.78450464369962e-07,3,3.5,0.246,Tṛtīyā,Jyeṣṭhā,,Ravivāra ☀,Kṛṣṇa
2026-05-03T20:58:41,1.0,quiet,427.8,0.0,none,False,8.306755034936941e-07,3,3.5,0.278,Tṛtīyā,Jyeṣṭhā,,Ravivāra ☀,Kṛṣṇa
2026-05-03T21:08:44,1.0,quiet,423.3,0.0,none,False,8.356140028809023e-07,3,3.5,0.277,Tṛtīyā,Jyeṣṭhā,,Ravivāra ☀,Kṛṣṇa
2026-05-03T21:18:46,1.0,quiet,440.7,0.0,none,False,8.80366997080273e-07,3,3.5,0.281,Tṛtīyā,Jyeṣṭhā,,Ravivāra ☀,Kṛṣṇa
2026-05-03T21:28:48,1.0,quiet,414.3,0.0,C,False,1.8487868373995298e-06,3,3.5,0.289,Tṛtīyā,Jyeṣṭhā,,Ravivāra ☀,Kṛṣṇa
2026-05-03T21:38:49,1.0,quiet,419.9,0.0,M,True,1.7029555237968452e-05,1,2.5,0.304,Tṛtīyā,Jyeṣṭhā,,Ravivāra ☀,Kṛṣṇa
2026-05-03T21:48:51,1.0,quiet,407.1,0.0,C,False,8.581677320762537e-06,1,2.5,0.29,Tṛtīyā,Jyeṣṭhā,,Ravivāra ☀,Kṛṣṇa
2026-05-03T21:58:52,1.0,quiet,419.6,0.0,C,False,3.8582688830501866e-06,1,2.5,0.278,Tṛtīyā,Jyeṣṭhā,,Ravivāra ☀,Kṛṣṇa
2026-05-03T22:08:54,1.0,quiet,422.9,0.0,C,False,2.2007311599736568e-06,1,3.3,0.289,Tṛtīyā,Jyeṣṭhā,,Ravivāra ☀,Kṛṣṇa
2026-05-03T22:18:57,2.0,unsettled,432.2,0.0,C,False,1.5397846482301247e-06,1,3.3,0.318,Tṛtīyā,Jyeṣṭhā,,Ravivāra ☀,Kṛṣṇa
2026-05-03T22:28:58,2.0,unsettled,435.0,0.0,C,False,1.1774571930800448e-06,0,0,0.231,Tṛtīyā,Jyeṣṭhā,,Ravivāra ☀,Kṛṣṇa
2026-05-03T22:39:05,2.0,unsettled,425.3,0.0,C,False,1.1020390502380906e-06,0,0,0.228,Tṛtīyā,Jyeṣṭhā,,Ravivāra ☀,Kṛṣṇa
2026-05-03T22:49:15,2.0,unsettled,430.5,0.0,C,False,1.1068296998928417e-06,1,2.5,0.292,Tṛtīyā,Jyeṣṭhā,,Ravivāra ☀,Kṛṣṇa
2026-05-03T22:59:20,2.0,unsettled,424.6,0.0,C,False,1.101724819818628e-06,1,2.5,0.29,Tṛtīyā,Jyeṣṭhā,,Ravivāra ☀,Kṛṣṇa
2026-05-03T23:09:32,0.0,quiet,429.5,0.0,none,False,9.598751375961e-07,1,2.5,0.222,Tṛtīyā,Jyeṣṭhā,,Ravivāra ☀,Kṛṣṇa
2026-05-03T23:19:45,0.0,quiet,429.9,0.0,none,False,9.029478746924724e-07,2,3.5,0.246,Tṛtīyā,Jyeṣṭhā,,Ravivāra ☀,Kṛṣṇa
2026-05-03T23:29:57,0.0,quiet,428.5,0.0,none,False,9.760474313225131e-07,2,3.5,0.247,Tṛtīyā,Jyeṣṭhā,,Ravivāra ☀,Kṛṣṇa
2026-05-03T23:40:00,1.0,quiet,429.2,0.0,none,False,8.905677191251016e-07,1,3.5,0.279,Tṛtīyā,Jyeṣṭhā,,Ravivāra ☀,Kṛṣṇa
2026-05-03T23:50:04,0.0,quiet,426.2,0.0,none,False,9.120490744862764e-07,1,3.5,0.246,Tṛtīyā,Jyeṣṭhā,,Ravivāra ☀,Kṛṣṇa
2026-05-04T00:00:12,0.0,quiet,432.0,0.0,none,False,9.330477155344852e-07,2,4.6,0.275,Tṛtīyā,Jyeṣṭhā,,Somavāra ☽,Kṛṣṇa
2026-05-04T00:10:25,0.0,quiet,427.7,0.0,none,False,8.926297141442774e-07,2,4.6,0.273,Tṛtīyā,Jyeṣṭhā,,Somavāra ☽,Kṛṣṇa
2026-05-04T00:21:19,0.0,quiet,0,0,none,False,8.959893307292077e-07,2,4.6,0.193,Tṛtīyā,Jyeṣṭhā,,Somavāra ☽,Kṛṣṇa
2026-05-04T00:31:47,0.0,quiet,395.5,0.0,none,False,9.007142693917558e-07,2,4.6,0.267,Tṛtīyā,Jyeṣṭhā,,Somavāra ☽,Kṛṣṇa
2026-05-04T00:41:50,0.0,quiet,426.3,0.0,C,False,1.0411318953629234e-06,1,4.3,0.268,Tṛtīyā,Jyeṣṭhā,,Somavāra ☽,Kṛṣṇa
2026-05-04T00:51:57,1.0,quiet,444.8,0.0,none,False,9.273072691939888e-07,1,4.3,0.303,Tṛtīyā,Jyeṣṭhā,,Somavāra ☽,Kṛṣṇa
2026-05-04T01:01:59,1.0,quiet,436.3,0.0,none,False,8.454694011561514e-07,0,0,0.192,Tṛtīyā,Jyeṣṭhā,,Somavāra ☽,Kṛṣṇa
2026-05-04T01:12:03,1.0,quiet,412.5,0.0,none,False,7.966738735376566e-07,0,0,0.187,Tṛtīyā,Jyeṣṭhā,,Somavāra ☽,Kṛṣṇa
2026-05-04T01:22:10,2.0,unsettled,428.0,0.0,none,False,7.771476475681993e-07,0,0,0.223,Tṛtīyā,Jyeṣṭhā,,Somavāra ☽,Kṛṣṇa
2026-05-04T01:32:24,2.0,unsettled,439.7,0.0,none,False,7.729640856268816e-07,0,0,0.225,Tṛtīyā,Jyeṣṭhā,,Somavāra ☽,Kṛṣṇa
2026-05-04T01:42:29,2.0,unsettled,440.6,0.0,none,False,7.581912200294028e-07,0,0,0.224,Tṛtīyā,Jyeṣṭhā,,Somavāra ☽,Kṛṣṇa
2026-05-04T01:52:35,2.0,unsettled,424.9,0.0,none,False,7.544886670984852e-07,0,0,0.221,Tṛtīyā,Jyeṣṭhā,,Somavāra ☽,Kṛṣṇa
2026-05-04T02:02:40,2.0,unsettled,424.3,0.0,none,False,8.226878662753734e-07,1,3.3,0.305,Tṛtīyā,Jyeṣṭhā,,Somavāra ☽,Kṛṣṇa
2026-05-04T02:12:47,1.0,quiet,430.0,0.0,none,False,7.899417369117145e-07,1,3.3,0.272,Tṛtīyā,Jyeṣṭhā,,Somavāra ☽,Kṛṣṇa
2026-05-04T02:22:49,1.0,quiet,435.3,0.0,none,False,8.792503081167524e-07,1,3.3,0.275,Tṛtīyā,Jyeṣṭhā,,Somavāra ☽,Kṛṣṇa
2026-05-04T02:32:51,1.0,quiet,432.5,0.0,none,False,9.946004411176546e-07,2,6.0,0.344,Tṛtīyā,Jyeṣṭhā,,Somavāra ☽,Kṛṣṇa
2026-05-04T02:42:53,1.0,quiet,431.6,0.0,C,False,1.0055784969154047e-06,2,6.0,0.344,Tṛtīyā,Jyeṣṭhā,,Somavāra ☽,Kṛṣṇa
2026-05-04T02:52:55,1.0,quiet,438.1,0.0,none,False,9.215787599714531e-07,2,6.0,0.344,Caturthī,Mūla,,Somavāra ☽,Kṛṣṇa
2026-05-04T03:02:56,1.0,quiet,432.0,0.0,none,False,8.914548743632622e-07,1,6.0,0.342,Caturthī,Mūla,,Somavāra ☽,Kṛṣṇa
2026-05-04T03:12:58,1.0,quiet,432.4,0.0,none,False,9.728131544761709e-07,0,0,0.194,Caturthī,Mūla,,Somavāra ☽,Kṛṣṇa
2026-05-04T03:22:59,1.0,quiet,409.3,0.0,C,False,1.0116435760210152e-06,1,4.7,0.308,Caturthī,Mūla,,Somavāra ☽,Kṛṣṇa
2026-05-04T03:33:00,1.0,quiet,436.8,0.0,none,False,9.913305802911054e-07,1,4.7,0.313,Caturthī,Mūla,,Somavāra ☽,Kṛṣṇa
2026-05-04T03:43:01,1.0,quiet,436.4,0.0,none,False,9.772209068614757e-07,0,0,0.195,Caturthī,Mūla,,Somavāra ☽,Kṛṣṇa
2026-05-04T03:53:02,1.0,quiet,435.7,0.0,none,False,9.852949460764648e-07,0,0,0.195,Caturthī,Mūla,,Somavāra ☽,Kṛṣṇa
2026-05-04T04:03:03,1.0,quiet,437.6,0.0,C,False,1.0192932222707896e-06,0,0,0.196,Caturthī,Mūla,,Somavāra ☽,Kṛṣṇa
2026-05-04T04:13:07,1.0,quiet,437.7,0.0,none,False,9.669975042925216e-07,0,0,0.195,Caturthī,Mūla,,Somavāra ☽,Kṛṣṇa
2026-05-04T04:23:11,1.0,quiet,409.9,0.0,none,False,9.203890272146964e-07,0,0,0.189,Caturthī,Mūla,,Somavāra ☽,Kṛṣṇa
2026-05-04T04:33:14,1.0,quiet,434.5,0.0,none,False,8.445389312328189e-07,0,0,0.192,Caturthī,Mūla,,Somavāra ☽,Kṛṣṇa
2026-05-04T04:43:24,1.0,quiet,405.3,0.0,none,False,8.043274419833324e-07,2,4.9,0.308,Caturthī,Mūla,,Somavāra ☽,Kṛṣṇa
2026-05-04T04:53:43,0,unknown,425.5,0.0,none,False,7.873794629631448e-07,2,4.9,0.278,Caturthī,Mūla,,Somavāra ☽,Kṛṣṇa
2026-05-04T05:03:45,1.0,quiet,435.5,0.0,none,False,8.042258059504093e-07,2,4.9,0.314,Caturthī,Mūla,,Somavāra ☽,Kṛṣṇa
2026-05-04T05:13:46,0.0,quiet,405.0,0.0,none,False,8.059029141804785e-07,2,4.9,0.275,Caturthī,Mūla,,Somavāra ☽,Kṛṣṇa
2026-05-04T05:23:48,0.0,quiet,419.8,0.0,none,False,7.681951501581352e-07,1,2.5,0.217,Caturthī,Mūla,,Somavāra ☽,Kṛṣṇa
2026-05-04T05:33:49,1.0,quiet,419.3,0.0,none,False,7.721988026787585e-07,1,2.5,0.25,Caturthī,Mūla,,Somavāra ☽,Kṛṣṇa
2026-05-04T05:43:50,1.0,quiet,406.6,0.0,none,False,7.544963978034502e-07,0,0,0.185,Caturthī,Mūla,,Somavāra ☽,Kṛṣṇa
2026-05-04T05:53:51,1.0,quiet,433.3,0.0,none,False,7.82123890985531e-07,0,0,0.19,Caturthī,Mūla,,Somavāra ☽,Kṛṣṇa
2026-05-04T06:03:52,1.0,quiet,432.7,0.0,none,False,8.20963009573461e-07,1,2.5,0.254,Caturthī,Mūla,,Somavāra ☽,Kṛṣṇa
2026-05-04T06:13:53,1.0,quiet,434.3,0.0,none,False,8.16823671812017e-07,0,0,0.191,Caturthī,Mūla,,Somavāra ☽,Kṛṣṇa
2026-05-04T06:23:55,1.0,quiet,415.6,0.0,none,False,7.836574127395579e-07,1,2.6,0.252,Caturthī,Mūla,,Somavāra ☽,Kṛṣṇa
2026-05-04T06:33:56,1.0,quiet,409.9,0.0,none,False,0,1,2.6,0.175,Caturthī,Mūla,,Somavāra ☽,Kṛṣṇa
2026-05-04T06:43:57,1.0,quiet,424.5,0.0,none,False,8.173184369297815e-07,2,2.8,0.259,Caturthī,Mūla,,Somavāra ☽,Kṛṣṇa
2026-05-04T06:53:59,1.0,quiet,429.4,0.0,C,False,1.1810021760538802e-06,2,2.8,0.267,Caturthī,Mūla,,Somavāra ☽,Kṛṣṇa
2026-05-04T07:04:00,1.0,quiet,426.0,0.0,C,False,1.0446697160659824e-06,2,2.8,0.264,Caturthī,Mūla,,Somavāra ☽,Kṛṣṇa
2026-05-04T07:14:01,2.0,unsettled,410.2,0.0,none,False,9.054243150785624e-07,2,2.8,0.292,Caturthī,Mūla,,Somavāra ☽,Kṛṣṇa
2026-05-04T07:24:02,2.0,unsettled,425.5,0.0,C,False,1.074394731404027e-06,2,2.8,0.298,Caturthī,Mūla,,Somavāra ☽,Kṛṣṇa
2026-05-04T07:34:04,2.0,unsettled,412.3,0.0,none,False,9.565982281856122e-07,2,2.8,0.293,Caturthī,Mūla,,Somavāra ☽,Kṛṣṇa
2026-05-04T07:44:08,2.0,unsettled,425.3,0.0,C,False,1.5200276948235114e-06,1,2.7,0.301,Caturthī,Mūla,,Somavāra ☽,Kṛṣṇa
2026-05-04T07:54:13,2.0,unsettled,414.1,0.0,C,False,1.1087564644185477e-06,1,2.7,0.294,Caturthī,Mūla,,Somavāra ☽,Kṛṣṇa
2026-05-04T08:04:26,0.0,quiet,404.1,0.0,C,False,1.06886238881998e-06,0,0,0.157,Caturthī,Mūla,,Somavāra ☽,Kṛṣṇa
2026-05-04T08:14:32,0.0,quiet,415.5,0.0,none,False,9.519610557617852e-07,0,0,0.157,Caturthī,Mūla,,Somavāra ☽,Kṛṣṇa
2026-05-04T08:24:42,1.0,quiet,426.3,0.0,none,False,9.089546892937506e-07,0,0,0.192,Caturthī,Mūla,,Somavāra ☽,Kṛṣṇa
2026-05-04T08:34:47,1.0,quiet,427.6,0.0,none,False,9.126418376581569e-07,0,0,0.192,Caturthī,Mūla,,Somavāra ☽,Kṛṣṇa
2026-05-04T08:44:49,1.0,quiet,428.8,0.0,none,False,9.08367269403243e-07,0,0,0.192,Caturthī,Mūla,,Somavāra ☽,Kṛṣṇa
2026-05-04T08:54:50,1.0,quiet,435.2,0.0,none,False,9.042234978551278e-07,0,0,0.193,Caturthī,Mūla,,Somavāra ☽,Kṛṣṇa
2026-05-04T09:04:52,1.0,quiet,467.6,0.0,none,False,8.457826652374933e-07,0,0,0.198,Caturthī,Mūla,,Somavāra ☽,Kṛṣṇa
2026-05-04T09:14:53,1.0,quiet,478.5,0.0,none,False,9.307086656917818e-07,0,0,0.202,Caturthī,Mūla,,Somavāra ☽,Kṛṣṇa
2026-05-04T09:24:56,1.0,quiet,462.0,0.0,none,False,9.604870001567178e-07,0,0,0.199,Caturthī,Mūla,,Somavāra ☽,Kṛṣṇa
2026-05-04T09:34:57,1.0,quiet,478.5,0.0,none,False,9.961564728655503e-07,0,0,0.203,Caturthī,Mūla,,Somavāra ☽,Kṛṣṇa
2026-05-04T09:44:58,2.0,unsettled,435.1,0.0,none,False,9.22712047213281e-07,0,0,0.227,Caturthī,Mūla,,Somavāra ☽,Kṛṣṇa
2026-05-04T09:54:59,2.0,unsettled,435.7,0.0,C,False,1.0868635627048207e-06,0,0,0.23,Caturthī,Mūla,,Somavāra ☽,Kṛṣṇa
2026-05-04T10:05:00,2.0,unsettled,433.7,0.0,none,False,9.5147680667651e-07,0,0,0.227,Caturthī,Mūla,,Somavāra ☽,Kṛṣṇa
2026-05-04T10:15:01,2.0,unsettled,412.7,0.0,none,False,9.270949021811248e-07,0,0,0.223,Caturthī,Mūla,,Somavāra ☽,Kṛṣṇa
2026-05-04T10:25:02,2.0,unsettled,438.4,0.0,none,False,8.886070759217546e-07,0,0,0.227,Caturthī,Mūla,,Somavāra ☽,Kṛṣṇa
2026-05-04T10:35:03,2.0,unsettled,420.7,0.0,none,False,8.898595069695148e-07,0,0,0.224,Caturthī,Mūla,,Somavāra ☽,Kṛṣṇa
2026-05-04T10:45:10,2.0,unsettled,476.0,0.0,none,False,9.376473144584452e-07,0,0,0.235,Caturthī,Mūla,,Somavāra ☽,Kṛṣṇa
2026-05-04T10:55:18,2.0,unsettled,475.6,0.0,none,False,9.173544412988122e-07,0,0,0.234,Caturthī,Mūla,,Somavāra ☽,Kṛṣṇa
2026-05-04T11:05:24,0.0,quiet,420.2,0.0,none,False,9.284250950258865e-07,0,0,0.157,Caturthī,Mūla,,Somavāra ☽,Kṛṣṇa
2026-05-04T11:15:28,0.0,quiet,472.2,0.0,none,False,9.00449947494053e-07,0,0,0.167,Caturthī,Mūla,,Somavāra ☽,Kṛṣṇa
2026-05-04T11:25:36,0.0,quiet,436.7,0.0,none,False,8.836106530907273e-07,1,2.7,0.227,Caturthī,Mūla,,Somavāra ☽,Kṛṣṇa
2026-05-04T11:35:44,0.0,quiet,423.6,0.0,none,False,8.927728458729689e-07,1,2.7,0.225,Caturthī,Mūla,,Somavāra ☽,Kṛṣṇa
2026-05-04T11:45:46,1.0,quiet,432.3,0.0,none,False,9.501273439127544e-07,2,5.7,0.336,Caturthī,Mūla,,Somavāra ☽,Kṛṣṇa
2026-05-04T11:55:47,1.0,quiet,470.7,0.0,none,False,9.199500254908344e-07,2,5.7,0.343,Caturthī,Mūla,,Somavāra ☽,Kṛṣṇa
2026-05-04T12:05:48,1.0,quiet,412.0,0.0,none,False,9.915131613524863e-07,2,5.7,0.333,Caturthī,Mūla,,Somavāra ☽,Kṛṣṇa
2026-05-04T12:15:49,2.0,unsettled,435.2,0.0,none,False,9.563567573422915e-07,2,5.7,0.37,Caturthī,Mūla,,Somavāra ☽,Kṛṣṇa
2026-05-04T12:25:50,2.0,unsettled,432.7,0.0,C,False,1.0323487913410645e-06,2,2.8,0.298,Caturthī,Mūla,,Somavāra ☽,Kṛṣṇa
2026-05-04T12:35:52,2.0,unsettled,409.8,0.0,C,False,1.0956237019854598e-06,2,2.7,0.293,Caturthī,Mūla,,Somavāra ☽,Kṛṣṇa
2026-05-04T12:45:54,2.0,unsettled,408.5,0.0,C,False,1.3632388800033368e-06,2,2.7,0.296,Caturthī,Mūla,,Somavāra ☽,Kṛṣṇa
2026-05-04T12:55:55,3.0,unsettled,423.5,0.0,C,False,1.3407972119239275e-06,1,2.6,0.33,Caturthī,Mūla,,Somavāra ☽,Kṛṣṇa
2026-05-04T13:05:56,4.0,active,430.0,0.0,C,False,1.3649403172166785e-06,2,4.8,0.419,Caturthī,Mūla,,Somavāra ☽,Kṛṣṇa
2026-05-04T13:15:57,4.0,active,430.4,0.0,C,False,1.2380635325826006e-06,1,4.8,0.418,Caturthī,Mūla,,Somavāra ☽,Kṛṣṇa
2026-05-04T13:25:59,4.0,active,431.4,0.0,C,False,1.158910095000465e-06,2,4.8,0.417,Caturthī,Mūla,,Somavāra ☽,Kṛṣṇa
2026-05-04T13:36:00,3.0,unsettled,429.9,0.0,C,False,1.4780675883230288e-06,2,4.8,0.387,Caturthī,Mūla,,Somavāra ☽,Kṛṣṇa
2026-05-04T13:46:02,3.0,unsettled,401.0,0.0,C,False,1.2363295809336705e-06,3,4.8,0.379,Caturthī,Mūla,,Somavāra ☽,Kṛṣṇa
2026-05-04T13:56:03,3.0,unsettled,430.8,0.0,C,False,1.185151859317557e-06,2,3.5,0.351,Caturthī,Mūla,,Somavāra ☽,Kṛṣṇa
2026-05-04T14:06:08,4.0,active,406.2,0.0,C,False,1.104853026845376e-06,2,3.5,0.379,Caturthī,Mūla,,Somavāra ☽,Kṛṣṇa
2026-05-04T14:16:13,4.0,active,403.9,0.0,C,False,1.077904357771331e-06,2,3.5,0.378,Caturthī,Mūla,,Somavāra ☽,Kṛṣṇa
2026-05-04T14:26:19,4.0,active,406.1,0.0,C,False,1.0566380979071255e-06,1,3.5,0.378,Caturthī,Mūla,,Somavāra ☽,Kṛṣṇa
2026-05-04T14:36:23,4.0,active,421.5,0.0,C,False,1.0491328339412576e-06,0,0,0.293,Caturthī,Mūla,,Somavāra ☽,Kṛṣṇa
2026-05-04T14:46:28,3.0,unsettled,420.0,0.0,C,False,1.0588388477117405e-06,0,0,0.26,Caturthī,Mūla,,Somavāra ☽,Kṛṣṇa
2026-05-04T14:56:37,3.0,unsettled,403.6,0.0,C,False,1.1345085795255727e-06,0,0,0.258,Caturthī,Mūla,,Somavāra ☽,Kṛṣṇa
2026-05-04T15:06:45,3.0,unsettled,417.7,0.0,C,False,1.1745046322175767e-06,1,2.5,0.324,Caturthī,Mūla,,Somavāra ☽,Kṛṣṇa
2026-05-04T15:16:46,2.0,unsettled,405.4,0.0,none,False,0,1,2.5,0.205,Caturthī,Mūla,,Somavāra ☽,Kṛṣṇa
2026-05-04T15:26:48,2.0,unsettled,415.5,0.0,C,False,1.0483099686098285e-06,1,2.5,0.288,Caturthī,Mūla,,Somavāra ☽,Kṛṣṇa
2026-05-04T15:36:52,3.0,unsettled,411.7,0.0,C,False,1.0407950412627542e-06,2,4.5,0.37,Caturthī,Mūla,,Somavāra ☽,Kṛṣṇa
2026-05-04T15:46:54,3.0,unsettled,426.6,0.0,C,False,1.0443287692396552e-06,1,4.5,0.373,Caturthī,Mūla,,Somavāra ☽,Kṛṣṇa
2026-05-04T15:56:55,4.0,active,405.1,0.0,C,False,1.2349546523182653e-06,1,4.5,0.405,Caturthī,Mūla,,Somavāra ☽,Kṛṣṇa
2026-05-04T16:06:56,4.0,active,415.0,0.0,C,False,1.1674353572743712e-06,1,4.5,0.406,Caturthī,Mūla,,Somavāra ☽,Kṛṣṇa
2026-05-04T16:16:59,4.0,active,394.4,0.0,C,False,1.0793343108161935e-06,0,0,0.289,Caturthī,Mūla,,Somavāra ☽,Kṛṣṇa
2026-05-04T16:27:01,5.0,storm,392.2,0.0,C,False,1.062952719621535e-06,0,0,0.321,Caturthī,Mūla,,Somavāra ☽,Kṛṣṇa
2026-05-04T16:37:03,7.0,storm,395.0,0.0,none,False,0.0,0,0,0.307,Caturthī,Mūla,,Somavāra ☽,Kṛṣṇa
2026-05-04T16:47:08,7.0,storm,427.9,0.0,none,False,0.0,0,0,0.314,Caturthī,Mūla,,Somavāra ☽,Kṛṣṇa
2026-05-04T16:57:14,7.0,storm,388.6,0.0,none,False,0.0,0,0,0.306,Caturthī,Mūla,,Somavāra ☽,Kṛṣṇa
2026-05-04T17:07:19,0.0,quiet,414.1,0.0,none,False,0.0,1,2.5,0.14,Caturthī,Mūla,,Somavāra ☽,Kṛṣṇa
2026-05-04T17:17:29,2.0,unsettled,414.5,0.0,none,False,0.0,1,2.5,0.207,Caturthī,Mūla,,Somavāra ☽,Kṛṣṇa
2026-05-04T17:27:30,3.0,unsettled,403.7,0.0,none,False,0.0,2,4.2,0.281,Caturthī,Mūla,,Somavāra ☽,Kṛṣṇa
2026-05-04T17:37:36,3.0,unsettled,0.0,0.0,none,False,0.0,2,4.2,0.205,Caturthī,Mūla,,Somavāra ☽,Kṛṣṇa
2026-05-04T17:47:38,3.0,unsettled,417.8,0.0,none,False,9.444343618270068e-07,3,4.2,0.362,Caturthī,Mūla,,Somavāra ☽,Kṛṣṇa
2026-05-04T17:57:40,3.0,unsettled,412.7,0.0,C,False,1.230500174642657e-06,2,4.2,0.366,Caturthī,Mūla,,Somavāra ☽,Kṛṣṇa
2026-05-04T18:07:42,4.0,active,414.3,0.0,C,False,1.4792908586969133e-06,3,4.8,0.418,Caturthī,Mūla,,Somavāra ☽,Kṛṣṇa
2026-05-04T18:17:44,4.0,active,411.7,0.0,C,False,1.3396075928540085e-06,2,4.8,0.416,Caturthī,Mūla,,Somavāra ☽,Kṛṣṇa
2026-05-04T18:27:45,4.0,active,392.1,0.0,C,False,1.1617701147770276e-06,2,4.8,0.409,Caturthī,Mūla,,Somavāra ☽,Kṛṣṇa
2026-05-04T18:37:52,4.0,active,428.6,0.0,C,False,1.0518751878407784e-06,1,4.8,0.415,Caturthī,Mūla,,Somavāra ☽,Kṛṣṇa
2026-05-04T18:47:53,4.0,active,421.8,0.0,C,False,1.035395484905166e-06,0,0,0.293,Caturthī,Mūla,,Somavāra ☽,Kṛṣṇa
2026-05-04T18:57:55,4.0,active,423.0,0.0,C,False,1.012499637909059e-06,0,0,0.293,Caturthī,Mūla,,Somavāra ☽,Kṛṣṇa
2026-05-04T19:07:58,4.0,active,429.4,0.0,none,False,9.169732493319316e-07,0,0,0.292,Caturthī,Mūla,,Somavāra ☽,Kṛṣṇa
2026-05-04T19:17:59,4.0,active,0.0,0.0,none,False,8.785242471276433e-07,0,0,0.211,Caturthī,Mūla,,Somavāra ☽,Kṛṣṇa
2026-05-04T19:28:00,4.0,active,406.1,0.0,none,False,9.251670007870416e-07,1,3.1,0.366,Caturthī,Mūla,,Somavāra ☽,Kṛṣṇa
2026-05-04T19:38:02,4.0,active,420.2,0.0,none,False,8.430578759544005e-07,1,3.1,0.367,Caturthī,Mūla,,Somavāra ☽,Kṛṣṇa
2026-05-04T19:48:03,4.0,active,417.4,0.0,C,False,1.0527694485062966e-06,2,3.5,0.38,Caturthī,Mūla,,Somavāra ☽,Kṛṣṇa
2026-05-04T19:58:10,4.0,active,413.7,0.0,none,False,9.104631431000598e-07,2,3.5,0.377,Caturthī,Mūla,,Somavāra ☽,Kṛṣṇa
2026-05-04T20:08:16,0.0,quiet,403.5,0.0,none,False,8.189873028641159e-07,2,3.5,0.24,Caturthī,Mūla,,Somavāra ☽,Kṛṣṇa
2026-05-04T20:18:18,1.0,quiet,413.4,0.0,none,False,8.086005323093559e-07,2,5.2,0.317,Caturthī,Mūla,,Somavāra ☽,Kṛṣṇa
2026-05-04T20:28:19,2.0,unsettled,419.5,0.0,none,False,8.928586225920299e-07,1,5.2,0.353,Caturthī,Mūla,,Somavāra ☽,Kṛṣṇa
2026-05-04T20:38:21,2.0,unsettled,421.1,0.0,none,False,8.371158628506237e-07,3,5.2,0.353,Caturthī,Mūla,,Somavāra ☽,Kṛṣṇa
2026-05-04T20:48:23,2.0,unsettled,405.0,0.0,none,False,8.168486260728969e-07,3,5.2,0.349,Caturthī,Mūla,,Somavāra ☽,Kṛṣṇa
2026-05-04T20:58:24,3.0,unsettled,398.3,0.0,none,False,8.662905770506768e-07,3,4.4,0.362,Caturthī,Mūla,,Somavāra ☽,Kṛṣṇa
2026-05-04T21:08:28,4.0,active,425.4,0.0,none,False,7.808635018591303e-07,2,4.2,0.394,Caturthī,Mūla,,Somavāra ☽,Kṛṣṇa
2026-05-04T21:18:30,3.0,unsettled,417.5,0.0,none,False,8.041886871978932e-07,2,4.2,0.359,Caturthī,Mūla,,Somavāra ☽,Kṛṣṇa
2026-05-04T21:28:31,4.0,active,416.2,0.0,none,False,8.831033824208134e-07,2,4.2,0.394,Caturthī,Mūla,,Somavāra ☽,Kṛṣṇa
2026-05-04T21:38:32,4.0,active,418.1,0.0,none,False,8.964740345618338e-07,0,0,0.29,Caturthī,Mūla,,Somavāra ☽,Kṛṣṇa
2026-05-04T21:48:34,4.0,active,415.6,0.0,none,False,0,1,4.2,0.316,Caturthī,Mūla,,Somavāra ☽,Kṛṣṇa
2026-05-04T21:58:35,4.0,active,415.8,0.0,C,False,1.068802362169663e-06,1,4.2,0.397,Caturthī,Mūla,,Somavāra ☽,Kṛṣṇa
2026-05-04T22:08:36,3.0,unsettled,409.0,0.0,C,False,1.1755563491533394e-06,1,4.2,0.364,Caturthī,Mūla,,Somavāra ☽,Kṛṣṇa
2026-05-04T22:18:38,4.0,active,417.3,0.0,C,False,1.00971078609291e-06,1,4.2,0.397,Caturthī,Mūla,,Somavāra ☽,Kṛṣṇa
2026-05-04T22:28:39,4.0,active,418.1,0.0,none,False,9.001693683785561e-07,1,4.2,0.395,Caturthī,Mūla,,Somavāra ☽,Kṛṣṇa
2026-05-04T22:38:40,4.0,active,411.9,0.0,none,False,8.589582876084023e-07,1,2.5,0.35,Caturthī,Mūla,,Somavāra ☽,Kṛṣṇa
2026-05-04T22:48:42,5.0,storm,379.3,0.0,none,False,8.379218456866511e-07,3,4.5,0.427,Caturthī,Mūla,,Somavāra ☽,Kṛṣṇa
2026-05-04T22:58:43,4.0,active,384.3,0.0,none,False,8.485719718009932e-07,7,5.3,0.415,Caturthī,Mūla,,Somavāra ☽,Kṛṣṇa
2026-05-04T23:08:45,2.0,unsettled,415.4,0.0,none,False,8.210872124436719e-07,8,5.3,0.354,Caturthī,Mūla,,Somavāra ☽,Kṛṣṇa
2026-05-04T23:18:47,2.0,unsettled,397.1,0.0,none,False,8.840846703606076e-07,8,5.3,0.351,Caturthī,Mūla,,Somavāra ☽,Kṛṣṇa
2026-05-04T23:28:48,3.0,unsettled,389.6,0.0,none,False,8.118373671095469e-07,7,5.3,0.382,Caturthī,Mūla,,Somavāra ☽,Kṛṣṇa
2026-05-04T23:38:49,3.0,unsettled,405.6,0.0,none,False,8.246805691669579e-07,7,5.3,0.385,Caturthī,Mūla,,Somavāra ☽,Kṛṣṇa
2026-05-04T23:48:52,3.0,unsettled,422.3,0.0,none,False,9.19917113151314e-07,3,3.4,0.343,Caturthī,Mūla,,Somavāra ☽,Kṛṣṇa
2026-05-04T23:58:54,3.0,unsettled,436.1,0.0,none,False,7.963943176036992e-07,1,2.7,0.325,Caturthī,Mūla,,Somavāra ☽,Kṛṣṇa
2026-05-05T00:08:56,3.0,unsettled,400.7,0.0,none,False,8.632471804048691e-07,1,2.7,0.32,Caturthī,Mūla,,Maṅgalavāra ♂,Kṛṣṇa
2026-05-05T00:18:57,4.0,active,433.1,0.0,none,False,8.628936711829738e-07,2,2.9,0.364,Caturthī,Mūla,,Maṅgalavāra ♂,Kṛṣṇa
2026-05-05T00:28:59,3.0,unsettled,469.2,0.0,C,False,1.1971341109529021e-06,3,2.9,0.344,Caturthī,Mūla,,Maṅgalavāra ♂,Kṛṣṇa
2026-05-05T00:39:00,3.0,unsettled,433.0,0.0,none,False,8.589001367909077e-07,3,2.9,0.331,Caturthī,Mūla,,Maṅgalavāra ♂,Kṛṣṇa
2026-05-05T00:49:05,3.0,unsettled,451.2,0.0,none,False,8.454533144686138e-07,4,4.5,0.374,Caturthī,Mūla,,Maṅgalavāra ♂,Kṛṣṇa
2026-05-05T00:59:07,3.0,unsettled,433.8,0.0,none,False,7.988504648892558e-07,4,4.5,0.37,Caturthī,Mūla,,Maṅgalavāra ♂,Kṛṣṇa
2026-05-05T01:09:08,3.0,unsettled,426.6,0.0,none,False,8.806696314422879e-07,5,4.5,0.37,Caturthī,Mūla,,Maṅgalavāra ♂,Kṛṣṇa
2026-05-05T01:19:10,3.0,unsettled,398.3,0.0,C,False,1.1670300636978936e-06,2,3.0,0.332,Caturthī,Mūla,,Maṅgalavāra ♂,Kṛṣṇa
2026-05-05T01:29:12,3.0,unsettled,410.4,0.0,C,False,4.273455033398932e-06,0,0,0.282,Caturthī,Mūla,,Maṅgalavāra ♂,Kṛṣṇa
2026-05-05T01:39:14,3.0,unsettled,422.7,0.0,C,False,3.74526916857576e-06,0,0,0.282,Caturthī,Mūla,,Maṅgalavāra ♂,Kṛṣṇa
2026-05-05T01:49:16,3.0,unsettled,427.0,0.0,C,False,3.919150913134217e-06,0,0,0.284,Caturthī,Mūla,,Maṅgalavāra ♂,Kṛṣṇa
2026-05-05T01:59:18,3.0,unsettled,423.5,0.0,C,False,3.669324541988317e-06,0,0,0.282,Caturthī,Mūla,,Maṅgalavāra ♂,Kṛṣṇa
2026-05-05T02:09:20,1.0,quiet,391.3,0.0,C,False,3.109274302914855e-06,0,0,0.206,Caturthī,Mūla,,Maṅgalavāra ♂,Kṛṣṇa
2026-05-05T02:19:22,1.0,quiet,401.0,0.0,C,False,2.6299421733710915e-06,0,0,0.205,Caturthī,Mūla,,Maṅgalavāra ♂,Kṛṣṇa
2026-05-05T02:29:23,1.0,quiet,406.3,0.0,C,False,2.242417849629419e-06,0,0,0.204,Caturthī,Mūla,,Maṅgalavāra ♂,Kṛṣṇa
2026-05-05T02:39:31,1.0,quiet,390.6,0.0,C,False,1.8841051314666402e-06,0,0,0.198,Caturthī,Mūla,,Maṅgalavāra ♂,Kṛṣṇa
2026-05-05T02:49:33,1.0,quiet,411.5,0.0,C,False,1.560448595228081e-06,1,2.6,0.263,Pañcamī,Pūrvāṣāḍhā,,Maṅgalavāra ♂,Kṛṣṇa
2026-05-05T02:59:34,1.0,quiet,412.7,0.0,C,False,1.329979795627878e-06,1,2.6,0.261,Pañcamī,Pūrvāṣāḍhā,,Maṅgalavāra ♂,Kṛṣṇa
2026-05-05T03:09:36,1.0,quiet,417.1,0.0,C,False,1.1583639434320503e-06,2,5.8,0.339,Pañcamī,Pūrvāṣāḍhā,,Maṅgalavāra ♂,Kṛṣṇa
2026-05-05T03:19:37,1.0,quiet,399.9,0.0,C,False,1.041347672980919e-06,2,5.8,0.334,Pañcamī,Pūrvāṣāḍhā,,Maṅgalavāra ♂,Kṛṣṇa
2026-05-05T03:29:41,1.0,quiet,388.6,0.0,none,False,9.512147016721428e-07,2,5.8,0.33,Pañcamī,Pūrvāṣāḍhā,,Maṅgalavāra ♂,Kṛṣṇa
2026-05-05T03:39:43,2.0,unsettled,379.5,0.0,none,False,8.745941499910259e-07,2,5.8,0.36,Pañcamī,Pūrvāṣāḍhā,,Maṅgalavāra ♂,Kṛṣṇa
2026-05-05T03:49:45,1.0,quiet,385.4,0.0,none,False,8.590883453507558e-07,0,0,0.183,Pañcamī,Pūrvāṣāḍhā,,Maṅgalavāra ♂,Kṛṣṇa
2026-05-05T03:59:48,1.0,quiet,388.5,0.0,none,False,8.159170192811871e-07,0,0,0.183,Pañcamī,Pūrvāṣāḍhā,,Maṅgalavāra ♂,Kṛṣṇa
2026-05-05T04:09:50,1.0,quiet,335.1,0.0,none,False,8.261304742518405e-07,0,0,0.173,Pañcamī,Pūrvāṣāḍhā,,Maṅgalavāra ♂,Kṛṣṇa
2026-05-05T04:19:51,2.0,unsettled,407.4,0.0,none,False,8.016884862627194e-07,0,0,0.219,Pañcamī,Pūrvāṣāḍhā,,Maṅgalavāra ♂,Kṛṣṇa
2026-05-05T04:29:52,1.0,quiet,412.2,0.0,C,False,1.1719714620994637e-06,1,5.8,0.338,Pañcamī,Pūrvāṣāḍhā,,Maṅgalavāra ♂,Kṛṣṇa
2026-05-05T04:39:57,0,unknown,411.8,0.0,C,False,1.6617959772702307e-06,1,5.8,0.311,Pañcamī,Pūrvāṣāḍhā,,Maṅgalavāra ♂,Kṛṣṇa
2026-05-05T04:49:59,1.0,quiet,387.0,0.0,C,False,1.265084733859112e-06,1,5.8,0.335,Pañcamī,Pūrvāṣāḍhā,,Maṅgalavāra ♂,Kṛṣṇa
2026-05-05T05:00:01,1.0,quiet,393.9,0.0,none,False,9.211156566379941e-07,1,5.8,0.331,Pañcamī,Pūrvāṣāḍhā,,Maṅgalavāra ♂,Kṛṣṇa
2026-05-05T05:10:03,0.0,quiet,399.5,0.0,none,False,9.483578651270363e-07,1,4.9,0.276,Pañcamī,Pūrvāṣāḍhā,,Maṅgalavāra ♂,Kṛṣṇa
2026-05-05T05:20:05,0,unknown,401.9,0.0,none,False,9.094468396142474e-07,1,4.9,0.276,Pañcamī,Pūrvāṣāḍhā,,Maṅgalavāra ♂,Kṛṣṇa
2026-05-05T05:30:07,0.0,quiet,403.7,0.0,none,False,8.628023238088645e-07,1,4.9,0.276,Pañcamī,Pūrvāṣāḍhā,,Maṅgalavāra ♂,Kṛṣṇa
2026-05-05T05:40:08,0.0,quiet,407.2,0.0,none,False,8.91828619842272e-07,1,4.9,0.277,Pañcamī,Pūrvāṣāḍhā,,Maṅgalavāra ♂,Kṛṣṇa
2026-05-05T05:50:15,0.0,quiet,396.1,0.0,none,False,8.46082571115403e-07,0,0,0.151,Pañcamī,Pūrvāṣāḍhā,,Maṅgalavāra ♂,Kṛṣṇa
2026-05-05T06:00:16,0.0,quiet,405.6,0.0,none,False,8.203115839933162e-07,0,0,0.153,Pañcamī,Pūrvāṣāḍhā,,Maṅgalavāra ♂,Kṛṣṇa
2026-05-05T06:10:18,0.0,quiet,420.8,0.0,none,False,8.10835160791612e-07,0,0,0.155,Pañcamī,Pūrvāṣāḍhā,,Maṅgalavāra ♂,Kṛṣṇa
2026-05-05T06:20:20,1.0,quiet,417.0,0.0,none,False,8.345089099748293e-07,1,4.5,0.301,Pañcamī,Pūrvāṣāḍhā,,Maṅgalavāra ♂,Kṛṣṇa
2026-05-05T06:30:22,1.0,quiet,411.4,0.0,none,False,8.181717703337199e-07,1,4.5,0.299,Pañcamī,Pūrvāṣāḍhā,,Maṅgalavāra ♂,Kṛṣṇa
2026-05-05T06:40:24,1.0,quiet,407.4,0.0,none,False,7.691763244110916e-07,0,0,0.185,Pañcamī,Pūrvāṣāḍhā,,Maṅgalavāra ♂,Kṛṣṇa
2026-05-05T06:50:31,1.0,quiet,0.0,0.0,none,False,8.032926075429714e-07,0,0,0.11,Pañcamī,Pūrvāṣāḍhā,,Maṅgalavāra ♂,Kṛṣṇa
2026-05-05T07:00:33,1.0,quiet,407.6,0.0,none,False,8.187702178474865e-07,0,0,0.186,Pañcamī,Pūrvāṣāḍhā,,Maṅgalavāra ♂,Kṛṣṇa
2026-05-05T07:10:34,1.0,quiet,414.0,0.0,none,False,7.372483423750964e-07,0,0,0.186,Pañcamī,Pūrvāṣāḍhā,,Maṅgalavāra ♂,Kṛṣṇa
2026-05-05T07:20:37,0.0,quiet,400.2,0.0,none,False,8.210248552131816e-07,0,0,0.152,Pañcamī,Pūrvāṣāḍhā,,Maṅgalavāra ♂,Kṛṣṇa
2026-05-05T07:30:39,0.0,quiet,397.7,0.0,none,False,7.507616146540386e-07,0,0,0.15,Pañcamī,Pūrvāṣāḍhā,,Maṅgalavāra ♂,Kṛṣṇa
2026-05-05T07:40:40,0.0,quiet,384.1,0.0,none,False,7.22797096841532e-07,0,0,0.146,Pañcamī,Pūrvāṣāḍhā,,Maṅgalavāra ♂,Kṛṣṇa
2026-05-05T07:50:42,0.0,quiet,403.1,0.0,none,False,7.496130933759559e-07,0,0,0.151,Pañcamī,Pūrvāṣāḍhā,,Maṅgalavāra ♂,Kṛṣṇa
2026-05-05T08:00:43,1.0,quiet,403.6,0.0,none,False,7.832242090444197e-07,0,0,0.185,Pañcamī,Pūrvāṣāḍhā,,Maṅgalavāra ♂,Kṛṣṇa
2026-05-05T08:10:45,0.0,quiet,410.4,0.0,none,False,8.095445878097962e-07,0,0,0.153,Pañcamī,Pūrvāṣāḍhā,,Maṅgalavāra ♂,Kṛṣṇa
2026-05-05T08:20:47,0.0,quiet,410.4,0.0,none,False,7.974282425493584e-07,0,0,0.153,Pañcamī,Pūrvāṣāḍhā,,Maṅgalavāra ♂,Kṛṣṇa
2026-05-05T08:30:48,0.0,quiet,421.3,0.0,none,False,8.050004112192255e-07,0,0,0.155,Pañcamī,Pūrvāṣāḍhā,,Maṅgalavāra ♂,Kṛṣṇa
2026-05-05T08:40:51,0.0,quiet,420.7,0.0,none,False,8.568321163693327e-07,0,0,0.156,Pañcamī,Pūrvāṣāḍhā,,Maṅgalavāra ♂,Kṛṣṇa
2026-05-05T08:50:53,0.0,quiet,421.2,0.0,none,False,8.186993341041671e-07,0,0,0.155,Pañcamī,Pūrvāṣāḍhā,,Maṅgalavāra ♂,Kṛṣṇa
2026-05-05T09:00:54,0.0,quiet,423.2,0.0,none,False,9.12200732727797e-07,0,0,0.158,Pañcamī,Pūrvāṣāḍhā,,Maṅgalavāra ♂,Kṛṣṇa
2026-05-05T09:10:58,0.0,quiet,414.6,0.0,C,False,1.2340453849901678e-06,0,0,0.161,Pañcamī,Pūrvāṣāḍhā,,Maṅgalavāra ♂,Kṛṣṇa
2026-05-05T09:21:02,0.0,quiet,435.4,0.0,C,False,1.2856952480433392e-06,0,0,0.166,Pañcamī,Pūrvāṣāḍhā,,Maṅgalavāra ♂,Kṛṣṇa
2026-05-05T09:31:03,0.0,quiet,424.6,0.0,C,False,1.4057961834623711e-06,0,0,0.166,Pañcamī,Pūrvāṣāḍhā,,Maṅgalavāra ♂,Kṛṣṇa
2026-05-05T09:41:05,0.0,quiet,433.2,0.0,C,False,1.2753846476698527e-06,0,0,0.165,Pañcamī,Pūrvāṣāḍhā,,Maṅgalavāra ♂,Kṛṣṇa
2026-05-05T09:51:07,0.0,quiet,408.7,0.0,C,False,1.0957894573948579e-06,0,0,0.158,Pañcamī,Pūrvāṣāḍhā,,Maṅgalavāra ♂,Kṛṣṇa
2026-05-05T10:01:14,1.0,quiet,430.5,0.0,C,False,1.0682825859475997e-06,0,0,0.195,Pañcamī,Pūrvāṣāḍhā,,Maṅgalavāra ♂,Kṛṣṇa
2026-05-05T10:11:16,1.0,quiet,401.2,0.0,C,False,1.087155396817252e-06,0,0,0.19,Pañcamī,Pūrvāṣāḍhā,,Maṅgalavāra ♂,Kṛṣṇa
2026-05-05T10:21:17,1.0,quiet,397.7,0.0,C,False,1.1790801863753586e-06,0,0,0.191,Pañcamī,Pūrvāṣāḍhā,,Maṅgalavāra ♂,Kṛṣṇa
2026-05-05T10:31:19,1.0,quiet,411.7,0.0,C,False,1.181385300697002e-06,0,0,0.193,Pañcamī,Pūrvāṣāḍhā,,Maṅgalavāra ♂,Kṛṣṇa
2026-05-05T10:41:20,1.0,quiet,406.3,0.0,C,False,1.2275448852960835e-06,0,0,0.193,Pañcamī,Pūrvāṣāḍhā,,Maṅgalavāra ♂,Kṛṣṇa
2026-05-05T10:51:22,1.0,quiet,424.9,0.0,C,False,1.1368790637789061e-06,0,0,0.195,Pañcamī,Pūrvāṣāḍhā,,Maṅgalavāra ♂,Kṛṣṇa
2026-05-05T11:01:26,1.0,quiet,426.6,0.0,none,False,8.586859507886402e-07,1,2.5,0.253,Pañcamī,Pūrvāṣāḍhā,,Maṅgalavāra ♂,Kṛṣṇa
2026-05-05T11:11:29,0.0,quiet,433.6,0.0,C,False,1.2475735502448515e-06,2,2.7,0.233,Pañcamī,Pūrvāṣāḍhā,,Maṅgalavāra ♂,Kṛṣṇa
2026-05-05T11:21:30,0.0,quiet,420.3,0.0,none,False,9.040938380167063e-07,2,2.7,0.225,Pañcamī,Pūrvāṣāḍhā,,Maṅgalavāra ♂,Kṛṣṇa
2026-05-05T11:31:32,0.0,quiet,437.9,0.0,none,False,9.323521794613043e-07,3,2.7,0.228,Pañcamī,Pūrvāṣāḍhā,,Maṅgalavāra ♂,Kṛṣṇa
2026-05-05T11:41:33,0.0,quiet,428.4,0.0,none,False,8.89504917722661e-07,4,5.1,0.286,Pañcamī,Pūrvāṣāḍhā,,Maṅgalavāra ♂,Kṛṣṇa
2026-05-05T11:51:35,0.0,quiet,432.0,0.0,none,False,8.615758702035237e-07,4,5.1,0.286,Pañcamī,Pūrvāṣāḍhā,,Maṅgalavāra ♂,Kṛṣṇa
2026-05-05T12:01:37,0.0,quiet,426.6,0.0,none,False,6.952395779080689e-07,2,5.1,0.281,Pañcamī,Pūrvāṣāḍhā,,Maṅgalavāra ♂,Kṛṣṇa
2026-05-05T12:11:41,0.0,quiet,419.7,0.0,none,False,7.478030852325901e-07,1,2.6,0.219,Pañcamī,Pūrvāṣāḍhā,,Maṅgalavāra ♂,Kṛṣṇa
2026-05-05T12:21:42,0.0,quiet,427.4,0.0,none,False,6.705798796247109e-07,2,5.0,0.278,Pañcamī,Pūrvāṣāḍhā,,Maṅgalavāra ♂,Kṛṣṇa
2026-05-05T12:31:44,1.0,quiet,418.3,0.0,none,False,6.937930265848991e-07,1,5.0,0.31,Pañcamī,Pūrvāṣāḍhā,,Maṅgalavāra ♂,Kṛṣṇa
2026-05-05T12:41:45,0.0,quiet,420.3,0.0,none,False,7.496216767322039e-07,1,5.0,0.279,Pañcamī,Pūrvāṣāḍhā,,Maṅgalavāra ♂,Kṛṣṇa
2026-05-05T12:51:47,0.0,quiet,424.7,0.0,none,False,7.28790098492027e-07,1,5.0,0.279,Pañcamī,Pūrvāṣāḍhā,,Maṅgalavāra ♂,Kṛṣṇa
2026-05-05T13:01:48,0.0,quiet,422.7,0.0,none,False,7.53682172671688e-07,1,2.7,0.222,Pañcamī,Pūrvāṣāḍhā,,Maṅgalavāra ♂,Kṛṣṇa
2026-05-05T13:11:50,0.0,quiet,421.2,0.0,none,False,7.456999924215779e-07,1,2.7,0.221,Pañcamī,Pūrvāṣāḍhā,,Maṅgalavāra ♂,Kṛṣṇa
2026-05-05T13:21:51,0.0,quiet,422.9,0.0,none,False,7.469567435691715e-07,1,2.7,0.222,Pañcamī,Pūrvāṣāḍhā,,Maṅgalavāra ♂,Kṛṣṇa
2026-05-05T13:31:52,0.0,quiet,414.3,0.0,none,False,6.460379609052325e-07,1,2.7,0.218,Pañcamī,Pūrvāṣāḍhā,,Maṅgalavāra ♂,Kṛṣṇa
2026-05-05T13:41:54,0.0,quiet,427.4,0.0,none,False,7.957904699651408e-07,1,2.7,0.224,Pañcamī,Pūrvāṣāḍhā,,Maṅgalavāra ♂,Kṛṣṇa
2026-05-05T13:51:55,0.0,quiet,422.6,0.0,none,False,7.183455181802856e-07,1,2.7,0.221,Pañcamī,Pūrvāṣāḍhā,,Maṅgalavāra ♂,Kṛṣṇa
2026-05-05T14:01:57,0.0,quiet,0.0,0.0,none,False,6.789691155972832e-07,0,0,0.073,Pañcamī,Pūrvāṣāḍhā,,Maṅgalavāra ♂,Kṛṣṇa
2026-05-05T14:11:58,0.0,quiet,419.2,0.0,none,False,6.322678132164583e-07,0,0,0.151,Pañcamī,Pūrvāṣāḍhā,,Maṅgalavāra ♂,Kṛṣṇa
2026-05-05T14:22:00,0.0,quiet,429.9,0.0,none,False,6.364925866364501e-07,0,0,0.153,Pañcamī,Pūrvāṣāḍhā,,Maṅgalavāra ♂,Kṛṣṇa
2026-05-05T14:32:01,0.0,quiet,418.1,0.0,none,False,6.758090194125543e-07,0,0,0.152,Pañcamī,Pūrvāṣāḍhā,,Maṅgalavāra ♂,Kṛṣṇa
2026-05-05T14:42:03,0.0,quiet,418.4,0.0,none,False,7.617249480063037e-07,0,0,0.154,Pañcamī,Pūrvāṣāḍhā,,Maṅgalavāra ♂,Kṛṣṇa
2026-05-05T14:52:05,0.0,quiet,419.7,0.0,none,False,7.36282686375489e-07,0,0,0.153,Pañcamī,Pūrvāṣāḍhā,,Maṅgalavāra ♂,Kṛṣṇa
2026-05-05T15:02:06,0.0,quiet,418.0,0.0,none,False,7.446348035955452e-07,1,2.7,0.221,Pañcamī,Pūrvāṣāḍhā,,Maṅgalavāra ♂,Kṛṣṇa
2026-05-05T15:12:08,1.0,quiet,420.4,0.0,none,False,7.523737508563499e-07,2,4.4,0.297,Pañcamī,Pūrvāṣāḍhā,,Maṅgalavāra ♂,Kṛṣṇa
2026-05-05T15:22:10,1.0,quiet,423.2,0.0,none,False,6.995367698436894e-07,2,4.4,0.296,Pañcamī,Pūrvāṣāḍhā,,Maṅgalavāra ♂,Kṛṣṇa
2026-05-05T15:32:11,0.0,quiet,415.5,0.0,none,False,6.624820798606379e-07,1,2.7,0.218,Pañcamī,Pūrvāṣāḍhā,,Maṅgalavāra ♂,Kṛṣṇa
2026-05-05T15:42:13,1.0,quiet,418.7,0.0,none,False,6.378234047588194e-07,1,2.7,0.252,Pañcamī,Pūrvāṣāḍhā,,Maṅgalavāra ♂,Kṛṣṇa
2026-05-05T15:52:15,1.0,quiet,418.1,0.0,none,False,6.361927944453782e-07,1,2.7,0.251,Pañcamī,Pūrvāṣāḍhā,,Maṅgalavāra ♂,Kṛṣṇa
2026-05-05T16:02:17,1.0,quiet,427.2,0.0,none,False,6.252436719478283e-07,1,4.3,0.293,Pañcamī,Pūrvāṣāḍhā,,Maṅgalavāra ♂,Kṛṣṇa
2026-05-05T16:12:18,1.0,quiet,431.5,0.0,none,False,7.911247621450457e-07,1,4.3,0.298,Pañcamī,Pūrvāṣāḍhā,,Maṅgalavāra ♂,Kṛṣṇa
2026-05-05T16:22:19,2.0,unsettled,419.5,0.0,none,False,6.397133915925224e-07,3,4.3,0.325,Pañcamī,Pūrvāṣāḍhā,,Maṅgalavāra ♂,Kṛṣṇa
2026-05-05T16:32:21,1.0,quiet,422.4,0.0,none,False,6.345538849927834e-07,3,4.3,0.292,Pañcamī,Pūrvāṣāḍhā,,Maṅgalavāra ♂,Kṛṣṇa
2026-05-05T16:42:23,1.0,quiet,437.8,0.0,none,False,6.262551437430375e-07,2,2.9,0.26,Pañcamī,Pūrvāṣāḍhā,,Maṅgalavāra ♂,Kṛṣṇa
2026-05-05T16:52:24,1.0,quiet,425.6,0.0,none,False,6.120196758274687e-07,2,2.9,0.257,Pañcamī,Pūrvāṣāḍhā,,Maṅgalavāra ♂,Kṛṣṇa
2026-05-05T17:02:35,1.0,quiet,444.1,0.0,none,False,6.322486569843022e-07,3,2.9,0.261,Pañcamī,Pūrvāṣāḍhā,,Maṅgalavāra ♂,Kṛṣṇa
2026-05-05T20:01:21,0,unknown,0,0,none,False,0,0,0,0.0,Pañcamī,Pūrvāṣāḍhā,,Maṅgalavāra ♂,Kṛṣṇa
2026-05-05T20:11:24,0.0,quiet,434.3,0.0,none,False,5.806957119602885e-07,1,4.6,0.267,Pañcamī,Pūrvāṣāḍhā,,Maṅgalavāra ♂,Kṛṣṇa
2026-05-05T20:21:28,0.0,quiet,460.3,0.0,none,False,6.135585408628685e-07,0,0,0.158,Pañcamī,Pūrvāṣāḍhā,,Maṅgalavāra ♂,Kṛṣṇa
2026-05-05T20:31:35,0.0,quiet,433.4,0.0,none,False,0,1,4.6,0.196,Pañcamī,Pūrvāṣāḍhā,,Maṅgalavāra ♂,Kṛṣṇa
2026-05-05T20:41:37,0.0,quiet,433.6,0.0,none,False,6.615987331315409e-07,2,4.6,0.269,Pañcamī,Pūrvāṣāḍhā,,Maṅgalavāra ♂,Kṛṣṇa
2026-05-05T20:51:46,0.0,quiet,415.6,0.0,none,False,6.209666025824845e-07,2,4.6,0.265,Pañcamī,Pūrvāṣāḍhā,,Maṅgalavāra ♂,Kṛṣṇa
2026-05-05T21:01:47,0.0,quiet,462.9,0.0,none,False,6.281798050622456e-07,3,4.6,0.274,Pañcamī,Pūrvāṣāḍhā,,Maṅgalavāra ♂,Kṛṣṇa
2026-05-05T21:11:48,0.0,quiet,433.6,0.0,none,False,6.493761475212523e-07,2,2.7,0.221,Pañcamī,Pūrvāṣāḍhā,,Maṅgalavāra ♂,Kṛṣṇa
2026-05-05T21:21:52,0,unknown,0,0,none,False,0,0,0,0.0,Pañcamī,Pūrvāṣāḍhā,,Maṅgalavāra ♂,Kṛṣṇa
2026-05-05T21:31:56,0.0,quiet,448.4,0.0,none,False,7.074621635183576e-07,1,2.6,0.223,Pañcamī,Pūrvāṣāḍhā,,Maṅgalavāra ♂,Kṛṣṇa
2026-05-05T21:41:59,0.0,quiet,456.1,0.0,none,False,6.936315912753344e-07,1,2.6,0.224,Pañcamī,Pūrvāṣāḍhā,,Maṅgalavāra ♂,Kṛṣṇa
2026-05-05T21:52:03,0.0,quiet,437.9,0.0,none,False,6.89097873873834e-07,0,0,0.156,Pañcamī,Pūrvāṣāḍhā,,Maṅgalavāra ♂,Kṛṣṇa
2026-05-05T22:02:06,0.0,quiet,442.0,0.0,none,False,6.840386390649655e-07,0,0,0.156,Pañcamī,Pūrvāṣāḍhā,,Maṅgalavāra ♂,Kṛṣṇa
2026-05-05T22:12:11,0.0,quiet,455.2,0.0,none,False,6.554370202138671e-07,0,0,0.158,Pañcamī,Pūrvāṣāḍhā,,Maṅgalavāra ♂,Kṛṣṇa
2026-05-05T22:22:17,0.0,quiet,0,0,none,False,6.227002700143203e-07,0,0,0.072,Pañcamī,Pūrvāṣāḍhā,,Maṅgalavāra ♂,Kṛṣṇa
2026-05-05T22:32:19,0.0,quiet,440.7,0.0,none,False,6.05385423568805e-07,1,3.4,0.239,Pañcamī,Pūrvāṣāḍhā,,Maṅgalavāra ♂,Kṛṣṇa
2026-05-05T22:42:31,0.0,quiet,440.6,0.0,none,False,6.23272512711992e-07,1,3.4,0.239,Pañcamī,Pūrvāṣāḍhā,,Maṅgalavāra ♂,Kṛṣṇa
2026-05-05T22:52:33,0.0,quiet,433.9,0.0,none,False,6.875318376842188e-07,1,3.4,0.24,Pañcamī,Pūrvāṣāḍhā,,Maṅgalavāra ♂,Kṛṣṇa
2026-05-05T23:02:34,0.0,quiet,441.2,0.0,none,False,8.038704208956915e-07,1,3.4,0.244,Pañcamī,Pūrvāṣāḍhā,,Maṅgalavāra ♂,Kṛṣṇa
2026-05-05T23:12:35,0.0,quiet,453.9,0.0,none,False,9.1155141035415e-07,0,0,0.163,Pañcamī,Pūrvāṣāḍhā,,Maṅgalavāra ♂,Kṛṣṇa
2026-05-05T23:22:37,0.0,quiet,440.8,0.0,none,False,0,1,4.8,0.203,Pañcamī,Pūrvāṣāḍhā,,Maṅgalavāra ♂,Kṛṣṇa
2026-05-05T23:32:38,0.0,quiet,432.7,0.0,none,False,8.892561709217262e-07,1,4.8,0.279,Pañcamī,Pūrvāṣāḍhā,,Maṅgalavāra ♂,Kṛṣṇa
2026-05-05T23:42:39,0.0,quiet,440.1,0.0,C,False,1.0431341479488765e-06,1,4.8,0.283,Pañcamī,Pūrvāṣāḍhā,,Maṅgalavāra ♂,Kṛṣṇa
2026-05-05T23:52:40,0.0,quiet,432.0,0.0,none,False,9.81365474217455e-07,1,4.8,0.281,Pañcamī,Pūrvāṣāḍhā,,Maṅgalavāra ♂,Kṛṣṇa
2026-05-06T00:02:42,0.0,quiet,439.6,0.0,C,False,1.103614408748399e-06,1,4.8,0.284,Pañcamī,Pūrvāṣāḍhā,,Budhavāra ☿,Kṛṣṇa
2026-05-06T00:12:44,0.0,quiet,441.9,0.0,none,False,8.610405757281114e-07,1,3.2,0.24,Pañcamī,Pūrvāṣāḍhā,,Budhavāra ☿,Kṛṣṇa
2026-05-06T00:22:45,0.0,quiet,461.8,0.0,none,False,7.066298621793976e-07,3,4.9,0.283,Pañcamī,Pūrvāṣāḍhā,,Budhavāra ☿,Kṛṣṇa
2026-05-06T00:32:46,0.0,quiet,433.4,0.0,none,False,6.235323439796048e-07,3,4.9,0.276,Pañcamī,Pūrvāṣāḍhā,,Budhavāra ☿,Kṛṣṇa
2026-05-06T00:42:47,0.0,quiet,428.6,0.0,none,False,7.979966767379665e-07,3,4.9,0.279,Pañcamī,Pūrvāṣāḍhā,,Budhavāra ☿,Kṛṣṇa
2026-05-06T00:52:49,0.0,quiet,440.9,0.0,none,False,9.821782214203267e-07,3,4.9,0.285,Pañcamī,Pūrvāṣāḍhā,,Budhavāra ☿,Kṛṣṇa
2026-05-06T01:02:55,0.0,quiet,455.4,0.0,none,False,7.35115918359952e-07,3,4.9,0.283,Pañcamī,Pūrvāṣāḍhā,,Budhavāra ☿,Kṛṣṇa
2026-05-06T01:12:58,0.0,quiet,454.7,0.0,none,False,7.121614657989994e-07,0,0,0.159,Pañcamī,Pūrvāṣāḍhā,,Budhavāra ☿,Kṛṣṇa
2026-05-06T01:23:02,0.0,quiet,415.6,0.0,none,False,6.790200473005825e-07,0,0,0.151,Pañcamī,Pūrvāṣāḍhā,,Budhavāra ☿,Kṛṣṇa
2026-05-06T01:33:05,0.0,quiet,419.2,0.0,none,False,6.24384938419098e-07,0,0,0.15,Pañcamī,Pūrvāṣāḍhā,,Budhavāra ☿,Kṛṣṇa
2026-05-06T01:43:05,0,unknown,0,0,none,False,0,0,0,0.0,Pañcamī,Pūrvāṣāḍhā,,Budhavāra ☿,Kṛṣṇa
2026-05-06T01:53:05,0,unknown,0,0,none,False,0,0,0,0.0,Pañcamī,Pūrvāṣāḍhā,,Budhavāra ☿,Kṛṣṇa
2026-05-06T02:03:05,0,unknown,0,0,none,False,0,0,0,0.0,Pañcamī,Pūrvāṣāḍhā,,Budhavāra ☿,Kṛṣṇa
2026-05-06T02:13:05,0,unknown,0,0,none,False,0,0,0,0.0,Pañcamī,Pūrvāṣāḍhā,,Budhavāra ☿,Kṛṣṇa
2026-05-06T02:23:05,0,unknown,0,0,none,False,0,0,0,0.0,Pañcamī,Pūrvāṣāḍhā,,Budhavāra ☿,Kṛṣṇa
2026-05-06T02:33:05,0,unknown,0,0,none,False,0,0,0,0.0,Pañcamī,Pūrvāṣāḍhā,,Budhavāra ☿,Kṛṣṇa
2026-05-06T02:43:05,0,unknown,0,0,none,False,0,0,0,0.0,Pañcamī,Pūrvāṣāḍhā,,Budhavāra ☿,Kṛṣṇa
2026-05-06T02:53:05,0,unknown,0,0,none,False,0,0,0,0.0,Ṣaṣṭhī,Pūrvāṣāḍhā,,Budhavāra ☿,Kṛṣṇa
2026-05-06T03:03:05,0,unknown,0,0,none,False,0,0,0,0.0,Ṣaṣṭhī,Pūrvāṣāḍhā,,Budhavāra ☿,Kṛṣṇa
2026-05-06T03:13:05,0,unknown,0,0,none,False,0,0,0,0.0,Ṣaṣṭhī,Pūrvāṣāḍhā,,Budhavāra ☿,Kṛṣṇa
2026-05-06T03:23:05,0,unknown,0,0,none,False,0,0,0,0.0,Ṣaṣṭhī,Pūrvāṣāḍhā,,Budhavāra ☿,Kṛṣṇa
2026-05-06T03:33:05,0,unknown,0,0,none,False,0,0,0,0.0,Ṣaṣṭhī,Pūrvāṣāḍhā,,Budhavāra ☿,Kṛṣṇa
2026-05-06T03:43:06,0,unknown,0,0,none,False,0,0,0,0.0,Ṣaṣṭhī,Pūrvāṣāḍhā,,Budhavāra ☿,Kṛṣṇa
2026-05-06T03:53:06,0,unknown,0,0,none,False,0,0,0,0.0,Ṣaṣṭhī,Pūrvāṣāḍhā,,Budhavāra ☿,Kṛṣṇa
2026-05-06T04:03:06,0,unknown,0,0,none,False,0,0,0,0.0,Ṣaṣṭhī,Pūrvāṣāḍhā,,Budhavāra ☿,Kṛṣṇa
2026-05-06T04:13:06,0,unknown,0,0,none,False,0,0,0,0.0,Ṣaṣṭhī,Pūrvāṣāḍhā,,Budhavāra ☿,Kṛṣṇa
2026-05-06T04:23:06,0,unknown,0,0,none,False,0,0,0,0.0,Ṣaṣṭhī,Pūrvāṣāḍhā,,Budhavāra ☿,Kṛṣṇa
2026-05-06T04:33:06,0,unknown,0,0,none,False,0,0,0,0.0,Ṣaṣṭhī,Pūrvāṣāḍhā,,Budhavāra ☿,Kṛṣṇa
2026-05-06T04:43:06,0,unknown,0,0,none,False,0,0,0,0.0,Ṣaṣṭhī,Pūrvāṣāḍhā,,Budhavāra ☿,Kṛṣṇa
2026-05-06T04:53:06,0,unknown,0,0,none,False,0,0,0,0.0,Ṣaṣṭhī,Pūrvāṣāḍhā,,Budhavāra ☿,Kṛṣṇa
2026-05-06T05:03:06,0,unknown,0,0,none,False,0,0,0,0.0,Ṣaṣṭhī,Pūrvāṣāḍhā,,Budhavāra ☿,Kṛṣṇa
2026-05-06T05:13:06,0,unknown,0,0,none,False,0,0,0,0.0,Ṣaṣṭhī,Pūrvāṣāḍhā,,Budhavāra ☿,Kṛṣṇa
2026-05-06T05:23:06,0,unknown,0,0,none,False,0,0,0,0.0,Ṣaṣṭhī,Pūrvāṣāḍhā,,Budhavāra ☿,Kṛṣṇa
2026-05-06T05:33:06,0,unknown,0,0,none,False,0,0,0,0.0,Ṣaṣṭhī,Pūrvāṣāḍhā,,Budhavāra ☿,Kṛṣṇa
2026-05-06T05:43:06,0,unknown,0,0,none,False,0,0,0,0.0,Ṣaṣṭhī,Pūrvāṣāḍhā,,Budhavāra ☿,Kṛṣṇa
2026-05-06T05:53:06,0,unknown,0,0,none,False,0,0,0,0.0,Ṣaṣṭhī,Pūrvāṣāḍhā,,Budhavāra ☿,Kṛṣṇa
2026-05-06T06:03:06,0,unknown,0,0,none,False,0,0,0,0.0,Ṣaṣṭhī,Pūrvāṣāḍhā,,Budhavāra ☿,Kṛṣṇa
2026-05-06T06:13:06,0,unknown,0,0,none,False,0,0,0,0.0,Ṣaṣṭhī,Pūrvāṣāḍhā,,Budhavāra ☿,Kṛṣṇa
2026-05-06T06:23:06,0,unknown,0,0,none,False,0,0,0,0.0,Ṣaṣṭhī,Pūrvāṣāḍhā,,Budhavāra ☿,Kṛṣṇa
2026-05-06T06:33:06,0,unknown,0,0,none,False,0,0,0,0.0,Ṣaṣṭhī,Pūrvāṣāḍhā,,Budhavāra ☿,Kṛṣṇa
2026-05-06T06:43:06,0,unknown,0,0,none,False,0,0,0,0.0,Ṣaṣṭhī,Pūrvāṣāḍhā,,Budhavāra ☿,Kṛṣṇa
2026-05-06T06:53:06,0,unknown,0,0,none,False,0,0,0,0.0,Ṣaṣṭhī,Pūrvāṣāḍhā,,Budhavāra ☿,Kṛṣṇa
2026-05-06T07:03:06,0,unknown,0,0,none,False,0,0,0,0.0,Ṣaṣṭhī,Pūrvāṣāḍhā,,Budhavāra ☿,Kṛṣṇa
2026-05-06T07:13:06,0,unknown,0,0,none,False,0,0,0,0.0,Ṣaṣṭhī,Pūrvāṣāḍhā,,Budhavāra ☿,Kṛṣṇa
2026-05-06T07:23:06,0,unknown,0,0,none,False,0,0,0,0.0,Ṣaṣṭhī,Pūrvāṣāḍhā,,Budhavāra ☿,Kṛṣṇa
2026-05-06T07:33:06,0,unknown,0,0,none,False,0,0,0,0.0,Ṣaṣṭhī,Pūrvāṣāḍhā,,Budhavāra ☿,Kṛṣṇa
2026-05-06T07:43:06,0,unknown,0,0,none,False,0,0,0,0.0,Ṣaṣṭhī,Pūrvāṣāḍhā,,Budhavāra ☿,Kṛṣṇa
2026-05-06T07:53:06,0,unknown,0,0,none,False,0,0,0,0.0,Ṣaṣṭhī,Pūrvāṣāḍhā,,Budhavāra ☿,Kṛṣṇa
2026-05-06T08:03:06,0,unknown,0,0,none,False,0,0,0,0.0,Ṣaṣṭhī,Pūrvāṣāḍhā,,Budhavāra ☿,Kṛṣṇa
2026-05-06T08:13:06,0,unknown,0,0,none,False,0,0,0,0.0,Ṣaṣṭhī,Pūrvāṣāḍhā,,Budhavāra ☿,Kṛṣṇa
2026-05-06T08:23:06,0,unknown,0,0,none,False,0,0,0,0.0,Ṣaṣṭhī,Pūrvāṣāḍhā,,Budhavāra ☿,Kṛṣṇa
2026-05-06T08:33:06,0,unknown,0,0,none,False,0,0,0,0.0,Ṣaṣṭhī,Pūrvāṣāḍhā,,Budhavāra ☿,Kṛṣṇa
2026-05-06T08:43:06,0,unknown,0,0,none,False,0,0,0,0.0,Ṣaṣṭhī,Pūrvāṣāḍhā,,Budhavāra ☿,Kṛṣṇa
2026-05-06T08:53:06,0,unknown,0,0,none,False,0,0,0,0.0,Ṣaṣṭhī,Pūrvāṣāḍhā,,Budhavāra ☿,Kṛṣṇa
2026-05-06T09:03:06,0,unknown,0,0,none,False,0,0,0,0.0,Ṣaṣṭhī,Pūrvāṣāḍhā,,Budhavāra ☿,Kṛṣṇa
2026-05-06T09:13:06,0,unknown,0,0,none,False,0,0,0,0.0,Ṣaṣṭhī,Pūrvāṣāḍhā,,Budhavāra ☿,Kṛṣṇa
2026-05-06T09:23:06,0,unknown,0,0,none,False,0,0,0,0.0,Ṣaṣṭhī,Pūrvāṣāḍhā,,Budhavāra ☿,Kṛṣṇa
2026-05-06T09:33:06,0,unknown,0,0,none,False,0,0,0,0.0,Ṣaṣṭhī,Pūrvāṣāḍhā,,Budhavāra ☿,Kṛṣṇa
2026-05-06T09:43:06,0,unknown,0,0,none,False,0,0,0,0.0,Ṣaṣṭhī,Pūrvāṣāḍhā,,Budhavāra ☿,Kṛṣṇa
2026-05-06T09:53:06,0,unknown,0,0,none,False,0,0,0,0.0,Ṣaṣṭhī,Pūrvāṣāḍhā,,Budhavāra ☿,Kṛṣṇa
2026-05-06T10:03:06,0,unknown,0,0,none,False,0,0,0,0.0,Ṣaṣṭhī,Pūrvāṣāḍhā,,Budhavāra ☿,Kṛṣṇa
2026-05-06T10:13:06,0,unknown,0,0,none,False,0,0,0,0.0,Ṣaṣṭhī,Pūrvāṣāḍhā,,Budhavāra ☿,Kṛṣṇa
2026-05-06T10:23:06,0,unknown,0,0,none,False,0,0,0,0.0,Ṣaṣṭhī,Pūrvāṣāḍhā,,Budhavāra ☿,Kṛṣṇa
2026-05-06T10:33:06,0,unknown,0,0,none,False,0,0,0,0.0,Ṣaṣṭhī,Pūrvāṣāḍhā,,Budhavāra ☿,Kṛṣṇa
2026-05-06T10:43:06,0,unknown,0,0,none,False,0,0,0,0.0,Ṣaṣṭhī,Pūrvāṣāḍhā,,Budhavāra ☿,Kṛṣṇa
2026-05-06T10:53:06,0,unknown,0,0,none,False,0,0,0,0.0,Ṣaṣṭhī,Pūrvāṣāḍhā,,Budhavāra ☿,Kṛṣṇa
2026-05-06T11:03:06,0,unknown,0,0,none,False,0,0,0,0.0,Ṣaṣṭhī,Pūrvāṣāḍhā,,Budhavāra ☿,Kṛṣṇa
2026-05-06T11:13:06,0,unknown,0,0,none,False,0,0,0,0.0,Ṣaṣṭhī,Pūrvāṣāḍhā,,Budhavāra ☿,Kṛṣṇa
2026-05-06T11:23:06,0,unknown,0,0,none,False,0,0,0,0.0,Ṣaṣṭhī,Pūrvāṣāḍhā,,Budhavāra ☿,Kṛṣṇa
2026-05-06T11:33:06,0,unknown,0,0,none,False,0,0,0,0.0,Ṣaṣṭhī,Pūrvāṣāḍhā,,Budhavāra ☿,Kṛṣṇa
2026-05-06T11:43:06,0,unknown,0,0,none,False,0,0,0,0.0,Ṣaṣṭhī,Pūrvāṣāḍhā,,Budhavāra ☿,Kṛṣṇa
2026-05-06T11:53:06,0,unknown,0,0,none,False,0,0,0,0.0,Ṣaṣṭhī,Pūrvāṣāḍhā,,Budhavāra ☿,Kṛṣṇa
2026-05-06T12:03:06,0,unknown,0,0,none,False,0,0,0,0.0,Ṣaṣṭhī,Pūrvāṣāḍhā,,Budhavāra ☿,Kṛṣṇa
2026-05-06T12:13:06,0,unknown,0,0,none,False,0,0,0,0.0,Ṣaṣṭhī,Pūrvāṣāḍhā,,Budhavāra ☿,Kṛṣṇa
2026-05-06T12:23:06,0,unknown,0,0,none,False,0,0,0,0.0,Ṣaṣṭhī,Pūrvāṣāḍhā,,Budhavāra ☿,Kṛṣṇa
2026-05-06T12:33:06,0,unknown,0,0,none,False,0,0,0,0.0,Ṣaṣṭhī,Pūrvāṣāḍhā,,Budhavāra ☿,Kṛṣṇa
2026-05-06T12:43:06,0,unknown,0,0,none,False,0,0,0,0.0,Ṣaṣṭhī,Pūrvāṣāḍhā,,Budhavāra ☿,Kṛṣṇa
2026-05-06T12:53:06,0,unknown,0,0,none,False,0,0,0,0.0,Ṣaṣṭhī,Pūrvāṣāḍhā,,Budhavāra ☿,Kṛṣṇa
2026-05-06T13:03:06,0,unknown,0,0,none,False,0,0,0,0.0,Ṣaṣṭhī,Pūrvāṣāḍhā,,Budhavāra ☿,Kṛṣṇa
2026-05-06T13:13:06,0,unknown,0,0,none,False,0,0,0,0.0,Ṣaṣṭhī,Pūrvāṣāḍhā,,Budhavāra ☿,Kṛṣṇa
2026-05-06T13:23:06,0,unknown,0,0,none,False,0,0,0,0.0,Ṣaṣṭhī,Pūrvāṣāḍhā,,Budhavāra ☿,Kṛṣṇa
2026-05-06T13:33:06,0,unknown,0,0,none,False,0,0,0,0.0,Ṣaṣṭhī,Pūrvāṣāḍhā,,Budhavāra ☿,Kṛṣṇa
2026-05-06T13:43:11,1.0,quiet,368.8,0.0,none,False,7.783959858898015e-07,2,3.3,0.261,Ṣaṣṭhī,Pūrvāṣāḍhā,,Budhavāra ☿,Kṛṣṇa
2026-05-06T13:53:14,1.0,quiet,377.8,0.0,none,False,7.279876967913879e-07,1,2.6,0.244,Ṣaṣṭhī,Pūrvāṣāḍhā,,Budhavāra ☿,Kṛṣṇa
2026-05-06T14:03:22,0.0,quiet,373.0,0.0,none,False,6.819323061790783e-07,0,0,0.143,Ṣaṣṭhī,Pūrvāṣāḍhā,,Budhavāra ☿,Kṛṣṇa
2026-05-06T14:13:30,0.0,quiet,377.8,0.0,none,False,6.915264521012432e-07,0,0,0.144,Ṣaṣṭhī,Pūrvāṣāḍhā,,Budhavāra ☿,Kṛṣṇa
2026-05-06T14:23:31,0.0,quiet,374.8,0.0,none,False,6.599704533982731e-07,0,0,0.143,Ṣaṣṭhī,Pūrvāṣāḍhā,,Budhavāra ☿,Kṛṣṇa
2026-05-06T14:33:34,0.0,quiet,376.6,0.0,none,False,6.403284942280152e-07,0,0,0.143,Ṣaṣṭhī,Pūrvāṣāḍhā,,Budhavāra ☿,Kṛṣṇa
2026-05-06T14:43:36,0.0,quiet,378.7,0.0,none,False,6.586862468793697e-07,0,0,0.144,Ṣaṣṭhī,Pūrvāṣāḍhā,,Budhavāra ☿,Kṛṣṇa
2026-05-06T14:53:37,0.0,quiet,378.8,0.0,none,False,6.633397902078286e-07,0,0,0.144,Ṣaṣṭhī,Pūrvāṣāḍhā,,Budhavāra ☿,Kṛṣṇa
2026-05-06T15:03:38,0.0,quiet,381.7,0.0,none,False,6.382286983352969e-07,0,0,0.144,Ṣaṣṭhī,Pūrvāṣāḍhā,,Budhavāra ☿,Kṛṣṇa
2026-05-06T15:13:39,0.0,quiet,372.5,0.0,none,False,6.27970962341351e-07,1,2.8,0.212,Ṣaṣṭhī,Pūrvāṣāḍhā,,Budhavāra ☿,Kṛṣṇa
2026-05-06T15:23:41,0.0,quiet,0.0,0.0,none,False,6.26490987087891e-07,1,2.8,0.142,Ṣaṣṭhī,Pūrvāṣāḍhā,,Budhavāra ☿,Kṛṣṇa
2026-05-06T15:33:42,0.0,quiet,374.2,0.0,none,False,6.499280971183907e-07,1,2.8,0.213,Ṣaṣṭhī,Pūrvāṣāḍhā,,Budhavāra ☿,Kṛṣṇa
2026-05-06T15:43:43,0.0,quiet,372.9,0.0,none,False,8.957325121627946e-07,2,5.0,0.273,Ṣaṣṭhī,Pūrvāṣāḍhā,,Budhavāra ☿,Kṛṣṇa
2026-05-06T15:53:45,1.0,quiet,398.4,0.0,none,False,8.753518159210216e-07,2,5.0,0.311,Ṣaṣṭhī,Pūrvāṣāḍhā,,Budhavāra ☿,Kṛṣṇa
2026-05-06T16:03:46,0.0,quiet,372.7,0.0,none,False,7.8629142308273e-07,2,5.0,0.271,Ṣaṣṭhī,Pūrvāṣāḍhā,,Budhavāra ☿,Kṛṣṇa
2026-05-06T16:13:47,0.0,quiet,386.6,0.0,none,False,7.040006835268287e-07,1,5.0,0.271,Ṣaṣṭhī,Pūrvāṣāḍhā,,Budhavāra ☿,Kṛṣṇa
2026-05-06T16:23:49,0.0,quiet,379.3,0.0,none,False,6.73164890940825e-07,0,0,0.144,Ṣaṣṭhī,Pūrvāṣāḍhā,,Budhavāra ☿,Kṛṣṇa
2026-05-06T16:33:52,1.0,quiet,366.4,0.0,none,False,6.316802227956941e-07,0,0,0.174,Ṣaṣṭhī,Pūrvāṣāḍhā,,Budhavāra ☿,Kṛṣṇa
2026-05-06T16:43:54,1.0,quiet,389.9,0.0,none,False,6.031878001522273e-07,0,0,0.178,Ṣaṣṭhī,Pūrvāṣāḍhā,,Budhavāra ☿,Kṛṣṇa
2026-05-06T16:54:02,1.0,quiet,379.6,0.0,none,False,5.953897357358073e-07,0,0,0.176,Ṣaṣṭhī,Pūrvāṣāḍhā,,Budhavāra ☿,Kṛṣṇa
2026-05-06T17:04:16,0.0,quiet,378.3,0.0,none,False,6.183713594509754e-07,0,0,0.143,Ṣaṣṭhī,Pūrvāṣāḍhā,,Budhavāra ☿,Kṛṣṇa
2026-05-06T17:14:20,0.0,quiet,378.4,0.0,none,False,5.999022505420726e-07,0,0,0.142,Ṣaṣṭhī,Pūrvāṣāḍhā,,Budhavāra ☿,Kṛṣṇa
2026-05-06T17:24:26,0.0,quiet,367.6,0.0,none,False,5.912046390221803e-07,0,0,0.14,Ṣaṣṭhī,Pūrvāṣāḍhā,,Budhavāra ☿,Kṛṣṇa
2026-05-06T17:34:30,0.0,quiet,367.2,0.0,none,False,5.871722237316135e-07,0,0,0.14,Ṣaṣṭhī,Pūrvāṣāḍhā,,Budhavāra ☿,Kṛṣṇa
2026-05-06T17:44:31,0.0,quiet,376.6,0.0,none,False,5.785902317256841e-07,0,0,0.141,Ṣaṣṭhī,Pūrvāṣāḍhā,,Budhavāra ☿,Kṛṣṇa
2026-05-06T17:54:49,0.0,quiet,0,0,none,False,5.756015752922394e-07,1,2.9,0.143,Ṣaṣṭhī,Pūrvāṣāḍhā,,Budhavāra ☿,Kṛṣṇa
2026-05-06T18:04:52,0.0,quiet,372.1,0.0,none,False,5.603554313893255e-07,1,2.9,0.212,Ṣaṣṭhī,Pūrvāṣāḍhā,,Budhavāra ☿,Kṛṣṇa
2026-05-06T18:14:55,1.0,quiet,357.9,0.0,none,False,0,1,2.9,0.173,Ṣaṣṭhī,Pūrvāṣāḍhā,,Budhavāra ☿,Kṛṣṇa
2026-05-06T18:25:01,1.0,quiet,353.1,0.0,none,False,5.382455015023879e-07,2,4.6,0.284,Ṣaṣṭhī,Pūrvāṣāḍhā,,Budhavāra ☿,Kṛṣṇa
2026-05-06T18:35:05,1.0,quiet,361.8,0.0,none,False,5.578487503044016e-07,2,4.6,0.286,Ṣaṣṭhī,Pūrvāṣāḍhā,,Budhavāra ☿,Kṛṣṇa
2026-05-06T18:45:09,1.0,quiet,347.7,0.0,none,False,5.511655558620987e-07,1,4.6,0.283,Ṣaṣṭhī,Pūrvāṣāḍhā,,Budhavāra ☿,Kṛṣṇa
2026-05-06T18:55:13,1.0,quiet,352.4,0.0,none,False,5.673180680787482e-07,1,4.6,0.285,Ṣaṣṭhī,Pūrvāṣāḍhā,,Budhavāra ☿,Kṛṣṇa
2026-05-06T19:05:17,1.0,quiet,371.5,0.0,none,False,5.718916327168699e-07,1,4.6,0.288,Ṣaṣṭhī,Pūrvāṣāḍhā,,Budhavāra ☿,Kṛṣṇa
2026-05-06T19:15:20,1.0,quiet,372.7,0.0,none,False,5.908742650717613e-07,2,4.3,0.282,Ṣaṣṭhī,Pūrvāṣāḍhā,,Budhavāra ☿,Kṛṣṇa
2026-05-06T19:25:24,1.0,quiet,376.1,0.0,none,False,6.050829597370466e-07,2,4.3,0.283,Ṣaṣṭhī,Pūrvāṣāḍhā,,Budhavāra ☿,Kṛṣṇa
2026-05-06T19:35:28,1.0,quiet,349.0,0.0,none,False,6.543796189362183e-07,2,4.3,0.279,Ṣaṣṭhī,Pūrvāṣāḍhā,,Budhavāra ☿,Kṛṣṇa
2026-05-06T19:45:30,1.0,quiet,355.6,0.0,none,False,6.851389571238542e-07,2,4.3,0.281,Ṣaṣṭhī,Pūrvāṣāḍhā,,Budhavāra ☿,Kṛṣṇa
2026-05-06T19:55:39,1.0,quiet,370.8,0.0,none,False,7.096235208337021e-07,2,4.3,0.284,Ṣaṣṭhī,Pūrvāṣāḍhā,,Budhavāra ☿,Kṛṣṇa
2026-05-06T20:05:41,0.0,quiet,377.2,0.0,none,False,8.20712273252866e-07,0,0,0.147,Ṣaṣṭhī,Pūrvāṣāḍhā,,Budhavāra ☿,Kṛṣṇa
2026-05-06T20:15:42,0.0,quiet,353.9,0.0,none,False,7.87541068802966e-07,0,0,0.142,Ṣaṣṭhī,Pūrvāṣāḍhā,,Budhavāra ☿,Kṛṣṇa
2026-05-06T20:25:43,0.0,quiet,358.9,0.0,none,False,7.432338975377206e-07,0,0,0.142,Ṣaṣṭhī,Pūrvāṣāḍhā,,Budhavāra ☿,Kṛṣṇa
2026-05-06T20:35:50,0.0,quiet,362.1,0.0,none,False,9.067234145732073e-07,0,0,0.146,Ṣaṣṭhī,Pūrvāṣāḍhā,,Budhavāra ☿,Kṛṣṇa
2026-05-06T20:45:55,0.0,quiet,370.7,0.0,none,False,8.931521051636082e-07,0,0,0.148,Ṣaṣṭhī,Pūrvāṣāḍhā,,Budhavāra ☿,Kṛṣṇa
2026-05-06T20:56:05,0.0,quiet,375.4,0.0,none,False,8.130829201036249e-07,0,0,0.147,Ṣaṣṭhī,Pūrvāṣāḍhā,,Budhavāra ☿,Kṛṣṇa
2026-05-06T21:06:13,0.0,quiet,370.9,0.0,none,False,8.65987090037379e-07,0,0,0.147,Ṣaṣṭhī,Pūrvāṣāḍhā,,Budhavāra ☿,Kṛṣṇa
2026-05-06T21:16:25,0.0,quiet,369.5,0.0,none,False,9.941438747773645e-07,1,3.6,0.239,Ṣaṣṭhī,Pūrvāṣāḍhā,,Budhavāra ☿,Kṛṣṇa
2026-05-06T21:26:31,0.0,quiet,369.7,0.0,C,False,1.2329165883784299e-06,1,3.6,0.243,Ṣaṣṭhī,Pūrvāṣāḍhā,,Budhavāra ☿,Kṛṣṇa
2026-05-06T21:36:33,0.0,quiet,360.9,0.0,C,False,1.8393966456642374e-06,1,3.6,0.248,Ṣaṣṭhī,Pūrvāṣāḍhā,,Budhavāra ☿,Kṛṣṇa
2026-05-06T21:46:38,0.0,quiet,360.7,0.0,C,False,2.9772693324048305e-06,2,5.1,0.294,Ṣaṣṭhī,Pūrvāṣāḍhā,,Budhavāra ☿,Kṛṣṇa
2026-05-06T21:56:43,0.0,quiet,364.7,0.0,C,False,3.82297184842173e-06,2,5.1,0.299,Ṣaṣṭhī,Pūrvāṣāḍhā,,Budhavāra ☿,Kṛṣṇa
2026-05-06T22:06:46,0.0,quiet,371.7,0.0,C,False,4.321159394748975e-06,2,5.1,0.303,Ṣaṣṭhī,Pūrvāṣāḍhā,,Budhavāra ☿,Kṛṣṇa
2026-05-06T22:16:47,0.0,quiet,359.4,0.0,C,False,4.5058050091029145e-06,2,5.1,0.301,Ṣaṣṭhī,Pūrvāṣāḍhā,,Budhavāra ☿,Kṛṣṇa
2026-05-06T22:26:48,0.0,quiet,369.6,0.0,C,False,4.4323714973870665e-06,0,0,0.175,Ṣaṣṭhī,Pūrvāṣāḍhā,,Budhavāra ☿,Kṛṣṇa
2026-05-06T22:36:52,0.0,quiet,369.6,0.0,C,False,4.16115562984487e-06,0,0,0.174,Ṣaṣṭhī,Pūrvāṣāḍhā,,Budhavāra ☿,Kṛṣṇa
2026-05-06T22:46:54,0.0,quiet,362.3,0.0,C,False,3.8031455460441066e-06,0,0,0.171,Ṣaṣṭhī,Pūrvāṣāḍhā,,Budhavāra ☿,Kṛṣṇa
2026-05-06T22:56:58,0.0,quiet,371.1,0.0,C,False,3.594891722968896e-06,0,0,0.172,Ṣaṣṭhī,Pūrvāṣāḍhā,,Budhavāra ☿,Kṛṣṇa
2026-05-06T23:07:03,0.0,quiet,359.2,0.0,C,False,3.1522563403996173e-06,0,0,0.167,Ṣaṣṭhī,Pūrvāṣāḍhā,,Budhavāra ☿,Kṛṣṇa
2026-05-06T23:17:08,0.0,quiet,361.4,0.0,C,False,2.7936043807130773e-06,0,0,0.166,Ṣaṣṭhī,Pūrvāṣāḍhā,,Budhavāra ☿,Kṛṣṇa
2026-05-06T23:27:30,0.0,quiet,0,0,C,False,2.436359864077531e-06,0,0,0.095,Ṣaṣṭhī,Pūrvāṣāḍhā,,Budhavāra ☿,Kṛṣṇa
2026-05-06T23:37:32,0.0,quiet,364.2,0.0,C,False,2.1547784854192287e-06,0,0,0.162,Ṣaṣṭhī,Pūrvāṣāḍhā,,Budhavāra ☿,Kṛṣṇa
2026-05-06T23:47:34,0.0,quiet,362.1,0.0,C,False,1.911593017211999e-06,0,0,0.159,Ṣaṣṭhī,Pūrvāṣāḍhā,,Budhavāra ☿,Kṛṣṇa
2026-05-06T23:57:36,0.0,quiet,380.0,0.0,C,False,1.7289985407842323e-06,0,0,0.161,Ṣaṣṭhī,Pūrvāṣāḍhā,,Budhavāra ☿,Kṛṣṇa
2026-05-07T00:07:37,0.0,quiet,360.1,0.0,C,False,1.5491808653678163e-06,1,3.1,0.233,Ṣaṣṭhī,Pūrvāṣāḍhā,,Guruvāra ♃,Kṛṣṇa
2026-05-07T00:17:38,0.0,quiet,379.5,0.0,C,False,1.4426145753532182e-06,1,3.1,0.235,Ṣaṣṭhī,Pūrvāṣāḍhā,,Guruvāra ♃,Kṛṣṇa
2026-05-07T00:27:40,0.0,quiet,373.9,0.0,C,False,1.3485047247741022e-06,1,3.1,0.233,Ṣaṣṭhī,Pūrvāṣāḍhā,,Guruvāra ♃,Kṛṣṇa
2026-05-07T00:37:41,0.0,quiet,377.7,0.0,C,False,1.2737474435198237e-06,1,3.1,0.233,Ṣaṣṭhī,Pūrvāṣāḍhā,,Guruvāra ♃,Kṛṣṇa
2026-05-07T00:47:44,0.0,quiet,369.5,0.0,C,False,1.1913913340322324e-06,1,3.1,0.23,Ṣaṣṭhī,Pūrvāṣāḍhā,,Guruvāra ♃,Kṛṣṇa
2026-05-07T00:57:45,0.0,quiet,351.8,0.0,C,False,1.0890137218666496e-06,0,0,0.147,Ṣaṣṭhī,Pūrvāṣāḍhā,,Guruvāra ♃,Kṛṣṇa
2026-05-07T01:07:46,0.0,quiet,354.3,0.0,C,False,1.0148369256057777e-06,0,0,0.147,Ṣaṣṭhī,Pūrvāṣāḍhā,,Guruvāra ♃,Kṛṣṇa
2026-05-07T01:17:47,0.0,quiet,358.8,0.0,none,False,9.6247981673514e-07,0,0,0.147,Ṣaṣṭhī,Pūrvāṣāḍhā,,Guruvāra ♃,Kṛṣṇa
2026-05-07T01:27:48,0.0,quiet,373.5,0.0,C,False,1.0167871096200543e-06,0,0,0.15,Ṣaṣṭhī,Pūrvāṣāḍhā,,Guruvāra ♃,Kṛṣṇa
2026-05-07T01:37:49,0.0,quiet,358.9,0.0,none,False,8.593294182901445e-07,1,2.8,0.215,Ṣaṣṭhī,Pūrvāṣāḍhā,,Guruvāra ♃,Kṛṣṇa
2026-05-07T01:47:51,0.0,quiet,369.0,0.0,none,False,8.2373838949934e-07,1,2.8,0.216,Ṣaṣṭhī,Pūrvāṣāḍhā,,Guruvāra ♃,Kṛṣṇa
2026-05-07T01:57:55,0.0,quiet,378.6,0.0,none,False,8.427193733950844e-07,1,2.8,0.218,Ṣaṣṭhī,Pūrvāṣāḍhā,,Guruvāra ♃,Kṛṣṇa
2026-05-07T02:08:00,0.0,quiet,369.3,0.0,none,False,7.740929390820384e-07,1,2.8,0.215,Ṣaṣṭhī,Pūrvāṣāḍhā,,Guruvāra ♃,Kṛṣṇa
2026-05-07T02:18:04,0.0,quiet,381.9,0.0,none,False,7.757457751722541e-07,1,2.8,0.217,Ṣaṣṭhī,Pūrvāṣāḍhā,,Guruvāra ♃,Kṛṣṇa
2026-05-07T02:28:08,0.0,quiet,365.9,0.0,none,False,7.289687573575065e-07,0,0,0.143,Ṣaṣṭhī,Pūrvāṣāḍhā,,Guruvāra ♃,Kṛṣṇa
2026-05-07T02:38:12,0.0,quiet,394.3,0.0,none,False,7.376726784968923e-07,0,0,0.149,Ṣaṣṭhī,Pūrvāṣāḍhā,,Guruvāra ♃,Kṛṣṇa
2026-05-07T02:48:17,0.0,quiet,375.4,0.0,none,False,7.219816211545549e-07,0,0,0.145,Saptamī,Uttarāṣāḍhā,,Guruvāra ♃,Kṛṣṇa
2026-05-07T02:58:21,0.0,quiet,364.6,0.0,none,False,6.977774091865285e-07,1,4.7,0.26,Saptamī,Uttarāṣāḍhā,,Guruvāra ♃,Kṛṣṇa
2026-05-07T03:08:24,0.0,quiet,386.1,0.0,none,False,0.0,1,4.7,0.19,Saptamī,Uttarāṣāḍhā,,Guruvāra ♃,Kṛṣṇa
2026-05-07T03:18:28,0.0,quiet,391.8,0.0,none,False,7.390780183413881e-07,1,4.7,0.266,Saptamī,Uttarāṣāḍhā,,Guruvāra ♃,Kṛṣṇa
2026-05-07T03:28:30,0.0,quiet,378.1,0.0,none,False,7.313693686228362e-07,1,4.7,0.263,Saptamī,Uttarāṣāḍhā,,Guruvāra ♃,Kṛṣṇa
2026-05-07T03:38:31,0.0,quiet,379.8,0.0,none,False,6.697753747175739e-07,1,4.7,0.262,Saptamī,Uttarāṣāḍhā,,Guruvāra ♃,Kṛṣṇa
2026-05-07T03:48:32,0.0,quiet,382.0,0.0,none,False,6.518883992612245e-07,0,0,0.144,Saptamī,Uttarāṣāḍhā,,Guruvāra ♃,Kṛṣṇa
2026-05-07T03:58:34,0.0,quiet,367.0,0.0,none,False,6.627068387388135e-07,0,0,0.142,Saptamī,Uttarāṣāḍhā,,Guruvāra ♃,Kṛṣṇa
2026-05-07T04:08:34,0,unknown,0,0,none,False,0,0,0,0.0,Saptamī,Uttarāṣāḍhā,,Guruvāra ♃,Kṛṣṇa
2026-05-07T04:18:34,0,unknown,0,0,none,False,0,0,0,0.0,Saptamī,Uttarāṣāḍhā,,Guruvāra ♃,Kṛṣṇa
2026-05-07T04:28:34,0,unknown,0,0,none,False,0,0,0,0.0,Saptamī,Uttarāṣāḍhā,,Guruvāra ♃,Kṛṣṇa
2026-05-07T04:38:34,0,unknown,0,0,none,False,0,0,0,0.0,Saptamī,Uttarāṣāḍhā,,Guruvāra ♃,Kṛṣṇa
2026-05-07T04:48:34,0,unknown,0,0,none,False,0,0,0,0.0,Saptamī,Uttarāṣāḍhā,,Guruvāra ♃,Kṛṣṇa
2026-05-07T04:58:34,0,unknown,0,0,none,False,0,0,0,0.0,Saptamī,Uttarāṣāḍhā,,Guruvāra ♃,Kṛṣṇa
2026-05-07T05:08:34,0,unknown,0,0,none,False,0,0,0,0.0,Saptamī,Uttarāṣāḍhā,,Guruvāra ♃,Kṛṣṇa
2026-05-07T05:18:34,0,unknown,0,0,none,False,0,0,0,0.0,Saptamī,Uttarāṣāḍhā,,Guruvāra ♃,Kṛṣṇa
2026-05-07T05:28:34,0,unknown,0,0,none,False,0,0,0,0.0,Saptamī,Uttarāṣāḍhā,,Guruvāra ♃,Kṛṣṇa
2026-05-07T05:38:34,0,unknown,0,0,none,False,0,0,0,0.0,Saptamī,Uttarāṣāḍhā,,Guruvāra ♃,Kṛṣṇa
2026-05-07T05:48:34,0,unknown,0,0,none,False,0,0,0,0.0,Saptamī,Uttarāṣāḍhā,,Guruvāra ♃,Kṛṣṇa
2026-05-07T05:58:34,0,unknown,0,0,none,False,0,0,0,0.0,Saptamī,Uttarāṣāḍhā,,Guruvāra ♃,Kṛṣṇa
2026-05-07T06:08:34,0,unknown,0,0,none,False,0,0,0,0.0,Saptamī,Uttarāṣāḍhā,,Guruvāra ♃,Kṛṣṇa
2026-05-07T06:18:34,0,unknown,0,0,none,False,0,0,0,0.0,Saptamī,Uttarāṣāḍhā,,Guruvāra ♃,Kṛṣṇa
2026-05-07T06:28:34,0,unknown,0,0,none,False,0,0,0,0.0,Saptamī,Uttarāṣāḍhā,,Guruvāra ♃,Kṛṣṇa
2026-05-07T06:38:34,0,unknown,0,0,none,False,0,0,0,0.0,Saptamī,Uttarāṣāḍhā,,Guruvāra ♃,Kṛṣṇa
2026-05-07T06:48:34,0,unknown,0,0,none,False,0,0,0,0.0,Saptamī,Uttarāṣāḍhā,,Guruvāra ♃,Kṛṣṇa
2026-05-07T06:58:38,0.0,quiet,381.1,0.0,C,False,1.3992212188895792e-06,0,0,0.157,Saptamī,Uttarāṣāḍhā,,Guruvāra ♃,Kṛṣṇa
2026-05-07T07:08:41,0.0,quiet,378.3,0.0,none,False,9.562473906044033e-07,0,0,0.15,Saptamī,Uttarāṣāḍhā,,Guruvāra ♃,Kṛṣṇa
2026-05-07T07:18:45,0.0,quiet,373.6,0.0,none,False,8.199197623071086e-07,0,0,0.147,Saptamī,Uttarāṣāḍhā,,Guruvāra ♃,Kṛṣṇa
2026-05-07T07:28:47,0.0,quiet,383.9,0.0,none,False,7.784189506310213e-07,0,0,0.148,Saptamī,Uttarāṣāḍhā,,Guruvāra ♃,Kṛṣṇa
2026-05-07T07:38:55,0.0,quiet,384.2,0.0,none,False,7.899778324826912e-07,0,0,0.148,Saptamī,Uttarāṣāḍhā,,Guruvāra ♃,Kṛṣṇa
2026-05-07T07:49:03,0.0,quiet,385.0,0.0,none,False,7.948145253067196e-07,0,0,0.148,Saptamī,Uttarāṣāḍhā,,Guruvāra ♃,Kṛṣṇa
2026-05-07T07:59:08,0.0,quiet,377.7,0.0,none,False,7.725872137598344e-07,0,0,0.146,Saptamī,Uttarāṣāḍhā,,Guruvāra ♃,Kṛṣṇa
2026-05-07T08:09:16,0.0,quiet,374.7,0.0,none,False,7.928450713734492e-07,2,5.1,0.274,Saptamī,Uttarāṣāḍhā,,Guruvāra ♃,Kṛṣṇa
2026-05-07T08:19:23,0.0,quiet,390.0,0.0,none,False,8.008113923096971e-07,2,5.1,0.277,Saptamī,Uttarāṣāḍhā,,Guruvāra ♃,Kṛṣṇa
2026-05-07T08:29:28,0.0,quiet,379.9,0.0,none,False,8.380305303035129e-07,2,5.1,0.276,Saptamī,Uttarāṣāḍhā,,Guruvāra ♃,Kṛṣṇa
2026-05-07T08:39:30,0.0,quiet,374.1,0.0,none,False,8.879720780896605e-07,2,5.1,0.276,Saptamī,Uttarāṣāḍhā,,Guruvāra ♃,Kṛṣṇa
2026-05-07T08:49:37,0.0,quiet,366.1,0.0,none,False,8.916101137401711e-07,1,2.7,0.214,Saptamī,Uttarāṣāḍhā,,Guruvāra ♃,Kṛṣṇa
2026-05-07T08:59:39,0.0,quiet,347.7,0.0,none,False,9.258396858058404e-07,1,2.7,0.211,Saptamī,Uttarāṣāḍhā,,Guruvāra ♃,Kṛṣṇa
2026-05-07T09:09:46,0.0,quiet,367.7,0.0,none,False,9.351107905786193e-07,0,0,0.148,Saptamī,Uttarāṣāḍhā,,Guruvāra ♃,Kṛṣṇa
2026-05-07T09:19:50,0.0,quiet,392.5,0.0,none,False,9.337003348264261e-07,0,0,0.152,Saptamī,Uttarāṣāḍhā,,Guruvāra ♃,Kṛṣṇa
2026-05-07T09:30:16,0.0,quiet,369.1,0.0,C,False,1.2426129387677065e-06,0,0,0.153,Saptamī,Uttarāṣāḍhā,,Guruvāra ♃,Kṛṣṇa
2026-05-07T09:40:22,0.0,quiet,370.8,0.0,C,False,1.0582692766547552e-06,0,0,0.151,Saptamī,Uttarāṣāḍhā,,Guruvāra ♃,Kṛṣṇa
2026-05-07T09:50:30,0.0,quiet,379.2,0.0,C,False,1.1950645557590178e-06,0,0,0.154,Saptamī,Uttarāṣāḍhā,,Guruvāra ♃,Kṛṣṇa
2026-05-07T10:00:47,0.0,quiet,0,0,C,False,1.0382260597907589e-06,0,0,0.081,Saptamī,Uttarāṣāḍhā,,Guruvāra ♃,Kṛṣṇa
2026-05-07T10:10:51,0.0,quiet,377.1,0.0,C,False,1.0471003406564705e-06,1,2.6,0.217,Saptamī,Uttarāṣāḍhā,,Guruvāra ♃,Kṛṣṇa
2026-05-07T10:20:57,0.0,quiet,354.2,0.0,C,False,1.3582338169726427e-06,1,2.6,0.217,Saptamī,Uttarāṣāḍhā,,Guruvāra ♃,Kṛṣṇa
2026-05-07T10:31:06,0.0,quiet,370.4,0.0,C,False,2.1240887235762784e-06,1,2.6,0.228,Saptamī,Uttarāṣāḍhā,,Guruvāra ♃,Kṛṣṇa
2026-05-07T10:41:16,0.0,quiet,382.3,0.0,C,False,7.983233444974758e-06,1,2.6,0.253,Saptamī,Uttarāṣāḍhā,,Guruvāra ♃,Kṛṣṇa
2026-05-07T10:51:23,0.0,quiet,394.7,0.0,M,True,1.7264917914872058e-05,1,2.6,0.268,Saptamī,Uttarāṣāḍhā,,Guruvāra ♃,Kṛṣṇa
2026-05-07T11:01:31,0.0,quiet,383.2,0.0,M,True,2.271787525387481e-05,0,0,0.206,Saptamī,Uttarāṣāḍhā,,Guruvāra ♃,Kṛṣṇa
2026-05-07T11:11:32,0.0,quiet,395.0,0.0,M,True,2.5309700504294597e-05,1,2.6,0.275,Saptamī,Uttarāṣāḍhā,,Guruvāra ♃,Kṛṣṇa
2026-05-07T11:21:34,0.0,quiet,384.6,0.0,M,True,2.5436342184548266e-05,1,2.6,0.273,Saptamī,Uttarāṣāḍhā,,Guruvāra ♃,Kṛṣṇa
2026-05-07T11:31:35,0.0,quiet,372.6,0.0,M,True,1.990323289646767e-05,1,2.6,0.267,Saptamī,Uttarāṣāḍhā,,Guruvāra ♃,Kṛṣṇa
2026-05-07T11:41:40,1.0,quiet,395.8,0.0,M,True,1.4529100553772878e-05,1,2.6,0.299,Saptamī,Uttarāṣāḍhā,,Guruvāra ♃,Kṛṣṇa
2026-05-07T11:51:43,1.0,quiet,394.9,0.0,M,True,1.0240875781164505e-05,1,2.6,0.293,Saptamī,Uttarāṣāḍhā,,Guruvāra ♃,Kṛṣṇa
2026-05-07T12:01:44,1.0,quiet,395.1,0.0,C,False,8.226066711358726e-06,1,2.6,0.289,Saptamī,Uttarāṣāḍhā,,Guruvāra ♃,Kṛṣṇa
2026-05-07T12:11:45,0.0,quiet,394.2,0.0,C,False,6.936163117643446e-06,0,0,0.188,Saptamī,Uttarāṣāḍhā,,Guruvāra ♃,Kṛṣṇa
2026-05-07T12:21:53,1.0,quiet,380.5,0.0,C,False,5.509518814506009e-06,0,0,0.214,Saptamī,Uttarāṣāḍhā,,Guruvāra ♃,Kṛṣṇa
2026-05-07T12:32:33,0,unknown,0,0,none,False,0,0,0,0.0,Saptamī,Uttarāṣāḍhā,,Guruvāra ♃,Kṛṣṇa
2026-05-07T12:43:13,0,unknown,0,0,none,False,0,0,0,0.0,Saptamī,Uttarāṣāḍhā,,Guruvāra ♃,Kṛṣṇa
2026-05-07T12:53:53,0,unknown,0,0,none,False,0,0,0,0.0,Saptamī,Uttarāṣāḍhā,,Guruvāra ♃,Kṛṣṇa
2026-05-07T13:04:00,2.0,unsettled,390.2,0.0,none,False,0,2,3.1,0.217,Saptamī,Uttarāṣāḍhā,,Guruvāra ♃,Kṛṣṇa
2026-05-07T13:14:05,2.0,unsettled,395.5,0.0,C,False,3.476728124951478e-06,2,3.1,0.32,Saptamī,Uttarāṣāḍhā,,Guruvāra ♃,Kṛṣṇa
2026-05-07T13:24:11,2.0,unsettled,384.5,0.0,C,False,3.0468847853626357e-06,2,3.1,0.316,Saptamī,Uttarāṣāḍhā,,Guruvāra ♃,Kṛṣṇa
2026-05-07T13:34:16,3.0,unsettled,374.7,0.0,C,False,2.728653043959639e-06,3,4.7,0.385,Saptamī,Uttarāṣāḍhā,,Guruvāra ♃,Kṛṣṇa
2026-05-07T13:44:23,3.0,unsettled,395.8,0.0,C,False,2.494236468919553e-06,2,4.7,0.388,Saptamī,Uttarāṣāḍhā,,Guruvāra ♃,Kṛṣṇa
2026-05-07T13:54:28,3.0,unsettled,381.5,0.0,C,False,4.980512130714487e-06,3,4.7,0.397,Saptamī,Uttarāṣāḍhā,,Guruvāra ♃,Kṛṣṇa
2026-05-07T14:05:08,0,unknown,0,0,none,False,0,0,0,0.0,Saptamī,Uttarāṣāḍhā,,Guruvāra ♃,Kṛṣṇa
2026-05-07T14:15:16,0.0,quiet,385.2,0.0,C,False,4.243195689923596e-06,3,4.0,0.277,Saptamī,Uttarāṣāḍhā,,Guruvāra ♃,Kṛṣṇa
2026-05-07T14:25:22,0.0,quiet,380.9,0.0,C,False,3.154159912810428e-06,4,4.0,0.271,Saptamī,Uttarāṣāḍhā,,Guruvāra ♃,Kṛṣṇa
2026-05-07T14:35:29,1.0,quiet,390.7,0.0,C,False,2.346733481317642e-06,5,4.0,0.301,Saptamī,Uttarāṣāḍhā,,Guruvāra ♃,Kṛṣṇa
2026-05-07T14:45:31,1.0,quiet,379.6,0.0,C,False,1.7750521692505572e-06,4,2.7,0.262,Saptamī,Uttarāṣāḍhā,,Guruvāra ♃,Kṛṣṇa
2026-05-07T14:55:34,1.0,quiet,383.6,0.0,C,False,1.4830379768682178e-06,2,2.7,0.26,Saptamī,Uttarāṣāḍhā,,Guruvāra ♃,Kṛṣṇa
2026-05-07T15:05:37,1.0,quiet,378.5,0.0,C,False,1.2649049949686741e-06,2,2.7,0.256,Saptamī,Uttarāṣāḍhā,,Guruvāra ♃,Kṛṣṇa
2026-05-07T15:15:39,1.0,quiet,0,0,C,False,1.1386271125957137e-06,2,2.7,0.183,Saptamī,Uttarāṣāḍhā,,Guruvāra ♃,Kṛṣṇa
2026-05-07T15:25:41,2.0,unsettled,374.0,0.0,C,False,1.0688702332117828e-06,0,0,0.218,Saptamī,Uttarāṣāḍhā,,Guruvāra ♃,Kṛṣṇa
2026-05-07T15:35:43,2.0,unsettled,375.0,0.0,C,False,1.0331384601158788e-06,0,0,0.218,Saptamī,Uttarāṣāḍhā,,Guruvāra ♃,Kṛṣṇa
2026-05-07T15:45:45,2.0,unsettled,373.6,0.0,none,False,9.94761990114057e-07,0,0,0.217,Saptamī,Uttarāṣāḍhā,,Guruvāra ♃,Kṛṣṇa
2026-05-07T15:55:47,3.0,unsettled,361.4,0.0,none,False,9.596830068403506e-07,0,0,0.247,Saptamī,Uttarāṣāḍhā,,Guruvāra ♃,Kṛṣṇa
2026-05-07T16:05:58,3.0,unsettled,379.0,0.0,none,False,9.459805028200208e-07,0,0,0.25,Saptamī,Uttarāṣāḍhā,,Guruvāra ♃,Kṛṣṇa
2026-05-07T16:16:05,3.0,unsettled,382.0,0.0,none,False,9.797328175409348e-07,0,0,0.251,Saptamī,Uttarāṣāḍhā,,Guruvāra ♃,Kṛṣṇa
2026-05-07T16:26:13,3.0,unsettled,375.0,0.0,C,False,1.025723008751811e-06,0,0,0.251,Saptamī,Uttarāṣāḍhā,,Guruvāra ♃,Kṛṣṇa
2026-05-07T16:36:21,3.0,unsettled,378.1,0.0,none,False,9.900916211336153e-07,0,0,0.251,Saptamī,Uttarāṣāḍhā,,Guruvāra ♃,Kṛṣṇa
2026-05-07T16:46:28,3.0,unsettled,372.9,0.0,C,False,1.0295289030182175e-06,0,0,0.25,Saptamī,Uttarāṣāḍhā,,Guruvāra ♃,Kṛṣṇa
2026-05-07T16:56:31,3.0,unsettled,367.2,0.0,none,False,9.553085646984982e-07,0,0,0.248,Saptamī,Uttarāṣāḍhā,,Guruvāra ♃,Kṛṣṇa
2026-05-07T17:06:38,0.0,quiet,373.7,0.0,none,False,8.743463126847928e-07,0,0,0.148,Saptamī,Uttarāṣāḍhā,,Guruvāra ♃,Kṛṣṇa
2026-05-07T17:16:42,0.0,quiet,372.8,0.0,none,False,8.189743994080345e-07,0,0,0.146,Saptamī,Uttarāṣāḍhā,,Guruvāra ♃,Kṛṣṇa
2026-05-07T17:26:44,1.0,quiet,351.0,0.0,none,False,8.054994395934045e-07,0,0,0.175,Saptamī,Uttarāṣāḍhā,,Guruvāra ♃,Kṛṣṇa
2026-05-07T17:36:46,1.0,quiet,368.4,0.0,none,False,8.195162877200346e-07,0,0,0.179,Saptamī,Uttarāṣāḍhā,,Guruvāra ♃,Kṛṣṇa
2026-05-07T17:46:48,1.0,quiet,362.3,0.0,none,False,7.368441856669961e-07,1,4.3,0.283,Saptamī,Uttarāṣāḍhā,,Guruvāra ♃,Kṛṣṇa
2026-05-07T17:56:56,1.0,quiet,379.9,0.0,none,False,7.095379146448977e-07,1,4.3,0.286,Saptamī,Uttarāṣāḍhā,,Guruvāra ♃,Kṛṣṇa
2026-05-07T18:07:03,1.0,quiet,363.1,0.0,none,False,7.075204280226899e-07,0,0,0.175,Saptamī,Uttarāṣāḍhā,,Guruvāra ♃,Kṛṣṇa
2026-05-07T18:17:11,1.0,quiet,377.6,0.0,none,False,7.057648758745927e-07,0,0,0.178,Saptamī,Uttarāṣāḍhā,,Guruvāra ♃,Kṛṣṇa
2026-05-07T18:27:18,1.0,quiet,361.1,0.0,none,False,6.703879193992179e-07,0,0,0.174,Saptamī,Uttarāṣāḍhā,,Guruvāra ♃,Kṛṣṇa
2026-05-07T18:37:25,2.0,unsettled,395.3,0.0,none,False,6.58912369999598e-07,0,0,0.214,Saptamī,Uttarāṣāḍhā,,Guruvāra ♃,Kṛṣṇa
2026-05-07T18:47:30,1.0,quiet,383.7,0.0,none,False,6.618338943553681e-07,1,3.3,0.261,Saptamī,Uttarāṣāḍhā,,Guruvāra ♃,Kṛṣṇa
2026-05-07T18:57:32,1.0,quiet,387.6,0.0,none,False,6.779208092666522e-07,1,3.3,0.262,Saptamī,Uttarāṣāḍhā,,Guruvāra ♃,Kṛṣṇa
2026-05-07T19:07:34,1.0,quiet,379.4,0.0,none,False,6.939400236660731e-07,1,3.3,0.261,Saptamī,Uttarāṣāḍhā,,Guruvāra ♃,Kṛṣṇa
2026-05-07T19:17:36,1.0,quiet,388.0,0.0,none,False,7.045223355817143e-07,1,3.3,0.262,Saptamī,Uttarāṣāḍhā,,Guruvāra ♃,Kṛṣṇa
2026-05-07T19:27:38,1.0,quiet,378.0,0.0,none,False,6.593994612558163e-07,0,0,0.177,Saptamī,Uttarāṣāḍhā,,Guruvāra ♃,Kṛṣṇa
2026-05-07T19:37:41,2.0,unsettled,374.6,0.0,none,False,6.484829100372735e-07,0,0,0.209,Saptamī,Uttarāṣāḍhā,,Guruvāra ♃,Kṛṣṇa
2026-05-07T19:47:43,2.0,unsettled,388.5,0.0,none,False,7.460481015186815e-07,0,0,0.214,Saptamī,Uttarāṣāḍhā,,Guruvāra ♃,Kṛṣṇa
2026-05-07T19:57:46,2.0,unsettled,368.5,0.0,none,False,6.358150699270482e-07,0,0,0.208,Saptamī,Uttarāṣāḍhā,,Guruvāra ♃,Kṛṣṇa
2026-05-07T20:07:48,0.0,quiet,368.2,0.0,none,False,6.362866429299174e-07,0,0,0.141,Saptamī,Uttarāṣāḍhā,,Guruvāra ♃,Kṛṣṇa
2026-05-07T20:17:56,0.0,quiet,363.5,0.0,none,False,6.4402769339722e-07,0,0,0.141,Saptamī,Uttarāṣāḍhā,,Guruvāra ♃,Kṛṣṇa
2026-05-07T20:28:06,0.0,quiet,368.3,0.0,none,False,6.58358601413056e-07,1,4.7,0.259,Saptamī,Uttarāṣāḍhā,,Guruvāra ♃,Kṛṣṇa
2026-05-07T20:38:14,1.0,quiet,367.0,0.0,none,False,6.533543910336448e-07,0,0,0.175,Saptamī,Uttarāṣāḍhā,,Guruvāra ♃,Kṛṣṇa
2026-05-07T20:48:28,1.0,quiet,377.1,0.0,none,False,6.368935032696754e-07,0,0,0.176,Saptamī,Uttarāṣāḍhā,,Guruvāra ♃,Kṛṣṇa
2026-05-07T20:58:31,1.0,quiet,364.2,0.0,none,False,6.473791245298344e-07,0,0,0.174,Saptamī,Uttarāṣāḍhā,,Guruvāra ♃,Kṛṣṇa
2026-05-07T21:08:33,1.0,quiet,363.8,0.0,none,False,6.695473189211043e-07,0,0,0.175,Saptamī,Uttarāṣāḍhā,,Guruvāra ♃,Kṛṣṇa
2026-05-07T21:18:42,1.0,quiet,359.6,0.0,none,False,6.6935143649971e-07,0,0,0.174,Saptamī,Uttarāṣāḍhā,,Guruvāra ♃,Kṛṣṇa
2026-05-07T21:28:52,2.0,unsettled,376.6,0.0,none,False,6.553202069881081e-07,0,0,0.21,Saptamī,Uttarāṣāḍhā,,Guruvāra ♃,Kṛṣṇa
2026-05-07T21:38:59,2.0,unsettled,373.2,0.0,none,False,6.400436518561037e-07,0,0,0.209,Saptamī,Uttarāṣāḍhā,,Guruvāra ♃,Kṛṣṇa
2026-05-07T21:49:07,2.0,unsettled,364.4,0.0,none,False,6.413004598471161e-07,1,4.8,0.327,Saptamī,Uttarāṣāḍhā,,Guruvāra ♃,Kṛṣṇa
2026-05-07T21:59:13,2.0,unsettled,365.8,0.0,none,False,8.063655059231678e-07,1,4.8,0.332,Saptamī,Uttarāṣāḍhā,,Guruvāra ♃,Kṛṣṇa
2026-05-07T22:09:20,2.0,unsettled,354.7,0.0,none,False,6.432919690269046e-07,1,4.8,0.326,Saptamī,Uttarāṣāḍhā,,Guruvāra ♃,Kṛṣṇa
2026-05-07T22:19:28,2.0,unsettled,375.0,0.0,none,False,6.400829306585365e-07,1,4.8,0.329,Saptamī,Uttarāṣāḍhā,,Guruvāra ♃,Kṛṣṇa
2026-05-07T22:29:30,2.0,unsettled,376.3,0.0,none,False,6.39645350020146e-07,1,4.8,0.329,Saptamī,Uttarāṣāḍhā,,Guruvāra ♃,Kṛṣṇa
2026-05-07T22:39:32,2.0,unsettled,375.7,0.0,none,False,6.44539397853805e-07,1,2.9,0.282,Saptamī,Uttarāṣāḍhā,,Guruvāra ♃,Kṛṣṇa
2026-05-07T22:49:34,2.0,unsettled,355.0,0.0,none,False,6.506137992801087e-07,1,2.9,0.278,Saptamī,Uttarāṣāḍhā,,Guruvāra ♃,Kṛṣṇa
2026-05-07T22:59:36,2.0,unsettled,371.9,0.0,none,False,6.602691655643866e-07,1,2.9,0.282,Saptamī,Uttarāṣāḍhā,,Guruvāra ♃,Kṛṣṇa
2026-05-07T23:09:37,0.0,quiet,376.8,0.0,none,False,6.960526661714539e-07,1,2.9,0.217,Saptamī,Uttarāṣāḍhā,,Guruvāra ♃,Kṛṣṇa
2026-05-07T23:19:39,0.0,quiet,371.3,0.0,none,False,6.986983862589113e-07,1,2.9,0.216,Saptamī,Uttarāṣāḍhā,,Guruvāra ♃,Kṛṣṇa
2026-05-07T23:29:41,0.0,quiet,366.8,0.0,none,False,7.654061846551485e-07,1,2.9,0.217,Saptamī,Uttarāṣāḍhā,,Guruvāra ♃,Kṛṣṇa
2026-05-07T23:39:43,0.0,quiet,362.2,0.0,none,False,7.275631332959165e-07,0,0,0.142,Saptamī,Uttarāṣāḍhā,,Guruvāra ♃,Kṛṣṇa
2026-05-07T23:49:45,0.0,quiet,363.4,0.0,none,False,6.022796128490882e-07,0,0,0.139,Saptamī,Uttarāṣāḍhā,,Guruvāra ♃,Kṛṣṇa
2026-05-07T23:59:47,0.0,quiet,356.4,0.0,none,False,5.952147716925538e-07,1,4.8,0.258,Saptamī,Uttarāṣāḍhā,,Guruvāra ♃,Kṛṣṇa
2026-05-08T00:09:50,0.0,quiet,375.4,0.0,none,False,6.071567213439266e-07,1,4.8,0.262,Saptamī,Uttarāṣāḍhā,,Śukravāra ♀,Kṛṣṇa
2026-05-08T00:19:56,1.0,quiet,372.7,0.0,none,False,6.615148890887212e-07,1,4.8,0.296,Saptamī,Uttarāṣāḍhā,,Śukravāra ♀,Kṛṣṇa
2026-05-08T00:30:20,1.0,quiet,353.6,0.0,none,False,5.806516014672525e-07,1,4.8,0.29,Saptamī,Uttarāṣāḍhā,,Śukravāra ♀,Kṛṣṇa
2026-05-08T00:40:27,0.0,quiet,349.1,0.0,none,False,6.207170031302667e-07,0,0,0.137,Saptamī,Uttarāṣāḍhā,,Śukravāra ♀,Kṛṣṇa
2026-05-08T00:50:30,1.0,quiet,371.6,0.0,none,False,6.190889507706743e-07,0,0,0.175,Saptamī,Uttarāṣāḍhā,,Śukravāra ♀,Kṛṣṇa
2026-05-08T01:00:31,0.0,quiet,0.0,0.0,none,False,5.417659849626943e-07,0,0,0.069,Saptamī,Uttarāṣāḍhā,,Śukravāra ♀,Kṛṣṇa
2026-05-08T01:10:33,1.0,quiet,364.5,0.0,none,False,5.45491388947994e-07,0,0,0.171,Saptamī,Uttarāṣāḍhā,,Śukravāra ♀,Kṛṣṇa
2026-05-08T01:20:35,1.0,quiet,361.8,0.0,none,False,5.257653015178221e-07,0,0,0.17,Saptamī,Uttarāṣāḍhā,,Śukravāra ♀,Kṛṣṇa
2026-05-08T01:30:37,1.0,quiet,370.4,0.0,none,False,5.030143483963911e-07,0,0,0.171,Saptamī,Uttarāṣāḍhā,,Śukravāra ♀,Kṛṣṇa
2026-05-08T01:40:38,1.0,quiet,393.0,0.0,none,False,4.993372044737043e-07,0,0,0.175,Saptamī,Uttarāṣāḍhā,,Śukravāra ♀,Kṛṣṇa
2026-05-08T01:50:40,2.0,unsettled,357.1,0.0,none,False,5.050831077824114e-07,1,2.6,0.267,Saptamī,Uttarāṣāḍhā,,Śukravāra ♀,Kṛṣṇa
2026-05-08T02:00:42,1.0,quiet,391.4,0.0,none,False,5.384009682529722e-07,1,2.6,0.241,Saptamī,Uttarāṣāḍhā,,Śukravāra ♀,Kṛṣṇa
2026-05-08T02:10:44,0.0,quiet,371.0,0.0,none,False,5.194906975702906e-07,0,0,0.138,Saptamī,Uttarāṣāḍhā,,Śukravāra ♀,Kṛṣṇa
2026-05-08T02:20:46,0.0,quiet,372.7,0.0,none,False,5.570071834881674e-07,0,0,0.14,Saptamī,Uttarāṣāḍhā,,Śukravāra ♀,Kṛṣṇa
2026-05-08T02:30:48,0.0,quiet,354.3,0.0,none,False,5.431311365100555e-07,1,3.5,0.223,Saptamī,Uttarāṣāḍhā,,Śukravāra ♀,Kṛṣṇa
2026-05-08T02:40:55,1.0,quiet,348.8,0.0,none,False,5.749876095251238e-07,1,3.5,0.257,Saptamī,Uttarāṣāḍhā,,Śukravāra ♀,Kṛṣṇa
2026-05-08T02:51:02,1.0,quiet,348.9,0.0,none,False,5.924961214986979e-07,2,3.5,0.257,Aṣṭamī,Śravaṇa,,Śukravāra ♀,Kṛṣṇa
2026-05-08T03:01:09,1.0,quiet,343.5,0.0,none,False,7.157755703701696e-07,2,3.5,0.259,Aṣṭamī,Śravaṇa,,Śukravāra ♀,Kṛṣṇa
2026-05-08T03:11:17,1.0,quiet,352.2,0.0,none,False,9.265696689908509e-07,2,3.5,0.266,Aṣṭamī,Śravaṇa,,Śukravāra ♀,Kṛṣṇa
2026-05-08T03:21:24,0.0,quiet,341.9,0.0,none,False,7.718836059211753e-07,1,3.5,0.227,Aṣṭamī,Śravaṇa,,Śukravāra ♀,Kṛṣṇa
2026-05-08T03:31:29,1.0,quiet,340.4,0.0,none,False,6.720136980220559e-07,0,0,0.17,Aṣṭamī,Śravaṇa,,Śukravāra ♀,Kṛṣṇa
2026-05-08T03:41:31,1.0,quiet,356.2,0.0,none,False,6.632656095462153e-07,2,5.4,0.308,Aṣṭamī,Śravaṇa,,Śukravāra ♀,Kṛṣṇa
2026-05-08T03:51:38,1.0,quiet,341.7,0.0,none,False,6.325024060060969e-07,2,5.4,0.304,Aṣṭamī,Śravaṇa,,Śukravāra ♀,Kṛṣṇa
2026-05-08T04:01:43,1.0,quiet,339.6,0.0,none,False,6.291109571066045e-07,2,5.4,0.304,Aṣṭamī,Śravaṇa,,Śukravāra ♀,Kṛṣṇa
2026-05-08T04:11:46,1.0,quiet,410.9,0.0,none,False,6.261718681344064e-07,2,5.4,0.317,Aṣṭamī,Śravaṇa,,Śukravāra ♀,Kṛṣṇa
2026-05-08T04:21:47,1.0,quiet,339.4,0.0,none,False,6.427836183320323e-07,1,2.5,0.232,Aṣṭamī,Śravaṇa,,Śukravāra ♀,Kṛṣṇa
2026-05-08T04:31:53,1.0,quiet,402.6,0.0,none,False,6.281707669586467e-07,1,2.5,0.243,Aṣṭamī,Śravaṇa,,Śukravāra ♀,Kṛṣṇa
2026-05-08T04:42:00,1.0,quiet,329.3,0.0,none,False,6.713677862535405e-07,2,2.8,0.238,Aṣṭamī,Śravaṇa,,Śukravāra ♀,Kṛṣṇa
2026-05-08T04:52:07,1.0,quiet,401.9,0.0,none,False,6.880619594085147e-07,2,2.8,0.252,Aṣṭamī,Śravaṇa,,Śukravāra ♀,Kṛṣṇa
2026-05-08T05:02:16,1.0,quiet,402.6,0.0,none,False,7.596623277095205e-07,2,2.8,0.254,Aṣṭamī,Śravaṇa,,Śukravāra ♀,Kṛṣṇa
2026-05-08T05:12:23,1.0,quiet,344.6,0.0,none,False,8.20997342998453e-07,2,2.8,0.245,Aṣṭamī,Śravaṇa,,Śukravāra ♀,Kṛṣṇa
2026-05-08T05:22:29,2.0,unsettled,340.7,0.0,none,False,7.457041419911548e-07,1,2.5,0.268,Aṣṭamī,Śravaṇa,,Śukravāra ♀,Kṛṣṇa
2026-05-08T05:32:32,2.0,unsettled,349.0,0.0,none,False,7.067292813189852e-07,0,0,0.206,Aṣṭamī,Śravaṇa,,Śukravāra ♀,Kṛṣṇa
2026-05-08T05:42:34,2.0,unsettled,347.8,0.0,none,False,7.241470711960574e-07,0,0,0.206,Aṣṭamī,Śravaṇa,,Śukravāra ♀,Kṛṣṇa
2026-05-08T05:52:35,2.0,unsettled,318.4,0.0,none,False,8.304583616336458e-07,0,0,0.203,Aṣṭamī,Śravaṇa,,Śukravāra ♀,Kṛṣṇa
2026-05-08T06:02:37,2.0,unsettled,341.6,0.0,none,False,8.172082175406103e-07,0,0,0.207,Aṣṭamī,Śravaṇa,,Śukravāra ♀,Kṛṣṇa
2026-05-08T06:12:39,2.0,unsettled,333.4,0.0,none,False,7.828912202967331e-07,0,0,0.205,Aṣṭamī,Śravaṇa,,Śukravāra ♀,Kṛṣṇa
2026-05-08T06:22:41,2.0,unsettled,340.6,0.0,none,False,7.479524697373563e-07,0,0,0.205,Aṣṭamī,Śravaṇa,,Śukravāra ♀,Kṛṣṇa
2026-05-08T06:32:44,3.0,unsettled,344.9,0.0,none,False,6.880546834509005e-07,0,0,0.238,Aṣṭamī,Śravaṇa,,Śukravāra ♀,Kṛṣṇa
2026-05-08T06:42:48,2.0,unsettled,345.5,0.0,none,False,5.964855063211871e-07,0,0,0.202,Aṣṭamī,Śravaṇa,,Śukravāra ♀,Kṛṣṇa
2026-05-08T06:52:56,2.0,unsettled,345.4,0.0,none,False,5.876813133909309e-07,0,0,0.202,Aṣṭamī,Śravaṇa,,Śukravāra ♀,Kṛṣṇa
2026-05-08T07:03:01,2.0,unsettled,348.4,0.0,none,False,6.38878816516808e-07,0,0,0.204,Aṣṭamī,Śravaṇa,,Śukravāra ♀,Kṛṣṇa
2026-05-08T07:13:10,2.0,unsettled,350.1,0.0,none,False,5.866944547960884e-07,0,0,0.203,Aṣṭamī,Śravaṇa,,Śukravāra ♀,Kṛṣṇa
2026-05-08T07:23:19,2.0,unsettled,346.0,0.0,C,False,1.043022052726883e-06,0,0,0.212,Aṣṭamī,Śravaṇa,,Śukravāra ♀,Kṛṣṇa
2026-05-08T07:33:29,2.0,unsettled,337.7,0.0,none,False,5.963966600575077e-07,0,0,0.201,Aṣṭamī,Śravaṇa,,Śukravāra ♀,Kṛṣṇa
2026-05-08T07:43:31,2.0,unsettled,341.1,0.0,none,False,5.985913844597235e-07,0,0,0.202,Aṣṭamī,Śravaṇa,,Śukravāra ♀,Kṛṣṇa
2026-05-08T07:53:33,2.0,unsettled,349.0,0.0,none,False,6.301512485151761e-07,0,0,0.204,Aṣṭamī,Śravaṇa,,Śukravāra ♀,Kṛṣṇa
2026-05-08T08:03:36,0.0,quiet,0,0,none,False,6.1051019883962e-07,1,4.7,0.189,Aṣṭamī,Śravaṇa,,Śukravāra ♀,Kṛṣṇa
2026-05-08T08:14:16,0,unknown,0,0,none,False,0,0,0,0.0,Aṣṭamī,Śravaṇa,,Śukravāra ♀,Kṛṣṇa
2026-05-08T08:24:56,0,unknown,0,0,none,False,0,0,0,0.0,Aṣṭamī,Śravaṇa,,Śukravāra ♀,Kṛṣṇa
2026-05-08T08:35:36,0,unknown,0,0,none,False,0,0,0,0.0,Aṣṭamī,Śravaṇa,,Śukravāra ♀,Kṛṣṇa
2026-05-08T08:46:07,0,unknown,346.7,0.0,none,False,0,4,5.6,0.205,Aṣṭamī,Śravaṇa,,Śukravāra ♀,Kṛṣṇa
2026-05-08T08:56:13,3.0,unsettled,345.0,0.0,none,False,6.697711683045782e-07,5,5.6,0.378,Aṣṭamī,Śravaṇa,,Śukravāra ♀,Kṛṣṇa
2026-05-08T09:06:19,3.0,unsettled,339.2,0.0,none,False,6.747427505615633e-07,5,5.6,0.377,Aṣṭamī,Śravaṇa,,Śukravāra ♀,Kṛṣṇa
2026-05-08T09:16:25,2.0,unsettled,339.5,0.0,none,False,6.768891012143285e-07,3,5.6,0.344,Aṣṭamī,Śravaṇa,,Śukravāra ♀,Kṛṣṇa
2026-05-08T09:26:30,3.0,unsettled,333.6,0.0,none,False,6.706875410600333e-07,2,4.9,0.358,Aṣṭamī,Śravaṇa,,Śukravāra ♀,Kṛṣṇa
2026-05-08T09:36:32,3.0,unsettled,341.5,0.0,none,False,7.439230103045702e-07,2,4.9,0.361,Aṣṭamī,Śravaṇa,,Śukravāra ♀,Kṛṣṇa
2026-05-08T09:46:38,2.0,unsettled,338.7,0.0,none,False,6.619911232519371e-07,1,3.3,0.286,Aṣṭamī,Śravaṇa,,Śukravāra ♀,Kṛṣṇa
2026-05-08T09:56:40,2.0,unsettled,338.7,0.0,none,False,6.665869136668334e-07,0,0,0.203,Aṣṭamī,Śravaṇa,,Śukravāra ♀,Kṛṣṇa
2026-05-08T10:06:42,2.0,unsettled,335.2,0.0,none,False,6.883493597342749e-07,0,0,0.203,Aṣṭamī,Śravaṇa,,Śukravāra ♀,Kṛṣṇa
2026-05-08T10:16:44,2.0,unsettled,334.1,0.0,none,False,6.175977773636987e-07,0,0,0.201,Aṣṭamī,Śravaṇa,,Śukravāra ♀,Kṛṣṇa
2026-05-08T10:26:47,2.0,unsettled,332.5,0.0,none,False,6.815794222347904e-07,0,0,0.202,Aṣṭamī,Śravaṇa,,Śukravāra ♀,Kṛṣṇa
2026-05-08T10:36:53,2.0,unsettled,330.7,0.0,none,False,6.572797133230779e-07,0,0,0.201,Aṣṭamī,Śravaṇa,,Śukravāra ♀,Kṛṣṇa
2026-05-08T10:47:01,2.0,unsettled,331.9,0.0,none,False,7.912711907920311e-07,0,0,0.205,Aṣṭamī,Śravaṇa,,Śukravāra ♀,Kṛṣṇa
2026-05-08T10:57:10,2.0,unsettled,327.5,0.0,none,False,6.977877546887612e-07,0,0,0.202,Aṣṭamī,Śravaṇa,,Śukravāra ♀,Kṛṣṇa
2026-05-08T11:07:14,0.0,quiet,326.1,0.0,none,False,7.388997573798406e-07,0,0,0.136,Aṣṭamī,Śravaṇa,,Śukravāra ♀,Kṛṣṇa
2026-05-08T11:17:18,0.0,quiet,329.7,0.0,none,False,8.253141459135804e-07,0,0,0.138,Aṣṭamī,Śravaṇa,,Śukravāra ♀,Kṛṣṇa
2026-05-08T11:27:22,0.0,quiet,358.1,0.0,none,False,6.777588055228989e-07,0,0,0.14,Aṣṭamī,Śravaṇa,,Śukravāra ♀,Kṛṣṇa
2026-05-08T11:37:26,1.0,quiet,363.6,0.0,none,False,7.167176363509498e-07,1,2.6,0.241,Aṣṭamī,Śravaṇa,,Śukravāra ♀,Kṛṣṇa
2026-05-08T11:47:29,1.0,quiet,365.0,0.0,none,False,7.840944249437598e-07,1,2.6,0.243,Aṣṭamī,Śravaṇa,,Śukravāra ♀,Kṛṣṇa
2026-05-08T11:57:30,2.0,unsettled,366.4,0.0,C,False,3.829106844932539e-06,1,2.6,0.304,Aṣṭamī,Śravaṇa,,Śukravāra ♀,Kṛṣṇa
2026-05-08T12:07:31,2.0,unsettled,395.5,0.0,C,False,1.984785967579228e-06,1,2.6,0.298,Aṣṭamī,Śravaṇa,,Śukravāra ♀,Kṛṣṇa
2026-05-08T12:17:32,2.0,unsettled,392.3,0.0,C,False,1.5588840369673562e-06,1,2.6,0.293,Aṣṭamī,Śravaṇa,,Śukravāra ♀,Kṛṣṇa
2026-05-08T12:27:32,2.0,unsettled,384.3,0.0,none,False,9.83636482487782e-07,0,0,0.218,Aṣṭamī,Śravaṇa,,Śukravāra ♀,Kṛṣṇa
2026-05-08T12:37:33,2.0,unsettled,395.0,0.0,none,False,7.938571684462659e-07,0,0,0.217,Aṣṭamī,Śravaṇa,,Śukravāra ♀,Kṛṣṇa
2026-05-08T12:47:35,2.0,unsettled,391.6,0.0,none,False,7.40044697522535e-07,0,0,0.215,Aṣṭamī,Śravaṇa,,Śukravāra ♀,Kṛṣṇa
2026-05-08T12:57:36,2.0,unsettled,381.1,0.0,none,False,6.482247840722266e-07,0,0,0.211,Aṣṭamī,Śravaṇa,,Śukravāra ♀,Kṛṣṇa
2026-05-08T13:07:38,2.0,unsettled,376.8,0.0,none,False,9.507549521003966e-07,0,0,0.216,Aṣṭamī,Śravaṇa,,Śukravāra ♀,Kṛṣṇa
2026-05-08T13:17:40,3.0,unsettled,376.9,0.0,none,False,8.243264915108739e-07,0,0,0.247,Aṣṭamī,Śravaṇa,,Śukravāra ♀,Kṛṣṇa
2026-05-08T13:27:41,3.0,unsettled,378.7,0.0,none,False,8.223869940593431e-07,0,0,0.248,Aṣṭamī,Śravaṇa,,Śukravāra ♀,Kṛṣṇa
2026-05-08T13:37:42,3.0,unsettled,379.3,0.0,none,False,9.899364386001253e-07,1,4.8,0.371,Aṣṭamī,Śravaṇa,,Śukravāra ♀,Kṛṣṇa
2026-05-08T13:47:43,3.0,unsettled,392.3,0.0,none,False,9.00440170426009e-07,2,4.8,0.372,Aṣṭamī,Śravaṇa,,Śukravāra ♀,Kṛṣṇa
2026-05-08T13:58:11,3.0,unsettled,395.2,0.0,none,False,0,0,0,0.174,Aṣṭamī,Śravaṇa,,Śukravāra ♀,Kṛṣṇa
2026-05-08T14:08:14,0.0,quiet,411.1,0.0,C,False,1.3778807215203415e-06,3,4.8,0.283,Aṣṭamī,Śravaṇa,,Śukravāra ♀,Kṛṣṇa
2026-05-08T14:09:59,0,unknown,0,0,none,False,0,0,0,0.0,Aṣṭamī,Śravaṇa,,Śukravāra ♀,Kṛṣṇa
2026-05-08T14:20:03,0.0,quiet,419.7,0.0,none,False,9.647737897466868e-07,1,4.4,0.268,Aṣṭamī,Śravaṇa,,Śukravāra ♀,Kṛṣṇa
2026-05-08T14:30:10,0.0,quiet,407.5,0.0,C,False,1.068476876753266e-06,1,4.4,0.268,Aṣṭamī,Śravaṇa,,Śukravāra ♀,Kṛṣṇa
2026-05-08T14:40:37,1.0,quiet,410.8,0.0,none,False,7.532077006544569e-07,1,4.4,0.295,Aṣṭamī,Śravaṇa,,Śukravāra ♀,Kṛṣṇa
2026-05-08T14:51:11,1.0,quiet,394.9,0.0,none,False,7.069497200973274e-07,0,0,0.181,Aṣṭamī,Śravaṇa,,Śukravāra ♀,Kṛṣṇa
2026-05-08T15:01:19,1.0,quiet,407.9,0.0,none,False,7.900031278040842e-07,1,3.1,0.263,Aṣṭamī,Śravaṇa,,Śukravāra ♀,Kṛṣṇa
2026-05-08T15:11:25,1.0,quiet,407.7,0.0,C,False,1.4978040780988522e-06,1,2.8,0.267,Aṣṭamī,Śravaṇa,,Śukravāra ♀,Kṛṣṇa
2026-05-08T15:21:40,1.0,quiet,390.8,0.0,none,False,7.718010692769894e-07,1,2.8,0.252,Aṣṭamī,Śravaṇa,,Śukravāra ♀,Kṛṣṇa
2026-05-08T15:31:47,2.0,unsettled,411.5,0.0,C,False,1.145107603406359e-06,3,4.3,0.334,Aṣṭamī,Śravaṇa,,Śukravāra ♀,Kṛṣṇa
2026-05-08T15:41:53,1.0,quiet,407.6,0.0,none,False,9.341903250970063e-07,3,3.1,0.266,Aṣṭamī,Śravaṇa,,Śukravāra ♀,Kṛṣṇa
2026-05-08T15:52:25,2.0,unsettled,400.7,0.0,none,False,7.455384434251755e-07,3,3.1,0.294,Aṣṭamī,Śravaṇa,,Śukravāra ♀,Kṛṣṇa
2026-05-08T16:02:33,1.0,quiet,398.4,0.0,none,False,7.09744426785619e-07,1,2.5,0.245,Aṣṭamī,Śravaṇa,,Śukravāra ♀,Kṛṣṇa
2026-05-08T16:12:36,2.0,unsettled,401.5,0.0,none,False,7.354950639637536e-07,2,2.7,0.284,Aṣṭamī,Śravaṇa,,Śukravāra ♀,Kṛṣṇa
2026-05-08T16:22:40,1.0,quiet,404.0,0.0,C,False,2.6669104045140557e-06,3,4.7,0.324,Aṣṭamī,Śravaṇa,,Śukravāra ♀,Kṛṣṇa
2026-05-08T16:32:43,1.0,quiet,402.4,0.0,C,False,2.10421626434254e-06,2,4.7,0.319,Aṣṭamī,Śravaṇa,,Śukravāra ♀,Kṛṣṇa
2026-05-08T16:42:47,1.0,quiet,341.3,0.0,C,False,1.4170378790367977e-06,2,4.7,0.301,Aṣṭamī,Śravaṇa,,Śukravāra ♀,Kṛṣṇa
2026-05-08T16:52:58,1.0,quiet,402.7,0.0,C,False,1.0581969718259643e-06,2,4.7,0.307,Aṣṭamī,Śravaṇa,,Śukravāra ♀,Kṛṣṇa
2026-05-08T17:03:14,0.0,quiet,393.2,0.0,none,False,9.413009252057236e-07,2,4.7,0.27,Aṣṭamī,Śravaṇa,,Śukravāra ♀,Kṛṣṇa
2026-05-08T17:13:20,0.0,quiet,401.6,0.0,none,False,9.770702718014945e-07,0,0,0.155,Aṣṭamī,Śravaṇa,,Śukravāra ♀,Kṛṣṇa
2026-05-08T17:23:25,0.0,quiet,399.1,0.0,none,False,9.031168701767456e-07,0,0,0.153,Aṣṭamī,Śravaṇa,,Śukravāra ♀,Kṛṣṇa
2026-05-08T17:33:27,1.0,quiet,401.2,0.0,none,False,7.924043643470213e-07,0,0,0.185,Aṣṭamī,Śravaṇa,,Śukravāra ♀,Kṛṣṇa
2026-05-08T17:43:30,1.0,quiet,404.5,0.0,none,False,7.922408258309588e-07,0,0,0.185,Aṣṭamī,Śravaṇa,,Śukravāra ♀,Kṛṣṇa
2026-05-08T17:53:31,3.0,unsettled,409.7,0.0,none,False,6.782244099667878e-07,0,0,0.25,Aṣṭamī,Śravaṇa,,Śukravāra ♀,Kṛṣṇa
2026-05-08T18:03:33,3.0,unsettled,408.7,0.0,none,False,7.102493100319407e-07,1,4.9,0.373,Aṣṭamī,Śravaṇa,,Śukravāra ♀,Kṛṣṇa
2026-05-08T18:13:34,2.0,unsettled,409.0,0.0,none,False,8.654117209516698e-07,1,4.9,0.343,Aṣṭamī,Śravaṇa,,Śukravāra ♀,Kṛṣṇa
2026-05-08T18:23:37,3.0,unsettled,393.7,0.0,none,False,8.000237130545429e-07,0,0,0.25,Aṣṭamī,Śravaṇa,,Śukravāra ♀,Kṛṣṇa
2026-05-08T18:33:38,2.0,unsettled,425.7,0.0,none,False,7.733870575066248e-07,0,0,0.222,Aṣṭamī,Śravaṇa,,Śukravāra ♀,Kṛṣṇa
2026-05-08T18:43:39,3.0,unsettled,409.0,0.0,none,False,7.490478992622229e-07,0,0,0.252,Aṣṭamī,Śravaṇa,,Śukravāra ♀,Kṛṣṇa
2026-05-08T18:53:42,3.0,unsettled,399.8,0.0,none,False,7.886380899435608e-07,0,0,0.251,Aṣṭamī,Śravaṇa,,Śukravāra ♀,Kṛṣṇa
2026-05-08T19:03:43,3.0,unsettled,410.1,0.0,none,False,7.822212637620396e-07,0,0,0.253,Aṣṭamī,Śravaṇa,,Śukravāra ♀,Kṛṣṇa
2026-05-08T19:13:49,2.0,unsettled,404.4,0.0,none,False,7.303291340576834e-07,0,0,0.217,Aṣṭamī,Śravaṇa,,Śukravāra ♀,Kṛṣṇa
2026-05-08T19:23:50,2.0,unsettled,407.2,0.0,none,False,7.042185075079033e-07,0,0,0.217,Aṣṭamī,Śravaṇa,,Śukravāra ♀,Kṛṣṇa
2026-05-08T19:33:51,3.0,unsettled,400.9,0.0,C,False,2.4143796508724336e-06,0,0,0.27,Aṣṭamī,Śravaṇa,,Śukravāra ♀,Kṛṣṇa
2026-05-08T19:43:52,2.0,unsettled,395.5,0.0,C,False,1.3357557691051625e-06,0,0,0.226,Aṣṭamī,Śravaṇa,,Śukravāra ♀,Kṛṣṇa
2026-05-08T19:53:53,3.0,unsettled,399.1,0.0,none,False,8.742289310248452e-07,0,0,0.252,Aṣṭamī,Śravaṇa,,Śukravāra ♀,Kṛṣṇa
2026-05-08T20:03:55,0.0,quiet,394.7,0.0,none,False,6.687838549623848e-07,0,0,0.147,Aṣṭamī,Śravaṇa,,Śukravāra ♀,Kṛṣṇa
2026-05-08T20:13:56,0.0,quiet,399.8,0.0,none,False,6.244013661671488e-07,0,0,0.147,Aṣṭamī,Śravaṇa,,Śukravāra ♀,Kṛṣṇa
2026-05-08T20:23:58,1.0,quiet,410.6,0.0,C,False,1.007302557809453e-06,0,0,0.19,Aṣṭamī,Śravaṇa,,Śukravāra ♀,Kṛṣṇa
2026-05-08T20:34:00,1.0,quiet,412.1,0.0,none,False,9.468437838222599e-07,0,0,0.19,Aṣṭamī,Śravaṇa,,Śukravāra ♀,Kṛṣṇa
2026-05-08T20:44:02,2.0,unsettled,399.8,0.0,none,False,6.518158670587582e-07,1,4.6,0.329,Aṣṭamī,Śravaṇa,,Śukravāra ♀,Kṛṣṇa
2026-05-08T20:54:04,2.0,unsettled,426.0,0.0,none,False,6.18493231741013e-07,1,4.6,0.333,Aṣṭamī,Śravaṇa,,Śukravāra ♀,Kṛṣṇa
2026-05-08T21:04:06,2.0,unsettled,443.7,0.0,none,False,6.869261710562569e-07,2,4.6,0.338,Aṣṭamī,Śravaṇa,,Śukravāra ♀,Kṛṣṇa
2026-05-08T21:14:07,2.0,unsettled,420.0,0.0,none,False,7.009033424765221e-07,1,2.8,0.289,Aṣṭamī,Śravaṇa,,Śukravāra ♀,Kṛṣṇa
2026-05-08T21:24:24,2.0,unsettled,408.8,0.0,none,False,6.30621343589155e-07,1,2.8,0.285,Aṣṭamī,Śravaṇa,,Śukravāra ♀,Kṛṣṇa
