file,column,original_id,status,canonical_id
deity_relations.csv,to_id,vahana:nandi_(bull),repaired,vahana:nandi_bull
deity_relations.csv,to_id,vahana:hamsa_(swan),repaired,vahana:hamsa_swan
deity_relations.csv,to_id,vahana:hamsa_(swan),repaired,vahana:hamsa_swan
deity_relations.csv,to_id,vahana:airavata_(elephant),repaired,vahana:airavata_elephant
dosha_relations.csv,from_id,rasa:sweet,repaired,rasa:madhura
dosha_relations.csv,from_id,rasa:sour,repaired,rasa:amla
dosha_relations.csv,from_id,rasa:salty,repaired,rasa:lavana
dosha_relations.csv,from_id,rasa:pungent,repaired,rasa:katu
dosha_relations.csv,from_id,rasa:bitter,repaired,rasa:tikta
dosha_relations.csv,from_id,rasa:astringent,repaired,rasa:kashaya
dosha_relations.csv,to_id,graha:(to_be_sourced_from_bphs_edition),repaired,graha:to_be_sourced_from_bphs_edition
dosha_relations.csv,to_id,graha:(to_be_sourced_from_bphs_edition),repaired,graha:to_be_sourced_from_bphs_edition
dosha_relations.csv,to_id,graha:(to_be_sourced_from_bphs_edition),repaired,graha:to_be_sourced_from_bphs_edition
dosha_relations.csv,to_id,graha:(to_be_sourced),repaired,graha:to_be_sourced
dosha_relations.csv,to_id,graha:(to_be_sourced),repaired,graha:to_be_sourced
dosha_relations.csv,to_id,graha:(to_be_sourced),repaired,graha:to_be_sourced
dosha_relations.csv,to_id,graha:(to_be_sourced),repaired,graha:to_be_sourced
gaudiya_relations.csv,to_id,raga:Bhairava,repaired,raga:bhairava
gaudiya_relations.csv,to_id,plant:Kadamba,repaired,plant:kadamba
gaudiya_relations.csv,to_id,raga:Todi,repaired,raga:todi
gaudiya_relations.csv,to_id,plant:Jasmine,repaired,plant:jasmine
gaudiya_relations.csv,to_id,raga:Bilaval,repaired,raga:bilaval
gaudiya_relations.csv,to_id,raga:Bhimpalasi,repaired,raga:bhimpalasi
gaudiya_relations.csv,to_id,raga:Puriya_Dhanashri,repaired,raga:puriya_dhanashri
gaudiya_relations.csv,to_id,raga:Yaman,repaired,raga:yaman
gaudiya_relations.csv,to_id,raga:Bageshri,repaired,raga:bageshri
gaudiya_relations.csv,to_id,raga:Darbari,repaired,raga:darbari
gaudiya_relations.csv,from_id,vraja:Vrindavana,repaired,vraja:vrindavana
gaudiya_relations.csv,to_id,cosmology:Goloka,repaired,cosmology:goloka
gaudiya_relations.csv,from_id,vraja:Vrindavana,repaired,vraja:vrindavana
gaudiya_relations.csv,to_id,nakshatra:Hasta,repaired,nakshatra:hasta
gaudiya_relations.csv,from_id,vraja:Madhuvana,repaired,vraja:madhuvana
gaudiya_relations.csv,from_id,vraja:Talavana,repaired,vraja:talavana
gaudiya_relations.csv,from_id,vraja:Kumudavana,repaired,vraja:kumudavana
gaudiya_relations.csv,from_id,festival:Janmashtami,repaired,festival:janmashtami
gaudiya_relations.csv,to_id,tithi:Krishna_Ashtami_Bhadra,repaired,tithi:krishna_ashtami_bhadra
gaudiya_relations.csv,from_id,festival:Janmashtami,repaired,festival:janmashtami
gaudiya_relations.csv,to_id,raga:Darbari,repaired,raga:darbari
gaudiya_relations.csv,from_id,festival:Gaura_Purnima,repaired,festival:gaura_purnima
gaudiya_relations.csv,to_id,tithi:Phalguna_Purnima,repaired,tithi:phalguna_purnima
gaudiya_relations.csv,from_id,festival:Radhashtami,repaired,festival:radhashtami
gaudiya_relations.csv,to_id,tithi:Bhadra_Shukla_Ashtami,repaired,tithi:bhadra_shukla_ashtami
gaudiya_relations.csv,from_id,bhajan:Jaya_Radha_Madhava,repaired,bhajan:jaya_radha_madhava
gaudiya_relations.csv,from_id,bhajan:Guruvastakam,repaired,bhajan:guruvastakam
gaudiya_relations.csv,from_id,bhajan:Gaura_Arati,repaired,bhajan:gaura_arati
gaudiya_relations.csv,from_id,bhajan:Govindam_Adi_Purusam,repaired,bhajan:govindam_adi_purusam
gaudiya_relations.csv,from_id,deity:Krishna,repaired,deity:krishna
gaudiya_relations.csv,to_id,cosmology:Goloka,repaired,cosmology:goloka
gaudiya_relations.csv,from_id,deity:Radha,repaired,deity:radha
gaudiya_relations.csv,to_id,cosmology:Goloka,repaired,cosmology:goloka
gaudiya_relations.csv,from_id,deity:Chaitanya,repaired,deity:chaitanya
gaudiya_relations.csv,to_id,festival:Gaura_Purnima,repaired,festival:gaura_purnima
gaudiya_relations.csv,from_id,deity:Nityananda,repaired,deity:nityananda
gaudiya_relations.csv,to_id,festival:Nityananda_Trayodashi,repaired,festival:nityananda_trayodashi
iching_relations.csv,from_id,trigram_qian,repaired,trigram:qian
iching_relations.csv,to_id,element_ether,repaired,element:ether
iching_relations.csv,from_id,trigram_qian,repaired,trigram:qian
iching_relations.csv,to_id,graha_surya,repaired,graha:surya
iching_relations.csv,from_id,trigram_qian,repaired,trigram:qian
iching_relations.csv,to_id,guna_sattva,repaired,guna:sattva
iching_relations.csv,from_id,trigram_qian,repaired,trigram:qian
iching_relations.csv,to_id,rasa_adbhuta,repaired,rasa:adbhuta
iching_relations.csv,from_id,trigram_kun,repaired,trigram:kun
iching_relations.csv,to_id,element_earth,repaired,element:earth
iching_relations.csv,from_id,trigram_kun,repaired,trigram:kun
iching_relations.csv,to_id,graha_chandra,repaired,graha:chandra
iching_relations.csv,from_id,trigram_kun,repaired,trigram:kun
iching_relations.csv,to_id,guna_tamas,repaired,guna:tamas
iching_relations.csv,from_id,trigram_kun,repaired,trigram:kun
iching_relations.csv,to_id,rasa_shanta,repaired,rasa:shanta
iching_relations.csv,from_id,trigram_zhen,repaired,trigram:zhen
iching_relations.csv,to_id,element_fire,repaired,element:fire
iching_relations.csv,from_id,trigram_zhen,repaired,trigram:zhen
iching_relations.csv,to_id,graha_mangala,repaired,graha:mangala
iching_relations.csv,from_id,trigram_zhen,repaired,trigram:zhen
iching_relations.csv,to_id,guna_rajas,repaired,guna:rajas
iching_relations.csv,from_id,trigram_zhen,repaired,trigram:zhen
iching_relations.csv,to_id,rasa_vira,repaired,rasa:vira
iching_relations.csv,from_id,trigram_xun,repaired,trigram:xun
iching_relations.csv,to_id,element_air,repaired,element:air
iching_relations.csv,from_id,trigram_xun,repaired,trigram:xun
iching_relations.csv,to_id,graha_budha,repaired,graha:budha
iching_relations.csv,from_id,trigram_xun,repaired,trigram:xun
iching_relations.csv,to_id,guna_sattva,repaired,guna:sattva
iching_relations.csv,from_id,trigram_xun,repaired,trigram:xun
iching_relations.csv,to_id,rasa_shringara,repaired,rasa:shringara
iching_relations.csv,from_id,trigram_kan,repaired,trigram:kan
iching_relations.csv,to_id,element_water,repaired,element:water
iching_relations.csv,from_id,trigram_kan,repaired,trigram:kan
iching_relations.csv,to_id,graha_shani,repaired,graha:shani
iching_relations.csv,from_id,trigram_kan,repaired,trigram:kan
iching_relations.csv,to_id,guna_tamas,repaired,guna:tamas
iching_relations.csv,from_id,trigram_kan,repaired,trigram:kan
iching_relations.csv,to_id,rasa_karuna,repaired,rasa:karuna
iching_relations.csv,from_id,trigram_li,repaired,trigram:li
iching_relations.csv,to_id,element_fire,repaired,element:fire
iching_relations.csv,from_id,trigram_li,repaired,trigram:li
iching_relations.csv,to_id,graha_surya,repaired,graha:surya
iching_relations.csv,from_id,trigram_li,repaired,trigram:li
iching_relations.csv,to_id,guna_rajas,repaired,guna:rajas
iching_relations.csv,from_id,trigram_li,repaired,trigram:li
iching_relations.csv,to_id,rasa_raudra,repaired,rasa:raudra
iching_relations.csv,from_id,trigram_gen,repaired,trigram:gen
iching_relations.csv,to_id,element_earth,repaired,element:earth
iching_relations.csv,from_id,trigram_gen,repaired,trigram:gen
iching_relations.csv,to_id,graha_guru,repaired,graha:guru
iching_relations.csv,from_id,trigram_gen,repaired,trigram:gen
iching_relations.csv,to_id,guna_tamas,repaired,guna:tamas
iching_relations.csv,from_id,trigram_gen,repaired,trigram:gen
iching_relations.csv,to_id,rasa_shanta,repaired,rasa:shanta
iching_relations.csv,from_id,trigram_dui,repaired,trigram:dui
iching_relations.csv,to_id,element_water,repaired,element:water
iching_relations.csv,from_id,trigram_dui,repaired,trigram:dui
iching_relations.csv,to_id,graha_shukra,repaired,graha:shukra
iching_relations.csv,from_id,trigram_dui,repaired,trigram:dui
iching_relations.csv,to_id,guna_sattva,repaired,guna:sattva
iching_relations.csv,from_id,trigram_dui,repaired,trigram:dui
iching_relations.csv,to_id,rasa_hasya,repaired,rasa:hasya
iching_relations.csv,from_id,hexagram_01,repaired,hexagram:01
iching_relations.csv,to_id,trigram_qian,repaired,trigram:qian
iching_relations.csv,from_id,hexagram_01,repaired,hexagram:01
iching_relations.csv,to_id,trigram_qian,repaired,trigram:qian
iching_relations.csv,from_id,hexagram_01,repaired,hexagram:01
iching_relations.csv,to_id,graha_surya,repaired,graha:surya
iching_relations.csv,from_id,hexagram_01,repaired,hexagram:01
iching_relations.csv,to_id,rasa_adbhuta,repaired,rasa:adbhuta
iching_relations.csv,from_id,hexagram_02,repaired,hexagram:02
iching_relations.csv,to_id,trigram_kun,repaired,trigram:kun
iching_relations.csv,from_id,hexagram_02,repaired,hexagram:02
iching_relations.csv,to_id,trigram_kun,repaired,trigram:kun
iching_relations.csv,from_id,hexagram_02,repaired,hexagram:02
iching_relations.csv,to_id,graha_chandra,repaired,graha:chandra
iching_relations.csv,from_id,hexagram_02,repaired,hexagram:02
iching_relations.csv,to_id,rasa_shanta,repaired,rasa:shanta
iching_relations.csv,from_id,hexagram_03,repaired,hexagram:03
iching_relations.csv,to_id,trigram_zhen,repaired,trigram:zhen
iching_relations.csv,from_id,hexagram_03,repaired,hexagram:03
iching_relations.csv,to_id,trigram_kan,repaired,trigram:kan
iching_relations.csv,from_id,hexagram_03,repaired,hexagram:03
iching_relations.csv,to_id,graha_mangala,repaired,graha:mangala
iching_relations.csv,from_id,hexagram_03,repaired,hexagram:03
iching_relations.csv,to_id,rasa_karuna,repaired,rasa:karuna
iching_relations.csv,from_id,hexagram_04,repaired,hexagram:04
iching_relations.csv,to_id,trigram_kan,repaired,trigram:kan
iching_relations.csv,from_id,hexagram_04,repaired,hexagram:04
iching_relations.csv,to_id,trigram_gen,repaired,trigram:gen
iching_relations.csv,from_id,hexagram_04,repaired,hexagram:04
iching_relations.csv,to_id,graha_shani,repaired,graha:shani
iching_relations.csv,from_id,hexagram_04,repaired,hexagram:04
iching_relations.csv,to_id,rasa_hasya,repaired,rasa:hasya
iching_relations.csv,from_id,hexagram_05,repaired,hexagram:05
iching_relations.csv,to_id,trigram_qian,repaired,trigram:qian
iching_relations.csv,from_id,hexagram_05,repaired,hexagram:05
iching_relations.csv,to_id,trigram_kan,repaired,trigram:kan
iching_relations.csv,from_id,hexagram_05,repaired,hexagram:05
iching_relations.csv,to_id,graha_surya,repaired,graha:surya
iching_relations.csv,from_id,hexagram_05,repaired,hexagram:05
iching_relations.csv,to_id,rasa_shanta,repaired,rasa:shanta
iching_relations.csv,from_id,hexagram_06,repaired,hexagram:06
iching_relations.csv,to_id,trigram_kan,repaired,trigram:kan
iching_relations.csv,from_id,hexagram_06,repaired,hexagram:06
iching_relations.csv,to_id,trigram_qian,repaired,trigram:qian
iching_relations.csv,from_id,hexagram_06,repaired,hexagram:06
iching_relations.csv,to_id,graha_shani,repaired,graha:shani
iching_relations.csv,from_id,hexagram_06,repaired,hexagram:06
iching_relations.csv,to_id,rasa_raudra,repaired,rasa:raudra
iching_relations.csv,from_id,hexagram_07,repaired,hexagram:07
iching_relations.csv,to_id,trigram_kun,repaired,trigram:kun
iching_relations.csv,from_id,hexagram_07,repaired,hexagram:07
iching_relations.csv,to_id,trigram_kan,repaired,trigram:kan
iching_relations.csv,from_id,hexagram_07,repaired,hexagram:07
iching_relations.csv,to_id,graha_mangala,repaired,graha:mangala
iching_relations.csv,from_id,hexagram_07,repaired,hexagram:07
iching_relations.csv,to_id,rasa_vira,repaired,rasa:vira
iching_relations.csv,from_id,hexagram_08,repaired,hexagram:08
iching_relations.csv,to_id,trigram_kan,repaired,trigram:kan
iching_relations.csv,from_id,hexagram_08,repaired,hexagram:08
iching_relations.csv,to_id,trigram_kun,repaired,trigram:kun
iching_relations.csv,from_id,hexagram_08,repaired,hexagram:08
iching_relations.csv,to_id,graha_chandra,repaired,graha:chandra
iching_relations.csv,from_id,hexagram_08,repaired,hexagram:08
iching_relations.csv,to_id,rasa_shringara,repaired,rasa:shringara
iching_relations.csv,from_id,hexagram_09,repaired,hexagram:09
iching_relations.csv,to_id,trigram_qian,repaired,trigram:qian
iching_relations.csv,from_id,hexagram_09,repaired,hexagram:09
iching_relations.csv,to_id,trigram_xun,repaired,trigram:xun
iching_relations.csv,from_id,hexagram_09,repaired,hexagram:09
iching_relations.csv,to_id,graha_budha,repaired,graha:budha
iching_relations.csv,from_id,hexagram_09,repaired,hexagram:09
iching_relations.csv,to_id,rasa_shringara,repaired,rasa:shringara
iching_relations.csv,from_id,hexagram_10,repaired,hexagram:10
iching_relations.csv,to_id,trigram_dui,repaired,trigram:dui
iching_relations.csv,from_id,hexagram_10,repaired,hexagram:10
iching_relations.csv,to_id,trigram_qian,repaired,trigram:qian
iching_relations.csv,from_id,hexagram_10,repaired,hexagram:10
iching_relations.csv,to_id,graha_shukra,repaired,graha:shukra
iching_relations.csv,from_id,hexagram_10,repaired,hexagram:10
iching_relations.csv,to_id,rasa_bhayanaka,repaired,rasa:bhayanaka
iching_relations.csv,from_id,hexagram_11,repaired,hexagram:11
iching_relations.csv,to_id,trigram_qian,repaired,trigram:qian
iching_relations.csv,from_id,hexagram_11,repaired,hexagram:11
iching_relations.csv,to_id,trigram_kun,repaired,trigram:kun
iching_relations.csv,from_id,hexagram_11,repaired,hexagram:11
iching_relations.csv,to_id,graha_surya,repaired,graha:surya
iching_relations.csv,from_id,hexagram_11,repaired,hexagram:11
iching_relations.csv,to_id,rasa_shanta,repaired,rasa:shanta
iching_relations.csv,from_id,hexagram_12,repaired,hexagram:12
iching_relations.csv,to_id,trigram_kun,repaired,trigram:kun
iching_relations.csv,from_id,hexagram_12,repaired,hexagram:12
iching_relations.csv,to_id,trigram_qian,repaired,trigram:qian
iching_relations.csv,from_id,hexagram_12,repaired,hexagram:12
iching_relations.csv,to_id,graha_shani,repaired,graha:shani
iching_relations.csv,from_id,hexagram_12,repaired,hexagram:12
iching_relations.csv,to_id,rasa_bibhatsa,repaired,rasa:bibhatsa
iching_relations.csv,from_id,hexagram_13,repaired,hexagram:13
iching_relations.csv,to_id,trigram_li,repaired,trigram:li
iching_relations.csv,from_id,hexagram_13,repaired,hexagram:13
iching_relations.csv,to_id,trigram_qian,repaired,trigram:qian
iching_relations.csv,from_id,hexagram_13,repaired,hexagram:13
iching_relations.csv,to_id,graha_surya,repaired,graha:surya
iching_relations.csv,from_id,hexagram_13,repaired,hexagram:13
iching_relations.csv,to_id,rasa_shringara,repaired,rasa:shringara
iching_relations.csv,from_id,hexagram_14,repaired,hexagram:14
iching_relations.csv,to_id,trigram_qian,repaired,trigram:qian
iching_relations.csv,from_id,hexagram_14,repaired,hexagram:14
iching_relations.csv,to_id,trigram_li,repaired,trigram:li
iching_relations.csv,from_id,hexagram_14,repaired,hexagram:14
iching_relations.csv,to_id,graha_surya,repaired,graha:surya
iching_relations.csv,from_id,hexagram_14,repaired,hexagram:14
iching_relations.csv,to_id,rasa_adbhuta,repaired,rasa:adbhuta
iching_relations.csv,from_id,hexagram_15,repaired,hexagram:15
iching_relations.csv,to_id,trigram_gen,repaired,trigram:gen
iching_relations.csv,from_id,hexagram_15,repaired,hexagram:15
iching_relations.csv,to_id,trigram_kun,repaired,trigram:kun
iching_relations.csv,from_id,hexagram_15,repaired,hexagram:15
iching_relations.csv,to_id,graha_guru,repaired,graha:guru
iching_relations.csv,from_id,hexagram_15,repaired,hexagram:15
iching_relations.csv,to_id,rasa_shanta,repaired,rasa:shanta
iching_relations.csv,from_id,hexagram_16,repaired,hexagram:16
iching_relations.csv,to_id,trigram_kun,repaired,trigram:kun
iching_relations.csv,from_id,hexagram_16,repaired,hexagram:16
iching_relations.csv,to_id,trigram_zhen,repaired,trigram:zhen
iching_relations.csv,from_id,hexagram_16,repaired,hexagram:16
iching_relations.csv,to_id,graha_mangala,repaired,graha:mangala
iching_relations.csv,from_id,hexagram_16,repaired,hexagram:16
iching_relations.csv,to_id,rasa_hasya,repaired,rasa:hasya
iching_relations.csv,from_id,hexagram_17,repaired,hexagram:17
iching_relations.csv,to_id,trigram_zhen,repaired,trigram:zhen
iching_relations.csv,from_id,hexagram_17,repaired,hexagram:17
iching_relations.csv,to_id,trigram_dui,repaired,trigram:dui
iching_relations.csv,from_id,hexagram_17,repaired,hexagram:17
iching_relations.csv,to_id,graha_shukra,repaired,graha:shukra
iching_relations.csv,from_id,hexagram_17,repaired,hexagram:17
iching_relations.csv,to_id,rasa_shringara,repaired,rasa:shringara
iching_relations.csv,from_id,hexagram_18,repaired,hexagram:18
iching_relations.csv,to_id,trigram_xun,repaired,trigram:xun
iching_relations.csv,from_id,hexagram_18,repaired,hexagram:18
iching_relations.csv,to_id,trigram_gen,repaired,trigram:gen
iching_relations.csv,from_id,hexagram_18,repaired,hexagram:18
iching_relations.csv,to_id,graha_budha,repaired,graha:budha
iching_relations.csv,from_id,hexagram_18,repaired,hexagram:18
iching_relations.csv,to_id,rasa_karuna,repaired,rasa:karuna
iching_relations.csv,from_id,hexagram_19,repaired,hexagram:19
iching_relations.csv,to_id,trigram_dui,repaired,trigram:dui
iching_relations.csv,from_id,hexagram_19,repaired,hexagram:19
iching_relations.csv,to_id,trigram_kun,repaired,trigram:kun
iching_relations.csv,from_id,hexagram_19,repaired,hexagram:19
iching_relations.csv,to_id,graha_chandra,repaired,graha:chandra
iching_relations.csv,from_id,hexagram_19,repaired,hexagram:19
iching_relations.csv,to_id,rasa_shringara,repaired,rasa:shringara
iching_relations.csv,from_id,hexagram_20,repaired,hexagram:20
iching_relations.csv,to_id,trigram_kun,repaired,trigram:kun
iching_relations.csv,from_id,hexagram_20,repaired,hexagram:20
iching_relations.csv,to_id,trigram_xun,repaired,trigram:xun
iching_relations.csv,from_id,hexagram_20,repaired,hexagram:20
iching_relations.csv,to_id,graha_budha,repaired,graha:budha
iching_relations.csv,from_id,hexagram_20,repaired,hexagram:20
iching_relations.csv,to_id,rasa_shanta,repaired,rasa:shanta
iching_relations.csv,from_id,hexagram_21,repaired,hexagram:21
iching_relations.csv,to_id,trigram_zhen,repaired,trigram:zhen
iching_relations.csv,from_id,hexagram_21,repaired,hexagram:21
iching_relations.csv,to_id,trigram_li,repaired,trigram:li
iching_relations.csv,from_id,hexagram_21,repaired,hexagram:21
iching_relations.csv,to_id,graha_mangala,repaired,graha:mangala
iching_relations.csv,from_id,hexagram_21,repaired,hexagram:21
iching_relations.csv,to_id,rasa_raudra,repaired,rasa:raudra
iching_relations.csv,from_id,hexagram_22,repaired,hexagram:22
iching_relations.csv,to_id,trigram_li,repaired,trigram:li
iching_relations.csv,from_id,hexagram_22,repaired,hexagram:22
iching_relations.csv,to_id,trigram_gen,repaired,trigram:gen
iching_relations.csv,from_id,hexagram_22,repaired,hexagram:22
iching_relations.csv,to_id,graha_surya,repaired,graha:surya
iching_relations.csv,from_id,hexagram_22,repaired,hexagram:22
iching_relations.csv,to_id,rasa_shringara,repaired,rasa:shringara
iching_relations.csv,from_id,hexagram_23,repaired,hexagram:23
iching_relations.csv,to_id,trigram_kun,repaired,trigram:kun
iching_relations.csv,from_id,hexagram_23,repaired,hexagram:23
iching_relations.csv,to_id,trigram_gen,repaired,trigram:gen
iching_relations.csv,from_id,hexagram_23,repaired,hexagram:23
iching_relations.csv,to_id,graha_shani,repaired,graha:shani
iching_relations.csv,from_id,hexagram_23,repaired,hexagram:23
iching_relations.csv,to_id,rasa_bhayanaka,repaired,rasa:bhayanaka
iching_relations.csv,from_id,hexagram_24,repaired,hexagram:24
iching_relations.csv,to_id,trigram_zhen,repaired,trigram:zhen
iching_relations.csv,from_id,hexagram_24,repaired,hexagram:24
iching_relations.csv,to_id,trigram_kun,repaired,trigram:kun
iching_relations.csv,from_id,hexagram_24,repaired,hexagram:24
iching_relations.csv,to_id,graha_mangala,repaired,graha:mangala
iching_relations.csv,from_id,hexagram_24,repaired,hexagram:24
iching_relations.csv,to_id,rasa_adbhuta,repaired,rasa:adbhuta
iching_relations.csv,from_id,hexagram_25,repaired,hexagram:25
iching_relations.csv,to_id,trigram_zhen,repaired,trigram:zhen
iching_relations.csv,from_id,hexagram_25,repaired,hexagram:25
iching_relations.csv,to_id,trigram_qian,repaired,trigram:qian
iching_relations.csv,from_id,hexagram_25,repaired,hexagram:25
iching_relations.csv,to_id,graha_surya,repaired,graha:surya
iching_relations.csv,from_id,hexagram_25,repaired,hexagram:25
iching_relations.csv,to_id,rasa_adbhuta,repaired,rasa:adbhuta
iching_relations.csv,from_id,hexagram_26,repaired,hexagram:26
iching_relations.csv,to_id,trigram_qian,repaired,trigram:qian
iching_relations.csv,from_id,hexagram_26,repaired,hexagram:26
iching_relations.csv,to_id,trigram_gen,repaired,trigram:gen
iching_relations.csv,from_id,hexagram_26,repaired,hexagram:26
iching_relations.csv,to_id,graha_guru,repaired,graha:guru
iching_relations.csv,from_id,hexagram_26,repaired,hexagram:26
iching_relations.csv,to_id,rasa_vira,repaired,rasa:vira
iching_relations.csv,from_id,hexagram_27,repaired,hexagram:27
iching_relations.csv,to_id,trigram_zhen,repaired,trigram:zhen
iching_relations.csv,from_id,hexagram_27,repaired,hexagram:27
iching_relations.csv,to_id,trigram_gen,repaired,trigram:gen
iching_relations.csv,from_id,hexagram_27,repaired,hexagram:27
iching_relations.csv,to_id,graha_guru,repaired,graha:guru
iching_relations.csv,from_id,hexagram_27,repaired,hexagram:27
iching_relations.csv,to_id,rasa_shringara,repaired,rasa:shringara
iching_relations.csv,from_id,hexagram_28,repaired,hexagram:28
iching_relations.csv,to_id,trigram_xun,repaired,trigram:xun
iching_relations.csv,from_id,hexagram_28,repaired,hexagram:28
iching_relations.csv,to_id,trigram_dui,repaired,trigram:dui
iching_relations.csv,from_id,hexagram_28,repaired,hexagram:28
iching_relations.csv,to_id,graha_shukra,repaired,graha:shukra
iching_relations.csv,from_id,hexagram_28,repaired,hexagram:28
iching_relations.csv,to_id,rasa_bhayanaka,repaired,rasa:bhayanaka
iching_relations.csv,from_id,hexagram_29,repaired,hexagram:29
iching_relations.csv,to_id,trigram_kan,repaired,trigram:kan
iching_relations.csv,from_id,hexagram_29,repaired,hexagram:29
iching_relations.csv,to_id,trigram_kan,repaired,trigram:kan
iching_relations.csv,from_id,hexagram_29,repaired,hexagram:29
iching_relations.csv,to_id,graha_shani,repaired,graha:shani
iching_relations.csv,from_id,hexagram_29,repaired,hexagram:29
iching_relations.csv,to_id,rasa_bhayanaka,repaired,rasa:bhayanaka
iching_relations.csv,from_id,hexagram_30,repaired,hexagram:30
iching_relations.csv,to_id,trigram_li,repaired,trigram:li
iching_relations.csv,from_id,hexagram_30,repaired,hexagram:30
iching_relations.csv,to_id,trigram_li,repaired,trigram:li
iching_relations.csv,from_id,hexagram_30,repaired,hexagram:30
iching_relations.csv,to_id,graha_surya,repaired,graha:surya
iching_relations.csv,from_id,hexagram_30,repaired,hexagram:30
iching_relations.csv,to_id,rasa_adbhuta,repaired,rasa:adbhuta
iching_relations.csv,from_id,hexagram_31,repaired,hexagram:31
iching_relations.csv,to_id,trigram_gen,repaired,trigram:gen
iching_relations.csv,from_id,hexagram_31,repaired,hexagram:31
iching_relations.csv,to_id,trigram_dui,repaired,trigram:dui
iching_relations.csv,from_id,hexagram_31,repaired,hexagram:31
iching_relations.csv,to_id,graha_shukra,repaired,graha:shukra
iching_relations.csv,from_id,hexagram_31,repaired,hexagram:31
iching_relations.csv,to_id,rasa_shringara,repaired,rasa:shringara
iching_relations.csv,from_id,hexagram_32,repaired,hexagram:32
iching_relations.csv,to_id,trigram_xun,repaired,trigram:xun
iching_relations.csv,from_id,hexagram_32,repaired,hexagram:32
iching_relations.csv,to_id,trigram_zhen,repaired,trigram:zhen
iching_relations.csv,from_id,hexagram_32,repaired,hexagram:32
iching_relations.csv,to_id,graha_mangala,repaired,graha:mangala
iching_relations.csv,from_id,hexagram_32,repaired,hexagram:32
iching_relations.csv,to_id,rasa_shanta,repaired,rasa:shanta
iching_relations.csv,from_id,hexagram_33,repaired,hexagram:33
iching_relations.csv,to_id,trigram_gen,repaired,trigram:gen
iching_relations.csv,from_id,hexagram_33,repaired,hexagram:33
iching_relations.csv,to_id,trigram_qian,repaired,trigram:qian
iching_relations.csv,from_id,hexagram_33,repaired,hexagram:33
iching_relations.csv,to_id,graha_guru,repaired,graha:guru
iching_relations.csv,from_id,hexagram_33,repaired,hexagram:33
iching_relations.csv,to_id,rasa_shanta,repaired,rasa:shanta
iching_relations.csv,from_id,hexagram_34,repaired,hexagram:34
iching_relations.csv,to_id,trigram_qian,repaired,trigram:qian
iching_relations.csv,from_id,hexagram_34,repaired,hexagram:34
iching_relations.csv,to_id,trigram_zhen,repaired,trigram:zhen
iching_relations.csv,from_id,hexagram_34,repaired,hexagram:34
iching_relations.csv,to_id,graha_mangala,repaired,graha:mangala
iching_relations.csv,from_id,hexagram_34,repaired,hexagram:34
iching_relations.csv,to_id,rasa_vira,repaired,rasa:vira
iching_relations.csv,from_id,hexagram_35,repaired,hexagram:35
iching_relations.csv,to_id,trigram_kun,repaired,trigram:kun
iching_relations.csv,from_id,hexagram_35,repaired,hexagram:35
iching_relations.csv,to_id,trigram_li,repaired,trigram:li
iching_relations.csv,from_id,hexagram_35,repaired,hexagram:35
iching_relations.csv,to_id,graha_surya,repaired,graha:surya
iching_relations.csv,from_id,hexagram_35,repaired,hexagram:35
iching_relations.csv,to_id,rasa_adbhuta,repaired,rasa:adbhuta
iching_relations.csv,from_id,hexagram_36,repaired,hexagram:36
iching_relations.csv,to_id,trigram_li,repaired,trigram:li
iching_relations.csv,from_id,hexagram_36,repaired,hexagram:36
iching_relations.csv,to_id,trigram_kun,repaired,trigram:kun
iching_relations.csv,from_id,hexagram_36,repaired,hexagram:36
iching_relations.csv,to_id,graha_shani,repaired,graha:shani
iching_relations.csv,from_id,hexagram_36,repaired,hexagram:36
iching_relations.csv,to_id,rasa_karuna,repaired,rasa:karuna
iching_relations.csv,from_id,hexagram_37,repaired,hexagram:37
iching_relations.csv,to_id,trigram_li,repaired,trigram:li
iching_relations.csv,from_id,hexagram_37,repaired,hexagram:37
iching_relations.csv,to_id,trigram_xun,repaired,trigram:xun
iching_relations.csv,from_id,hexagram_37,repaired,hexagram:37
iching_relations.csv,to_id,graha_budha,repaired,graha:budha
iching_relations.csv,from_id,hexagram_37,repaired,hexagram:37
iching_relations.csv,to_id,rasa_shringara,repaired,rasa:shringara
iching_relations.csv,from_id,hexagram_38,repaired,hexagram:38
iching_relations.csv,to_id,trigram_dui,repaired,trigram:dui
iching_relations.csv,from_id,hexagram_38,repaired,hexagram:38
iching_relations.csv,to_id,trigram_li,repaired,trigram:li
iching_relations.csv,from_id,hexagram_38,repaired,hexagram:38
iching_relations.csv,to_id,graha_mangala,repaired,graha:mangala
iching_relations.csv,from_id,hexagram_38,repaired,hexagram:38
iching_relations.csv,to_id,rasa_raudra,repaired,rasa:raudra
iching_relations.csv,from_id,hexagram_39,repaired,hexagram:39
iching_relations.csv,to_id,trigram_gen,repaired,trigram:gen
iching_relations.csv,from_id,hexagram_39,repaired,hexagram:39
iching_relations.csv,to_id,trigram_kan,repaired,trigram:kan
iching_relations.csv,from_id,hexagram_39,repaired,hexagram:39
iching_relations.csv,to_id,graha_shani,repaired,graha:shani
iching_relations.csv,from_id,hexagram_39,repaired,hexagram:39
iching_relations.csv,to_id,rasa_karuna,repaired,rasa:karuna
iching_relations.csv,from_id,hexagram_40,repaired,hexagram:40
iching_relations.csv,to_id,trigram_kan,repaired,trigram:kan
iching_relations.csv,from_id,hexagram_40,repaired,hexagram:40
iching_relations.csv,to_id,trigram_zhen,repaired,trigram:zhen
iching_relations.csv,from_id,hexagram_40,repaired,hexagram:40
iching_relations.csv,to_id,graha_mangala,repaired,graha:mangala
iching_relations.csv,from_id,hexagram_40,repaired,hexagram:40
iching_relations.csv,to_id,rasa_hasya,repaired,rasa:hasya
iching_relations.csv,from_id,hexagram_41,repaired,hexagram:41
iching_relations.csv,to_id,trigram_dui,repaired,trigram:dui
iching_relations.csv,from_id,hexagram_41,repaired,hexagram:41
iching_relations.csv,to_id,trigram_gen,repaired,trigram:gen
iching_relations.csv,from_id,hexagram_41,repaired,hexagram:41
iching_relations.csv,to_id,graha_guru,repaired,graha:guru
iching_relations.csv,from_id,hexagram_41,repaired,hexagram:41
iching_relations.csv,to_id,rasa_karuna,repaired,rasa:karuna
iching_relations.csv,from_id,hexagram_42,repaired,hexagram:42
iching_relations.csv,to_id,trigram_zhen,repaired,trigram:zhen
iching_relations.csv,from_id,hexagram_42,repaired,hexagram:42
iching_relations.csv,to_id,trigram_xun,repaired,trigram:xun
iching_relations.csv,from_id,hexagram_42,repaired,hexagram:42
iching_relations.csv,to_id,graha_budha,repaired,graha:budha
iching_relations.csv,from_id,hexagram_42,repaired,hexagram:42
iching_relations.csv,to_id,rasa_adbhuta,repaired,rasa:adbhuta
iching_relations.csv,from_id,hexagram_43,repaired,hexagram:43
iching_relations.csv,to_id,trigram_qian,repaired,trigram:qian
iching_relations.csv,from_id,hexagram_43,repaired,hexagram:43
iching_relations.csv,to_id,trigram_dui,repaired,trigram:dui
iching_relations.csv,from_id,hexagram_43,repaired,hexagram:43
iching_relations.csv,to_id,graha_shukra,repaired,graha:shukra
iching_relations.csv,from_id,hexagram_43,repaired,hexagram:43
iching_relations.csv,to_id,rasa_vira,repaired,rasa:vira
iching_relations.csv,from_id,hexagram_44,repaired,hexagram:44
iching_relations.csv,to_id,trigram_xun,repaired,trigram:xun
iching_relations.csv,from_id,hexagram_44,repaired,hexagram:44
iching_relations.csv,to_id,trigram_qian,repaired,trigram:qian
iching_relations.csv,from_id,hexagram_44,repaired,hexagram:44
iching_relations.csv,to_id,graha_surya,repaired,graha:surya
iching_relations.csv,from_id,hexagram_44,repaired,hexagram:44
iching_relations.csv,to_id,rasa_shringara,repaired,rasa:shringara
iching_relations.csv,from_id,hexagram_45,repaired,hexagram:45
iching_relations.csv,to_id,trigram_kun,repaired,trigram:kun
iching_relations.csv,from_id,hexagram_45,repaired,hexagram:45
iching_relations.csv,to_id,trigram_dui,repaired,trigram:dui
iching_relations.csv,from_id,hexagram_45,repaired,hexagram:45
iching_relations.csv,to_id,graha_shukra,repaired,graha:shukra
iching_relations.csv,from_id,hexagram_45,repaired,hexagram:45
iching_relations.csv,to_id,rasa_shringara,repaired,rasa:shringara
iching_relations.csv,from_id,hexagram_46,repaired,hexagram:46
iching_relations.csv,to_id,trigram_xun,repaired,trigram:xun
iching_relations.csv,from_id,hexagram_46,repaired,hexagram:46
iching_relations.csv,to_id,trigram_kun,repaired,trigram:kun
iching_relations.csv,from_id,hexagram_46,repaired,hexagram:46
iching_relations.csv,to_id,graha_guru,repaired,graha:guru
iching_relations.csv,from_id,hexagram_46,repaired,hexagram:46
iching_relations.csv,to_id,rasa_vira,repaired,rasa:vira
iching_relations.csv,from_id,hexagram_47,repaired,hexagram:47
iching_relations.csv,to_id,trigram_kan,repaired,trigram:kan
iching_relations.csv,from_id,hexagram_47,repaired,hexagram:47
iching_relations.csv,to_id,trigram_dui,repaired,trigram:dui
iching_relations.csv,from_id,hexagram_47,repaired,hexagram:47
iching_relations.csv,to_id,graha_shani,repaired,graha:shani
iching_relations.csv,from_id,hexagram_47,repaired,hexagram:47
iching_relations.csv,to_id,rasa_karuna,repaired,rasa:karuna
iching_relations.csv,from_id,hexagram_48,repaired,hexagram:48
iching_relations.csv,to_id,trigram_xun,repaired,trigram:xun
iching_relations.csv,from_id,hexagram_48,repaired,hexagram:48
iching_relations.csv,to_id,trigram_kan,repaired,trigram:kan
iching_relations.csv,from_id,hexagram_48,repaired,hexagram:48
iching_relations.csv,to_id,graha_shani,repaired,graha:shani
iching_relations.csv,from_id,hexagram_48,repaired,hexagram:48
iching_relations.csv,to_id,rasa_shanta,repaired,rasa:shanta
iching_relations.csv,from_id,hexagram_49,repaired,hexagram:49
iching_relations.csv,to_id,trigram_li,repaired,trigram:li
iching_relations.csv,from_id,hexagram_49,repaired,hexagram:49
iching_relations.csv,to_id,trigram_dui,repaired,trigram:dui
iching_relations.csv,from_id,hexagram_49,repaired,hexagram:49
iching_relations.csv,to_id,graha_mangala,repaired,graha:mangala
iching_relations.csv,from_id,hexagram_49,repaired,hexagram:49
iching_relations.csv,to_id,rasa_raudra,repaired,rasa:raudra
iching_relations.csv,from_id,hexagram_50,repaired,hexagram:50
iching_relations.csv,to_id,trigram_xun,repaired,trigram:xun
iching_relations.csv,from_id,hexagram_50,repaired,hexagram:50
iching_relations.csv,to_id,trigram_li,repaired,trigram:li
iching_relations.csv,from_id,hexagram_50,repaired,hexagram:50
iching_relations.csv,to_id,graha_surya,repaired,graha:surya
iching_relations.csv,from_id,hexagram_50,repaired,hexagram:50
iching_relations.csv,to_id,rasa_adbhuta,repaired,rasa:adbhuta
iching_relations.csv,from_id,hexagram_51,repaired,hexagram:51
iching_relations.csv,to_id,trigram_zhen,repaired,trigram:zhen
iching_relations.csv,from_id,hexagram_51,repaired,hexagram:51
iching_relations.csv,to_id,trigram_zhen,repaired,trigram:zhen
iching_relations.csv,from_id,hexagram_51,repaired,hexagram:51
iching_relations.csv,to_id,graha_mangala,repaired,graha:mangala
iching_relations.csv,from_id,hexagram_51,repaired,hexagram:51
iching_relations.csv,to_id,rasa_bhayanaka,repaired,rasa:bhayanaka
iching_relations.csv,from_id,hexagram_52,repaired,hexagram:52
iching_relations.csv,to_id,trigram_gen,repaired,trigram:gen
iching_relations.csv,from_id,hexagram_52,repaired,hexagram:52
iching_relations.csv,to_id,trigram_gen,repaired,trigram:gen
iching_relations.csv,from_id,hexagram_52,repaired,hexagram:52
iching_relations.csv,to_id,graha_guru,repaired,graha:guru
iching_relations.csv,from_id,hexagram_52,repaired,hexagram:52
iching_relations.csv,to_id,rasa_shanta,repaired,rasa:shanta
iching_relations.csv,from_id,hexagram_53,repaired,hexagram:53
iching_relations.csv,to_id,trigram_gen,repaired,trigram:gen
iching_relations.csv,from_id,hexagram_53,repaired,hexagram:53
iching_relations.csv,to_id,trigram_xun,repaired,trigram:xun
iching_relations.csv,from_id,hexagram_53,repaired,hexagram:53
iching_relations.csv,to_id,graha_budha,repaired,graha:budha
iching_relations.csv,from_id,hexagram_53,repaired,hexagram:53
iching_relations.csv,to_id,rasa_shringara,repaired,rasa:shringara
iching_relations.csv,from_id,hexagram_54,repaired,hexagram:54
iching_relations.csv,to_id,trigram_dui,repaired,trigram:dui
iching_relations.csv,from_id,hexagram_54,repaired,hexagram:54
iching_relations.csv,to_id,trigram_zhen,repaired,trigram:zhen
iching_relations.csv,from_id,hexagram_54,repaired,hexagram:54
iching_relations.csv,to_id,graha_mangala,repaired,graha:mangala
iching_relations.csv,from_id,hexagram_54,repaired,hexagram:54
iching_relations.csv,to_id,rasa_karuna,repaired,rasa:karuna
iching_relations.csv,from_id,hexagram_55,repaired,hexagram:55
iching_relations.csv,to_id,trigram_li,repaired,trigram:li
iching_relations.csv,from_id,hexagram_55,repaired,hexagram:55
iching_relations.csv,to_id,trigram_zhen,repaired,trigram:zhen
iching_relations.csv,from_id,hexagram_55,repaired,hexagram:55
iching_relations.csv,to_id,graha_surya,repaired,graha:surya
iching_relations.csv,from_id,hexagram_55,repaired,hexagram:55
iching_relations.csv,to_id,rasa_adbhuta,repaired,rasa:adbhuta
iching_relations.csv,from_id,hexagram_56,repaired,hexagram:56
iching_relations.csv,to_id,trigram_gen,repaired,trigram:gen
iching_relations.csv,from_id,hexagram_56,repaired,hexagram:56
iching_relations.csv,to_id,trigram_li,repaired,trigram:li
iching_relations.csv,from_id,hexagram_56,repaired,hexagram:56
iching_relations.csv,to_id,graha_surya,repaired,graha:surya
iching_relations.csv,from_id,hexagram_56,repaired,hexagram:56
iching_relations.csv,to_id,rasa_karuna,repaired,rasa:karuna
iching_relations.csv,from_id,hexagram_57,repaired,hexagram:57
iching_relations.csv,to_id,trigram_xun,repaired,trigram:xun
iching_relations.csv,from_id,hexagram_57,repaired,hexagram:57
iching_relations.csv,to_id,trigram_xun,repaired,trigram:xun
iching_relations.csv,from_id,hexagram_57,repaired,hexagram:57
iching_relations.csv,to_id,graha_budha,repaired,graha:budha
iching_relations.csv,from_id,hexagram_57,repaired,hexagram:57
iching_relations.csv,to_id,rasa_shringara,repaired,rasa:shringara
iching_relations.csv,from_id,hexagram_58,repaired,hexagram:58
iching_relations.csv,to_id,trigram_dui,repaired,trigram:dui
iching_relations.csv,from_id,hexagram_58,repaired,hexagram:58
iching_relations.csv,to_id,trigram_dui,repaired,trigram:dui
iching_relations.csv,from_id,hexagram_58,repaired,hexagram:58
iching_relations.csv,to_id,graha_shukra,repaired,graha:shukra
iching_relations.csv,from_id,hexagram_58,repaired,hexagram:58
iching_relations.csv,to_id,rasa_hasya,repaired,rasa:hasya
iching_relations.csv,from_id,hexagram_59,repaired,hexagram:59
iching_relations.csv,to_id,trigram_kan,repaired,trigram:kan
iching_relations.csv,from_id,hexagram_59,repaired,hexagram:59
iching_relations.csv,to_id,trigram_xun,repaired,trigram:xun
iching_relations.csv,from_id,hexagram_59,repaired,hexagram:59
iching_relations.csv,to_id,graha_budha,repaired,graha:budha
iching_relations.csv,from_id,hexagram_59,repaired,hexagram:59
iching_relations.csv,to_id,rasa_shanta,repaired,rasa:shanta
iching_relations.csv,from_id,hexagram_60,repaired,hexagram:60
iching_relations.csv,to_id,trigram_dui,repaired,trigram:dui
iching_relations.csv,from_id,hexagram_60,repaired,hexagram:60
iching_relations.csv,to_id,trigram_kan,repaired,trigram:kan
iching_relations.csv,from_id,hexagram_60,repaired,hexagram:60
iching_relations.csv,to_id,graha_shani,repaired,graha:shani
iching_relations.csv,from_id,hexagram_60,repaired,hexagram:60
iching_relations.csv,to_id,rasa_shanta,repaired,rasa:shanta
iching_relations.csv,from_id,hexagram_61,repaired,hexagram:61
iching_relations.csv,to_id,trigram_dui,repaired,trigram:dui
iching_relations.csv,from_id,hexagram_61,repaired,hexagram:61
iching_relations.csv,to_id,trigram_xun,repaired,trigram:xun
iching_relations.csv,from_id,hexagram_61,repaired,hexagram:61
iching_relations.csv,to_id,graha_budha,repaired,graha:budha
iching_relations.csv,from_id,hexagram_61,repaired,hexagram:61
iching_relations.csv,to_id,rasa_shanta,repaired,rasa:shanta
iching_relations.csv,from_id,hexagram_62,repaired,hexagram:62
iching_relations.csv,to_id,trigram_gen,repaired,trigram:gen
iching_relations.csv,from_id,hexagram_62,repaired,hexagram:62
iching_relations.csv,to_id,trigram_zhen,repaired,trigram:zhen
iching_relations.csv,from_id,hexagram_62,repaired,hexagram:62
iching_relations.csv,to_id,graha_mangala,repaired,graha:mangala
iching_relations.csv,from_id,hexagram_62,repaired,hexagram:62
iching_relations.csv,to_id,rasa_karuna,repaired,rasa:karuna
iching_relations.csv,from_id,hexagram_63,repaired,hexagram:63
iching_relations.csv,to_id,trigram_li,repaired,trigram:li
iching_relations.csv,from_id,hexagram_63,repaired,hexagram:63
iching_relations.csv,to_id,trigram_kan,repaired,trigram:kan
iching_relations.csv,from_id,hexagram_63,repaired,hexagram:63
iching_relations.csv,to_id,graha_shani,repaired,graha:shani
iching_relations.csv,from_id,hexagram_63,repaired,hexagram:63
iching_relations.csv,to_id,rasa_shanta,repaired,rasa:shanta
iching_relations.csv,from_id,hexagram_64,repaired,hexagram:64
iching_relations.csv,to_id,trigram_kan,repaired,trigram:kan
iching_relations.csv,from_id,hexagram_64,repaired,hexagram:64
iching_relations.csv,to_id,trigram_li,repaired,trigram:li
iching_relations.csv,from_id,hexagram_64,repaired,hexagram:64
iching_relations.csv,to_id,graha_surya,repaired,graha:surya
iching_relations.csv,from_id,hexagram_64,repaired,hexagram:64
iching_relations.csv,to_id,rasa_adbhuta,repaired,rasa:adbhuta
iching_relations.csv,from_id,hexagram_01,repaired,hexagram:01
iching_relations.csv,to_id,hexagram_10,repaired,hexagram:10
iching_relations.csv,from_id,hexagram_01,repaired,hexagram:01
iching_relations.csv,to_id,hexagram_13,repaired,hexagram:13
iching_relations.csv,from_id,hexagram_01,repaired,hexagram:01
iching_relations.csv,to_id,hexagram_44,repaired,hexagram:44
iching_relations.csv,from_id,hexagram_01,repaired,hexagram:01
iching_relations.csv,to_id,hexagram_43,repaired,hexagram:43
iching_relations.csv,from_id,hexagram_01,repaired,hexagram:01
iching_relations.csv,to_id,hexagram_14,repaired,hexagram:14
iching_relations.csv,from_id,hexagram_01,repaired,hexagram:01
iching_relations.csv,to_id,hexagram_09,repaired,hexagram:09
iching_relations.csv,from_id,hexagram_02,repaired,hexagram:02
iching_relations.csv,to_id,hexagram_15,repaired,hexagram:15
iching_relations.csv,from_id,hexagram_02,repaired,hexagram:02
iching_relations.csv,to_id,hexagram_08,repaired,hexagram:08
iching_relations.csv,from_id,hexagram_02,repaired,hexagram:02
iching_relations.csv,to_id,hexagram_24,repaired,hexagram:24
iching_relations.csv,from_id,hexagram_02,repaired,hexagram:02
iching_relations.csv,to_id,hexagram_23,repaired,hexagram:23
iching_relations.csv,from_id,hexagram_02,repaired,hexagram:02
iching_relations.csv,to_id,hexagram_07,repaired,hexagram:07
iching_relations.csv,from_id,hexagram_02,repaired,hexagram:02
iching_relations.csv,to_id,hexagram_16,repaired,hexagram:16
iching_relations.csv,from_id,hexagram_03,repaired,hexagram:03
iching_relations.csv,to_id,hexagram_63,repaired,hexagram:63
iching_relations.csv,from_id,hexagram_03,repaired,hexagram:03
iching_relations.csv,to_id,hexagram_60,repaired,hexagram:60
iching_relations.csv,from_id,hexagram_03,repaired,hexagram:03
iching_relations.csv,to_id,hexagram_07,repaired,hexagram:07
iching_relations.csv,from_id,hexagram_03,repaired,hexagram:03
iching_relations.csv,to_id,hexagram_42,repaired,hexagram:42
iching_relations.csv,from_id,hexagram_03,repaired,hexagram:03
iching_relations.csv,to_id,hexagram_24,repaired,hexagram:24
iching_relations.csv,from_id,hexagram_03,repaired,hexagram:03
iching_relations.csv,to_id,hexagram_17,repaired,hexagram:17
iching_relations.csv,from_id,hexagram_04,repaired,hexagram:04
iching_relations.csv,to_id,hexagram_18,repaired,hexagram:18
iching_relations.csv,from_id,hexagram_04,repaired,hexagram:04
iching_relations.csv,to_id,hexagram_23,repaired,hexagram:23
iching_relations.csv,from_id,hexagram_04,repaired,hexagram:04
iching_relations.csv,to_id,hexagram_41,repaired,hexagram:41
iching_relations.csv,from_id,hexagram_04,repaired,hexagram:04
iching_relations.csv,to_id,hexagram_08,repaired,hexagram:08
iching_relations.csv,from_id,hexagram_04,repaired,hexagram:04
iching_relations.csv,to_id,hexagram_59,repaired,hexagram:59
iching_relations.csv,from_id,hexagram_04,repaired,hexagram:04
iching_relations.csv,to_id,hexagram_64,repaired,hexagram:64
iching_relations.csv,from_id,hexagram_05,repaired,hexagram:05
iching_relations.csv,to_id,hexagram_60,repaired,hexagram:60
iching_relations.csv,from_id,hexagram_05,repaired,hexagram:05
iching_relations.csv,to_id,hexagram_63,repaired,hexagram:63
iching_relations.csv,from_id,hexagram_05,repaired,hexagram:05
iching_relations.csv,to_id,hexagram_48,repaired,hexagram:48
iching_relations.csv,from_id,hexagram_05,repaired,hexagram:05
iching_relations.csv,to_id,hexagram_09,repaired,hexagram:09
iching_relations.csv,from_id,hexagram_05,repaired,hexagram:05
iching_relations.csv,to_id,hexagram_11,repaired,hexagram:11
iching_relations.csv,from_id,hexagram_05,repaired,hexagram:05
iching_relations.csv,to_id,hexagram_43,repaired,hexagram:43
iching_relations.csv,from_id,hexagram_06,repaired,hexagram:06
iching_relations.csv,to_id,hexagram_44,repaired,hexagram:44
iching_relations.csv,from_id,hexagram_06,repaired,hexagram:06
iching_relations.csv,to_id,hexagram_12,repaired,hexagram:12
iching_relations.csv,from_id,hexagram_06,repaired,hexagram:06
iching_relations.csv,to_id,hexagram_10,repaired,hexagram:10
iching_relations.csv,from_id,hexagram_06,repaired,hexagram:06
iching_relations.csv,to_id,hexagram_47,repaired,hexagram:47
iching_relations.csv,from_id,hexagram_06,repaired,hexagram:06
iching_relations.csv,to_id,hexagram_64,repaired,hexagram:64
iching_relations.csv,from_id,hexagram_06,repaired,hexagram:06
iching_relations.csv,to_id,hexagram_59,repaired,hexagram:59
iching_relations.csv,from_id,hexagram_07,repaired,hexagram:07
iching_relations.csv,to_id,hexagram_39,repaired,hexagram:39
iching_relations.csv,from_id,hexagram_07,repaired,hexagram:07
iching_relations.csv,to_id,hexagram_29,repaired,hexagram:29
iching_relations.csv,from_id,hexagram_07,repaired,hexagram:07
iching_relations.csv,to_id,hexagram_03,repaired,hexagram:03
iching_relations.csv,from_id,hexagram_07,repaired,hexagram:07
iching_relations.csv,to_id,hexagram_20,repaired,hexagram:20
iching_relations.csv,from_id,hexagram_07,repaired,hexagram:07
iching_relations.csv,to_id,hexagram_02,repaired,hexagram:02
iching_relations.csv,from_id,hexagram_07,repaired,hexagram:07
iching_relations.csv,to_id,hexagram_45,repaired,hexagram:45
iching_relations.csv,from_id,hexagram_08,repaired,hexagram:08
iching_relations.csv,to_id,hexagram_46,repaired,hexagram:46
iching_relations.csv,from_id,hexagram_08,repaired,hexagram:08
iching_relations.csv,to_id,hexagram_02,repaired,hexagram:02
iching_relations.csv,from_id,hexagram_08,repaired,hexagram:08
iching_relations.csv,to_id,hexagram_19,repaired,hexagram:19
iching_relations.csv,from_id,hexagram_08,repaired,hexagram:08
iching_relations.csv,to_id,hexagram_04,repaired,hexagram:04
iching_relations.csv,from_id,hexagram_08,repaired,hexagram:08
iching_relations.csv,to_id,hexagram_29,repaired,hexagram:29
iching_relations.csv,from_id,hexagram_08,repaired,hexagram:08
iching_relations.csv,to_id,hexagram_40,repaired,hexagram:40
iching_relations.csv,from_id,hexagram_09,repaired,hexagram:09
iching_relations.csv,to_id,hexagram_61,repaired,hexagram:61
iching_relations.csv,from_id,hexagram_09,repaired,hexagram:09
iching_relations.csv,to_id,hexagram_37,repaired,hexagram:37
iching_relations.csv,from_id,hexagram_09,repaired,hexagram:09
iching_relations.csv,to_id,hexagram_57,repaired,hexagram:57
iching_relations.csv,from_id,hexagram_09,repaired,hexagram:09
iching_relations.csv,to_id,hexagram_05,repaired,hexagram:05
iching_relations.csv,from_id,hexagram_09,repaired,hexagram:09
iching_relations.csv,to_id,hexagram_26,repaired,hexagram:26
iching_relations.csv,from_id,hexagram_09,repaired,hexagram:09
iching_relations.csv,to_id,hexagram_01,repaired,hexagram:01
iching_relations.csv,from_id,hexagram_10,repaired,hexagram:10
iching_relations.csv,to_id,hexagram_01,repaired,hexagram:01
iching_relations.csv,from_id,hexagram_10,repaired,hexagram:10
iching_relations.csv,to_id,hexagram_25,repaired,hexagram:25
iching_relations.csv,from_id,hexagram_10,repaired,hexagram:10
iching_relations.csv,to_id,hexagram_06,repaired,hexagram:06
iching_relations.csv,from_id,hexagram_10,repaired,hexagram:10
iching_relations.csv,to_id,hexagram_58,repaired,hexagram:58
iching_relations.csv,from_id,hexagram_10,repaired,hexagram:10
iching_relations.csv,to_id,hexagram_38,repaired,hexagram:38
iching_relations.csv,from_id,hexagram_10,repaired,hexagram:10
iching_relations.csv,to_id,hexagram_61,repaired,hexagram:61
iching_relations.csv,from_id,hexagram_11,repaired,hexagram:11
iching_relations.csv,to_id,hexagram_19,repaired,hexagram:19
iching_relations.csv,from_id,hexagram_11,repaired,hexagram:11
iching_relations.csv,to_id,hexagram_36,repaired,hexagram:36
iching_relations.csv,from_id,hexagram_11,repaired,hexagram:11
iching_relations.csv,to_id,hexagram_46,repaired,hexagram:46
iching_relations.csv,from_id,hexagram_11,repaired,hexagram:11
iching_relations.csv,to_id,hexagram_26,repaired,hexagram:26
iching_relations.csv,from_id,hexagram_11,repaired,hexagram:11
iching_relations.csv,to_id,hexagram_05,repaired,hexagram:05
iching_relations.csv,from_id,hexagram_11,repaired,hexagram:11
iching_relations.csv,to_id,hexagram_34,repaired,hexagram:34
iching_relations.csv,from_id,hexagram_12,repaired,hexagram:12
iching_relations.csv,to_id,hexagram_33,repaired,hexagram:33
iching_relations.csv,from_id,hexagram_12,repaired,hexagram:12
iching_relations.csv,to_id,hexagram_06,repaired,hexagram:06
iching_relations.csv,from_id,hexagram_12,repaired,hexagram:12
iching_relations.csv,to_id,hexagram_25,repaired,hexagram:25
iching_relations.csv,from_id,hexagram_12,repaired,hexagram:12
iching_relations.csv,to_id,hexagram_45,repaired,hexagram:45
iching_relations.csv,from_id,hexagram_12,repaired,hexagram:12
iching_relations.csv,to_id,hexagram_35,repaired,hexagram:35
iching_relations.csv,from_id,hexagram_12,repaired,hexagram:12
iching_relations.csv,to_id,hexagram_20,repaired,hexagram:20
iching_relations.csv,from_id,hexagram_13,repaired,hexagram:13
iching_relations.csv,to_id,hexagram_25,repaired,hexagram:25
iching_relations.csv,from_id,hexagram_13,repaired,hexagram:13
iching_relations.csv,to_id,hexagram_01,repaired,hexagram:01
iching_relations.csv,from_id,hexagram_13,repaired,hexagram:13
iching_relations.csv,to_id,hexagram_33,repaired,hexagram:33
iching_relations.csv,from_id,hexagram_13,repaired,hexagram:13
iching_relations.csv,to_id,hexagram_49,repaired,hexagram:49
iching_relations.csv,from_id,hexagram_13,repaired,hexagram:13
iching_relations.csv,to_id,hexagram_30,repaired,hexagram:30
iching_relations.csv,from_id,hexagram_13,repaired,hexagram:13
iching_relations.csv,to_id,hexagram_37,repaired,hexagram:37
iching_relations.csv,from_id,hexagram_14,repaired,hexagram:14
iching_relations.csv,to_id,hexagram_38,repaired,hexagram:38
iching_relations.csv,from_id,hexagram_14,repaired,hexagram:14
iching_relations.csv,to_id,hexagram_30,repaired,hexagram:30
iching_relations.csv,from_id,hexagram_14,repaired,hexagram:14
iching_relations.csv,to_id,hexagram_50,repaired,hexagram:50
iching_relations.csv,from_id,hexagram_14,repaired,hexagram:14
iching_relations.csv,to_id,hexagram_34,repaired,hexagram:34
iching_relations.csv,from_id,hexagram_14,repaired,hexagram:14
iching_relations.csv,to_id,hexagram_01,repaired,hexagram:01
iching_relations.csv,from_id,hexagram_14,repaired,hexagram:14
iching_relations.csv,to_id,hexagram_26,repaired,hexagram:26
iching_relations.csv,from_id,hexagram_15,repaired,hexagram:15
iching_relations.csv,to_id,hexagram_02,repaired,hexagram:02
iching_relations.csv,from_id,hexagram_15,repaired,hexagram:15
iching_relations.csv,to_id,hexagram_46,repaired,hexagram:46
iching_relations.csv,from_id,hexagram_15,repaired,hexagram:15
iching_relations.csv,to_id,hexagram_36,repaired,hexagram:36
iching_relations.csv,from_id,hexagram_15,repaired,hexagram:15
iching_relations.csv,to_id,hexagram_52,repaired,hexagram:52
iching_relations.csv,from_id,hexagram_15,repaired,hexagram:15
iching_relations.csv,to_id,hexagram_39,repaired,hexagram:39
iching_relations.csv,from_id,hexagram_15,repaired,hexagram:15
iching_relations.csv,to_id,hexagram_62,repaired,hexagram:62
iching_relations.csv,from_id,hexagram_16,repaired,hexagram:16
iching_relations.csv,to_id,hexagram_62,repaired,hexagram:62
iching_relations.csv,from_id,hexagram_16,repaired,hexagram:16
iching_relations.csv,to_id,hexagram_40,repaired,hexagram:40
iching_relations.csv,from_id,hexagram_16,repaired,hexagram:16
iching_relations.csv,to_id,hexagram_51,repaired,hexagram:51
iching_relations.csv,from_id,hexagram_16,repaired,hexagram:16
iching_relations.csv,to_id,hexagram_35,repaired,hexagram:35
iching_relations.csv,from_id,hexagram_16,repaired,hexagram:16
iching_relations.csv,to_id,hexagram_45,repaired,hexagram:45
iching_relations.csv,from_id,hexagram_16,repaired,hexagram:16
iching_relations.csv,to_id,hexagram_02,repaired,hexagram:02
iching_relations.csv,from_id,hexagram_17,repaired,hexagram:17
iching_relations.csv,to_id,hexagram_49,repaired,hexagram:49
iching_relations.csv,from_id,hexagram_17,repaired,hexagram:17
iching_relations.csv,to_id,hexagram_58,repaired,hexagram:58
iching_relations.csv,from_id,hexagram_17,repaired,hexagram:17
iching_relations.csv,to_id,hexagram_45,repaired,hexagram:45
iching_relations.csv,from_id,hexagram_17,repaired,hexagram:17
iching_relations.csv,to_id,hexagram_25,repaired,hexagram:25
iching_relations.csv,from_id,hexagram_17,repaired,hexagram:17
iching_relations.csv,to_id,hexagram_51,repaired,hexagram:51
iching_relations.csv,from_id,hexagram_17,repaired,hexagram:17
iching_relations.csv,to_id,hexagram_03,repaired,hexagram:03
iching_relations.csv,from_id,hexagram_18,repaired,hexagram:18
iching_relations.csv,to_id,hexagram_04,repaired,hexagram:04
iching_relations.csv,from_id,hexagram_18,repaired,hexagram:18
iching_relations.csv,to_id,hexagram_52,repaired,hexagram:52
iching_relations.csv,from_id,hexagram_18,repaired,hexagram:18
iching_relations.csv,to_id,hexagram_26,repaired,hexagram:26
iching_relations.csv,from_id,hexagram_18,repaired,hexagram:18
iching_relations.csv,to_id,hexagram_46,repaired,hexagram:46
iching_relations.csv,from_id,hexagram_18,repaired,hexagram:18
iching_relations.csv,to_id,hexagram_57,repaired,hexagram:57
iching_relations.csv,from_id,hexagram_18,repaired,hexagram:18
iching_relations.csv,to_id,hexagram_50,repaired,hexagram:50
iching_relations.csv,from_id,hexagram_19,repaired,hexagram:19
iching_relations.csv,to_id,hexagram_11,repaired,hexagram:11
iching_relations.csv,from_id,hexagram_19,repaired,hexagram:19
iching_relations.csv,to_id,hexagram_24,repaired,hexagram:24
iching_relations.csv,from_id,hexagram_19,repaired,hexagram:19
iching_relations.csv,to_id,hexagram_08,repaired,hexagram:08
iching_relations.csv,from_id,hexagram_19,repaired,hexagram:19
iching_relations.csv,to_id,hexagram_41,repaired,hexagram:41
iching_relations.csv,from_id,hexagram_19,repaired,hexagram:19
iching_relations.csv,to_id,hexagram_60,repaired,hexagram:60
iching_relations.csv,from_id,hexagram_19,repaired,hexagram:19
iching_relations.csv,to_id,hexagram_54,repaired,hexagram:54
iching_relations.csv,from_id,hexagram_20,repaired,hexagram:20
iching_relations.csv,to_id,hexagram_53,repaired,hexagram:53
iching_relations.csv,from_id,hexagram_20,repaired,hexagram:20
iching_relations.csv,to_id,hexagram_59,repaired,hexagram:59
iching_relations.csv,from_id,hexagram_20,repaired,hexagram:20
iching_relations.csv,to_id,hexagram_42,repaired,hexagram:42
iching_relations.csv,from_id,hexagram_20,repaired,hexagram:20
iching_relations.csv,to_id,hexagram_07,repaired,hexagram:07
iching_relations.csv,from_id,hexagram_20,repaired,hexagram:20
iching_relations.csv,to_id,hexagram_23,repaired,hexagram:23
iching_relations.csv,from_id,hexagram_20,repaired,hexagram:20
iching_relations.csv,to_id,hexagram_12,repaired,hexagram:12
iching_relations.csv,from_id,hexagram_21,repaired,hexagram:21
iching_relations.csv,to_id,hexagram_30,repaired,hexagram:30
iching_relations.csv,from_id,hexagram_21,repaired,hexagram:21
iching_relations.csv,to_id,hexagram_38,repaired,hexagram:38
iching_relations.csv,from_id,hexagram_21,repaired,hexagram:21
iching_relations.csv,to_id,hexagram_35,repaired,hexagram:35
iching_relations.csv,from_id,hexagram_21,repaired,hexagram:21
iching_relations.csv,to_id,hexagram_51,repaired,hexagram:51
iching_relations.csv,from_id,hexagram_21,repaired,hexagram:21
iching_relations.csv,to_id,hexagram_25,repaired,hexagram:25
iching_relations.csv,from_id,hexagram_21,repaired,hexagram:21
iching_relations.csv,to_id,hexagram_27,repaired,hexagram:27
iching_relations.csv,from_id,hexagram_22,repaired,hexagram:22
iching_relations.csv,to_id,hexagram_27,repaired,hexagram:27
iching_relations.csv,from_id,hexagram_22,repaired,hexagram:22
iching_relations.csv,to_id,hexagram_26,repaired,hexagram:26
iching_relations.csv,from_id,hexagram_22,repaired,hexagram:22
iching_relations.csv,to_id,hexagram_52,repaired,hexagram:52
iching_relations.csv,from_id,hexagram_22,repaired,hexagram:22
iching_relations.csv,to_id,hexagram_36,repaired,hexagram:36
iching_relations.csv,from_id,hexagram_22,repaired,hexagram:22
iching_relations.csv,to_id,hexagram_37,repaired,hexagram:37
iching_relations.csv,from_id,hexagram_22,repaired,hexagram:22
iching_relations.csv,to_id,hexagram_30,repaired,hexagram:30
iching_relations.csv,from_id,hexagram_23,repaired,hexagram:23
iching_relations.csv,to_id,hexagram_52,repaired,hexagram:52
iching_relations.csv,from_id,hexagram_23,repaired,hexagram:23
iching_relations.csv,to_id,hexagram_04,repaired,hexagram:04
iching_relations.csv,from_id,hexagram_23,repaired,hexagram:23
iching_relations.csv,to_id,hexagram_27,repaired,hexagram:27
iching_relations.csv,from_id,hexagram_23,repaired,hexagram:23
iching_relations.csv,to_id,hexagram_02,repaired,hexagram:02
iching_relations.csv,from_id,hexagram_23,repaired,hexagram:23
iching_relations.csv,to_id,hexagram_20,repaired,hexagram:20
iching_relations.csv,from_id,hexagram_23,repaired,hexagram:23
iching_relations.csv,to_id,hexagram_35,repaired,hexagram:35
iching_relations.csv,from_id,hexagram_24,repaired,hexagram:24
iching_relations.csv,to_id,hexagram_36,repaired,hexagram:36
iching_relations.csv,from_id,hexagram_24,repaired,hexagram:24
iching_relations.csv,to_id,hexagram_19,repaired,hexagram:19
iching_relations.csv,from_id,hexagram_24,repaired,hexagram:24
iching_relations.csv,to_id,hexagram_02,repaired,hexagram:02
iching_relations.csv,from_id,hexagram_24,repaired,hexagram:24
iching_relations.csv,to_id,hexagram_27,repaired,hexagram:27
iching_relations.csv,from_id,hexagram_24,repaired,hexagram:24
iching_relations.csv,to_id,hexagram_03,repaired,hexagram:03
iching_relations.csv,from_id,hexagram_24,repaired,hexagram:24
iching_relations.csv,to_id,hexagram_51,repaired,hexagram:51
iching_relations.csv,from_id,hexagram_25,repaired,hexagram:25
iching_relations.csv,to_id,hexagram_13,repaired,hexagram:13
iching_relations.csv,from_id,hexagram_25,repaired,hexagram:25
iching_relations.csv,to_id,hexagram_10,repaired,hexagram:10
iching_relations.csv,from_id,hexagram_25,repaired,hexagram:25
iching_relations.csv,to_id,hexagram_12,repaired,hexagram:12
iching_relations.csv,from_id,hexagram_25,repaired,hexagram:25
iching_relations.csv,to_id,hexagram_17,repaired,hexagram:17
iching_relations.csv,from_id,hexagram_25,repaired,hexagram:25
iching_relations.csv,to_id,hexagram_21,repaired,hexagram:21
iching_relations.csv,from_id,hexagram_25,repaired,hexagram:25
iching_relations.csv,to_id,hexagram_42,repaired,hexagram:42
iching_relations.csv,from_id,hexagram_26,repaired,hexagram:26
iching_relations.csv,to_id,hexagram_41,repaired,hexagram:41
iching_relations.csv,from_id,hexagram_26,repaired,hexagram:26
iching_relations.csv,to_id,hexagram_22,repaired,hexagram:22
iching_relations.csv,from_id,hexagram_26,repaired,hexagram:26
iching_relations.csv,to_id,hexagram_18,repaired,hexagram:18
iching_relations.csv,from_id,hexagram_26,repaired,hexagram:26
iching_relations.csv,to_id,hexagram_11,repaired,hexagram:11
iching_relations.csv,from_id,hexagram_26,repaired,hexagram:26
iching_relations.csv,to_id,hexagram_09,repaired,hexagram:09
iching_relations.csv,from_id,hexagram_26,repaired,hexagram:26
iching_relations.csv,to_id,hexagram_14,repaired,hexagram:14
iching_relations.csv,from_id,hexagram_27,repaired,hexagram:27
iching_relations.csv,to_id,hexagram_22,repaired,hexagram:22
iching_relations.csv,from_id,hexagram_27,repaired,hexagram:27
iching_relations.csv,to_id,hexagram_41,repaired,hexagram:41
iching_relations.csv,from_id,hexagram_27,repaired,hexagram:27
iching_relations.csv,to_id,hexagram_23,repaired,hexagram:23
iching_relations.csv,from_id,hexagram_27,repaired,hexagram:27
iching_relations.csv,to_id,hexagram_24,repaired,hexagram:24
iching_relations.csv,from_id,hexagram_27,repaired,hexagram:27
iching_relations.csv,to_id,hexagram_42,repaired,hexagram:42
iching_relations.csv,from_id,hexagram_27,repaired,hexagram:27
iching_relations.csv,to_id,hexagram_21,repaired,hexagram:21
iching_relations.csv,from_id,hexagram_28,repaired,hexagram:28
iching_relations.csv,to_id,hexagram_47,repaired,hexagram:47
iching_relations.csv,from_id,hexagram_28,repaired,hexagram:28
iching_relations.csv,to_id,hexagram_31,repaired,hexagram:31
iching_relations.csv,from_id,hexagram_28,repaired,hexagram:28
iching_relations.csv,to_id,hexagram_43,repaired,hexagram:43
iching_relations.csv,from_id,hexagram_28,repaired,hexagram:28
iching_relations.csv,to_id,hexagram_44,repaired,hexagram:44
iching_relations.csv,from_id,hexagram_28,repaired,hexagram:28
iching_relations.csv,to_id,hexagram_32,repaired,hexagram:32
iching_relations.csv,from_id,hexagram_28,repaired,hexagram:28
iching_relations.csv,to_id,hexagram_48,repaired,hexagram:48
iching_relations.csv,from_id,hexagram_29,repaired,hexagram:29
iching_relations.csv,to_id,hexagram_48,repaired,hexagram:48
iching_relations.csv,from_id,hexagram_29,repaired,hexagram:29
iching_relations.csv,to_id,hexagram_07,repaired,hexagram:07
iching_relations.csv,from_id,hexagram_29,repaired,hexagram:29
iching_relations.csv,to_id,hexagram_60,repaired,hexagram:60
iching_relations.csv,from_id,hexagram_29,repaired,hexagram:29
iching_relations.csv,to_id,hexagram_59,repaired,hexagram:59
iching_relations.csv,from_id,hexagram_29,repaired,hexagram:29
iching_relations.csv,to_id,hexagram_08,repaired,hexagram:08
iching_relations.csv,from_id,hexagram_29,repaired,hexagram:29
iching_relations.csv,to_id,hexagram_47,repaired,hexagram:47
iching_relations.csv,from_id,hexagram_30,repaired,hexagram:30
iching_relations.csv,to_id,hexagram_21,repaired,hexagram:21
iching_relations.csv,from_id,hexagram_30,repaired,hexagram:30
iching_relations.csv,to_id,hexagram_14,repaired,hexagram:14
iching_relations.csv,from_id,hexagram_30,repaired,hexagram:30
iching_relations.csv,to_id,hexagram_56,repaired,hexagram:56
iching_relations.csv,from_id,hexagram_30,repaired,hexagram:30
iching_relations.csv,to_id,hexagram_55,repaired,hexagram:55
iching_relations.csv,from_id,hexagram_30,repaired,hexagram:30
iching_relations.csv,to_id,hexagram_13,repaired,hexagram:13
iching_relations.csv,from_id,hexagram_30,repaired,hexagram:30
iching_relations.csv,to_id,hexagram_22,repaired,hexagram:22
iching_relations.csv,from_id,hexagram_31,repaired,hexagram:31
iching_relations.csv,to_id,hexagram_45,repaired,hexagram:45
iching_relations.csv,from_id,hexagram_31,repaired,hexagram:31
iching_relations.csv,to_id,hexagram_28,repaired,hexagram:28
iching_relations.csv,from_id,hexagram_31,repaired,hexagram:31
iching_relations.csv,to_id,hexagram_49,repaired,hexagram:49
iching_relations.csv,from_id,hexagram_31,repaired,hexagram:31
iching_relations.csv,to_id,hexagram_33,repaired,hexagram:33
iching_relations.csv,from_id,hexagram_31,repaired,hexagram:31
iching_relations.csv,to_id,hexagram_62,repaired,hexagram:62
iching_relations.csv,from_id,hexagram_31,repaired,hexagram:31
iching_relations.csv,to_id,hexagram_39,repaired,hexagram:39
iching_relations.csv,from_id,hexagram_32,repaired,hexagram:32
iching_relations.csv,to_id,hexagram_40,repaired,hexagram:40
iching_relations.csv,from_id,hexagram_32,repaired,hexagram:32
iching_relations.csv,to_id,hexagram_62,repaired,hexagram:62
iching_relations.csv,from_id,hexagram_32,repaired,hexagram:32
iching_relations.csv,to_id,hexagram_34,repaired,hexagram:34
iching_relations.csv,from_id,hexagram_32,repaired,hexagram:32
iching_relations.csv,to_id,hexagram_50,repaired,hexagram:50
iching_relations.csv,from_id,hexagram_32,repaired,hexagram:32
iching_relations.csv,to_id,hexagram_28,repaired,hexagram:28
iching_relations.csv,from_id,hexagram_32,repaired,hexagram:32
iching_relations.csv,to_id,hexagram_46,repaired,hexagram:46
iching_relations.csv,from_id,hexagram_33,repaired,hexagram:33
iching_relations.csv,to_id,hexagram_12,repaired,hexagram:12
iching_relations.csv,from_id,hexagram_33,repaired,hexagram:33
iching_relations.csv,to_id,hexagram_44,repaired,hexagram:44
iching_relations.csv,from_id,hexagram_33,repaired,hexagram:33
iching_relations.csv,to_id,hexagram_13,repaired,hexagram:13
iching_relations.csv,from_id,hexagram_33,repaired,hexagram:33
iching_relations.csv,to_id,hexagram_31,repaired,hexagram:31
iching_relations.csv,from_id,hexagram_33,repaired,hexagram:33
iching_relations.csv,to_id,hexagram_56,repaired,hexagram:56
iching_relations.csv,from_id,hexagram_33,repaired,hexagram:33
iching_relations.csv,to_id,hexagram_53,repaired,hexagram:53
iching_relations.csv,from_id,hexagram_34,repaired,hexagram:34
iching_relations.csv,to_id,hexagram_54,repaired,hexagram:54
iching_relations.csv,from_id,hexagram_34,repaired,hexagram:34
iching_relations.csv,to_id,hexagram_55,repaired,hexagram:55
iching_relations.csv,from_id,hexagram_34,repaired,hexagram:34
iching_relations.csv,to_id,hexagram_32,repaired,hexagram:32
iching_relations.csv,from_id,hexagram_34,repaired,hexagram:34
iching_relations.csv,to_id,hexagram_14,repaired,hexagram:14
iching_relations.csv,from_id,hexagram_34,repaired,hexagram:34
iching_relations.csv,to_id,hexagram_43,repaired,hexagram:43
iching_relations.csv,from_id,hexagram_34,repaired,hexagram:34
iching_relations.csv,to_id,hexagram_11,repaired,hexagram:11
iching_relations.csv,from_id,hexagram_35,repaired,hexagram:35
iching_relations.csv,to_id,hexagram_56,repaired,hexagram:56
iching_relations.csv,from_id,hexagram_35,repaired,hexagram:35
iching_relations.csv,to_id,hexagram_64,repaired,hexagram:64
iching_relations.csv,from_id,hexagram_35,repaired,hexagram:35
iching_relations.csv,to_id,hexagram_21,repaired,hexagram:21
iching_relations.csv,from_id,hexagram_35,repaired,hexagram:35
iching_relations.csv,to_id,hexagram_16,repaired,hexagram:16
iching_relations.csv,from_id,hexagram_35,repaired,hexagram:35
iching_relations.csv,to_id,hexagram_12,repaired,hexagram:12
iching_relations.csv,from_id,hexagram_35,repaired,hexagram:35
iching_relations.csv,to_id,hexagram_23,repaired,hexagram:23
iching_relations.csv,from_id,hexagram_36,repaired,hexagram:36
iching_relations.csv,to_id,hexagram_24,repaired,hexagram:24
iching_relations.csv,from_id,hexagram_36,repaired,hexagram:36
iching_relations.csv,to_id,hexagram_11,repaired,hexagram:11
iching_relations.csv,from_id,hexagram_36,repaired,hexagram:36
iching_relations.csv,to_id,hexagram_15,repaired,hexagram:15
iching_relations.csv,from_id,hexagram_36,repaired,hexagram:36
iching_relations.csv,to_id,hexagram_22,repaired,hexagram:22
iching_relations.csv,from_id,hexagram_36,repaired,hexagram:36
iching_relations.csv,to_id,hexagram_63,repaired,hexagram:63
iching_relations.csv,from_id,hexagram_36,repaired,hexagram:36
iching_relations.csv,to_id,hexagram_55,repaired,hexagram:55
iching_relations.csv,from_id,hexagram_37,repaired,hexagram:37
iching_relations.csv,to_id,hexagram_42,repaired,hexagram:42
iching_relations.csv,from_id,hexagram_37,repaired,hexagram:37
iching_relations.csv,to_id,hexagram_09,repaired,hexagram:09
iching_relations.csv,from_id,hexagram_37,repaired,hexagram:37
iching_relations.csv,to_id,hexagram_53,repaired,hexagram:53
iching_relations.csv,from_id,hexagram_37,repaired,hexagram:37
iching_relations.csv,to_id,hexagram_63,repaired,hexagram:63
iching_relations.csv,from_id,hexagram_37,repaired,hexagram:37
iching_relations.csv,to_id,hexagram_22,repaired,hexagram:22
iching_relations.csv,from_id,hexagram_37,repaired,hexagram:37
iching_relations.csv,to_id,hexagram_13,repaired,hexagram:13
iching_relations.csv,from_id,hexagram_38,repaired,hexagram:38
iching_relations.csv,to_id,hexagram_14,repaired,hexagram:14
iching_relations.csv,from_id,hexagram_38,repaired,hexagram:38
iching_relations.csv,to_id,hexagram_21,repaired,hexagram:21
iching_relations.csv,from_id,hexagram_38,repaired,hexagram:38
iching_relations.csv,to_id,hexagram_64,repaired,hexagram:64
iching_relations.csv,from_id,hexagram_38,repaired,hexagram:38
iching_relations.csv,to_id,hexagram_54,repaired,hexagram:54
iching_relations.csv,from_id,hexagram_38,repaired,hexagram:38
iching_relations.csv,to_id,hexagram_10,repaired,hexagram:10
iching_relations.csv,from_id,hexagram_38,repaired,hexagram:38
iching_relations.csv,to_id,hexagram_41,repaired,hexagram:41
iching_relations.csv,from_id,hexagram_39,repaired,hexagram:39
iching_relations.csv,to_id,hexagram_07,repaired,hexagram:07
iching_relations.csv,from_id,hexagram_39,repaired,hexagram:39
iching_relations.csv,to_id,hexagram_48,repaired,hexagram:48
iching_relations.csv,from_id,hexagram_39,repaired,hexagram:39
iching_relations.csv,to_id,hexagram_63,repaired,hexagram:63
iching_relations.csv,from_id,hexagram_39,repaired,hexagram:39
iching_relations.csv,to_id,hexagram_53,repaired,hexagram:53
iching_relations.csv,from_id,hexagram_39,repaired,hexagram:39
iching_relations.csv,to_id,hexagram_15,repaired,hexagram:15
iching_relations.csv,from_id,hexagram_39,repaired,hexagram:39
iching_relations.csv,to_id,hexagram_31,repaired,hexagram:31
iching_relations.csv,from_id,hexagram_40,repaired,hexagram:40
iching_relations.csv,to_id,hexagram_32,repaired,hexagram:32
iching_relations.csv,from_id,hexagram_40,repaired,hexagram:40
iching_relations.csv,to_id,hexagram_16,repaired,hexagram:16
iching_relations.csv,from_id,hexagram_40,repaired,hexagram:40
iching_relations.csv,to_id,hexagram_54,repaired,hexagram:54
iching_relations.csv,from_id,hexagram_40,repaired,hexagram:40
iching_relations.csv,to_id,hexagram_64,repaired,hexagram:64
iching_relations.csv,from_id,hexagram_40,repaired,hexagram:40
iching_relations.csv,to_id,hexagram_47,repaired,hexagram:47
iching_relations.csv,from_id,hexagram_40,repaired,hexagram:40
iching_relations.csv,to_id,hexagram_08,repaired,hexagram:08
iching_relations.csv,from_id,hexagram_41,repaired,hexagram:41
iching_relations.csv,to_id,hexagram_26,repaired,hexagram:26
iching_relations.csv,from_id,hexagram_41,repaired,hexagram:41
iching_relations.csv,to_id,hexagram_27,repaired,hexagram:27
iching_relations.csv,from_id,hexagram_41,repaired,hexagram:41
iching_relations.csv,to_id,hexagram_04,repaired,hexagram:04
iching_relations.csv,from_id,hexagram_41,repaired,hexagram:41
iching_relations.csv,to_id,hexagram_19,repaired,hexagram:19
iching_relations.csv,from_id,hexagram_41,repaired,hexagram:41
iching_relations.csv,to_id,hexagram_61,repaired,hexagram:61
iching_relations.csv,from_id,hexagram_41,repaired,hexagram:41
iching_relations.csv,to_id,hexagram_38,repaired,hexagram:38
iching_relations.csv,from_id,hexagram_42,repaired,hexagram:42
iching_relations.csv,to_id,hexagram_37,repaired,hexagram:37
iching_relations.csv,from_id,hexagram_42,repaired,hexagram:42
iching_relations.csv,to_id,hexagram_61,repaired,hexagram:61
iching_relations.csv,from_id,hexagram_42,repaired,hexagram:42
iching_relations.csv,to_id,hexagram_20,repaired,hexagram:20
iching_relations.csv,from_id,hexagram_42,repaired,hexagram:42
iching_relations.csv,to_id,hexagram_03,repaired,hexagram:03
iching_relations.csv,from_id,hexagram_42,repaired,hexagram:42
iching_relations.csv,to_id,hexagram_27,repaired,hexagram:27
iching_relations.csv,from_id,hexagram_42,repaired,hexagram:42
iching_relations.csv,to_id,hexagram_25,repaired,hexagram:25
iching_relations.csv,from_id,hexagram_43,repaired,hexagram:43
iching_relations.csv,to_id,hexagram_58,repaired,hexagram:58
iching_relations.csv,from_id,hexagram_43,repaired,hexagram:43
iching_relations.csv,to_id,hexagram_49,repaired,hexagram:49
iching_relations.csv,from_id,hexagram_43,repaired,hexagram:43
iching_relations.csv,to_id,hexagram_28,repaired,hexagram:28
iching_relations.csv,from_id,hexagram_43,repaired,hexagram:43
iching_relations.csv,to_id,hexagram_01,repaired,hexagram:01
iching_relations.csv,from_id,hexagram_43,repaired,hexagram:43
iching_relations.csv,to_id,hexagram_34,repaired,hexagram:34
iching_relations.csv,from_id,hexagram_43,repaired,hexagram:43
iching_relations.csv,to_id,hexagram_05,repaired,hexagram:05
iching_relations.csv,from_id,hexagram_44,repaired,hexagram:44
iching_relations.csv,to_id,hexagram_06,repaired,hexagram:06
iching_relations.csv,from_id,hexagram_44,repaired,hexagram:44
iching_relations.csv,to_id,hexagram_33,repaired,hexagram:33
iching_relations.csv,from_id,hexagram_44,repaired,hexagram:44
iching_relations.csv,to_id,hexagram_01,repaired,hexagram:01
iching_relations.csv,from_id,hexagram_44,repaired,hexagram:44
iching_relations.csv,to_id,hexagram_28,repaired,hexagram:28
iching_relations.csv,from_id,hexagram_44,repaired,hexagram:44
iching_relations.csv,to_id,hexagram_50,repaired,hexagram:50
iching_relations.csv,from_id,hexagram_44,repaired,hexagram:44
iching_relations.csv,to_id,hexagram_57,repaired,hexagram:57
iching_relations.csv,from_id,hexagram_45,repaired,hexagram:45
iching_relations.csv,to_id,hexagram_31,repaired,hexagram:31
iching_relations.csv,from_id,hexagram_45,repaired,hexagram:45
iching_relations.csv,to_id,hexagram_47,repaired,hexagram:47
iching_relations.csv,from_id,hexagram_45,repaired,hexagram:45
iching_relations.csv,to_id,hexagram_17,repaired,hexagram:17
iching_relations.csv,from_id,hexagram_45,repaired,hexagram:45
iching_relations.csv,to_id,hexagram_12,repaired,hexagram:12
iching_relations.csv,from_id,hexagram_45,repaired,hexagram:45
iching_relations.csv,to_id,hexagram_16,repaired,hexagram:16
iching_relations.csv,from_id,hexagram_45,repaired,hexagram:45
iching_relations.csv,to_id,hexagram_07,repaired,hexagram:07
iching_relations.csv,from_id,hexagram_46,repaired,hexagram:46
iching_relations.csv,to_id,hexagram_08,repaired,hexagram:08
iching_relations.csv,from_id,hexagram_46,repaired,hexagram:46
iching_relations.csv,to_id,hexagram_15,repaired,hexagram:15
iching_relations.csv,from_id,hexagram_46,repaired,hexagram:46
iching_relations.csv,to_id,hexagram_11,repaired,hexagram:11
iching_relations.csv,from_id,hexagram_46,repaired,hexagram:46
iching_relations.csv,to_id,hexagram_18,repaired,hexagram:18
iching_relations.csv,from_id,hexagram_46,repaired,hexagram:46
iching_relations.csv,to_id,hexagram_48,repaired,hexagram:48
iching_relations.csv,from_id,hexagram_46,repaired,hexagram:46
iching_relations.csv,to_id,hexagram_32,repaired,hexagram:32
iching_relations.csv,from_id,hexagram_47,repaired,hexagram:47
iching_relations.csv,to_id,hexagram_28,repaired,hexagram:28
iching_relations.csv,from_id,hexagram_47,repaired,hexagram:47
iching_relations.csv,to_id,hexagram_45,repaired,hexagram:45
iching_relations.csv,from_id,hexagram_47,repaired,hexagram:47
iching_relations.csv,to_id,hexagram_58,repaired,hexagram:58
iching_relations.csv,from_id,hexagram_47,repaired,hexagram:47
iching_relations.csv,to_id,hexagram_06,repaired,hexagram:06
iching_relations.csv,from_id,hexagram_47,repaired,hexagram:47
iching_relations.csv,to_id,hexagram_40,repaired,hexagram:40
iching_relations.csv,from_id,hexagram_47,repaired,hexagram:47
iching_relations.csv,to_id,hexagram_29,repaired,hexagram:29
iching_relations.csv,from_id,hexagram_48,repaired,hexagram:48
iching_relations.csv,to_id,hexagram_29,repaired,hexagram:29
iching_relations.csv,from_id,hexagram_48,repaired,hexagram:48
iching_relations.csv,to_id,hexagram_39,repaired,hexagram:39
iching_relations.csv,from_id,hexagram_48,repaired,hexagram:48
iching_relations.csv,to_id,hexagram_05,repaired,hexagram:05
iching_relations.csv,from_id,hexagram_48,repaired,hexagram:48
iching_relations.csv,to_id,hexagram_57,repaired,hexagram:57
iching_relations.csv,from_id,hexagram_48,repaired,hexagram:48
iching_relations.csv,to_id,hexagram_46,repaired,hexagram:46
iching_relations.csv,from_id,hexagram_48,repaired,hexagram:48
iching_relations.csv,to_id,hexagram_28,repaired,hexagram:28
iching_relations.csv,from_id,hexagram_49,repaired,hexagram:49
iching_relations.csv,to_id,hexagram_17,repaired,hexagram:17
iching_relations.csv,from_id,hexagram_49,repaired,hexagram:49
iching_relations.csv,to_id,hexagram_43,repaired,hexagram:43
iching_relations.csv,from_id,hexagram_49,repaired,hexagram:49
iching_relations.csv,to_id,hexagram_31,repaired,hexagram:31
iching_relations.csv,from_id,hexagram_49,repaired,hexagram:49
iching_relations.csv,to_id,hexagram_13,repaired,hexagram:13
iching_relations.csv,from_id,hexagram_49,repaired,hexagram:49
iching_relations.csv,to_id,hexagram_55,repaired,hexagram:55
iching_relations.csv,from_id,hexagram_49,repaired,hexagram:49
iching_relations.csv,to_id,hexagram_63,repaired,hexagram:63
iching_relations.csv,from_id,hexagram_50,repaired,hexagram:50
iching_relations.csv,to_id,hexagram_64,repaired,hexagram:64
iching_relations.csv,from_id,hexagram_50,repaired,hexagram:50
iching_relations.csv,to_id,hexagram_56,repaired,hexagram:56
iching_relations.csv,from_id,hexagram_50,repaired,hexagram:50
iching_relations.csv,to_id,hexagram_14,repaired,hexagram:14
iching_relations.csv,from_id,hexagram_50,repaired,hexagram:50
iching_relations.csv,to_id,hexagram_32,repaired,hexagram:32
iching_relations.csv,from_id,hexagram_50,repaired,hexagram:50
iching_relations.csv,to_id,hexagram_44,repaired,hexagram:44
iching_relations.csv,from_id,hexagram_50,repaired,hexagram:50
iching_relations.csv,to_id,hexagram_18,repaired,hexagram:18
iching_relations.csv,from_id,hexagram_51,repaired,hexagram:51
iching_relations.csv,to_id,hexagram_55,repaired,hexagram:55
iching_relations.csv,from_id,hexagram_51,repaired,hexagram:51
iching_relations.csv,to_id,hexagram_54,repaired,hexagram:54
iching_relations.csv,from_id,hexagram_51,repaired,hexagram:51
iching_relations.csv,to_id,hexagram_16,repaired,hexagram:16
iching_relations.csv,from_id,hexagram_51,repaired,hexagram:51
iching_relations.csv,to_id,hexagram_21,repaired,hexagram:21
iching_relations.csv,from_id,hexagram_51,repaired,hexagram:51
iching_relations.csv,to_id,hexagram_17,repaired,hexagram:17
iching_relations.csv,from_id,hexagram_51,repaired,hexagram:51
iching_relations.csv,to_id,hexagram_24,repaired,hexagram:24
iching_relations.csv,from_id,hexagram_52,repaired,hexagram:52
iching_relations.csv,to_id,hexagram_23,repaired,hexagram:23
iching_relations.csv,from_id,hexagram_52,repaired,hexagram:52
iching_relations.csv,to_id,hexagram_18,repaired,hexagram:18
iching_relations.csv,from_id,hexagram_52,repaired,hexagram:52
iching_relations.csv,to_id,hexagram_22,repaired,hexagram:22
iching_relations.csv,from_id,hexagram_52,repaired,hexagram:52
iching_relations.csv,to_id,hexagram_15,repaired,hexagram:15
iching_relations.csv,from_id,hexagram_52,repaired,hexagram:52
iching_relations.csv,to_id,hexagram_53,repaired,hexagram:53
iching_relations.csv,from_id,hexagram_52,repaired,hexagram:52
iching_relations.csv,to_id,hexagram_56,repaired,hexagram:56
iching_relations.csv,from_id,hexagram_53,repaired,hexagram:53
iching_relations.csv,to_id,hexagram_20,repaired,hexagram:20
iching_relations.csv,from_id,hexagram_53,repaired,hexagram:53
iching_relations.csv,to_id,hexagram_57,repaired,hexagram:57
iching_relations.csv,from_id,hexagram_53,repaired,hexagram:53
iching_relations.csv,to_id,hexagram_37,repaired,hexagram:37
iching_relations.csv,from_id,hexagram_53,repaired,hexagram:53
iching_relations.csv,to_id,hexagram_39,repaired,hexagram:39
iching_relations.csv,from_id,hexagram_53,repaired,hexagram:53
iching_relations.csv,to_id,hexagram_52,repaired,hexagram:52
iching_relations.csv,from_id,hexagram_53,repaired,hexagram:53
iching_relations.csv,to_id,hexagram_33,repaired,hexagram:33
iching_relations.csv,from_id,hexagram_54,repaired,hexagram:54
iching_relations.csv,to_id,hexagram_34,repaired,hexagram:34
iching_relations.csv,from_id,hexagram_54,repaired,hexagram:54
iching_relations.csv,to_id,hexagram_51,repaired,hexagram:51
iching_relations.csv,from_id,hexagram_54,repaired,hexagram:54
iching_relations.csv,to_id,hexagram_40,repaired,hexagram:40
iching_relations.csv,from_id,hexagram_54,repaired,hexagram:54
iching_relations.csv,to_id,hexagram_38,repaired,hexagram:38
iching_relations.csv,from_id,hexagram_54,repaired,hexagram:54
iching_relations.csv,to_id,hexagram_58,repaired,hexagram:58
iching_relations.csv,from_id,hexagram_54,repaired,hexagram:54
iching_relations.csv,to_id,hexagram_19,repaired,hexagram:19
iching_relations.csv,from_id,hexagram_55,repaired,hexagram:55
iching_relations.csv,to_id,hexagram_51,repaired,hexagram:51
iching_relations.csv,from_id,hexagram_55,repaired,hexagram:55
iching_relations.csv,to_id,hexagram_34,repaired,hexagram:34
iching_relations.csv,from_id,hexagram_55,repaired,hexagram:55
iching_relations.csv,to_id,hexagram_62,repaired,hexagram:62
iching_relations.csv,from_id,hexagram_55,repaired,hexagram:55
iching_relations.csv,to_id,hexagram_30,repaired,hexagram:30
iching_relations.csv,from_id,hexagram_55,repaired,hexagram:55
iching_relations.csv,to_id,hexagram_49,repaired,hexagram:49
iching_relations.csv,from_id,hexagram_55,repaired,hexagram:55
iching_relations.csv,to_id,hexagram_36,repaired,hexagram:36
iching_relations.csv,from_id,hexagram_56,repaired,hexagram:56
iching_relations.csv,to_id,hexagram_35,repaired,hexagram:35
iching_relations.csv,from_id,hexagram_56,repaired,hexagram:56
iching_relations.csv,to_id,hexagram_50,repaired,hexagram:50
iching_relations.csv,from_id,hexagram_56,repaired,hexagram:56
iching_relations.csv,to_id,hexagram_30,repaired,hexagram:30
iching_relations.csv,from_id,hexagram_56,repaired,hexagram:56
iching_relations.csv,to_id,hexagram_62,repaired,hexagram:62
iching_relations.csv,from_id,hexagram_56,repaired,hexagram:56
iching_relations.csv,to_id,hexagram_33,repaired,hexagram:33
iching_relations.csv,from_id,hexagram_56,repaired,hexagram:56
iching_relations.csv,to_id,hexagram_52,repaired,hexagram:52
iching_relations.csv,from_id,hexagram_57,repaired,hexagram:57
iching_relations.csv,to_id,hexagram_59,repaired,hexagram:59
iching_relations.csv,from_id,hexagram_57,repaired,hexagram:57
iching_relations.csv,to_id,hexagram_53,repaired,hexagram:53
iching_relations.csv,from_id,hexagram_57,repaired,hexagram:57
iching_relations.csv,to_id,hexagram_09,repaired,hexagram:09
iching_relations.csv,from_id,hexagram_57,repaired,hexagram:57
iching_relations.csv,to_id,hexagram_48,repaired,hexagram:48
iching_relations.csv,from_id,hexagram_57,repaired,hexagram:57
iching_relations.csv,to_id,hexagram_18,repaired,hexagram:18
iching_relations.csv,from_id,hexagram_57,repaired,hexagram:57
iching_relations.csv,to_id,hexagram_44,repaired,hexagram:44
iching_relations.csv,from_id,hexagram_58,repaired,hexagram:58
iching_relations.csv,to_id,hexagram_43,repaired,hexagram:43
iching_relations.csv,from_id,hexagram_58,repaired,hexagram:58
iching_relations.csv,to_id,hexagram_17,repaired,hexagram:17
iching_relations.csv,from_id,hexagram_58,repaired,hexagram:58
iching_relations.csv,to_id,hexagram_47,repaired,hexagram:47
iching_relations.csv,from_id,hexagram_58,repaired,hexagram:58
iching_relations.csv,to_id,hexagram_10,repaired,hexagram:10
iching_relations.csv,from_id,hexagram_58,repaired,hexagram:58
iching_relations.csv,to_id,hexagram_54,repaired,hexagram:54
iching_relations.csv,from_id,hexagram_58,repaired,hexagram:58
iching_relations.csv,to_id,hexagram_60,repaired,hexagram:60
iching_relations.csv,from_id,hexagram_59,repaired,hexagram:59
iching_relations.csv,to_id,hexagram_57,repaired,hexagram:57
iching_relations.csv,from_id,hexagram_59,repaired,hexagram:59
iching_relations.csv,to_id,hexagram_20,repaired,hexagram:20
iching_relations.csv,from_id,hexagram_59,repaired,hexagram:59
iching_relations.csv,to_id,hexagram_61,repaired,hexagram:61
iching_relations.csv,from_id,hexagram_59,repaired,hexagram:59
iching_relations.csv,to_id,hexagram_29,repaired,hexagram:29
iching_relations.csv,from_id,hexagram_59,repaired,hexagram:59
iching_relations.csv,to_id,hexagram_04,repaired,hexagram:04
iching_relations.csv,from_id,hexagram_59,repaired,hexagram:59
iching_relations.csv,to_id,hexagram_06,repaired,hexagram:06
iching_relations.csv,from_id,hexagram_60,repaired,hexagram:60
iching_relations.csv,to_id,hexagram_05,repaired,hexagram:05
iching_relations.csv,from_id,hexagram_60,repaired,hexagram:60
iching_relations.csv,to_id,hexagram_03,repaired,hexagram:03
iching_relations.csv,from_id,hexagram_60,repaired,hexagram:60
iching_relations.csv,to_id,hexagram_29,repaired,hexagram:29
iching_relations.csv,from_id,hexagram_60,repaired,hexagram:60
iching_relations.csv,to_id,hexagram_61,repaired,hexagram:61
iching_relations.csv,from_id,hexagram_60,repaired,hexagram:60
iching_relations.csv,to_id,hexagram_19,repaired,hexagram:19
iching_relations.csv,from_id,hexagram_60,repaired,hexagram:60
iching_relations.csv,to_id,hexagram_58,repaired,hexagram:58
iching_relations.csv,from_id,hexagram_61,repaired,hexagram:61
iching_relations.csv,to_id,hexagram_09,repaired,hexagram:09
iching_relations.csv,from_id,hexagram_61,repaired,hexagram:61
iching_relations.csv,to_id,hexagram_42,repaired,hexagram:42
iching_relations.csv,from_id,hexagram_61,repaired,hexagram:61
iching_relations.csv,to_id,hexagram_59,repaired,hexagram:59
iching_relations.csv,from_id,hexagram_61,repaired,hexagram:61
iching_relations.csv,to_id,hexagram_60,repaired,hexagram:60
iching_relations.csv,from_id,hexagram_61,repaired,hexagram:61
iching_relations.csv,to_id,hexagram_41,repaired,hexagram:41
iching_relations.csv,from_id,hexagram_61,repaired,hexagram:61
iching_relations.csv,to_id,hexagram_10,repaired,hexagram:10
iching_relations.csv,from_id,hexagram_62,repaired,hexagram:62
iching_relations.csv,to_id,hexagram_16,repaired,hexagram:16
iching_relations.csv,from_id,hexagram_62,repaired,hexagram:62
iching_relations.csv,to_id,hexagram_32,repaired,hexagram:32
iching_relations.csv,from_id,hexagram_62,repaired,hexagram:62
iching_relations.csv,to_id,hexagram_55,repaired,hexagram:55
iching_relations.csv,from_id,hexagram_62,repaired,hexagram:62
iching_relations.csv,to_id,hexagram_56,repaired,hexagram:56
iching_relations.csv,from_id,hexagram_62,repaired,hexagram:62
iching_relations.csv,to_id,hexagram_31,repaired,hexagram:31
iching_relations.csv,from_id,hexagram_62,repaired,hexagram:62
iching_relations.csv,to_id,hexagram_15,repaired,hexagram:15
iching_relations.csv,from_id,hexagram_63,repaired,hexagram:63
iching_relations.csv,to_id,hexagram_03,repaired,hexagram:03
iching_relations.csv,from_id,hexagram_63,repaired,hexagram:63
iching_relations.csv,to_id,hexagram_05,repaired,hexagram:05
iching_relations.csv,from_id,hexagram_63,repaired,hexagram:63
iching_relations.csv,to_id,hexagram_39,repaired,hexagram:39
iching_relations.csv,from_id,hexagram_63,repaired,hexagram:63
iching_relations.csv,to_id,hexagram_37,repaired,hexagram:37
iching_relations.csv,from_id,hexagram_63,repaired,hexagram:63
iching_relations.csv,to_id,hexagram_36,repaired,hexagram:36
iching_relations.csv,from_id,hexagram_63,repaired,hexagram:63
iching_relations.csv,to_id,hexagram_49,repaired,hexagram:49
iching_relations.csv,from_id,hexagram_64,repaired,hexagram:64
iching_relations.csv,to_id,hexagram_50,repaired,hexagram:50
iching_relations.csv,from_id,hexagram_64,repaired,hexagram:64
iching_relations.csv,to_id,hexagram_35,repaired,hexagram:35
iching_relations.csv,from_id,hexagram_64,repaired,hexagram:64
iching_relations.csv,to_id,hexagram_38,repaired,hexagram:38
iching_relations.csv,from_id,hexagram_64,repaired,hexagram:64
iching_relations.csv,to_id,hexagram_40,repaired,hexagram:40
iching_relations.csv,from_id,hexagram_64,repaired,hexagram:64
iching_relations.csv,to_id,hexagram_06,repaired,hexagram:06
iching_relations.csv,from_id,hexagram_64,repaired,hexagram:64
iching_relations.csv,to_id,hexagram_04,repaired,hexagram:04
iching_relations.csv,from_id,trigram_qian,repaired,trigram:qian
iching_relations.csv,to_id,deity_vayu,repaired,deity:vayu
iching_relations.csv,from_id,trigram_kun,repaired,trigram:kun
iching_relations.csv,to_id,deity_nirriti,repaired,deity:nirriti
iching_relations.csv,from_id,trigram_zhen,repaired,trigram:zhen
iching_relations.csv,to_id,deity_indra,repaired,deity:indra
iching_relations.csv,from_id,trigram_xun,repaired,trigram:xun
iching_relations.csv,to_id,deity_agni,repaired,deity:agni
iching_relations.csv,from_id,trigram_kan,repaired,trigram:kan
iching_relations.csv,to_id,deity_kubera,repaired,deity:kubera
iching_relations.csv,from_id,trigram_li,repaired,trigram:li
iching_relations.csv,to_id,deity_yama,repaired,deity:yama
iching_relations.csv,from_id,trigram_gen,repaired,trigram:gen
iching_relations.csv,to_id,deity_ishana,repaired,deity:ishana
iching_relations.csv,from_id,trigram_dui,repaired,trigram:dui
iching_relations.csv,to_id,deity_varuna,repaired,deity:varuna
iching_relations.csv,from_id,hexagram_02,repaired,hexagram:02
iching_relations.csv,to_id,nakshatra_rohini,repaired,nakshatra:rohini
iching_relations.csv,from_id,hexagram_02,repaired,hexagram:02
iching_relations.csv,to_id,nakshatra_mrigashira,repaired,nakshatra:mrigashira
iching_relations.csv,from_id,hexagram_02,repaired,hexagram:02
iching_relations.csv,to_id,nakshatra_ashlesha,repaired,nakshatra:ashlesha
iching_relations.csv,from_id,hexagram_02,repaired,hexagram:02
iching_relations.csv,to_id,nakshatra_uttara_phalguni,repaired,nakshatra:uttara_phalguni
iching_relations.csv,from_id,hexagram_02,repaired,hexagram:02
iching_relations.csv,to_id,nakshatra_uttara_ashadha,repaired,nakshatra:uttara_ashadha
iching_relations.csv,from_id,hexagram_03,repaired,hexagram:03
iching_relations.csv,to_id,nakshatra_ashwini,repaired,nakshatra:ashwini
iching_relations.csv,from_id,hexagram_03,repaired,hexagram:03
iching_relations.csv,to_id,nakshatra_krittika,repaired,nakshatra:krittika
iching_relations.csv,from_id,hexagram_03,repaired,hexagram:03
iching_relations.csv,to_id,nakshatra_ardra,repaired,nakshatra:ardra
iching_relations.csv,from_id,hexagram_03,repaired,hexagram:03
iching_relations.csv,to_id,nakshatra_swati,repaired,nakshatra:swati
iching_relations.csv,from_id,hexagram_03,repaired,hexagram:03
iching_relations.csv,to_id,nakshatra_vishakha,repaired,nakshatra:vishakha
iching_relations.csv,from_id,hexagram_03,repaired,hexagram:03
iching_relations.csv,to_id,nakshatra_purva_ashadha,repaired,nakshatra:purva_ashadha
iching_relations.csv,from_id,hexagram_03,repaired,hexagram:03
iching_relations.csv,to_id,nakshatra_dhanishta,repaired,nakshatra:dhanishta
iching_relations.csv,from_id,hexagram_03,repaired,hexagram:03
iching_relations.csv,to_id,nakshatra_purva_bhadrapada,repaired,nakshatra:purva_bhadrapada
iching_relations.csv,from_id,hexagram_03,repaired,hexagram:03
iching_relations.csv,to_id,nakshatra_uttara_bhadrapada,repaired,nakshatra:uttara_bhadrapada
iching_relations.csv,from_id,hexagram_04,repaired,hexagram:04
iching_relations.csv,to_id,nakshatra_mrigashira,repaired,nakshatra:mrigashira
iching_relations.csv,from_id,hexagram_04,repaired,hexagram:04
iching_relations.csv,to_id,nakshatra_ardra,repaired,nakshatra:ardra
iching_relations.csv,from_id,hexagram_04,repaired,hexagram:04
iching_relations.csv,to_id,nakshatra_ashlesha,repaired,nakshatra:ashlesha
iching_relations.csv,from_id,hexagram_04,repaired,hexagram:04
iching_relations.csv,to_id,nakshatra_mula,repaired,nakshatra:mula
iching_relations.csv,from_id,hexagram_04,repaired,hexagram:04
iching_relations.csv,to_id,nakshatra_shatabhisha,repaired,nakshatra:shatabhisha
iching_relations.csv,from_id,hexagram_05,repaired,hexagram:05
iching_relations.csv,to_id,nakshatra_pushya,repaired,nakshatra:pushya
iching_relations.csv,from_id,hexagram_05,repaired,hexagram:05
iching_relations.csv,to_id,nakshatra_anuradha,repaired,nakshatra:anuradha
iching_relations.csv,from_id,hexagram_05,repaired,hexagram:05
iching_relations.csv,to_id,nakshatra_purva_ashadha,repaired,nakshatra:purva_ashadha
iching_relations.csv,from_id,hexagram_05,repaired,hexagram:05
iching_relations.csv,to_id,nakshatra_uttara_bhadrapada,repaired,nakshatra:uttara_bhadrapada
iching_relations.csv,from_id,hexagram_05,repaired,hexagram:05
iching_relations.csv,to_id,nakshatra_revati,repaired,nakshatra:revati
iching_relations.csv,from_id,hexagram_06,repaired,hexagram:06
iching_relations.csv,to_id,nakshatra_ashwini,repaired,nakshatra:ashwini
iching_relations.csv,from_id,hexagram_06,repaired,hexagram:06
iching_relations.csv,to_id,nakshatra_ardra,repaired,nakshatra:ardra
iching_relations.csv,from_id,hexagram_06,repaired,hexagram:06
iching_relations.csv,to_id,nakshatra_swati,repaired,nakshatra:swati
iching_relations.csv,from_id,hexagram_06,repaired,hexagram:06
iching_relations.csv,to_id,nakshatra_purva_ashadha,repaired,nakshatra:purva_ashadha
iching_relations.csv,from_id,hexagram_06,repaired,hexagram:06
iching_relations.csv,to_id,nakshatra_uttara_bhadrapada,repaired,nakshatra:uttara_bhadrapada
iching_relations.csv,from_id,hexagram_07,repaired,hexagram:07
iching_relations.csv,to_id,nakshatra_bharani,repaired,nakshatra:bharani
iching_relations.csv,from_id,hexagram_07,repaired,hexagram:07
iching_relations.csv,to_id,nakshatra_rohini,repaired,nakshatra:rohini
iching_relations.csv,from_id,hexagram_07,repaired,hexagram:07
iching_relations.csv,to_id,nakshatra_ardra,repaired,nakshatra:ardra
iching_relations.csv,from_id,hexagram_07,repaired,hexagram:07
iching_relations.csv,to_id,nakshatra_pushya,repaired,nakshatra:pushya
iching_relations.csv,from_id,hexagram_07,repaired,hexagram:07
iching_relations.csv,to_id,nakshatra_ashlesha,repaired,nakshatra:ashlesha
iching_relations.csv,from_id,hexagram_07,repaired,hexagram:07
iching_relations.csv,to_id,nakshatra_purva_phalguni,repaired,nakshatra:purva_phalguni
iching_relations.csv,from_id,hexagram_07,repaired,hexagram:07
iching_relations.csv,to_id,nakshatra_uttara_phalguni,repaired,nakshatra:uttara_phalguni
iching_relations.csv,from_id,hexagram_07,repaired,hexagram:07
iching_relations.csv,to_id,nakshatra_anuradha,repaired,nakshatra:anuradha
iching_relations.csv,from_id,hexagram_07,repaired,hexagram:07
iching_relations.csv,to_id,nakshatra_purva_ashadha,repaired,nakshatra:purva_ashadha
iching_relations.csv,from_id,hexagram_07,repaired,hexagram:07
iching_relations.csv,to_id,nakshatra_uttara_ashadha,repaired,nakshatra:uttara_ashadha
iching_relations.csv,from_id,hexagram_07,repaired,hexagram:07
iching_relations.csv,to_id,nakshatra_uttara_bhadrapada,repaired,nakshatra:uttara_bhadrapada
iching_relations.csv,from_id,hexagram_07,repaired,hexagram:07
iching_relations.csv,to_id,nakshatra_revati,repaired,nakshatra:revati
iching_relations.csv,from_id,hexagram_08,repaired,hexagram:08
iching_relations.csv,to_id,nakshatra_mrigashira,repaired,nakshatra:mrigashira
iching_relations.csv,from_id,hexagram_08,repaired,hexagram:08
iching_relations.csv,to_id,nakshatra_ardra,repaired,nakshatra:ardra
iching_relations.csv,from_id,hexagram_08,repaired,hexagram:08
iching_relations.csv,to_id,nakshatra_punarvasu,repaired,nakshatra:punarvasu
iching_relations.csv,from_id,hexagram_08,repaired,hexagram:08
iching_relations.csv,to_id,nakshatra_pushya,repaired,nakshatra:pushya
iching_relations.csv,from_id,hexagram_08,repaired,hexagram:08
iching_relations.csv,to_id,nakshatra_uttara_phalguni,repaired,nakshatra:uttara_phalguni
iching_relations.csv,from_id,hexagram_08,repaired,hexagram:08
iching_relations.csv,to_id,nakshatra_hasta,repaired,nakshatra:hasta
iching_relations.csv,from_id,hexagram_08,repaired,hexagram:08
iching_relations.csv,to_id,nakshatra_anuradha,repaired,nakshatra:anuradha
iching_relations.csv,from_id,hexagram_08,repaired,hexagram:08
iching_relations.csv,to_id,nakshatra_uttara_ashadha,repaired,nakshatra:uttara_ashadha
iching_relations.csv,from_id,hexagram_08,repaired,hexagram:08
iching_relations.csv,to_id,nakshatra_shravana,repaired,nakshatra:shravana
iching_relations.csv,from_id,hexagram_08,repaired,hexagram:08
iching_relations.csv,to_id,nakshatra_uttara_bhadrapada,repaired,nakshatra:uttara_bhadrapada
iching_relations.csv,from_id,hexagram_08,repaired,hexagram:08
iching_relations.csv,to_id,nakshatra_revati,repaired,nakshatra:revati
iching_relations.csv,from_id,hexagram_09,repaired,hexagram:09
iching_relations.csv,to_id,nakshatra_punarvasu,repaired,nakshatra:punarvasu
iching_relations.csv,from_id,hexagram_09,repaired,hexagram:09
iching_relations.csv,to_id,nakshatra_hasta,repaired,nakshatra:hasta
iching_relations.csv,from_id,hexagram_09,repaired,hexagram:09
iching_relations.csv,to_id,nakshatra_swati,repaired,nakshatra:swati
iching_relations.csv,from_id,hexagram_09,repaired,hexagram:09
iching_relations.csv,to_id,nakshatra_jyeshtha,repaired,nakshatra:jyeshtha
iching_relations.csv,from_id,hexagram_09,repaired,hexagram:09
iching_relations.csv,to_id,nakshatra_shravana,repaired,nakshatra:shravana
iching_relations.csv,from_id,hexagram_10,repaired,hexagram:10
iching_relations.csv,to_id,nakshatra_rohini,repaired,nakshatra:rohini
iching_relations.csv,from_id,hexagram_10,repaired,hexagram:10
iching_relations.csv,to_id,nakshatra_ardra,repaired,nakshatra:ardra
iching_relations.csv,from_id,hexagram_10,repaired,hexagram:10
iching_relations.csv,to_id,nakshatra_pushya,repaired,nakshatra:pushya
iching_relations.csv,from_id,hexagram_10,repaired,hexagram:10
iching_relations.csv,to_id,nakshatra_ashlesha,repaired,nakshatra:ashlesha
iching_relations.csv,from_id,hexagram_10,repaired,hexagram:10
iching_relations.csv,to_id,nakshatra_anuradha,repaired,nakshatra:anuradha
iching_relations.csv,from_id,hexagram_10,repaired,hexagram:10
iching_relations.csv,to_id,nakshatra_purva_ashadha,repaired,nakshatra:purva_ashadha
iching_relations.csv,from_id,hexagram_10,repaired,hexagram:10
iching_relations.csv,to_id,nakshatra_uttara_bhadrapada,repaired,nakshatra:uttara_bhadrapada
iching_relations.csv,from_id,hexagram_10,repaired,hexagram:10
iching_relations.csv,to_id,nakshatra_revati,repaired,nakshatra:revati
iching_relations.csv,from_id,hexagram_11,repaired,hexagram:11
iching_relations.csv,to_id,nakshatra_bharani,repaired,nakshatra:bharani
iching_relations.csv,from_id,hexagram_11,repaired,hexagram:11
iching_relations.csv,to_id,nakshatra_mrigashira,repaired,nakshatra:mrigashira
iching_relations.csv,from_id,hexagram_11,repaired,hexagram:11
iching_relations.csv,to_id,nakshatra_purva_phalguni,repaired,nakshatra:purva_phalguni
iching_relations.csv,from_id,hexagram_11,repaired,hexagram:11
iching_relations.csv,to_id,nakshatra_uttara_phalguni,repaired,nakshatra:uttara_phalguni
iching_relations.csv,from_id,hexagram_11,repaired,hexagram:11
iching_relations.csv,to_id,nakshatra_uttara_ashadha,repaired,nakshatra:uttara_ashadha
iching_relations.csv,from_id,hexagram_12,repaired,hexagram:12
iching_relations.csv,to_id,nakshatra_rohini,repaired,nakshatra:rohini
iching_relations.csv,from_id,hexagram_12,repaired,hexagram:12
iching_relations.csv,to_id,nakshatra_mrigashira,repaired,nakshatra:mrigashira
iching_relations.csv,from_id,hexagram_12,repaired,hexagram:12
iching_relations.csv,to_id,nakshatra_ashlesha,repaired,nakshatra:ashlesha
iching_relations.csv,from_id,hexagram_12,repaired,hexagram:12
iching_relations.csv,to_id,nakshatra_uttara_phalguni,repaired,nakshatra:uttara_phalguni
iching_relations.csv,from_id,hexagram_12,repaired,hexagram:12
iching_relations.csv,to_id,nakshatra_uttara_ashadha,repaired,nakshatra:uttara_ashadha
iching_relations.csv,from_id,hexagram_13,repaired,hexagram:13
iching_relations.csv,to_id,nakshatra_ashwini,repaired,nakshatra:ashwini
iching_relations.csv,from_id,hexagram_13,repaired,hexagram:13
iching_relations.csv,to_id,nakshatra_krittika,repaired,nakshatra:krittika
iching_relations.csv,from_id,hexagram_13,repaired,hexagram:13
iching_relations.csv,to_id,nakshatra_magha,repaired,nakshatra:magha
iching_relations.csv,from_id,hexagram_13,repaired,hexagram:13
iching_relations.csv,to_id,nakshatra_chitra,repaired,nakshatra:chitra
iching_relations.csv,from_id,hexagram_13,repaired,hexagram:13
iching_relations.csv,to_id,nakshatra_vishakha,repaired,nakshatra:vishakha
iching_relations.csv,from_id,hexagram_13,repaired,hexagram:13
iching_relations.csv,to_id,nakshatra_dhanishta,repaired,nakshatra:dhanishta
iching_relations.csv,from_id,hexagram_13,repaired,hexagram:13
iching_relations.csv,to_id,nakshatra_purva_bhadrapada,repaired,nakshatra:purva_bhadrapada
iching_relations.csv,from_id,hexagram_14,repaired,hexagram:14
iching_relations.csv,to_id,nakshatra_ashwini,repaired,nakshatra:ashwini
iching_relations.csv,from_id,hexagram_14,repaired,hexagram:14
iching_relations.csv,to_id,nakshatra_krittika,repaired,nakshatra:krittika
iching_relations.csv,from_id,hexagram_14,repaired,hexagram:14
iching_relations.csv,to_id,nakshatra_magha,repaired,nakshatra:magha
iching_relations.csv,from_id,hexagram_14,repaired,hexagram:14
iching_relations.csv,to_id,nakshatra_chitra,repaired,nakshatra:chitra
iching_relations.csv,from_id,hexagram_14,repaired,hexagram:14
iching_relations.csv,to_id,nakshatra_vishakha,repaired,nakshatra:vishakha
iching_relations.csv,from_id,hexagram_14,repaired,hexagram:14
iching_relations.csv,to_id,nakshatra_dhanishta,repaired,nakshatra:dhanishta
iching_relations.csv,from_id,hexagram_14,repaired,hexagram:14
iching_relations.csv,to_id,nakshatra_purva_bhadrapada,repaired,nakshatra:purva_bhadrapada
iching_relations.csv,from_id,hexagram_15,repaired,hexagram:15
iching_relations.csv,to_id,nakshatra_rohini,repaired,nakshatra:rohini
iching_relations.csv,from_id,hexagram_15,repaired,hexagram:15
iching_relations.csv,to_id,nakshatra_mrigashira,repaired,nakshatra:mrigashira
iching_relations.csv,from_id,hexagram_15,repaired,hexagram:15
iching_relations.csv,to_id,nakshatra_pushya,repaired,nakshatra:pushya
iching_relations.csv,from_id,hexagram_15,repaired,hexagram:15
iching_relations.csv,to_id,nakshatra_uttara_phalguni,repaired,nakshatra:uttara_phalguni
iching_relations.csv,from_id,hexagram_15,repaired,hexagram:15
iching_relations.csv,to_id,nakshatra_anuradha,repaired,nakshatra:anuradha
iching_relations.csv,from_id,hexagram_15,repaired,hexagram:15
iching_relations.csv,to_id,nakshatra_uttara_ashadha,repaired,nakshatra:uttara_ashadha
iching_relations.csv,from_id,hexagram_15,repaired,hexagram:15
iching_relations.csv,to_id,nakshatra_uttara_bhadrapada,repaired,nakshatra:uttara_bhadrapada
iching_relations.csv,from_id,hexagram_15,repaired,hexagram:15
iching_relations.csv,to_id,nakshatra_revati,repaired,nakshatra:revati
iching_relations.csv,from_id,hexagram_16,repaired,hexagram:16
iching_relations.csv,to_id,nakshatra_ashwini,repaired,nakshatra:ashwini
iching_relations.csv,from_id,hexagram_16,repaired,hexagram:16
iching_relations.csv,to_id,nakshatra_bharani,repaired,nakshatra:bharani
iching_relations.csv,from_id,hexagram_16,repaired,hexagram:16
iching_relations.csv,to_id,nakshatra_krittika,repaired,nakshatra:krittika
iching_relations.csv,from_id,hexagram_16,repaired,hexagram:16
iching_relations.csv,to_id,nakshatra_rohini,repaired,nakshatra:rohini
iching_relations.csv,from_id,hexagram_16,repaired,hexagram:16
iching_relations.csv,to_id,nakshatra_purva_phalguni,repaired,nakshatra:purva_phalguni
iching_relations.csv,from_id,hexagram_16,repaired,hexagram:16
iching_relations.csv,to_id,nakshatra_uttara_phalguni,repaired,nakshatra:uttara_phalguni
iching_relations.csv,from_id,hexagram_16,repaired,hexagram:16
iching_relations.csv,to_id,nakshatra_vishakha,repaired,nakshatra:vishakha
iching_relations.csv,from_id,hexagram_16,repaired,hexagram:16
iching_relations.csv,to_id,nakshatra_uttara_ashadha,repaired,nakshatra:uttara_ashadha
iching_relations.csv,from_id,hexagram_16,repaired,hexagram:16
iching_relations.csv,to_id,nakshatra_dhanishta,repaired,nakshatra:dhanishta
iching_relations.csv,from_id,hexagram_16,repaired,hexagram:16
iching_relations.csv,to_id,nakshatra_purva_bhadrapada,repaired,nakshatra:purva_bhadrapada
iching_relations.csv,from_id,hexagram_17,repaired,hexagram:17
iching_relations.csv,to_id,nakshatra_ashwini,repaired,nakshatra:ashwini
iching_relations.csv,from_id,hexagram_17,repaired,hexagram:17
iching_relations.csv,to_id,nakshatra_krittika,repaired,nakshatra:krittika
iching_relations.csv,from_id,hexagram_17,repaired,hexagram:17
iching_relations.csv,to_id,nakshatra_ardra,repaired,nakshatra:ardra
iching_relations.csv,from_id,hexagram_17,repaired,hexagram:17
iching_relations.csv,to_id,nakshatra_swati,repaired,nakshatra:swati
iching_relations.csv,from_id,hexagram_17,repaired,hexagram:17
iching_relations.csv,to_id,nakshatra_vishakha,repaired,nakshatra:vishakha
iching_relations.csv,from_id,hexagram_17,repaired,hexagram:17
iching_relations.csv,to_id,nakshatra_purva_ashadha,repaired,nakshatra:purva_ashadha
iching_relations.csv,from_id,hexagram_17,repaired,hexagram:17
iching_relations.csv,to_id,nakshatra_dhanishta,repaired,nakshatra:dhanishta
iching_relations.csv,from_id,hexagram_17,repaired,hexagram:17
iching_relations.csv,to_id,nakshatra_purva_bhadrapada,repaired,nakshatra:purva_bhadrapada
iching_relations.csv,from_id,hexagram_17,repaired,hexagram:17
iching_relations.csv,to_id,nakshatra_uttara_bhadrapada,repaired,nakshatra:uttara_bhadrapada
iching_relations.csv,from_id,hexagram_18,repaired,hexagram:18
iching_relations.csv,to_id,nakshatra_ashwini,repaired,nakshatra:ashwini
iching_relations.csv,from_id,hexagram_18,repaired,hexagram:18
iching_relations.csv,to_id,nakshatra_bharani,repaired,nakshatra:bharani
iching_relations.csv,from_id,hexagram_18,repaired,hexagram:18
iching_relations.csv,to_id,nakshatra_rohini,repaired,nakshatra:rohini
iching_relations.csv,from_id,hexagram_18,repaired,hexagram:18
iching_relations.csv,to_id,nakshatra_mrigashira,repaired,nakshatra:mrigashira
iching_relations.csv,from_id,hexagram_18,repaired,hexagram:18
iching_relations.csv,to_id,nakshatra_punarvasu,repaired,nakshatra:punarvasu
iching_relations.csv,from_id,hexagram_18,repaired,hexagram:18
iching_relations.csv,to_id,nakshatra_purva_phalguni,repaired,nakshatra:purva_phalguni
iching_relations.csv,from_id,hexagram_18,repaired,hexagram:18
iching_relations.csv,to_id,nakshatra_uttara_phalguni,repaired,nakshatra:uttara_phalguni
iching_relations.csv,from_id,hexagram_18,repaired,hexagram:18
iching_relations.csv,to_id,nakshatra_hasta,repaired,nakshatra:hasta
iching_relations.csv,from_id,hexagram_18,repaired,hexagram:18
iching_relations.csv,to_id,nakshatra_swati,repaired,nakshatra:swati
iching_relations.csv,from_id,hexagram_18,repaired,hexagram:18
iching_relations.csv,to_id,nakshatra_mula,repaired,nakshatra:mula
iching_relations.csv,from_id,hexagram_18,repaired,hexagram:18
iching_relations.csv,to_id,nakshatra_uttara_ashadha,repaired,nakshatra:uttara_ashadha
iching_relations.csv,from_id,hexagram_18,repaired,hexagram:18
iching_relations.csv,to_id,nakshatra_shravana,repaired,nakshatra:shravana
iching_relations.csv,from_id,hexagram_18,repaired,hexagram:18
iching_relations.csv,to_id,nakshatra_shatabhisha,repaired,nakshatra:shatabhisha
iching_relations.csv,from_id,hexagram_19,repaired,hexagram:19
iching_relations.csv,to_id,nakshatra_rohini,repaired,nakshatra:rohini
iching_relations.csv,from_id,hexagram_19,repaired,hexagram:19
iching_relations.csv,to_id,nakshatra_mrigashira,repaired,nakshatra:mrigashira
iching_relations.csv,from_id,hexagram_19,repaired,hexagram:19
iching_relations.csv,to_id,nakshatra_pushya,repaired,nakshatra:pushya
iching_relations.csv,from_id,hexagram_19,repaired,hexagram:19
iching_relations.csv,to_id,nakshatra_ashlesha,repaired,nakshatra:ashlesha
iching_relations.csv,from_id,hexagram_19,repaired,hexagram:19
iching_relations.csv,to_id,nakshatra_uttara_phalguni,repaired,nakshatra:uttara_phalguni
iching_relations.csv,from_id,hexagram_19,repaired,hexagram:19
iching_relations.csv,to_id,nakshatra_anuradha,repaired,nakshatra:anuradha
iching_relations.csv,from_id,hexagram_19,repaired,hexagram:19
iching_relations.csv,to_id,nakshatra_uttara_ashadha,repaired,nakshatra:uttara_ashadha
iching_relations.csv,from_id,hexagram_19,repaired,hexagram:19
iching_relations.csv,to_id,nakshatra_uttara_bhadrapada,repaired,nakshatra:uttara_bhadrapada
iching_relations.csv,from_id,hexagram_19,repaired,hexagram:19
iching_relations.csv,to_id,nakshatra_revati,repaired,nakshatra:revati
iching_relations.csv,from_id,hexagram_20,repaired,hexagram:20
iching_relations.csv,to_id,nakshatra_rohini,repaired,nakshatra:rohini
iching_relations.csv,from_id,hexagram_20,repaired,hexagram:20
iching_relations.csv,to_id,nakshatra_mrigashira,repaired,nakshatra:mrigashira
iching_relations.csv,from_id,hexagram_20,repaired,hexagram:20
iching_relations.csv,to_id,nakshatra_punarvasu,repaired,nakshatra:punarvasu
iching_relations.csv,from_id,hexagram_20,repaired,hexagram:20
iching_relations.csv,to_id,nakshatra_pushya,repaired,nakshatra:pushya
iching_relations.csv,from_id,hexagram_20,repaired,hexagram:20
iching_relations.csv,to_id,nakshatra_uttara_phalguni,repaired,nakshatra:uttara_phalguni
iching_relations.csv,from_id,hexagram_20,repaired,hexagram:20
iching_relations.csv,to_id,nakshatra_hasta,repaired,nakshatra:hasta
iching_relations.csv,from_id,hexagram_20,repaired,hexagram:20
iching_relations.csv,to_id,nakshatra_swati,repaired,nakshatra:swati
iching_relations.csv,from_id,hexagram_20,repaired,hexagram:20
iching_relations.csv,to_id,nakshatra_anuradha,repaired,nakshatra:anuradha
iching_relations.csv,from_id,hexagram_20,repaired,hexagram:20
iching_relations.csv,to_id,nakshatra_uttara_ashadha,repaired,nakshatra:uttara_ashadha
iching_relations.csv,from_id,hexagram_20,repaired,hexagram:20
iching_relations.csv,to_id,nakshatra_shravana,repaired,nakshatra:shravana
iching_relations.csv,from_id,hexagram_20,repaired,hexagram:20
iching_relations.csv,to_id,nakshatra_uttara_bhadrapada,repaired,nakshatra:uttara_bhadrapada
iching_relations.csv,from_id,hexagram_20,repaired,hexagram:20
iching_relations.csv,to_id,nakshatra_revati,repaired,nakshatra:revati
iching_relations.csv,from_id,hexagram_21,repaired,hexagram:21
iching_relations.csv,to_id,nakshatra_ashwini,repaired,nakshatra:ashwini
iching_relations.csv,from_id,hexagram_21,repaired,hexagram:21
iching_relations.csv,to_id,nakshatra_krittika,repaired,nakshatra:krittika
iching_relations.csv,from_id,hexagram_21,repaired,hexagram:21
iching_relations.csv,to_id,nakshatra_swati,repaired,nakshatra:swati
iching_relations.csv,from_id,hexagram_21,repaired,hexagram:21
iching_relations.csv,to_id,nakshatra_vishakha,repaired,nakshatra:vishakha
iching_relations.csv,from_id,hexagram_21,repaired,hexagram:21
iching_relations.csv,to_id,nakshatra_dhanishta,repaired,nakshatra:dhanishta
iching_relations.csv,from_id,hexagram_21,repaired,hexagram:21
iching_relations.csv,to_id,nakshatra_purva_bhadrapada,repaired,nakshatra:purva_bhadrapada
iching_relations.csv,from_id,hexagram_22,repaired,hexagram:22
iching_relations.csv,to_id,nakshatra_ashwini,repaired,nakshatra:ashwini
iching_relations.csv,from_id,hexagram_22,repaired,hexagram:22
iching_relations.csv,to_id,nakshatra_bharani,repaired,nakshatra:bharani
iching_relations.csv,from_id,hexagram_22,repaired,hexagram:22
iching_relations.csv,to_id,nakshatra_krittika,repaired,nakshatra:krittika
iching_relations.csv,from_id,hexagram_22,repaired,hexagram:22
iching_relations.csv,to_id,nakshatra_mrigashira,repaired,nakshatra:mrigashira
iching_relations.csv,from_id,hexagram_22,repaired,hexagram:22
iching_relations.csv,to_id,nakshatra_magha,repaired,nakshatra:magha
iching_relations.csv,from_id,hexagram_22,repaired,hexagram:22
iching_relations.csv,to_id,nakshatra_purva_phalguni,repaired,nakshatra:purva_phalguni
iching_relations.csv,from_id,hexagram_22,repaired,hexagram:22
iching_relations.csv,to_id,nakshatra_uttara_phalguni,repaired,nakshatra:uttara_phalguni
iching_relations.csv,from_id,hexagram_22,repaired,hexagram:22
iching_relations.csv,to_id,nakshatra_chitra,repaired,nakshatra:chitra
iching_relations.csv,from_id,hexagram_22,repaired,hexagram:22
iching_relations.csv,to_id,nakshatra_vishakha,repaired,nakshatra:vishakha
iching_relations.csv,from_id,hexagram_22,repaired,hexagram:22
iching_relations.csv,to_id,nakshatra_uttara_ashadha,repaired,nakshatra:uttara_ashadha
iching_relations.csv,from_id,hexagram_22,repaired,hexagram:22
iching_relations.csv,to_id,nakshatra_dhanishta,repaired,nakshatra:dhanishta
iching_relations.csv,from_id,hexagram_22,repaired,hexagram:22
iching_relations.csv,to_id,nakshatra_purva_bhadrapada,repaired,nakshatra:purva_bhadrapada
iching_relations.csv,from_id,hexagram_23,repaired,hexagram:23
iching_relations.csv,to_id,nakshatra_rohini,repaired,nakshatra:rohini
iching_relations.csv,from_id,hexagram_23,repaired,hexagram:23
iching_relations.csv,to_id,nakshatra_mrigashira,repaired,nakshatra:mrigashira
iching_relations.csv,from_id,hexagram_23,repaired,hexagram:23
iching_relations.csv,to_id,nakshatra_ashlesha,repaired,nakshatra:ashlesha
iching_relations.csv,from_id,hexagram_23,repaired,hexagram:23
iching_relations.csv,to_id,nakshatra_uttara_phalguni,repaired,nakshatra:uttara_phalguni
iching_relations.csv,from_id,hexagram_23,repaired,hexagram:23
iching_relations.csv,to_id,nakshatra_uttara_ashadha,repaired,nakshatra:uttara_ashadha
iching_relations.csv,from_id,hexagram_24,repaired,hexagram:24
iching_relations.csv,to_id,nakshatra_ashwini,repaired,nakshatra:ashwini
iching_relations.csv,from_id,hexagram_24,repaired,hexagram:24
iching_relations.csv,to_id,nakshatra_mrigashira,repaired,nakshatra:mrigashira
iching_relations.csv,from_id,hexagram_24,repaired,hexagram:24
iching_relations.csv,to_id,nakshatra_punarvasu,repaired,nakshatra:punarvasu
iching_relations.csv,from_id,hexagram_24,repaired,hexagram:24
iching_relations.csv,to_id,nakshatra_uttara_phalguni,repaired,nakshatra:uttara_phalguni
iching_relations.csv,from_id,hexagram_24,repaired,hexagram:24
iching_relations.csv,to_id,nakshatra_hasta,repaired,nakshatra:hasta
iching_relations.csv,from_id,hexagram_24,repaired,hexagram:24
iching_relations.csv,to_id,nakshatra_uttara_ashadha,repaired,nakshatra:uttara_ashadha
iching_relations.csv,from_id,hexagram_24,repaired,hexagram:24
iching_relations.csv,to_id,nakshatra_shravana,repaired,nakshatra:shravana
iching_relations.csv,from_id,hexagram_25,repaired,hexagram:25
iching_relations.csv,to_id,nakshatra_ashwini,repaired,nakshatra:ashwini
iching_relations.csv,from_id,hexagram_25,repaired,hexagram:25
iching_relations.csv,to_id,nakshatra_punarvasu,repaired,nakshatra:punarvasu
iching_relations.csv,from_id,hexagram_25,repaired,hexagram:25
iching_relations.csv,to_id,nakshatra_hasta,repaired,nakshatra:hasta
iching_relations.csv,from_id,hexagram_25,repaired,hexagram:25
iching_relations.csv,to_id,nakshatra_shravana,repaired,nakshatra:shravana
iching_relations.csv,from_id,hexagram_26,repaired,hexagram:26
iching_relations.csv,to_id,nakshatra_bharani,repaired,nakshatra:bharani
iching_relations.csv,from_id,hexagram_26,repaired,hexagram:26
iching_relations.csv,to_id,nakshatra_mrigashira,repaired,nakshatra:mrigashira
iching_relations.csv,from_id,hexagram_26,repaired,hexagram:26
iching_relations.csv,to_id,nakshatra_purva_phalguni,repaired,nakshatra:purva_phalguni
iching_relations.csv,from_id,hexagram_26,repaired,hexagram:26
iching_relations.csv,to_id,nakshatra_uttara_phalguni,repaired,nakshatra:uttara_phalguni
iching_relations.csv,from_id,hexagram_26,repaired,hexagram:26
iching_relations.csv,to_id,nakshatra_uttara_ashadha,repaired,nakshatra:uttara_ashadha
iching_relations.csv,from_id,hexagram_27,repaired,hexagram:27
iching_relations.csv,to_id,nakshatra_ashwini,repaired,nakshatra:ashwini
iching_relations.csv,from_id,hexagram_27,repaired,hexagram:27
iching_relations.csv,to_id,nakshatra_mrigashira,repaired,nakshatra:mrigashira
iching_relations.csv,from_id,hexagram_27,repaired,hexagram:27
iching_relations.csv,to_id,nakshatra_punarvasu,repaired,nakshatra:punarvasu
iching_relations.csv,from_id,hexagram_27,repaired,hexagram:27
iching_relations.csv,to_id,nakshatra_uttara_phalguni,repaired,nakshatra:uttara_phalguni
iching_relations.csv,from_id,hexagram_27,repaired,hexagram:27
iching_relations.csv,to_id,nakshatra_hasta,repaired,nakshatra:hasta
iching_relations.csv,from_id,hexagram_27,repaired,hexagram:27
iching_relations.csv,to_id,nakshatra_uttara_ashadha,repaired,nakshatra:uttara_ashadha
iching_relations.csv,from_id,hexagram_27,repaired,hexagram:27
iching_relations.csv,to_id,nakshatra_shravana,repaired,nakshatra:shravana
iching_relations.csv,from_id,hexagram_28,repaired,hexagram:28
iching_relations.csv,to_id,nakshatra_ashwini,repaired,nakshatra:ashwini
iching_relations.csv,from_id,hexagram_28,repaired,hexagram:28
iching_relations.csv,to_id,nakshatra_ardra,repaired,nakshatra:ardra
iching_relations.csv,from_id,hexagram_28,repaired,hexagram:28
iching_relations.csv,to_id,nakshatra_punarvasu,repaired,nakshatra:punarvasu
iching_relations.csv,from_id,hexagram_28,repaired,hexagram:28
iching_relations.csv,to_id,nakshatra_hasta,repaired,nakshatra:hasta
iching_relations.csv,from_id,hexagram_28,repaired,hexagram:28
iching_relations.csv,to_id,nakshatra_swati,repaired,nakshatra:swati
iching_relations.csv,from_id,hexagram_28,repaired,hexagram:28
iching_relations.csv,to_id,nakshatra_mula,repaired,nakshatra:mula
iching_relations.csv,from_id,hexagram_28,repaired,hexagram:28
iching_relations.csv,to_id,nakshatra_purva_ashadha,repaired,nakshatra:purva_ashadha
iching_relations.csv,from_id,hexagram_28,repaired,hexagram:28
iching_relations.csv,to_id,nakshatra_shravana,repaired,nakshatra:shravana
iching_relations.csv,from_id,hexagram_28,repaired,hexagram:28
iching_relations.csv,to_id,nakshatra_shatabhisha,repaired,nakshatra:shatabhisha
iching_relations.csv,from_id,hexagram_28,repaired,hexagram:28
iching_relations.csv,to_id,nakshatra_uttara_bhadrapada,repaired,nakshatra:uttara_bhadrapada
iching_relations.csv,from_id,hexagram_29,repaired,hexagram:29
iching_relations.csv,to_id,nakshatra_mrigashira,repaired,nakshatra:mrigashira
iching_relations.csv,from_id,hexagram_29,repaired,hexagram:29
iching_relations.csv,to_id,nakshatra_ardra,repaired,nakshatra:ardra
iching_relations.csv,from_id,hexagram_29,repaired,hexagram:29
iching_relations.csv,to_id,nakshatra_ashlesha,repaired,nakshatra:ashlesha
iching_relations.csv,from_id,hexagram_29,repaired,hexagram:29
iching_relations.csv,to_id,nakshatra_mula,repaired,nakshatra:mula
iching_relations.csv,from_id,hexagram_29,repaired,hexagram:29
iching_relations.csv,to_id,nakshatra_shatabhisha,repaired,nakshatra:shatabhisha
iching_relations.csv,from_id,hexagram_30,repaired,hexagram:30
iching_relations.csv,to_id,nakshatra_ashwini,repaired,nakshatra:ashwini
iching_relations.csv,from_id,hexagram_30,repaired,hexagram:30
iching_relations.csv,to_id,nakshatra_bharani,repaired,nakshatra:bharani
iching_relations.csv,from_id,hexagram_30,repaired,hexagram:30
iching_relations.csv,to_id,nakshatra_krittika,repaired,nakshatra:krittika
iching_relations.csv,from_id,hexagram_30,repaired,hexagram:30
iching_relations.csv,to_id,nakshatra_magha,repaired,nakshatra:magha
iching_relations.csv,from_id,hexagram_30,repaired,hexagram:30
iching_relations.csv,to_id,nakshatra_purva_phalguni,repaired,nakshatra:purva_phalguni
iching_relations.csv,from_id,hexagram_30,repaired,hexagram:30
iching_relations.csv,to_id,nakshatra_chitra,repaired,nakshatra:chitra
iching_relations.csv,from_id,hexagram_30,repaired,hexagram:30
iching_relations.csv,to_id,nakshatra_vishakha,repaired,nakshatra:vishakha
iching_relations.csv,from_id,hexagram_30,repaired,hexagram:30
iching_relations.csv,to_id,nakshatra_purva_ashadha,repaired,nakshatra:purva_ashadha
iching_relations.csv,from_id,hexagram_30,repaired,hexagram:30
iching_relations.csv,to_id,nakshatra_dhanishta,repaired,nakshatra:dhanishta
iching_relations.csv,from_id,hexagram_30,repaired,hexagram:30
iching_relations.csv,to_id,nakshatra_purva_bhadrapada,repaired,nakshatra:purva_bhadrapada
iching_relations.csv,from_id,hexagram_31,repaired,hexagram:31
iching_relations.csv,to_id,nakshatra_rohini,repaired,nakshatra:rohini
iching_relations.csv,from_id,hexagram_31,repaired,hexagram:31
iching_relations.csv,to_id,nakshatra_mrigashira,repaired,nakshatra:mrigashira
iching_relations.csv,from_id,hexagram_31,repaired,hexagram:31
iching_relations.csv,to_id,nakshatra_pushya,repaired,nakshatra:pushya
iching_relations.csv,from_id,hexagram_31,repaired,hexagram:31
iching_relations.csv,to_id,nakshatra_ashlesha,repaired,nakshatra:ashlesha
iching_relations.csv,from_id,hexagram_31,repaired,hexagram:31
iching_relations.csv,to_id,nakshatra_uttara_phalguni,repaired,nakshatra:uttara_phalguni
iching_relations.csv,from_id,hexagram_31,repaired,hexagram:31
iching_relations.csv,to_id,nakshatra_anuradha,repaired,nakshatra:anuradha
iching_relations.csv,from_id,hexagram_31,repaired,hexagram:31
iching_relations.csv,to_id,nakshatra_uttara_ashadha,repaired,nakshatra:uttara_ashadha
iching_relations.csv,from_id,hexagram_31,repaired,hexagram:31
iching_relations.csv,to_id,nakshatra_uttara_bhadrapada,repaired,nakshatra:uttara_bhadrapada
iching_relations.csv,from_id,hexagram_31,repaired,hexagram:31
iching_relations.csv,to_id,nakshatra_revati,repaired,nakshatra:revati
iching_relations.csv,from_id,hexagram_32,repaired,hexagram:32
iching_relations.csv,to_id,nakshatra_ashwini,repaired,nakshatra:ashwini
iching_relations.csv,from_id,hexagram_32,repaired,hexagram:32
iching_relations.csv,to_id,nakshatra_punarvasu,repaired,nakshatra:punarvasu
iching_relations.csv,from_id,hexagram_32,repaired,hexagram:32
iching_relations.csv,to_id,nakshatra_hasta,repaired,nakshatra:hasta
iching_relations.csv,from_id,hexagram_32,repaired,hexagram:32
iching_relations.csv,to_id,nakshatra_swati,repaired,nakshatra:swati
iching_relations.csv,from_id,hexagram_32,repaired,hexagram:32
iching_relations.csv,to_id,nakshatra_mula,repaired,nakshatra:mula
iching_relations.csv,from_id,hexagram_32,repaired,hexagram:32
iching_relations.csv,to_id,nakshatra_shravana,repaired,nakshatra:shravana
iching_relations.csv,from_id,hexagram_32,repaired,hexagram:32
iching_relations.csv,to_id,nakshatra_shatabhisha,repaired,nakshatra:shatabhisha
iching_relations.csv,from_id,hexagram_33,repaired,hexagram:33
iching_relations.csv,to_id,nakshatra_rohini,repaired,nakshatra:rohini
iching_relations.csv,from_id,hexagram_33,repaired,hexagram:33
iching_relations.csv,to_id,nakshatra_mrigashira,repaired,nakshatra:mrigashira
iching_relations.csv,from_id,hexagram_33,repaired,hexagram:33
iching_relations.csv,to_id,nakshatra_pushya,repaired,nakshatra:pushya
iching_relations.csv,from_id,hexagram_33,repaired,hexagram:33
iching_relations.csv,to_id,nakshatra_uttara_phalguni,repaired,nakshatra:uttara_phalguni
iching_relations.csv,from_id,hexagram_33,repaired,hexagram:33
iching_relations.csv,to_id,nakshatra_anuradha,repaired,nakshatra:anuradha
iching_relations.csv,from_id,hexagram_33,repaired,hexagram:33
iching_relations.csv,to_id,nakshatra_uttara_ashadha,repaired,nakshatra:uttara_ashadha
iching_relations.csv,from_id,hexagram_33,repaired,hexagram:33
iching_relations.csv,to_id,nakshatra_uttara_bhadrapada,repaired,nakshatra:uttara_bhadrapada
iching_relations.csv,from_id,hexagram_33,repaired,hexagram:33
iching_relations.csv,to_id,nakshatra_revati,repaired,nakshatra:revati
iching_relations.csv,from_id,hexagram_34,repaired,hexagram:34
iching_relations.csv,to_id,nakshatra_ashwini,repaired,nakshatra:ashwini
iching_relations.csv,from_id,hexagram_34,repaired,hexagram:34
iching_relations.csv,to_id,nakshatra_bharani,repaired,nakshatra:bharani
iching_relations.csv,from_id,hexagram_34,repaired,hexagram:34
iching_relations.csv,to_id,nakshatra_krittika,repaired,nakshatra:krittika
iching_relations.csv,from_id,hexagram_34,repaired,hexagram:34
iching_relations.csv,to_id,nakshatra_magha,repaired,nakshatra:magha
iching_relations.csv,from_id,hexagram_34,repaired,hexagram:34
iching_relations.csv,to_id,nakshatra_purva_phalguni,repaired,nakshatra:purva_phalguni
iching_relations.csv,from_id,hexagram_34,repaired,hexagram:34
iching_relations.csv,to_id,nakshatra_chitra,repaired,nakshatra:chitra
iching_relations.csv,from_id,hexagram_34,repaired,hexagram:34
iching_relations.csv,to_id,nakshatra_vishakha,repaired,nakshatra:vishakha
iching_relations.csv,from_id,hexagram_34,repaired,hexagram:34
iching_relations.csv,to_id,nakshatra_purva_ashadha,repaired,nakshatra:purva_ashadha
iching_relations.csv,from_id,hexagram_34,repaired,hexagram:34
iching_relations.csv,to_id,nakshatra_dhanishta,repaired,nakshatra:dhanishta
iching_relations.csv,from_id,hexagram_34,repaired,hexagram:34
iching_relations.csv,to_id,nakshatra_purva_bhadrapada,repaired,nakshatra:purva_bhadrapada
iching_relations.csv,from_id,hexagram_35,repaired,hexagram:35
iching_relations.csv,to_id,nakshatra_ashwini,repaired,nakshatra:ashwini
iching_relations.csv,from_id,hexagram_35,repaired,hexagram:35
iching_relations.csv,to_id,nakshatra_bharani,repaired,nakshatra:bharani
iching_relations.csv,from_id,hexagram_35,repaired,hexagram:35
iching_relations.csv,to_id,nakshatra_krittika,repaired,nakshatra:krittika
iching_relations.csv,from_id,hexagram_35,repaired,hexagram:35
iching_relations.csv,to_id,nakshatra_rohini,repaired,nakshatra:rohini
iching_relations.csv,from_id,hexagram_35,repaired,hexagram:35
iching_relations.csv,to_id,nakshatra_purva_phalguni,repaired,nakshatra:purva_phalguni
iching_relations.csv,from_id,hexagram_35,repaired,hexagram:35
iching_relations.csv,to_id,nakshatra_uttara_phalguni,repaired,nakshatra:uttara_phalguni
iching_relations.csv,from_id,hexagram_35,repaired,hexagram:35
iching_relations.csv,to_id,nakshatra_vishakha,repaired,nakshatra:vishakha
iching_relations.csv,from_id,hexagram_35,repaired,hexagram:35
iching_relations.csv,to_id,nakshatra_uttara_ashadha,repaired,nakshatra:uttara_ashadha
iching_relations.csv,from_id,hexagram_35,repaired,hexagram:35
iching_relations.csv,to_id,nakshatra_dhanishta,repaired,nakshatra:dhanishta
iching_relations.csv,from_id,hexagram_35,repaired,hexagram:35
iching_relations.csv,to_id,nakshatra_purva_bhadrapada,repaired,nakshatra:purva_bhadrapada
iching_relations.csv,from_id,hexagram_36,repaired,hexagram:36
iching_relations.csv,to_id,nakshatra_bharani,repaired,nakshatra:bharani
iching_relations.csv,from_id,hexagram_36,repaired,hexagram:36
iching_relations.csv,to_id,nakshatra_krittika,repaired,nakshatra:krittika
iching_relations.csv,from_id,hexagram_36,repaired,hexagram:36
iching_relations.csv,to_id,nakshatra_mrigashira,repaired,nakshatra:mrigashira
iching_relations.csv,from_id,hexagram_36,repaired,hexagram:36
iching_relations.csv,to_id,nakshatra_magha,repaired,nakshatra:magha
iching_relations.csv,from_id,hexagram_36,repaired,hexagram:36
iching_relations.csv,to_id,nakshatra_purva_phalguni,repaired,nakshatra:purva_phalguni
iching_relations.csv,from_id,hexagram_36,repaired,hexagram:36
iching_relations.csv,to_id,nakshatra_chitra,repaired,nakshatra:chitra
iching_relations.csv,from_id,hexagram_36,repaired,hexagram:36
iching_relations.csv,to_id,nakshatra_vishakha,repaired,nakshatra:vishakha
iching_relations.csv,from_id,hexagram_36,repaired,hexagram:36
iching_relations.csv,to_id,nakshatra_jyeshtha,repaired,nakshatra:jyeshtha
iching_relations.csv,from_id,hexagram_36,repaired,hexagram:36
iching_relations.csv,to_id,nakshatra_dhanishta,repaired,nakshatra:dhanishta
iching_relations.csv,from_id,hexagram_36,repaired,hexagram:36
iching_relations.csv,to_id,nakshatra_purva_bhadrapada,repaired,nakshatra:purva_bhadrapada
iching_relations.csv,from_id,hexagram_37,repaired,hexagram:37
iching_relations.csv,to_id,nakshatra_ashwini,repaired,nakshatra:ashwini
iching_relations.csv,from_id,hexagram_37,repaired,hexagram:37
iching_relations.csv,to_id,nakshatra_krittika,repaired,nakshatra:krittika
iching_relations.csv,from_id,hexagram_37,repaired,hexagram:37
iching_relations.csv,to_id,nakshatra_punarvasu,repaired,nakshatra:punarvasu
iching_relations.csv,from_id,hexagram_37,repaired,hexagram:37
iching_relations.csv,to_id,nakshatra_magha,repaired,nakshatra:magha
iching_relations.csv,from_id,hexagram_37,repaired,hexagram:37
iching_relations.csv,to_id,nakshatra_hasta,repaired,nakshatra:hasta
iching_relations.csv,from_id,hexagram_37,repaired,hexagram:37
iching_relations.csv,to_id,nakshatra_chitra,repaired,nakshatra:chitra
iching_relations.csv,from_id,hexagram_37,repaired,hexagram:37
iching_relations.csv,to_id,nakshatra_swati,repaired,nakshatra:swati
iching_relations.csv,from_id,hexagram_37,repaired,hexagram:37
iching_relations.csv,to_id,nakshatra_vishakha,repaired,nakshatra:vishakha
iching_relations.csv,from_id,hexagram_37,repaired,hexagram:37
iching_relations.csv,to_id,nakshatra_jyeshtha,repaired,nakshatra:jyeshtha
iching_relations.csv,from_id,hexagram_37,repaired,hexagram:37
iching_relations.csv,to_id,nakshatra_shravana,repaired,nakshatra:shravana
iching_relations.csv,from_id,hexagram_37,repaired,hexagram:37
iching_relations.csv,to_id,nakshatra_dhanishta,repaired,nakshatra:dhanishta
iching_relations.csv,from_id,hexagram_37,repaired,hexagram:37
iching_relations.csv,to_id,nakshatra_purva_bhadrapada,repaired,nakshatra:purva_bhadrapada
iching_relations.csv,from_id,hexagram_38,repaired,hexagram:38
iching_relations.csv,to_id,nakshatra_ashwini,repaired,nakshatra:ashwini
iching_relations.csv,from_id,hexagram_38,repaired,hexagram:38
iching_relations.csv,to_id,nakshatra_krittika,repaired,nakshatra:krittika
iching_relations.csv,from_id,hexagram_38,repaired,hexagram:38
iching_relations.csv,to_id,nakshatra_rohini,repaired,nakshatra:rohini
iching_relations.csv,from_id,hexagram_38,repaired,hexagram:38
iching_relations.csv,to_id,nakshatra_ardra,repaired,nakshatra:ardra
iching_relations.csv,from_id,hexagram_38,repaired,hexagram:38
iching_relations.csv,to_id,nakshatra_pushya,repaired,nakshatra:pushya
iching_relations.csv,from_id,hexagram_38,repaired,hexagram:38
iching_relations.csv,to_id,nakshatra_ashlesha,repaired,nakshatra:ashlesha
iching_relations.csv,from_id,hexagram_38,repaired,hexagram:38
iching_relations.csv,to_id,nakshatra_vishakha,repaired,nakshatra:vishakha
iching_relations.csv,from_id,hexagram_38,repaired,hexagram:38
iching_relations.csv,to_id,nakshatra_anuradha,repaired,nakshatra:anuradha
iching_relations.csv,from_id,hexagram_38,repaired,hexagram:38
iching_relations.csv,to_id,nakshatra_purva_ashadha,repaired,nakshatra:purva_ashadha
iching_relations.csv,from_id,hexagram_38,repaired,hexagram:38
iching_relations.csv,to_id,nakshatra_dhanishta,repaired,nakshatra:dhanishta
iching_relations.csv,from_id,hexagram_38,repaired,hexagram:38
iching_relations.csv,to_id,nakshatra_purva_bhadrapada,repaired,nakshatra:purva_bhadrapada
iching_relations.csv,from_id,hexagram_38,repaired,hexagram:38
iching_relations.csv,to_id,nakshatra_uttara_bhadrapada,repaired,nakshatra:uttara_bhadrapada
iching_relations.csv,from_id,hexagram_38,repaired,hexagram:38
iching_relations.csv,to_id,nakshatra_revati,repaired,nakshatra:revati
iching_relations.csv,from_id,hexagram_39,repaired,hexagram:39
iching_relations.csv,to_id,nakshatra_rohini,repaired,nakshatra:rohini
iching_relations.csv,from_id,hexagram_39,repaired,hexagram:39
iching_relations.csv,to_id,nakshatra_mrigashira,repaired,nakshatra:mrigashira
iching_relations.csv,from_id,hexagram_39,repaired,hexagram:39
iching_relations.csv,to_id,nakshatra_ardra,repaired,nakshatra:ardra
iching_relations.csv,from_id,hexagram_39,repaired,hexagram:39
iching_relations.csv,to_id,nakshatra_pushya,repaired,nakshatra:pushya
iching_relations.csv,from_id,hexagram_39,repaired,hexagram:39
iching_relations.csv,to_id,nakshatra_ashlesha,repaired,nakshatra:ashlesha
iching_relations.csv,from_id,hexagram_39,repaired,hexagram:39
iching_relations.csv,to_id,nakshatra_uttara_phalguni,repaired,nakshatra:uttara_phalguni
iching_relations.csv,from_id,hexagram_39,repaired,hexagram:39
iching_relations.csv,to_id,nakshatra_anuradha,repaired,nakshatra:anuradha
iching_relations.csv,from_id,hexagram_39,repaired,hexagram:39
iching_relations.csv,to_id,nakshatra_uttara_ashadha,repaired,nakshatra:uttara_ashadha
iching_relations.csv,from_id,hexagram_39,repaired,hexagram:39
iching_relations.csv,to_id,nakshatra_uttara_bhadrapada,repaired,nakshatra:uttara_bhadrapada
iching_relations.csv,from_id,hexagram_39,repaired,hexagram:39
iching_relations.csv,to_id,nakshatra_revati,repaired,nakshatra:revati
iching_relations.csv,from_id,hexagram_40,repaired,hexagram:40
iching_relations.csv,to_id,nakshatra_ashwini,repaired,nakshatra:ashwini
iching_relations.csv,from_id,hexagram_40,repaired,hexagram:40
iching_relations.csv,to_id,nakshatra_krittika,repaired,nakshatra:krittika
iching_relations.csv,from_id,hexagram_40,repaired,hexagram:40
iching_relations.csv,to_id,nakshatra_ardra,repaired,nakshatra:ardra
iching_relations.csv,from_id,hexagram_40,repaired,hexagram:40
iching_relations.csv,to_id,nakshatra_swati,repaired,nakshatra:swati
iching_relations.csv,from_id,hexagram_40,repaired,hexagram:40
iching_relations.csv,to_id,nakshatra_vishakha,repaired,nakshatra:vishakha
iching_relations.csv,from_id,hexagram_40,repaired,hexagram:40
iching_relations.csv,to_id,nakshatra_purva_ashadha,repaired,nakshatra:purva_ashadha
iching_relations.csv,from_id,hexagram_40,repaired,hexagram:40
iching_relations.csv,to_id,nakshatra_dhanishta,repaired,nakshatra:dhanishta
iching_relations.csv,from_id,hexagram_40,repaired,hexagram:40
iching_relations.csv,to_id,nakshatra_purva_bhadrapada,repaired,nakshatra:purva_bhadrapada
iching_relations.csv,from_id,hexagram_40,repaired,hexagram:40
iching_relations.csv,to_id,nakshatra_uttara_bhadrapada,repaired,nakshatra:uttara_bhadrapada
iching_relations.csv,from_id,hexagram_41,repaired,hexagram:41
iching_relations.csv,to_id,nakshatra_rohini,repaired,nakshatra:rohini
iching_relations.csv,from_id,hexagram_41,repaired,hexagram:41
iching_relations.csv,to_id,nakshatra_mrigashira,repaired,nakshatra:mrigashira
iching_relations.csv,from_id,hexagram_41,repaired,hexagram:41
iching_relations.csv,to_id,nakshatra_ardra,repaired,nakshatra:ardra
iching_relations.csv,from_id,hexagram_41,repaired,hexagram:41
iching_relations.csv,to_id,nakshatra_pushya,repaired,nakshatra:pushya
iching_relations.csv,from_id,hexagram_41,repaired,hexagram:41
iching_relations.csv,to_id,nakshatra_ashlesha,repaired,nakshatra:ashlesha
iching_relations.csv,from_id,hexagram_41,repaired,hexagram:41
iching_relations.csv,to_id,nakshatra_uttara_phalguni,repaired,nakshatra:uttara_phalguni
iching_relations.csv,from_id,hexagram_41,repaired,hexagram:41
iching_relations.csv,to_id,nakshatra_anuradha,repaired,nakshatra:anuradha
iching_relations.csv,from_id,hexagram_41,repaired,hexagram:41
iching_relations.csv,to_id,nakshatra_uttara_ashadha,repaired,nakshatra:uttara_ashadha
iching_relations.csv,from_id,hexagram_41,repaired,hexagram:41
iching_relations.csv,to_id,nakshatra_uttara_bhadrapada,repaired,nakshatra:uttara_bhadrapada
iching_relations.csv,from_id,hexagram_41,repaired,hexagram:41
iching_relations.csv,to_id,nakshatra_revati,repaired,nakshatra:revati
iching_relations.csv,from_id,hexagram_42,repaired,hexagram:42
iching_relations.csv,to_id,nakshatra_ashwini,repaired,nakshatra:ashwini
iching_relations.csv,from_id,hexagram_42,repaired,hexagram:42
iching_relations.csv,to_id,nakshatra_punarvasu,repaired,nakshatra:punarvasu
iching_relations.csv,from_id,hexagram_42,repaired,hexagram:42
iching_relations.csv,to_id,nakshatra_hasta,repaired,nakshatra:hasta
iching_relations.csv,from_id,hexagram_42,repaired,hexagram:42
iching_relations.csv,to_id,nakshatra_swati,repaired,nakshatra:swati
iching_relations.csv,from_id,hexagram_42,repaired,hexagram:42
iching_relations.csv,to_id,nakshatra_mula,repaired,nakshatra:mula
iching_relations.csv,from_id,hexagram_42,repaired,hexagram:42
iching_relations.csv,to_id,nakshatra_shravana,repaired,nakshatra:shravana
iching_relations.csv,from_id,hexagram_42,repaired,hexagram:42
iching_relations.csv,to_id,nakshatra_shatabhisha,repaired,nakshatra:shatabhisha
iching_relations.csv,from_id,hexagram_43,repaired,hexagram:43
iching_relations.csv,to_id,nakshatra_bharani,repaired,nakshatra:bharani
iching_relations.csv,from_id,hexagram_43,repaired,hexagram:43
iching_relations.csv,to_id,nakshatra_krittika,repaired,nakshatra:krittika
iching_relations.csv,from_id,hexagram_43,repaired,hexagram:43
iching_relations.csv,to_id,nakshatra_ardra,repaired,nakshatra:ardra
iching_relations.csv,from_id,hexagram_43,repaired,hexagram:43
iching_relations.csv,to_id,nakshatra_purva_phalguni,repaired,nakshatra:purva_phalguni
iching_relations.csv,from_id,hexagram_43,repaired,hexagram:43
iching_relations.csv,to_id,nakshatra_vishakha,repaired,nakshatra:vishakha
iching_relations.csv,from_id,hexagram_43,repaired,hexagram:43
iching_relations.csv,to_id,nakshatra_purva_ashadha,repaired,nakshatra:purva_ashadha
iching_relations.csv,from_id,hexagram_43,repaired,hexagram:43
iching_relations.csv,to_id,nakshatra_dhanishta,repaired,nakshatra:dhanishta
iching_relations.csv,from_id,hexagram_43,repaired,hexagram:43
iching_relations.csv,to_id,nakshatra_uttara_bhadrapada,repaired,nakshatra:uttara_bhadrapada
iching_relations.csv,from_id,hexagram_44,repaired,hexagram:44
iching_relations.csv,to_id,nakshatra_ashwini,repaired,nakshatra:ashwini
iching_relations.csv,from_id,hexagram_44,repaired,hexagram:44
iching_relations.csv,to_id,nakshatra_punarvasu,repaired,nakshatra:punarvasu
iching_relations.csv,from_id,hexagram_44,repaired,hexagram:44
iching_relations.csv,to_id,nakshatra_hasta,repaired,nakshatra:hasta
iching_relations.csv,from_id,hexagram_44,repaired,hexagram:44
iching_relations.csv,to_id,nakshatra_swati,repaired,nakshatra:swati
iching_relations.csv,from_id,hexagram_44,repaired,hexagram:44
iching_relations.csv,to_id,nakshatra_mula,repaired,nakshatra:mula
iching_relations.csv,from_id,hexagram_44,repaired,hexagram:44
iching_relations.csv,to_id,nakshatra_shravana,repaired,nakshatra:shravana
iching_relations.csv,from_id,hexagram_44,repaired,hexagram:44
iching_relations.csv,to_id,nakshatra_shatabhisha,repaired,nakshatra:shatabhisha
iching_relations.csv,from_id,hexagram_45,repaired,hexagram:45
iching_relations.csv,to_id,nakshatra_rohini,repaired,nakshatra:rohini
iching_relations.csv,from_id,hexagram_45,repaired,hexagram:45
iching_relations.csv,to_id,nakshatra_mrigashira,repaired,nakshatra:mrigashira
iching_relations.csv,from_id,hexagram_45,repaired,hexagram:45
iching_relations.csv,to_id,nakshatra_pushya,repaired,nakshatra:pushya
iching_relations.csv,from_id,hexagram_45,repaired,hexagram:45
iching_relations.csv,to_id,nakshatra_ashlesha,repaired,nakshatra:ashlesha
iching_relations.csv,from_id,hexagram_45,repaired,hexagram:45
iching_relations.csv,to_id,nakshatra_uttara_phalguni,repaired,nakshatra:uttara_phalguni
iching_relations.csv,from_id,hexagram_45,repaired,hexagram:45
iching_relations.csv,to_id,nakshatra_anuradha,repaired,nakshatra:anuradha
iching_relations.csv,from_id,hexagram_45,repaired,hexagram:45
iching_relations.csv,to_id,nakshatra_uttara_ashadha,repaired,nakshatra:uttara_ashadha
iching_relations.csv,from_id,hexagram_45,repaired,hexagram:45
iching_relations.csv,to_id,nakshatra_uttara_bhadrapada,repaired,nakshatra:uttara_bhadrapada
iching_relations.csv,from_id,hexagram_45,repaired,hexagram:45
iching_relations.csv,to_id,nakshatra_revati,repaired,nakshatra:revati
iching_relations.csv,from_id,hexagram_46,repaired,hexagram:46
iching_relations.csv,to_id,nakshatra_mrigashira,repaired,nakshatra:mrigashira
iching_relations.csv,from_id,hexagram_46,repaired,hexagram:46
iching_relations.csv,to_id,nakshatra_punarvasu,repaired,nakshatra:punarvasu
iching_relations.csv,from_id,hexagram_46,repaired,hexagram:46
iching_relations.csv,to_id,nakshatra_uttara_phalguni,repaired,nakshatra:uttara_phalguni
iching_relations.csv,from_id,hexagram_46,repaired,hexagram:46
iching_relations.csv,to_id,nakshatra_hasta,repaired,nakshatra:hasta
iching_relations.csv,from_id,hexagram_46,repaired,hexagram:46
iching_relations.csv,to_id,nakshatra_swati,repaired,nakshatra:swati
iching_relations.csv,from_id,hexagram_46,repaired,hexagram:46
iching_relations.csv,to_id,nakshatra_mula,repaired,nakshatra:mula
iching_relations.csv,from_id,hexagram_46,repaired,hexagram:46
iching_relations.csv,to_id,nakshatra_uttara_ashadha,repaired,nakshatra:uttara_ashadha
iching_relations.csv,from_id,hexagram_46,repaired,hexagram:46
iching_relations.csv,to_id,nakshatra_shravana,repaired,nakshatra:shravana
iching_relations.csv,from_id,hexagram_46,repaired,hexagram:46
iching_relations.csv,to_id,nakshatra_shatabhisha,repaired,nakshatra:shatabhisha
iching_relations.csv,from_id,hexagram_47,repaired,hexagram:47
iching_relations.csv,to_id,nakshatra_mrigashira,repaired,nakshatra:mrigashira
iching_relations.csv,from_id,hexagram_47,repaired,hexagram:47
iching_relations.csv,to_id,nakshatra_ardra,repaired,nakshatra:ardra
iching_relations.csv,from_id,hexagram_47,repaired,hexagram:47
iching_relations.csv,to_id,nakshatra_ashlesha,repaired,nakshatra:ashlesha
iching_relations.csv,from_id,hexagram_47,repaired,hexagram:47
iching_relations.csv,to_id,nakshatra_mula,repaired,nakshatra:mula
iching_relations.csv,from_id,hexagram_47,repaired,hexagram:47
iching_relations.csv,to_id,nakshatra_shatabhisha,repaired,nakshatra:shatabhisha
iching_relations.csv,from_id,hexagram_48,repaired,hexagram:48
iching_relations.csv,to_id,nakshatra_ardra,repaired,nakshatra:ardra
iching_relations.csv,from_id,hexagram_48,repaired,hexagram:48
iching_relations.csv,to_id,nakshatra_punarvasu,repaired,nakshatra:punarvasu
iching_relations.csv,from_id,hexagram_48,repaired,hexagram:48
iching_relations.csv,to_id,nakshatra_pushya,repaired,nakshatra:pushya
iching_relations.csv,from_id,hexagram_48,repaired,hexagram:48
iching_relations.csv,to_id,nakshatra_hasta,repaired,nakshatra:hasta
iching_relations.csv,from_id,hexagram_48,repaired,hexagram:48
iching_relations.csv,to_id,nakshatra_swati,repaired,nakshatra:swati
iching_relations.csv,from_id,hexagram_48,repaired,hexagram:48
iching_relations.csv,to_id,nakshatra_anuradha,repaired,nakshatra:anuradha
iching_relations.csv,from_id,hexagram_48,repaired,hexagram:48
iching_relations.csv,to_id,nakshatra_mula,repaired,nakshatra:mula
iching_relations.csv,from_id,hexagram_48,repaired,hexagram:48
iching_relations.csv,to_id,nakshatra_shravana,repaired,nakshatra:shravana
iching_relations.csv,from_id,hexagram_48,repaired,hexagram:48
iching_relations.csv,to_id,nakshatra_shatabhisha,repaired,nakshatra:shatabhisha
iching_relations.csv,from_id,hexagram_48,repaired,hexagram:48
iching_relations.csv,to_id,nakshatra_uttara_bhadrapada,repaired,nakshatra:uttara_bhadrapada
iching_relations.csv,from_id,hexagram_48,repaired,hexagram:48
iching_relations.csv,to_id,nakshatra_revati,repaired,nakshatra:revati
iching_relations.csv,from_id,hexagram_49,repaired,hexagram:49
iching_relations.csv,to_id,nakshatra_ashwini,repaired,nakshatra:ashwini
iching_relations.csv,from_id,hexagram_49,repaired,hexagram:49
iching_relations.csv,to_id,nakshatra_bharani,repaired,nakshatra:bharani
iching_relations.csv,from_id,hexagram_49,repaired,hexagram:49
iching_relations.csv,to_id,nakshatra_krittika,repaired,nakshatra:krittika
iching_relations.csv,from_id,hexagram_49,repaired,hexagram:49
iching_relations.csv,to_id,nakshatra_ardra,repaired,nakshatra:ardra
iching_relations.csv,from_id,hexagram_49,repaired,hexagram:49
iching_relations.csv,to_id,nakshatra_magha,repaired,nakshatra:magha
iching_relations.csv,from_id,hexagram_49,repaired,hexagram:49
iching_relations.csv,to_id,nakshatra_purva_phalguni,repaired,nakshatra:purva_phalguni
iching_relations.csv,from_id,hexagram_49,repaired,hexagram:49
iching_relations.csv,to_id,nakshatra_chitra,repaired,nakshatra:chitra
iching_relations.csv,from_id,hexagram_49,repaired,hexagram:49
iching_relations.csv,to_id,nakshatra_vishakha,repaired,nakshatra:vishakha
iching_relations.csv,from_id,hexagram_49,repaired,hexagram:49
iching_relations.csv,to_id,nakshatra_purva_ashadha,repaired,nakshatra:purva_ashadha
iching_relations.csv,from_id,hexagram_49,repaired,hexagram:49
iching_relations.csv,to_id,nakshatra_dhanishta,repaired,nakshatra:dhanishta
iching_relations.csv,from_id,hexagram_49,repaired,hexagram:49
iching_relations.csv,to_id,nakshatra_purva_bhadrapada,repaired,nakshatra:purva_bhadrapada
iching_relations.csv,from_id,hexagram_49,repaired,hexagram:49
iching_relations.csv,to_id,nakshatra_uttara_bhadrapada,repaired,nakshatra:uttara_bhadrapada
iching_relations.csv,from_id,hexagram_50,repaired,hexagram:50
iching_relations.csv,to_id,nakshatra_ashwini,repaired,nakshatra:ashwini
iching_relations.csv,from_id,hexagram_50,repaired,hexagram:50
iching_relations.csv,to_id,nakshatra_punarvasu,repaired,nakshatra:punarvasu
iching_relations.csv,from_id,hexagram_50,repaired,hexagram:50
iching_relations.csv,to_id,nakshatra_hasta,repaired,nakshatra:hasta
iching_relations.csv,from_id,hexagram_50,repaired,hexagram:50
iching_relations.csv,to_id,nakshatra_swati,repaired,nakshatra:swati
iching_relations.csv,from_id,hexagram_50,repaired,hexagram:50
iching_relations.csv,to_id,nakshatra_mula,repaired,nakshatra:mula
iching_relations.csv,from_id,hexagram_50,repaired,hexagram:50
iching_relations.csv,to_id,nakshatra_shravana,repaired,nakshatra:shravana
iching_relations.csv,from_id,hexagram_50,repaired,hexagram:50
iching_relations.csv,to_id,nakshatra_shatabhisha,repaired,nakshatra:shatabhisha
iching_relations.csv,from_id,hexagram_51,repaired,hexagram:51
iching_relations.csv,to_id,nakshatra_ashwini,repaired,nakshatra:ashwini
iching_relations.csv,from_id,hexagram_51,repaired,hexagram:51
iching_relations.csv,to_id,nakshatra_krittika,repaired,nakshatra:krittika
iching_relations.csv,from_id,hexagram_51,repaired,hexagram:51
iching_relations.csv,to_id,nakshatra_swati,repaired,nakshatra:swati
iching_relations.csv,from_id,hexagram_51,repaired,hexagram:51
iching_relations.csv,to_id,nakshatra_vishakha,repaired,nakshatra:vishakha
iching_relations.csv,from_id,hexagram_51,repaired,hexagram:51
iching_relations.csv,to_id,nakshatra_dhanishta,repaired,nakshatra:dhanishta
iching_relations.csv,from_id,hexagram_51,repaired,hexagram:51
iching_relations.csv,to_id,nakshatra_purva_bhadrapada,repaired,nakshatra:purva_bhadrapada
iching_relations.csv,from_id,hexagram_52,repaired,hexagram:52
iching_relations.csv,to_id,nakshatra_rohini,repaired,nakshatra:rohini
iching_relations.csv,from_id,hexagram_52,repaired,hexagram:52
iching_relations.csv,to_id,nakshatra_mrigashira,repaired,nakshatra:mrigashira
iching_relations.csv,from_id,hexagram_52,repaired,hexagram:52
iching_relations.csv,to_id,nakshatra_ashlesha,repaired,nakshatra:ashlesha
iching_relations.csv,from_id,hexagram_52,repaired,hexagram:52
iching_relations.csv,to_id,nakshatra_uttara_phalguni,repaired,nakshatra:uttara_phalguni
iching_relations.csv,from_id,hexagram_52,repaired,hexagram:52
iching_relations.csv,to_id,nakshatra_uttara_ashadha,repaired,nakshatra:uttara_ashadha
iching_relations.csv,from_id,hexagram_53,repaired,hexagram:53
iching_relations.csv,to_id,nakshatra_rohini,repaired,nakshatra:rohini
iching_relations.csv,from_id,hexagram_53,repaired,hexagram:53
iching_relations.csv,to_id,nakshatra_mrigashira,repaired,nakshatra:mrigashira
iching_relations.csv,from_id,hexagram_53,repaired,hexagram:53
iching_relations.csv,to_id,nakshatra_punarvasu,repaired,nakshatra:punarvasu
iching_relations.csv,from_id,hexagram_53,repaired,hexagram:53
iching_relations.csv,to_id,nakshatra_pushya,repaired,nakshatra:pushya
iching_relations.csv,from_id,hexagram_53,repaired,hexagram:53
iching_relations.csv,to_id,nakshatra_uttara_phalguni,repaired,nakshatra:uttara_phalguni
iching_relations.csv,from_id,hexagram_53,repaired,hexagram:53
iching_relations.csv,to_id,nakshatra_hasta,repaired,nakshatra:hasta
iching_relations.csv,from_id,hexagram_53,repaired,hexagram:53
iching_relations.csv,to_id,nakshatra_swati,repaired,nakshatra:swati
iching_relations.csv,from_id,hexagram_53,repaired,hexagram:53
iching_relations.csv,to_id,nakshatra_anuradha,repaired,nakshatra:anuradha
iching_relations.csv,from_id,hexagram_53,repaired,hexagram:53
iching_relations.csv,to_id,nakshatra_uttara_ashadha,repaired,nakshatra:uttara_ashadha
iching_relations.csv,from_id,hexagram_53,repaired,hexagram:53
iching_relations.csv,to_id,nakshatra_shravana,repaired,nakshatra:shravana
iching_relations.csv,from_id,hexagram_53,repaired,hexagram:53
iching_relations.csv,to_id,nakshatra_uttara_bhadrapada,repaired,nakshatra:uttara_bhadrapada
iching_relations.csv,from_id,hexagram_53,repaired,hexagram:53
iching_relations.csv,to_id,nakshatra_revati,repaired,nakshatra:revati
iching_relations.csv,from_id,hexagram_54,repaired,hexagram:54
iching_relations.csv,to_id,nakshatra_ashwini,repaired,nakshatra:ashwini
iching_relations.csv,from_id,hexagram_54,repaired,hexagram:54
iching_relations.csv,to_id,nakshatra_krittika,repaired,nakshatra:krittika
iching_relations.csv,from_id,hexagram_54,repaired,hexagram:54
iching_relations.csv,to_id,nakshatra_rohini,repaired,nakshatra:rohini
iching_relations.csv,from_id,hexagram_54,repaired,hexagram:54
iching_relations.csv,to_id,nakshatra_ardra,repaired,nakshatra:ardra
iching_relations.csv,from_id,hexagram_54,repaired,hexagram:54
iching_relations.csv,to_id,nakshatra_pushya,repaired,nakshatra:pushya
iching_relations.csv,from_id,hexagram_54,repaired,hexagram:54
iching_relations.csv,to_id,nakshatra_ashlesha,repaired,nakshatra:ashlesha
iching_relations.csv,from_id,hexagram_54,repaired,hexagram:54
iching_relations.csv,to_id,nakshatra_vishakha,repaired,nakshatra:vishakha
iching_relations.csv,from_id,hexagram_54,repaired,hexagram:54
iching_relations.csv,to_id,nakshatra_anuradha,repaired,nakshatra:anuradha
iching_relations.csv,from_id,hexagram_54,repaired,hexagram:54
iching_relations.csv,to_id,nakshatra_purva_ashadha,repaired,nakshatra:purva_ashadha
iching_relations.csv,from_id,hexagram_54,repaired,hexagram:54
iching_relations.csv,to_id,nakshatra_dhanishta,repaired,nakshatra:dhanishta
iching_relations.csv,from_id,hexagram_54,repaired,hexagram:54
iching_relations.csv,to_id,nakshatra_purva_bhadrapada,repaired,nakshatra:purva_bhadrapada
iching_relations.csv,from_id,hexagram_54,repaired,hexagram:54
iching_relations.csv,to_id,nakshatra_uttara_bhadrapada,repaired,nakshatra:uttara_bhadrapada
iching_relations.csv,from_id,hexagram_54,repaired,hexagram:54
iching_relations.csv,to_id,nakshatra_revati,repaired,nakshatra:revati
iching_relations.csv,from_id,hexagram_55,repaired,hexagram:55
iching_relations.csv,to_id,nakshatra_ashwini,repaired,nakshatra:ashwini
iching_relations.csv,from_id,hexagram_55,repaired,hexagram:55
iching_relations.csv,to_id,nakshatra_bharani,repaired,nakshatra:bharani
iching_relations.csv,from_id,hexagram_55,repaired,hexagram:55
iching_relations.csv,to_id,nakshatra_krittika,repaired,nakshatra:krittika
iching_relations.csv,from_id,hexagram_55,repaired,hexagram:55
iching_relations.csv,to_id,nakshatra_magha,repaired,nakshatra:magha
iching_relations.csv,from_id,hexagram_55,repaired,hexagram:55
iching_relations.csv,to_id,nakshatra_purva_phalguni,repaired,nakshatra:purva_phalguni
iching_relations.csv,from_id,hexagram_55,repaired,hexagram:55
iching_relations.csv,to_id,nakshatra_chitra,repaired,nakshatra:chitra
iching_relations.csv,from_id,hexagram_55,repaired,hexagram:55
iching_relations.csv,to_id,nakshatra_vishakha,repaired,nakshatra:vishakha
iching_relations.csv,from_id,hexagram_55,repaired,hexagram:55
iching_relations.csv,to_id,nakshatra_purva_ashadha,repaired,nakshatra:purva_ashadha
iching_relations.csv,from_id,hexagram_55,repaired,hexagram:55
iching_relations.csv,to_id,nakshatra_dhanishta,repaired,nakshatra:dhanishta
iching_relations.csv,from_id,hexagram_55,repaired,hexagram:55
iching_relations.csv,to_id,nakshatra_purva_bhadrapada,repaired,nakshatra:purva_bhadrapada
iching_relations.csv,from_id,hexagram_56,repaired,hexagram:56
iching_relations.csv,to_id,nakshatra_ashwini,repaired,nakshatra:ashwini
iching_relations.csv,from_id,hexagram_56,repaired,hexagram:56
iching_relations.csv,to_id,nakshatra_bharani,repaired,nakshatra:bharani
iching_relations.csv,from_id,hexagram_56,repaired,hexagram:56
iching_relations.csv,to_id,nakshatra_krittika,repaired,nakshatra:krittika
iching_relations.csv,from_id,hexagram_56,repaired,hexagram:56
iching_relations.csv,to_id,nakshatra_rohini,repaired,nakshatra:rohini
iching_relations.csv,from_id,hexagram_56,repaired,hexagram:56
iching_relations.csv,to_id,nakshatra_purva_phalguni,repaired,nakshatra:purva_phalguni
iching_relations.csv,from_id,hexagram_56,repaired,hexagram:56
iching_relations.csv,to_id,nakshatra_uttara_phalguni,repaired,nakshatra:uttara_phalguni
iching_relations.csv,from_id,hexagram_56,repaired,hexagram:56
iching_relations.csv,to_id,nakshatra_vishakha,repaired,nakshatra:vishakha
iching_relations.csv,from_id,hexagram_56,repaired,hexagram:56
iching_relations.csv,to_id,nakshatra_uttara_ashadha,repaired,nakshatra:uttara_ashadha
iching_relations.csv,from_id,hexagram_56,repaired,hexagram:56
iching_relations.csv,to_id,nakshatra_dhanishta,repaired,nakshatra:dhanishta
iching_relations.csv,from_id,hexagram_56,repaired,hexagram:56
iching_relations.csv,to_id,nakshatra_purva_bhadrapada,repaired,nakshatra:purva_bhadrapada
iching_relations.csv,from_id,hexagram_57,repaired,hexagram:57
iching_relations.csv,to_id,nakshatra_punarvasu,repaired,nakshatra:punarvasu
iching_relations.csv,from_id,hexagram_57,repaired,hexagram:57
iching_relations.csv,to_id,nakshatra_hasta,repaired,nakshatra:hasta
iching_relations.csv,from_id,hexagram_57,repaired,hexagram:57
iching_relations.csv,to_id,nakshatra_swati,repaired,nakshatra:swati
iching_relations.csv,from_id,hexagram_57,repaired,hexagram:57
iching_relations.csv,to_id,nakshatra_mula,repaired,nakshatra:mula
iching_relations.csv,from_id,hexagram_57,repaired,hexagram:57
iching_relations.csv,to_id,nakshatra_shravana,repaired,nakshatra:shravana
iching_relations.csv,from_id,hexagram_57,repaired,hexagram:57
iching_relations.csv,to_id,nakshatra_shatabhisha,repaired,nakshatra:shatabhisha
iching_relations.csv,from_id,hexagram_58,repaired,hexagram:58
iching_relations.csv,to_id,nakshatra_pushya,repaired,nakshatra:pushya
iching_relations.csv,from_id,hexagram_58,repaired,hexagram:58
iching_relations.csv,to_id,nakshatra_ashlesha,repaired,nakshatra:ashlesha
iching_relations.csv,from_id,hexagram_58,repaired,hexagram:58
iching_relations.csv,to_id,nakshatra_uttara_phalguni,repaired,nakshatra:uttara_phalguni
iching_relations.csv,from_id,hexagram_58,repaired,hexagram:58
iching_relations.csv,to_id,nakshatra_anuradha,repaired,nakshatra:anuradha
iching_relations.csv,from_id,hexagram_58,repaired,hexagram:58
iching_relations.csv,to_id,nakshatra_uttara_ashadha,repaired,nakshatra:uttara_ashadha
iching_relations.csv,from_id,hexagram_58,repaired,hexagram:58
iching_relations.csv,to_id,nakshatra_uttara_bhadrapada,repaired,nakshatra:uttara_bhadrapada
iching_relations.csv,from_id,hexagram_58,repaired,hexagram:58
iching_relations.csv,to_id,nakshatra_revati,repaired,nakshatra:revati
iching_relations.csv,from_id,hexagram_59,repaired,hexagram:59
iching_relations.csv,to_id,nakshatra_ardra,repaired,nakshatra:ardra
iching_relations.csv,from_id,hexagram_59,repaired,hexagram:59
iching_relations.csv,to_id,nakshatra_punarvasu,repaired,nakshatra:punarvasu
iching_relations.csv,from_id,hexagram_59,repaired,hexagram:59
iching_relations.csv,to_id,nakshatra_pushya,repaired,nakshatra:pushya
iching_relations.csv,from_id,hexagram_59,repaired,hexagram:59
iching_relations.csv,to_id,nakshatra_hasta,repaired,nakshatra:hasta
iching_relations.csv,from_id,hexagram_59,repaired,hexagram:59
iching_relations.csv,to_id,nakshatra_swati,repaired,nakshatra:swati
iching_relations.csv,from_id,hexagram_59,repaired,hexagram:59
iching_relations.csv,to_id,nakshatra_anuradha,repaired,nakshatra:anuradha
iching_relations.csv,from_id,hexagram_59,repaired,hexagram:59
iching_relations.csv,to_id,nakshatra_mula,repaired,nakshatra:mula
iching_relations.csv,from_id,hexagram_59,repaired,hexagram:59
iching_relations.csv,to_id,nakshatra_shravana,repaired,nakshatra:shravana
iching_relations.csv,from_id,hexagram_59,repaired,hexagram:59
iching_relations.csv,to_id,nakshatra_shatabhisha,repaired,nakshatra:shatabhisha
iching_relations.csv,from_id,hexagram_59,repaired,hexagram:59
iching_relations.csv,to_id,nakshatra_uttara_bhadrapada,repaired,nakshatra:uttara_bhadrapada
iching_relations.csv,from_id,hexagram_59,repaired,hexagram:59
iching_relations.csv,to_id,nakshatra_revati,repaired,nakshatra:revati
iching_relations.csv,from_id,hexagram_60,repaired,hexagram:60
iching_relations.csv,to_id,nakshatra_pushya,repaired,nakshatra:pushya
iching_relations.csv,from_id,hexagram_60,repaired,hexagram:60
iching_relations.csv,to_id,nakshatra_ashlesha,repaired,nakshatra:ashlesha
iching_relations.csv,from_id,hexagram_60,repaired,hexagram:60
iching_relations.csv,to_id,nakshatra_uttara_phalguni,repaired,nakshatra:uttara_phalguni
iching_relations.csv,from_id,hexagram_60,repaired,hexagram:60
iching_relations.csv,to_id,nakshatra_anuradha,repaired,nakshatra:anuradha
iching_relations.csv,from_id,hexagram_60,repaired,hexagram:60
iching_relations.csv,to_id,nakshatra_uttara_ashadha,repaired,nakshatra:uttara_ashadha
iching_relations.csv,from_id,hexagram_60,repaired,hexagram:60
iching_relations.csv,to_id,nakshatra_uttara_bhadrapada,repaired,nakshatra:uttara_bhadrapada
iching_relations.csv,from_id,hexagram_60,repaired,hexagram:60
iching_relations.csv,to_id,nakshatra_revati,repaired,nakshatra:revati
iching_relations.csv,from_id,hexagram_61,repaired,hexagram:61
iching_relations.csv,to_id,nakshatra_punarvasu,repaired,nakshatra:punarvasu
iching_relations.csv,from_id,hexagram_61,repaired,hexagram:61
iching_relations.csv,to_id,nakshatra_pushya,repaired,nakshatra:pushya
iching_relations.csv,from_id,hexagram_61,repaired,hexagram:61
iching_relations.csv,to_id,nakshatra_ashlesha,repaired,nakshatra:ashlesha
iching_relations.csv,from_id,hexagram_61,repaired,hexagram:61
iching_relations.csv,to_id,nakshatra_uttara_phalguni,repaired,nakshatra:uttara_phalguni
iching_relations.csv,from_id,hexagram_61,repaired,hexagram:61
iching_relations.csv,to_id,nakshatra_hasta,repaired,nakshatra:hasta
iching_relations.csv,from_id,hexagram_61,repaired,hexagram:61
iching_relations.csv,to_id,nakshatra_swati,repaired,nakshatra:swati
iching_relations.csv,from_id,hexagram_61,repaired,hexagram:61
iching_relations.csv,to_id,nakshatra_anuradha,repaired,nakshatra:anuradha
iching_relations.csv,from_id,hexagram_61,repaired,hexagram:61
iching_relations.csv,to_id,nakshatra_uttara_ashadha,repaired,nakshatra:uttara_ashadha
iching_relations.csv,from_id,hexagram_61,repaired,hexagram:61
iching_relations.csv,to_id,nakshatra_shravana,repaired,nakshatra:shravana
iching_relations.csv,from_id,hexagram_61,repaired,hexagram:61
iching_relations.csv,to_id,nakshatra_uttara_bhadrapada,repaired,nakshatra:uttara_bhadrapada
iching_relations.csv,from_id,hexagram_61,repaired,hexagram:61
iching_relations.csv,to_id,nakshatra_revati,repaired,nakshatra:revati
iching_relations.csv,from_id,hexagram_62,repaired,hexagram:62
iching_relations.csv,to_id,nakshatra_ashwini,repaired,nakshatra:ashwini
iching_relations.csv,from_id,hexagram_62,repaired,hexagram:62
iching_relations.csv,to_id,nakshatra_bharani,repaired,nakshatra:bharani
iching_relations.csv,from_id,hexagram_62,repaired,hexagram:62
iching_relations.csv,to_id,nakshatra_krittika,repaired,nakshatra:krittika
iching_relations.csv,from_id,hexagram_62,repaired,hexagram:62
iching_relations.csv,to_id,nakshatra_rohini,repaired,nakshatra:rohini
iching_relations.csv,from_id,hexagram_62,repaired,hexagram:62
iching_relations.csv,to_id,nakshatra_purva_phalguni,repaired,nakshatra:purva_phalguni
iching_relations.csv,from_id,hexagram_62,repaired,hexagram:62
iching_relations.csv,to_id,nakshatra_uttara_phalguni,repaired,nakshatra:uttara_phalguni
iching_relations.csv,from_id,hexagram_62,repaired,hexagram:62
iching_relations.csv,to_id,nakshatra_vishakha,repaired,nakshatra:vishakha
iching_relations.csv,from_id,hexagram_62,repaired,hexagram:62
iching_relations.csv,to_id,nakshatra_uttara_ashadha,repaired,nakshatra:uttara_ashadha
iching_relations.csv,from_id,hexagram_62,repaired,hexagram:62
iching_relations.csv,to_id,nakshatra_dhanishta,repaired,nakshatra:dhanishta
iching_relations.csv,from_id,hexagram_62,repaired,hexagram:62
iching_relations.csv,to_id,nakshatra_purva_bhadrapada,repaired,nakshatra:purva_bhadrapada
iching_relations.csv,from_id,hexagram_63,repaired,hexagram:63
iching_relations.csv,to_id,nakshatra_ashwini,repaired,nakshatra:ashwini
iching_relations.csv,from_id,hexagram_63,repaired,hexagram:63
iching_relations.csv,to_id,nakshatra_krittika,repaired,nakshatra:krittika
iching_relations.csv,from_id,hexagram_63,repaired,hexagram:63
iching_relations.csv,to_id,nakshatra_pushya,repaired,nakshatra:pushya
iching_relations.csv,from_id,hexagram_63,repaired,hexagram:63
iching_relations.csv,to_id,nakshatra_magha,repaired,nakshatra:magha
iching_relations.csv,from_id,hexagram_63,repaired,hexagram:63
iching_relations.csv,to_id,nakshatra_chitra,repaired,nakshatra:chitra
iching_relations.csv,from_id,hexagram_63,repaired,hexagram:63
iching_relations.csv,to_id,nakshatra_vishakha,repaired,nakshatra:vishakha
iching_relations.csv,from_id,hexagram_63,repaired,hexagram:63
iching_relations.csv,to_id,nakshatra_anuradha,repaired,nakshatra:anuradha
iching_relations.csv,from_id,hexagram_63,repaired,hexagram:63
iching_relations.csv,to_id,nakshatra_purva_ashadha,repaired,nakshatra:purva_ashadha
iching_relations.csv,from_id,hexagram_63,repaired,hexagram:63
iching_relations.csv,to_id,nakshatra_dhanishta,repaired,nakshatra:dhanishta
iching_relations.csv,from_id,hexagram_63,repaired,hexagram:63
iching_relations.csv,to_id,nakshatra_purva_bhadrapada,repaired,nakshatra:purva_bhadrapada
iching_relations.csv,from_id,hexagram_63,repaired,hexagram:63
iching_relations.csv,to_id,nakshatra_uttara_bhadrapada,repaired,nakshatra:uttara_bhadrapada
iching_relations.csv,from_id,hexagram_63,repaired,hexagram:63
iching_relations.csv,to_id,nakshatra_revati,repaired,nakshatra:revati
iching_relations.csv,from_id,hexagram_64,repaired,hexagram:64
iching_relations.csv,to_id,nakshatra_ashwini,repaired,nakshatra:ashwini
iching_relations.csv,from_id,hexagram_64,repaired,hexagram:64
iching_relations.csv,to_id,nakshatra_krittika,repaired,nakshatra:krittika
iching_relations.csv,from_id,hexagram_64,repaired,hexagram:64
iching_relations.csv,to_id,nakshatra_ardra,repaired,nakshatra:ardra
iching_relations.csv,from_id,hexagram_64,repaired,hexagram:64
iching_relations.csv,to_id,nakshatra_swati,repaired,nakshatra:swati
iching_relations.csv,from_id,hexagram_64,repaired,hexagram:64
iching_relations.csv,to_id,nakshatra_vishakha,repaired,nakshatra:vishakha
iching_relations.csv,from_id,hexagram_64,repaired,hexagram:64
iching_relations.csv,to_id,nakshatra_purva_ashadha,repaired,nakshatra:purva_ashadha
iching_relations.csv,from_id,hexagram_64,repaired,hexagram:64
iching_relations.csv,to_id,nakshatra_dhanishta,repaired,nakshatra:dhanishta
iching_relations.csv,from_id,hexagram_64,repaired,hexagram:64
iching_relations.csv,to_id,nakshatra_purva_bhadrapada,repaired,nakshatra:purva_bhadrapada
iching_relations.csv,from_id,hexagram_64,repaired,hexagram:64
iching_relations.csv,to_id,nakshatra_uttara_bhadrapada,repaired,nakshatra:uttara_bhadrapada
iching_relations.csv,from_id,hexagram_01,repaired,hexagram:01
iching_relations.csv,to_id,devi_kamesvari,repaired,devi:kamesvari
iching_relations.csv,from_id,hexagram_01,repaired,hexagram:01
iching_relations.csv,to_id,devi_kulasundari,repaired,devi:kulasundari
iching_relations.csv,from_id,hexagram_01,repaired,hexagram:01
iching_relations.csv,to_id,devi_citra,repaired,devi:citra
iching_relations.csv,from_id,hexagram_02,repaired,hexagram:02
iching_relations.csv,to_id,devi_bhagamalini,repaired,devi:bhagamalini
iching_relations.csv,from_id,hexagram_03,repaired,hexagram:03
iching_relations.csv,to_id,devi_kamesvari,repaired,devi:kamesvari
iching_relations.csv,from_id,hexagram_03,repaired,hexagram:03
iching_relations.csv,to_id,devi_nityaklinna,repaired,devi:nityaklinna
iching_relations.csv,from_id,hexagram_03,repaired,hexagram:03
iching_relations.csv,to_id,devi_vahnivasini,repaired,devi:vahnivasini
iching_relations.csv,from_id,hexagram_03,repaired,hexagram:03
iching_relations.csv,to_id,devi_tvarita,repaired,devi:tvarita
iching_relations.csv,from_id,hexagram_03,repaired,hexagram:03
iching_relations.csv,to_id,devi_vijaya,repaired,devi:vijaya
iching_relations.csv,from_id,hexagram_03,repaired,hexagram:03
iching_relations.csv,to_id,devi_jvalamalini,repaired,devi:jvalamalini
iching_relations.csv,from_id,hexagram_04,repaired,hexagram:04
iching_relations.csv,to_id,devi_nityaklinna,repaired,devi:nityaklinna
iching_relations.csv,from_id,hexagram_04,repaired,hexagram:04
iching_relations.csv,to_id,devi_bherunda,repaired,devi:bherunda
iching_relations.csv,from_id,hexagram_05,repaired,hexagram:05
iching_relations.csv,to_id,devi_bhagamalini,repaired,devi:bhagamalini
iching_relations.csv,from_id,hexagram_05,repaired,hexagram:05
iching_relations.csv,to_id,devi_vahnivasini,repaired,devi:vahnivasini
iching_relations.csv,from_id,hexagram_05,repaired,hexagram:05
iching_relations.csv,to_id,devi_kulasundari,repaired,devi:kulasundari
iching_relations.csv,from_id,hexagram_05,repaired,hexagram:05
iching_relations.csv,to_id,devi_nitya,repaired,devi:nitya
iching_relations.csv,from_id,hexagram_05,repaired,hexagram:05
iching_relations.csv,to_id,devi_citra,repaired,devi:citra
iching_relations.csv,from_id,hexagram_06,repaired,hexagram:06
iching_relations.csv,to_id,devi_mahavajresvari,repaired,devi:mahavajresvari
iching_relations.csv,from_id,hexagram_07,repaired,hexagram:07
iching_relations.csv,to_id,devi_shivaduti,repaired,devi:shivaduti
iching_relations.csv,from_id,hexagram_08,repaired,hexagram:08
iching_relations.csv,to_id,devi_bhagamalini,repaired,devi:bhagamalini
iching_relations.csv,from_id,hexagram_08,repaired,hexagram:08
iching_relations.csv,to_id,devi_tvarita,repaired,devi:tvarita
iching_relations.csv,from_id,hexagram_08,repaired,hexagram:08
iching_relations.csv,to_id,devi_nitya,repaired,devi:nitya
iching_relations.csv,from_id,hexagram_08,repaired,hexagram:08
iching_relations.csv,to_id,devi_sarvangasundari,repaired,devi:sarvangasundari
iching_relations.csv,from_id,hexagram_09,repaired,hexagram:09
iching_relations.csv,to_id,devi_kulasundari,repaired,devi:kulasundari
iching_relations.csv,from_id,hexagram_09,repaired,hexagram:09
iching_relations.csv,to_id,devi_nilapataka,repaired,devi:nilapataka
iching_relations.csv,from_id,hexagram_09,repaired,hexagram:09
iching_relations.csv,to_id,devi_citra,repaired,devi:citra
iching_relations.csv,from_id,hexagram_10,repaired,hexagram:10
iching_relations.csv,to_id,devi_shivaduti,repaired,devi:shivaduti
iching_relations.csv,from_id,hexagram_10,repaired,hexagram:10
iching_relations.csv,to_id,devi_nitya,repaired,devi:nitya
iching_relations.csv,from_id,hexagram_11,repaired,hexagram:11
iching_relations.csv,to_id,devi_kulasundari,repaired,devi:kulasundari
iching_relations.csv,from_id,hexagram_11,repaired,hexagram:11
iching_relations.csv,to_id,devi_nilapataka,repaired,devi:nilapataka
iching_relations.csv,from_id,hexagram_11,repaired,hexagram:11
iching_relations.csv,to_id,devi_sarvangasundari,repaired,devi:sarvangasundari
iching_relations.csv,from_id,hexagram_11,repaired,hexagram:11
iching_relations.csv,to_id,devi_citra,repaired,devi:citra
iching_relations.csv,from_id,hexagram_12,repaired,hexagram:12
iching_relations.csv,to_id,devi_shivaduti,repaired,devi:shivaduti
iching_relations.csv,from_id,hexagram_12,repaired,hexagram:12
iching_relations.csv,to_id,devi_vijaya,repaired,devi:vijaya
iching_relations.csv,from_id,hexagram_13,repaired,hexagram:13
iching_relations.csv,to_id,devi_kamesvari,repaired,devi:kamesvari
iching_relations.csv,from_id,hexagram_13,repaired,hexagram:13
iching_relations.csv,to_id,devi_kulasundari,repaired,devi:kulasundari
iching_relations.csv,from_id,hexagram_13,repaired,hexagram:13
iching_relations.csv,to_id,devi_sarvangasundari,repaired,devi:sarvangasundari
iching_relations.csv,from_id,hexagram_13,repaired,hexagram:13
iching_relations.csv,to_id,devi_citra,repaired,devi:citra
iching_relations.csv,from_id,hexagram_14,repaired,hexagram:14
iching_relations.csv,to_id,devi_kulasundari,repaired,devi:kulasundari
iching_relations.csv,from_id,hexagram_14,repaired,hexagram:14
iching_relations.csv,to_id,devi_jvalamalini,repaired,devi:jvalamalini
iching_relations.csv,from_id,hexagram_14,repaired,hexagram:14
iching_relations.csv,to_id,devi_citra,repaired,devi:citra
iching_relations.csv,from_id,hexagram_15,repaired,hexagram:15
iching_relations.csv,to_id,devi_sarvangasundari,repaired,devi:sarvangasundari
iching_relations.csv,from_id,hexagram_15,repaired,hexagram:15
iching_relations.csv,to_id,devi_citra,repaired,devi:citra
iching_relations.csv,from_id,hexagram_16,repaired,hexagram:16
iching_relations.csv,to_id,devi_kamesvari,repaired,devi:kamesvari
iching_relations.csv,from_id,hexagram_16,repaired,hexagram:16
iching_relations.csv,to_id,devi_vahnivasini,repaired,devi:vahnivasini
iching_relations.csv,from_id,hexagram_16,repaired,hexagram:16
iching_relations.csv,to_id,devi_tvarita,repaired,devi:tvarita
iching_relations.csv,from_id,hexagram_16,repaired,hexagram:16
iching_relations.csv,to_id,devi_vijaya,repaired,devi:vijaya
iching_relations.csv,from_id,hexagram_16,repaired,hexagram:16
iching_relations.csv,to_id,devi_jvalamalini,repaired,devi:jvalamalini
iching_relations.csv,from_id,hexagram_17,repaired,hexagram:17
iching_relations.csv,to_id,devi_kamesvari,repaired,devi:kamesvari
iching_relations.csv,from_id,hexagram_17,repaired,hexagram:17
iching_relations.csv,to_id,devi_bhagamalini,repaired,devi:bhagamalini
iching_relations.csv,from_id,hexagram_17,repaired,hexagram:17
iching_relations.csv,to_id,devi_vahnivasini,repaired,devi:vahnivasini
iching_relations.csv,from_id,hexagram_17,repaired,hexagram:17
iching_relations.csv,to_id,devi_tvarita,repaired,devi:tvarita
iching_relations.csv,from_id,hexagram_17,repaired,hexagram:17
iching_relations.csv,to_id,devi_vijaya,repaired,devi:vijaya
iching_relations.csv,from_id,hexagram_17,repaired,hexagram:17
iching_relations.csv,to_id,devi_jvalamalini,repaired,devi:jvalamalini
iching_relations.csv,from_id,hexagram_18,repaired,hexagram:18
iching_relations.csv,to_id,devi_mahavajresvari,repaired,devi:mahavajresvari
iching_relations.csv,from_id,hexagram_19,repaired,hexagram:19
iching_relations.csv,to_id,devi_bhagamalini,repaired,devi:bhagamalini
iching_relations.csv,from_id,hexagram_19,repaired,hexagram:19
iching_relations.csv,to_id,devi_nitya,repaired,devi:nitya
iching_relations.csv,from_id,hexagram_19,repaired,hexagram:19
iching_relations.csv,to_id,devi_sarvangasundari,repaired,devi:sarvangasundari
iching_relations.csv,from_id,hexagram_20,repaired,hexagram:20
iching_relations.csv,to_id,devi_nilapataka,repaired,devi:nilapataka
iching_relations.csv,from_id,hexagram_20,repaired,hexagram:20
iching_relations.csv,to_id,devi_sarvangasundari,repaired,devi:sarvangasundari
iching_relations.csv,from_id,hexagram_21,repaired,hexagram:21
iching_relations.csv,to_id,devi_kamesvari,repaired,devi:kamesvari
iching_relations.csv,from_id,hexagram_21,repaired,hexagram:21
iching_relations.csv,to_id,devi_bherunda,repaired,devi:bherunda
iching_relations.csv,from_id,hexagram_21,repaired,hexagram:21
iching_relations.csv,to_id,devi_vahnivasini,repaired,devi:vahnivasini
iching_relations.csv,from_id,hexagram_21,repaired,hexagram:21
iching_relations.csv,to_id,devi_mahavajresvari,repaired,devi:mahavajresvari
iching_relations.csv,from_id,hexagram_21,repaired,hexagram:21
iching_relations.csv,to_id,devi_tvarita,repaired,devi:tvarita
iching_relations.csv,from_id,hexagram_21,repaired,hexagram:21
iching_relations.csv,to_id,devi_vijaya,repaired,devi:vijaya
iching_relations.csv,from_id,hexagram_21,repaired,hexagram:21
iching_relations.csv,to_id,devi_jvalamalini,repaired,devi:jvalamalini
iching_relations.csv,from_id,hexagram_22,repaired,hexagram:22
iching_relations.csv,to_id,devi_kamesvari,repaired,devi:kamesvari
iching_relations.csv,from_id,hexagram_22,repaired,hexagram:22
iching_relations.csv,to_id,devi_sarvangasundari,repaired,devi:sarvangasundari
iching_relations.csv,from_id,hexagram_24,repaired,hexagram:24
iching_relations.csv,to_id,devi_kulasundari,repaired,devi:kulasundari
iching_relations.csv,from_id,hexagram_24,repaired,hexagram:24
iching_relations.csv,to_id,devi_sarvangasundari,repaired,devi:sarvangasundari
iching_relations.csv,from_id,hexagram_25,repaired,hexagram:25
iching_relations.csv,to_id,devi_kulasundari,repaired,devi:kulasundari
iching_relations.csv,from_id,hexagram_25,repaired,hexagram:25
iching_relations.csv,to_id,devi_nitya,repaired,devi:nitya
iching_relations.csv,from_id,hexagram_25,repaired,hexagram:25
iching_relations.csv,to_id,devi_citra,repaired,devi:citra
iching_relations.csv,from_id,hexagram_26,repaired,hexagram:26
iching_relations.csv,to_id,devi_kulasundari,repaired,devi:kulasundari
iching_relations.csv,from_id,hexagram_26,repaired,hexagram:26
iching_relations.csv,to_id,devi_nilapataka,repaired,devi:nilapataka
iching_relations.csv,from_id,hexagram_26,repaired,hexagram:26
iching_relations.csv,to_id,devi_sarvangasundari,repaired,devi:sarvangasundari
iching_relations.csv,from_id,hexagram_26,repaired,hexagram:26
iching_relations.csv,to_id,devi_citra,repaired,devi:citra
iching_relations.csv,from_id,hexagram_27,repaired,hexagram:27
iching_relations.csv,to_id,devi_kamesvari,repaired,devi:kamesvari
iching_relations.csv,from_id,hexagram_27,repaired,hexagram:27
iching_relations.csv,to_id,devi_vijaya,repaired,devi:vijaya
iching_relations.csv,from_id,hexagram_27,repaired,hexagram:27
iching_relations.csv,to_id,devi_sarvangasundari,repaired,devi:sarvangasundari
iching_relations.csv,from_id,hexagram_28,repaired,hexagram:28
iching_relations.csv,to_id,devi_mahavajresvari,repaired,devi:mahavajresvari
iching_relations.csv,from_id,hexagram_29,repaired,hexagram:29
iching_relations.csv,to_id,devi_nityaklinna,repaired,devi:nityaklinna
iching_relations.csv,from_id,hexagram_30,repaired,hexagram:30
iching_relations.csv,to_id,devi_kamesvari,repaired,devi:kamesvari
iching_relations.csv,from_id,hexagram_30,repaired,hexagram:30
iching_relations.csv,to_id,devi_vahnivasini,repaired,devi:vahnivasini
iching_relations.csv,from_id,hexagram_30,repaired,hexagram:30
iching_relations.csv,to_id,devi_tvarita,repaired,devi:tvarita
iching_relations.csv,from_id,hexagram_30,repaired,hexagram:30
iching_relations.csv,to_id,devi_vijaya,repaired,devi:vijaya
iching_relations.csv,from_id,hexagram_30,repaired,hexagram:30
iching_relations.csv,to_id,devi_jvalamalini,repaired,devi:jvalamalini
iching_relations.csv,from_id,hexagram_31,repaired,hexagram:31
iching_relations.csv,to_id,devi_bhagamalini,repaired,devi:bhagamalini
iching_relations.csv,from_id,hexagram_31,repaired,hexagram:31
iching_relations.csv,to_id,devi_nitya,repaired,devi:nitya
iching_relations.csv,from_id,hexagram_31,repaired,hexagram:31
iching_relations.csv,to_id,devi_sarvangasundari,repaired,devi:sarvangasundari
iching_relations.csv,from_id,hexagram_32,repaired,hexagram:32
iching_relations.csv,to_id,devi_nilapataka,repaired,devi:nilapataka
iching_relations.csv,from_id,hexagram_33,repaired,hexagram:33
iching_relations.csv,to_id,devi_kulasundari,repaired,devi:kulasundari
iching_relations.csv,from_id,hexagram_33,repaired,hexagram:33
iching_relations.csv,to_id,devi_sarvangasundari,repaired,devi:sarvangasundari
iching_relations.csv,from_id,hexagram_33,repaired,hexagram:33
iching_relations.csv,to_id,devi_citra,repaired,devi:citra
iching_relations.csv,from_id,hexagram_34,repaired,hexagram:34
iching_relations.csv,to_id,devi_kamesvari,repaired,devi:kamesvari
iching_relations.csv,from_id,hexagram_34,repaired,hexagram:34
iching_relations.csv,to_id,devi_vahnivasini,repaired,devi:vahnivasini
iching_relations.csv,from_id,hexagram_34,repaired,hexagram:34
iching_relations.csv,to_id,devi_tvarita,repaired,devi:tvarita
iching_relations.csv,from_id,hexagram_34,repaired,hexagram:34
iching_relations.csv,to_id,devi_vijaya,repaired,devi:vijaya
iching_relations.csv,from_id,hexagram_34,repaired,hexagram:34
iching_relations.csv,to_id,devi_jvalamalini,repaired,devi:jvalamalini
iching_relations.csv,from_id,hexagram_35,repaired,hexagram:35
iching_relations.csv,to_id,devi_kamesvari,repaired,devi:kamesvari
iching_relations.csv,from_id,hexagram_35,repaired,hexagram:35
iching_relations.csv,to_id,devi_vahnivasini,repaired,devi:vahnivasini
iching_relations.csv,from_id,hexagram_35,repaired,hexagram:35
iching_relations.csv,to_id,devi_tvarita,repaired,devi:tvarita
iching_relations.csv,from_id,hexagram_35,repaired,hexagram:35
iching_relations.csv,to_id,devi_vijaya,repaired,devi:vijaya
iching_relations.csv,from_id,hexagram_35,repaired,hexagram:35
iching_relations.csv,to_id,devi_jvalamalini,repaired,devi:jvalamalini
iching_relations.csv,from_id,hexagram_36,repaired,hexagram:36
iching_relations.csv,to_id,devi_bherunda,repaired,devi:bherunda
iching_relations.csv,from_id,hexagram_37,repaired,hexagram:37
iching_relations.csv,to_id,devi_kamesvari,repaired,devi:kamesvari
iching_relations.csv,from_id,hexagram_37,repaired,hexagram:37
iching_relations.csv,to_id,devi_nilapataka,repaired,devi:nilapataka
iching_relations.csv,from_id,hexagram_38,repaired,hexagram:38
iching_relations.csv,to_id,devi_kamesvari,repaired,devi:kamesvari
iching_relations.csv,from_id,hexagram_38,repaired,hexagram:38
iching_relations.csv,to_id,devi_bherunda,repaired,devi:bherunda
iching_relations.csv,from_id,hexagram_38,repaired,hexagram:38
iching_relations.csv,to_id,devi_vahnivasini,repaired,devi:vahnivasini
iching_relations.csv,from_id,hexagram_38,repaired,hexagram:38
iching_relations.csv,to_id,devi_tvarita,repaired,devi:tvarita
iching_relations.csv,from_id,hexagram_38,repaired,hexagram:38
iching_relations.csv,to_id,devi_vijaya,repaired,devi:vijaya
iching_relations.csv,from_id,hexagram_38,repaired,hexagram:38
iching_relations.csv,to_id,devi_jvalamalini,repaired,devi:jvalamalini
iching_relations.csv,from_id,hexagram_39,repaired,hexagram:39
iching_relations.csv,to_id,devi_nityaklinna,repaired,devi:nityaklinna
iching_relations.csv,from_id,hexagram_40,repaired,hexagram:40
iching_relations.csv,to_id,devi_kamesvari,repaired,devi:kamesvari
iching_relations.csv,from_id,hexagram_40,repaired,hexagram:40
iching_relations.csv,to_id,devi_vahnivasini,repaired,devi:vahnivasini
iching_relations.csv,from_id,hexagram_40,repaired,hexagram:40
iching_relations.csv,to_id,devi_tvarita,repaired,devi:tvarita
iching_relations.csv,from_id,hexagram_40,repaired,hexagram:40
iching_relations.csv,to_id,devi_vijaya,repaired,devi:vijaya
iching_relations.csv,from_id,hexagram_40,repaired,hexagram:40
iching_relations.csv,to_id,devi_jvalamalini,repaired,devi:jvalamalini
iching_relations.csv,from_id,hexagram_41,repaired,hexagram:41
iching_relations.csv,to_id,devi_nityaklinna,repaired,devi:nityaklinna
iching_relations.csv,from_id,hexagram_42,repaired,hexagram:42
iching_relations.csv,to_id,devi_mahavajresvari,repaired,devi:mahavajresvari
iching_relations.csv,from_id,hexagram_42,repaired,hexagram:42
iching_relations.csv,to_id,devi_nilapataka,repaired,devi:nilapataka
iching_relations.csv,from_id,hexagram_44,repaired,hexagram:44
iching_relations.csv,to_id,devi_mahavajresvari,repaired,devi:mahavajresvari
iching_relations.csv,from_id,hexagram_44,repaired,hexagram:44
iching_relations.csv,to_id,devi_kulasundari,repaired,devi:kulasundari
iching_relations.csv,from_id,hexagram_45,repaired,hexagram:45
iching_relations.csv,to_id,devi_bhagamalini,repaired,devi:bhagamalini
iching_relations.csv,from_id,hexagram_45,repaired,hexagram:45
iching_relations.csv,to_id,devi_nitya,repaired,devi:nitya
iching_relations.csv,from_id,hexagram_45,repaired,hexagram:45
iching_relations.csv,to_id,devi_sarvangasundari,repaired,devi:sarvangasundari
iching_relations.csv,from_id,hexagram_46,repaired,hexagram:46
iching_relations.csv,to_id,devi_nilapataka,repaired,devi:nilapataka
iching_relations.csv,from_id,hexagram_46,repaired,hexagram:46
iching_relations.csv,to_id,devi_sarvangasundari,repaired,devi:sarvangasundari
iching_relations.csv,from_id,hexagram_47,repaired,hexagram:47
iching_relations.csv,to_id,devi_nityaklinna,repaired,devi:nityaklinna
iching_relations.csv,from_id,hexagram_48,repaired,hexagram:48
iching_relations.csv,to_id,devi_bhagamalini,repaired,devi:bhagamalini
iching_relations.csv,from_id,hexagram_48,repaired,hexagram:48
iching_relations.csv,to_id,devi_nitya,repaired,devi:nitya
iching_relations.csv,from_id,hexagram_48,repaired,hexagram:48
iching_relations.csv,to_id,devi_nilapataka,repaired,devi:nilapataka
iching_relations.csv,from_id,hexagram_49,repaired,hexagram:49
iching_relations.csv,to_id,devi_kamesvari,repaired,devi:kamesvari
iching_relations.csv,from_id,hexagram_49,repaired,hexagram:49
iching_relations.csv,to_id,devi_bherunda,repaired,devi:bherunda
iching_relations.csv,from_id,hexagram_49,repaired,hexagram:49
iching_relations.csv,to_id,devi_vahnivasini,repaired,devi:vahnivasini
iching_relations.csv,from_id,hexagram_49,repaired,hexagram:49
iching_relations.csv,to_id,devi_tvarita,repaired,devi:tvarita
iching_relations.csv,from_id,hexagram_49,repaired,hexagram:49
iching_relations.csv,to_id,devi_vijaya,repaired,devi:vijaya
iching_relations.csv,from_id,hexagram_49,repaired,hexagram:49
iching_relations.csv,to_id,devi_jvalamalini,repaired,devi:jvalamalini
iching_relations.csv,from_id,hexagram_50,repaired,hexagram:50
iching_relations.csv,to_id,devi_mahavajresvari,repaired,devi:mahavajresvari
iching_relations.csv,from_id,hexagram_50,repaired,hexagram:50
iching_relations.csv,to_id,devi_nilapataka,repaired,devi:nilapataka
iching_relations.csv,from_id,hexagram_51,repaired,hexagram:51
iching_relations.csv,to_id,devi_kamesvari,repaired,devi:kamesvari
iching_relations.csv,from_id,hexagram_51,repaired,hexagram:51
iching_relations.csv,to_id,devi_vahnivasini,repaired,devi:vahnivasini
iching_relations.csv,from_id,hexagram_51,repaired,hexagram:51
iching_relations.csv,to_id,devi_tvarita,repaired,devi:tvarita
iching_relations.csv,from_id,hexagram_51,repaired,hexagram:51
iching_relations.csv,to_id,devi_vijaya,repaired,devi:vijaya
iching_relations.csv,from_id,hexagram_51,repaired,hexagram:51
iching_relations.csv,to_id,devi_jvalamalini,repaired,devi:jvalamalini
iching_relations.csv,from_id,hexagram_53,repaired,hexagram:53
iching_relations.csv,to_id,devi_nilapataka,repaired,devi:nilapataka
iching_relations.csv,from_id,hexagram_53,repaired,hexagram:53
iching_relations.csv,to_id,devi_sarvangasundari,repaired,devi:sarvangasundari
iching_relations.csv,from_id,hexagram_54,repaired,hexagram:54
iching_relations.csv,to_id,devi_kamesvari,repaired,devi:kamesvari
iching_relations.csv,from_id,hexagram_54,repaired,hexagram:54
iching_relations.csv,to_id,devi_nityaklinna,repaired,devi:nityaklinna
iching_relations.csv,from_id,hexagram_54,repaired,hexagram:54
iching_relations.csv,to_id,devi_vahnivasini,repaired,devi:vahnivasini
iching_relations.csv,from_id,hexagram_54,repaired,hexagram:54
iching_relations.csv,to_id,devi_tvarita,repaired,devi:tvarita
iching_relations.csv,from_id,hexagram_54,repaired,hexagram:54
iching_relations.csv,to_id,devi_vijaya,repaired,devi:vijaya
iching_relations.csv,from_id,hexagram_54,repaired,hexagram:54
iching_relations.csv,to_id,devi_jvalamalini,repaired,devi:jvalamalini
iching_relations.csv,from_id,hexagram_55,repaired,hexagram:55
iching_relations.csv,to_id,devi_kamesvari,repaired,devi:kamesvari
iching_relations.csv,from_id,hexagram_55,repaired,hexagram:55
iching_relations.csv,to_id,devi_vahnivasini,repaired,devi:vahnivasini
iching_relations.csv,from_id,hexagram_55,repaired,hexagram:55
iching_relations.csv,to_id,devi_tvarita,repaired,devi:tvarita
iching_relations.csv,from_id,hexagram_55,repaired,hexagram:55
iching_relations.csv,to_id,devi_vijaya,repaired,devi:vijaya
iching_relations.csv,from_id,hexagram_55,repaired,hexagram:55
iching_relations.csv,to_id,devi_jvalamalini,repaired,devi:jvalamalini
iching_relations.csv,from_id,hexagram_56,repaired,hexagram:56
iching_relations.csv,to_id,devi_kamesvari,repaired,devi:kamesvari
iching_relations.csv,from_id,hexagram_56,repaired,hexagram:56
iching_relations.csv,to_id,devi_vahnivasini,repaired,devi:vahnivasini
iching_relations.csv,from_id,hexagram_56,repaired,hexagram:56
iching_relations.csv,to_id,devi_tvarita,repaired,devi:tvarita
iching_relations.csv,from_id,hexagram_56,repaired,hexagram:56
iching_relations.csv,to_id,devi_vijaya,repaired,devi:vijaya
iching_relations.csv,from_id,hexagram_56,repaired,hexagram:56
iching_relations.csv,to_id,devi_jvalamalini,repaired,devi:jvalamalini
iching_relations.csv,from_id,hexagram_57,repaired,hexagram:57
iching_relations.csv,to_id,devi_nilapataka,repaired,devi:nilapataka
iching_relations.csv,from_id,hexagram_58,repaired,hexagram:58
iching_relations.csv,to_id,devi_bhagamalini,repaired,devi:bhagamalini
iching_relations.csv,from_id,hexagram_58,repaired,hexagram:58
iching_relations.csv,to_id,devi_nitya,repaired,devi:nitya
iching_relations.csv,from_id,hexagram_59,repaired,hexagram:59
iching_relations.csv,to_id,devi_bhagamalini,repaired,devi:bhagamalini
iching_relations.csv,from_id,hexagram_59,repaired,hexagram:59
iching_relations.csv,to_id,devi_nitya,repaired,devi:nitya
iching_relations.csv,from_id,hexagram_59,repaired,hexagram:59
iching_relations.csv,to_id,devi_nilapataka,repaired,devi:nilapataka
iching_relations.csv,from_id,hexagram_60,repaired,hexagram:60
iching_relations.csv,to_id,devi_bhagamalini,repaired,devi:bhagamalini
iching_relations.csv,from_id,hexagram_60,repaired,hexagram:60
iching_relations.csv,to_id,devi_nitya,repaired,devi:nitya
iching_relations.csv,from_id,hexagram_61,repaired,hexagram:61
iching_relations.csv,to_id,devi_bhagamalini,repaired,devi:bhagamalini
iching_relations.csv,from_id,hexagram_61,repaired,hexagram:61
iching_relations.csv,to_id,devi_nitya,repaired,devi:nitya
iching_relations.csv,from_id,hexagram_61,repaired,hexagram:61
iching_relations.csv,to_id,devi_nilapataka,repaired,devi:nilapataka
iching_relations.csv,from_id,hexagram_62,repaired,hexagram:62
iching_relations.csv,to_id,devi_kamesvari,repaired,devi:kamesvari
iching_relations.csv,from_id,hexagram_62,repaired,hexagram:62
iching_relations.csv,to_id,devi_vahnivasini,repaired,devi:vahnivasini
iching_relations.csv,from_id,hexagram_62,repaired,hexagram:62
iching_relations.csv,to_id,devi_tvarita,repaired,devi:tvarita
iching_relations.csv,from_id,hexagram_62,repaired,hexagram:62
iching_relations.csv,to_id,devi_vijaya,repaired,devi:vijaya
iching_relations.csv,from_id,hexagram_62,repaired,hexagram:62
iching_relations.csv,to_id,devi_jvalamalini,repaired,devi:jvalamalini
iching_relations.csv,from_id,hexagram_63,repaired,hexagram:63
iching_relations.csv,to_id,devi_bhagamalini,repaired,devi:bhagamalini
iching_relations.csv,from_id,hexagram_63,repaired,hexagram:63
iching_relations.csv,to_id,devi_nitya,repaired,devi:nitya
iching_relations.csv,from_id,hexagram_64,repaired,hexagram:64
iching_relations.csv,to_id,devi_kamesvari,repaired,devi:kamesvari
iching_relations.csv,from_id,hexagram_64,repaired,hexagram:64
iching_relations.csv,to_id,devi_vahnivasini,repaired,devi:vahnivasini
iching_relations.csv,from_id,hexagram_64,repaired,hexagram:64
iching_relations.csv,to_id,devi_tvarita,repaired,devi:tvarita
iching_relations.csv,from_id,hexagram_64,repaired,hexagram:64
iching_relations.csv,to_id,devi_vijaya,repaired,devi:vijaya
iching_relations.csv,from_id,hexagram_64,repaired,hexagram:64
iching_relations.csv,to_id,devi_jvalamalini,repaired,devi:jvalamalini
iching_relations.csv,from_id,hexagram_01,repaired,hexagram:01
iching_relations.csv,to_id,raga_yaman,repaired,raga:yaman
iching_relations.csv,from_id,hexagram_01,repaired,hexagram:01
iching_relations.csv,to_id,raga_puriya,repaired,raga:puriya
iching_relations.csv,from_id,hexagram_01,repaired,hexagram:01
iching_relations.csv,to_id,raga_purvi,repaired,raga:purvi
iching_relations.csv,from_id,hexagram_01,repaired,hexagram:01
iching_relations.csv,to_id,raga_hansadhwani,repaired,raga:hansadhwani
iching_relations.csv,from_id,hexagram_01,repaired,hexagram:01
iching_relations.csv,to_id,raga_shankara,repaired,raga:shankara
iching_relations.csv,from_id,hexagram_02,repaired,hexagram:02
iching_relations.csv,to_id,raga_malkauns,repaired,raga:malkauns
iching_relations.csv,from_id,hexagram_03,repaired,hexagram:03
iching_relations.csv,to_id,raga_bhairava,repaired,raga:bhairava
iching_relations.csv,from_id,hexagram_03,repaired,hexagram:03
iching_relations.csv,to_id,raga_bhairavi,repaired,raga:bhairavi
iching_relations.csv,from_id,hexagram_03,repaired,hexagram:03
iching_relations.csv,to_id,raga_todi,repaired,raga:todi
iching_relations.csv,from_id,hexagram_03,repaired,hexagram:03
iching_relations.csv,to_id,raga_lalit,repaired,raga:lalit
iching_relations.csv,from_id,hexagram_03,repaired,hexagram:03
iching_relations.csv,to_id,raga_jaunpuri,repaired,raga:jaunpuri
iching_relations.csv,from_id,hexagram_03,repaired,hexagram:03
iching_relations.csv,to_id,raga_hindol,repaired,raga:hindol
iching_relations.csv,from_id,hexagram_03,repaired,hexagram:03
iching_relations.csv,to_id,raga_bairagi,repaired,raga:bairagi
iching_relations.csv,from_id,hexagram_03,repaired,hexagram:03
iching_relations.csv,to_id,raga_ahir_bhairav,repaired,raga:ahir_bhairav
iching_relations.csv,from_id,hexagram_03,repaired,hexagram:03
iching_relations.csv,to_id,raga_charukeshi,repaired,raga:charukeshi
iching_relations.csv,from_id,hexagram_03,repaired,hexagram:03
iching_relations.csv,to_id,raga_kirwani,repaired,raga:kirwani
iching_relations.csv,from_id,hexagram_04,repaired,hexagram:04
iching_relations.csv,to_id,raga_bhairavi,repaired,raga:bhairavi
iching_relations.csv,from_id,hexagram_04,repaired,hexagram:04
iching_relations.csv,to_id,raga_darbari,repaired,raga:darbari
iching_relations.csv,from_id,hexagram_04,repaired,hexagram:04
iching_relations.csv,to_id,raga_malkauns,repaired,raga:malkauns
iching_relations.csv,from_id,hexagram_04,repaired,hexagram:04
iching_relations.csv,to_id,raga_bageshri,repaired,raga:bageshri
iching_relations.csv,from_id,hexagram_04,repaired,hexagram:04
iching_relations.csv,to_id,raga_kedar,repaired,raga:kedar
iching_relations.csv,from_id,hexagram_04,repaired,hexagram:04
iching_relations.csv,to_id,raga_des,repaired,raga:des
iching_relations.csv,from_id,hexagram_04,repaired,hexagram:04
iching_relations.csv,to_id,raga_khamaj,repaired,raga:khamaj
iching_relations.csv,from_id,hexagram_04,repaired,hexagram:04
iching_relations.csv,to_id,raga_jaunpuri,repaired,raga:jaunpuri
iching_relations.csv,from_id,hexagram_04,repaired,hexagram:04
iching_relations.csv,to_id,raga_charukeshi,repaired,raga:charukeshi
iching_relations.csv,from_id,hexagram_04,repaired,hexagram:04
iching_relations.csv,to_id,raga_kirwani,repaired,raga:kirwani
iching_relations.csv,from_id,hexagram_04,repaired,hexagram:04
iching_relations.csv,to_id,raga_chandrakauns,repaired,raga:chandrakauns
iching_relations.csv,from_id,hexagram_04,repaired,hexagram:04
iching_relations.csv,to_id,raga_shankara,repaired,raga:shankara
iching_relations.csv,from_id,hexagram_05,repaired,hexagram:05
iching_relations.csv,to_id,raga_yaman,repaired,raga:yaman
iching_relations.csv,from_id,hexagram_05,repaired,hexagram:05
iching_relations.csv,to_id,raga_malkauns,repaired,raga:malkauns
iching_relations.csv,from_id,hexagram_05,repaired,hexagram:05
iching_relations.csv,to_id,raga_bageshri,repaired,raga:bageshri
iching_relations.csv,from_id,hexagram_05,repaired,hexagram:05
iching_relations.csv,to_id,raga_puriya,repaired,raga:puriya
iching_relations.csv,from_id,hexagram_05,repaired,hexagram:05
iching_relations.csv,to_id,raga_des,repaired,raga:des
iching_relations.csv,from_id,hexagram_05,repaired,hexagram:05
iching_relations.csv,to_id,raga_khamaj,repaired,raga:khamaj
iching_relations.csv,from_id,hexagram_05,repaired,hexagram:05
iching_relations.csv,to_id,raga_purvi,repaired,raga:purvi
iching_relations.csv,from_id,hexagram_05,repaired,hexagram:05
iching_relations.csv,to_id,raga_hansadhwani,repaired,raga:hansadhwani
iching_relations.csv,from_id,hexagram_05,repaired,hexagram:05
iching_relations.csv,to_id,raga_charukeshi,repaired,raga:charukeshi
iching_relations.csv,from_id,hexagram_05,repaired,hexagram:05
iching_relations.csv,to_id,raga_kirwani,repaired,raga:kirwani
iching_relations.csv,from_id,hexagram_05,repaired,hexagram:05
iching_relations.csv,to_id,raga_chandrakauns,repaired,raga:chandrakauns
iching_relations.csv,from_id,hexagram_05,repaired,hexagram:05
iching_relations.csv,to_id,raga_shankara,repaired,raga:shankara
iching_relations.csv,from_id,hexagram_06,repaired,hexagram:06
iching_relations.csv,to_id,raga_bhairavi,repaired,raga:bhairavi
iching_relations.csv,from_id,hexagram_06,repaired,hexagram:06
iching_relations.csv,to_id,raga_darbari,repaired,raga:darbari
iching_relations.csv,from_id,hexagram_06,repaired,hexagram:06
iching_relations.csv,to_id,raga_malkauns,repaired,raga:malkauns
iching_relations.csv,from_id,hexagram_06,repaired,hexagram:06
iching_relations.csv,to_id,raga_bageshri,repaired,raga:bageshri
iching_relations.csv,from_id,hexagram_06,repaired,hexagram:06
iching_relations.csv,to_id,raga_des,repaired,raga:des
iching_relations.csv,from_id,hexagram_06,repaired,hexagram:06
iching_relations.csv,to_id,raga_khamaj,repaired,raga:khamaj
iching_relations.csv,from_id,hexagram_06,repaired,hexagram:06
iching_relations.csv,to_id,raga_jaunpuri,repaired,raga:jaunpuri
iching_relations.csv,from_id,hexagram_06,repaired,hexagram:06
iching_relations.csv,to_id,raga_charukeshi,repaired,raga:charukeshi
iching_relations.csv,from_id,hexagram_06,repaired,hexagram:06
iching_relations.csv,to_id,raga_kirwani,repaired,raga:kirwani
iching_relations.csv,from_id,hexagram_06,repaired,hexagram:06
iching_relations.csv,to_id,raga_chandrakauns,repaired,raga:chandrakauns
iching_relations.csv,from_id,hexagram_06,repaired,hexagram:06
iching_relations.csv,to_id,raga_shankara,repaired,raga:shankara
iching_relations.csv,from_id,hexagram_07,repaired,hexagram:07
iching_relations.csv,to_id,raga_miyan_ki_malhar,repaired,raga:miyan_ki_malhar
iching_relations.csv,from_id,hexagram_08,repaired,hexagram:08
iching_relations.csv,to_id,raga_bhairavi,repaired,raga:bhairavi
iching_relations.csv,from_id,hexagram_08,repaired,hexagram:08
iching_relations.csv,to_id,raga_darbari,repaired,raga:darbari
iching_relations.csv,from_id,hexagram_08,repaired,hexagram:08
iching_relations.csv,to_id,raga_malkauns,repaired,raga:malkauns
iching_relations.csv,from_id,hexagram_08,repaired,hexagram:08
iching_relations.csv,to_id,raga_bageshri,repaired,raga:bageshri
iching_relations.csv,from_id,hexagram_08,repaired,hexagram:08
iching_relations.csv,to_id,raga_kedar,repaired,raga:kedar
iching_relations.csv,from_id,hexagram_08,repaired,hexagram:08
iching_relations.csv,to_id,raga_bihag,repaired,raga:bihag
iching_relations.csv,from_id,hexagram_08,repaired,hexagram:08
iching_relations.csv,to_id,raga_des,repaired,raga:des
iching_relations.csv,from_id,hexagram_08,repaired,hexagram:08
iching_relations.csv,to_id,raga_khamaj,repaired,raga:khamaj
iching_relations.csv,from_id,hexagram_08,repaired,hexagram:08
iching_relations.csv,to_id,raga_jaunpuri,repaired,raga:jaunpuri
iching_relations.csv,from_id,hexagram_08,repaired,hexagram:08
iching_relations.csv,to_id,raga_ahir_bhairav,repaired,raga:ahir_bhairav
iching_relations.csv,from_id,hexagram_08,repaired,hexagram:08
iching_relations.csv,to_id,raga_tilak_kamod,repaired,raga:tilak_kamod
iching_relations.csv,from_id,hexagram_08,repaired,hexagram:08
iching_relations.csv,to_id,raga_rageshri,repaired,raga:rageshri
iching_relations.csv,from_id,hexagram_08,repaired,hexagram:08
iching_relations.csv,to_id,raga_charukeshi,repaired,raga:charukeshi
iching_relations.csv,from_id,hexagram_08,repaired,hexagram:08
iching_relations.csv,to_id,raga_kirwani,repaired,raga:kirwani
iching_relations.csv,from_id,hexagram_08,repaired,hexagram:08
iching_relations.csv,to_id,raga_chandrakauns,repaired,raga:chandrakauns
iching_relations.csv,from_id,hexagram_08,repaired,hexagram:08
iching_relations.csv,to_id,raga_shankara,repaired,raga:shankara
iching_relations.csv,from_id,hexagram_09,repaired,hexagram:09
iching_relations.csv,to_id,raga_yaman,repaired,raga:yaman
iching_relations.csv,from_id,hexagram_09,repaired,hexagram:09
iching_relations.csv,to_id,raga_bhimpalasi,repaired,raga:bhimpalasi
iching_relations.csv,from_id,hexagram_09,repaired,hexagram:09
iching_relations.csv,to_id,raga_lalit,repaired,raga:lalit
iching_relations.csv,from_id,hexagram_09,repaired,hexagram:09
iching_relations.csv,to_id,raga_bihag,repaired,raga:bihag
iching_relations.csv,from_id,hexagram_09,repaired,hexagram:09
iching_relations.csv,to_id,raga_hindol,repaired,raga:hindol
iching_relations.csv,from_id,hexagram_09,repaired,hexagram:09
iching_relations.csv,to_id,raga_tilak_kamod,repaired,raga:tilak_kamod
iching_relations.csv,from_id,hexagram_09,repaired,hexagram:09
iching_relations.csv,to_id,raga_rageshri,repaired,raga:rageshri
iching_relations.csv,from_id,hexagram_10,repaired,hexagram:10
iching_relations.csv,to_id,raga_yaman,repaired,raga:yaman
iching_relations.csv,from_id,hexagram_10,repaired,hexagram:10
iching_relations.csv,to_id,raga_marwa,repaired,raga:marwa
iching_relations.csv,from_id,hexagram_10,repaired,hexagram:10
iching_relations.csv,to_id,raga_bageshri,repaired,raga:bageshri
iching_relations.csv,from_id,hexagram_10,repaired,hexagram:10
iching_relations.csv,to_id,raga_puriya,repaired,raga:puriya
iching_relations.csv,from_id,hexagram_10,repaired,hexagram:10
iching_relations.csv,to_id,raga_kedar,repaired,raga:kedar
iching_relations.csv,from_id,hexagram_10,repaired,hexagram:10
iching_relations.csv,to_id,raga_bihag,repaired,raga:bihag
iching_relations.csv,from_id,hexagram_10,repaired,hexagram:10
iching_relations.csv,to_id,raga_des,repaired,raga:des
iching_relations.csv,from_id,hexagram_10,repaired,hexagram:10
iching_relations.csv,to_id,raga_khamaj,repaired,raga:khamaj
iching_relations.csv,from_id,hexagram_10,repaired,hexagram:10
iching_relations.csv,to_id,raga_durga,repaired,raga:durga
iching_relations.csv,from_id,hexagram_10,repaired,hexagram:10
iching_relations.csv,to_id,raga_shree,repaired,raga:shree
iching_relations.csv,from_id,hexagram_10,repaired,hexagram:10
iching_relations.csv,to_id,raga_purvi,repaired,raga:purvi
iching_relations.csv,from_id,hexagram_10,repaired,hexagram:10
iching_relations.csv,to_id,raga_tilak_kamod,repaired,raga:tilak_kamod
iching_relations.csv,from_id,hexagram_10,repaired,hexagram:10
iching_relations.csv,to_id,raga_rageshri,repaired,raga:rageshri
iching_relations.csv,from_id,hexagram_10,repaired,hexagram:10
iching_relations.csv,to_id,raga_hansadhwani,repaired,raga:hansadhwani
iching_relations.csv,from_id,hexagram_10,repaired,hexagram:10
iching_relations.csv,to_id,raga_charukeshi,repaired,raga:charukeshi
iching_relations.csv,from_id,hexagram_10,repaired,hexagram:10
iching_relations.csv,to_id,raga_kirwani,repaired,raga:kirwani
iching_relations.csv,from_id,hexagram_10,repaired,hexagram:10
iching_relations.csv,to_id,raga_chandrakauns,repaired,raga:chandrakauns
iching_relations.csv,from_id,hexagram_10,repaired,hexagram:10
iching_relations.csv,to_id,raga_shankara,repaired,raga:shankara
iching_relations.csv,from_id,hexagram_11,repaired,hexagram:11
iching_relations.csv,to_id,raga_yaman,repaired,raga:yaman
iching_relations.csv,from_id,hexagram_11,repaired,hexagram:11
iching_relations.csv,to_id,raga_darbari,repaired,raga:darbari
iching_relations.csv,from_id,hexagram_11,repaired,hexagram:11
iching_relations.csv,to_id,raga_malkauns,repaired,raga:malkauns
iching_relations.csv,from_id,hexagram_11,repaired,hexagram:11
iching_relations.csv,to_id,raga_puriya,repaired,raga:puriya
iching_relations.csv,from_id,hexagram_11,repaired,hexagram:11
iching_relations.csv,to_id,raga_kedar,repaired,raga:kedar
iching_relations.csv,from_id,hexagram_11,repaired,hexagram:11
iching_relations.csv,to_id,raga_purvi,repaired,raga:purvi
iching_relations.csv,from_id,hexagram_11,repaired,hexagram:11
iching_relations.csv,to_id,raga_hansadhwani,repaired,raga:hansadhwani
iching_relations.csv,from_id,hexagram_11,repaired,hexagram:11
iching_relations.csv,to_id,raga_chandrakauns,repaired,raga:chandrakauns
iching_relations.csv,from_id,hexagram_11,repaired,hexagram:11
iching_relations.csv,to_id,raga_shankara,repaired,raga:shankara
iching_relations.csv,from_id,hexagram_13,repaired,hexagram:13
iching_relations.csv,to_id,raga_yaman,repaired,raga:yaman
iching_relations.csv,from_id,hexagram_13,repaired,hexagram:13
iching_relations.csv,to_id,raga_bhimpalasi,repaired,raga:bhimpalasi
iching_relations.csv,from_id,hexagram_13,repaired,hexagram:13
iching_relations.csv,to_id,raga_lalit,repaired,raga:lalit
iching_relations.csv,from_id,hexagram_13,repaired,hexagram:13
iching_relations.csv,to_id,raga_miyan_ki_malhar,repaired,raga:miyan_ki_malhar
iching_relations.csv,from_id,hexagram_13,repaired,hexagram:13
iching_relations.csv,to_id,raga_khamaj,repaired,raga:khamaj
iching_relations.csv,from_id,hexagram_13,repaired,hexagram:13
iching_relations.csv,to_id,raga_hindol,repaired,raga:hindol
iching_relations.csv,from_id,hexagram_13,repaired,hexagram:13
iching_relations.csv,to_id,raga_shree,repaired,raga:shree
iching_relations.csv,from_id,hexagram_13,repaired,hexagram:13
iching_relations.csv,to_id,raga_multani,repaired,raga:multani
iching_relations.csv,from_id,hexagram_13,repaired,hexagram:13
iching_relations.csv,to_id,raga_sarang,repaired,raga:sarang
iching_relations.csv,from_id,hexagram_14,repaired,hexagram:14
iching_relations.csv,to_id,raga_bhimpalasi,repaired,raga:bhimpalasi
iching_relations.csv,from_id,hexagram_14,repaired,hexagram:14
iching_relations.csv,to_id,raga_miyan_ki_malhar,repaired,raga:miyan_ki_malhar
iching_relations.csv,from_id,hexagram_14,repaired,hexagram:14
iching_relations.csv,to_id,raga_multani,repaired,raga:multani
iching_relations.csv,from_id,hexagram_14,repaired,hexagram:14
iching_relations.csv,to_id,raga_hansadhwani,repaired,raga:hansadhwani
iching_relations.csv,from_id,hexagram_14,repaired,hexagram:14
iching_relations.csv,to_id,raga_shankara,repaired,raga:shankara
iching_relations.csv,from_id,hexagram_14,repaired,hexagram:14
iching_relations.csv,to_id,raga_sarang,repaired,raga:sarang
iching_relations.csv,from_id,hexagram_15,repaired,hexagram:15
iching_relations.csv,to_id,raga_malkauns,repaired,raga:malkauns
iching_relations.csv,from_id,hexagram_16,repaired,hexagram:16
iching_relations.csv,to_id,raga_bhairava,repaired,raga:bhairava
iching_relations.csv,from_id,hexagram_16,repaired,hexagram:16
iching_relations.csv,to_id,raga_lalit,repaired,raga:lalit
iching_relations.csv,from_id,hexagram_16,repaired,hexagram:16
iching_relations.csv,to_id,raga_hindol,repaired,raga:hindol
iching_relations.csv,from_id,hexagram_16,repaired,hexagram:16
iching_relations.csv,to_id,raga_bairagi,repaired,raga:bairagi
iching_relations.csv,from_id,hexagram_16,repaired,hexagram:16
iching_relations.csv,to_id,raga_ahir_bhairav,repaired,raga:ahir_bhairav
iching_relations.csv,from_id,hexagram_17,repaired,hexagram:17
iching_relations.csv,to_id,raga_bhairava,repaired,raga:bhairava
iching_relations.csv,from_id,hexagram_17,repaired,hexagram:17
iching_relations.csv,to_id,raga_bhairavi,repaired,raga:bhairavi
iching_relations.csv,from_id,hexagram_17,repaired,hexagram:17
iching_relations.csv,to_id,raga_todi,repaired,raga:todi
iching_relations.csv,from_id,hexagram_17,repaired,hexagram:17
iching_relations.csv,to_id,raga_bageshri,repaired,raga:bageshri
iching_relations.csv,from_id,hexagram_17,repaired,hexagram:17
iching_relations.csv,to_id,raga_lalit,repaired,raga:lalit
iching_relations.csv,from_id,hexagram_17,repaired,hexagram:17
iching_relations.csv,to_id,raga_des,repaired,raga:des
iching_relations.csv,from_id,hexagram_17,repaired,hexagram:17
iching_relations.csv,to_id,raga_khamaj,repaired,raga:khamaj
iching_relations.csv,from_id,hexagram_17,repaired,hexagram:17
iching_relations.csv,to_id,raga_jaunpuri,repaired,raga:jaunpuri
iching_relations.csv,from_id,hexagram_17,repaired,hexagram:17
iching_relations.csv,to_id,raga_hindol,repaired,raga:hindol
iching_relations.csv,from_id,hexagram_17,repaired,hexagram:17
iching_relations.csv,to_id,raga_shree,repaired,raga:shree
iching_relations.csv,from_id,hexagram_17,repaired,hexagram:17
iching_relations.csv,to_id,raga_bairagi,repaired,raga:bairagi
iching_relations.csv,from_id,hexagram_17,repaired,hexagram:17
iching_relations.csv,to_id,raga_ahir_bhairav,repaired,raga:ahir_bhairav
iching_relations.csv,from_id,hexagram_18,repaired,hexagram:18
iching_relations.csv,to_id,raga_todi,repaired,raga:todi
iching_relations.csv,from_id,hexagram_18,repaired,hexagram:18
iching_relations.csv,to_id,raga_darbari,repaired,raga:darbari
iching_relations.csv,from_id,hexagram_18,repaired,hexagram:18
iching_relations.csv,to_id,raga_multani,repaired,raga:multani
iching_relations.csv,from_id,hexagram_19,repaired,hexagram:19
iching_relations.csv,to_id,raga_yaman,repaired,raga:yaman
iching_relations.csv,from_id,hexagram_19,repaired,hexagram:19
iching_relations.csv,to_id,raga_marwa,repaired,raga:marwa
iching_relations.csv,from_id,hexagram_19,repaired,hexagram:19
iching_relations.csv,to_id,raga_darbari,repaired,raga:darbari
iching_relations.csv,from_id,hexagram_19,repaired,hexagram:19
iching_relations.csv,to_id,raga_malkauns,repaired,raga:malkauns
iching_relations.csv,from_id,hexagram_19,repaired,hexagram:19
iching_relations.csv,to_id,raga_bageshri,repaired,raga:bageshri
iching_relations.csv,from_id,hexagram_19,repaired,hexagram:19
iching_relations.csv,to_id,raga_puriya,repaired,raga:puriya
iching_relations.csv,from_id,hexagram_19,repaired,hexagram:19
iching_relations.csv,to_id,raga_kedar,repaired,raga:kedar
iching_relations.csv,from_id,hexagram_19,repaired,hexagram:19
iching_relations.csv,to_id,raga_bihag,repaired,raga:bihag
iching_relations.csv,from_id,hexagram_19,repaired,hexagram:19
iching_relations.csv,to_id,raga_des,repaired,raga:des
iching_relations.csv,from_id,hexagram_19,repaired,hexagram:19
iching_relations.csv,to_id,raga_khamaj,repaired,raga:khamaj
iching_relations.csv,from_id,hexagram_19,repaired,hexagram:19
iching_relations.csv,to_id,raga_durga,repaired,raga:durga
iching_relations.csv,from_id,hexagram_19,repaired,hexagram:19
iching_relations.csv,to_id,raga_shree,repaired,raga:shree
iching_relations.csv,from_id,hexagram_19,repaired,hexagram:19
iching_relations.csv,to_id,raga_purvi,repaired,raga:purvi
iching_relations.csv,from_id,hexagram_19,repaired,hexagram:19
iching_relations.csv,to_id,raga_ahir_bhairav,repaired,raga:ahir_bhairav
iching_relations.csv,from_id,hexagram_19,repaired,hexagram:19
iching_relations.csv,to_id,raga_tilak_kamod,repaired,raga:tilak_kamod
iching_relations.csv,from_id,hexagram_19,repaired,hexagram:19
iching_relations.csv,to_id,raga_rageshri,repaired,raga:rageshri
iching_relations.csv,from_id,hexagram_19,repaired,hexagram:19
iching_relations.csv,to_id,raga_hansadhwani,repaired,raga:hansadhwani
iching_relations.csv,from_id,hexagram_19,repaired,hexagram:19
iching_relations.csv,to_id,raga_charukeshi,repaired,raga:charukeshi
iching_relations.csv,from_id,hexagram_19,repaired,hexagram:19
iching_relations.csv,to_id,raga_kirwani,repaired,raga:kirwani
iching_relations.csv,from_id,hexagram_19,repaired,hexagram:19
iching_relations.csv,to_id,raga_chandrakauns,repaired,raga:chandrakauns
iching_relations.csv,from_id,hexagram_20,repaired,hexagram:20
iching_relations.csv,to_id,raga_bhimpalasi,repaired,raga:bhimpalasi
iching_relations.csv,from_id,hexagram_20,repaired,hexagram:20
iching_relations.csv,to_id,raga_malkauns,repaired,raga:malkauns
iching_relations.csv,from_id,hexagram_20,repaired,hexagram:20
iching_relations.csv,to_id,raga_multani,repaired,raga:multani
iching_relations.csv,from_id,hexagram_21,repaired,hexagram:21
iching_relations.csv,to_id,raga_bhairava,repaired,raga:bhairava
iching_relations.csv,from_id,hexagram_21,repaired,hexagram:21
iching_relations.csv,to_id,raga_lalit,repaired,raga:lalit
iching_relations.csv,from_id,hexagram_21,repaired,hexagram:21
iching_relations.csv,to_id,raga_hindol,repaired,raga:hindol
iching_relations.csv,from_id,hexagram_21,repaired,hexagram:21
iching_relations.csv,to_id,raga_bairagi,repaired,raga:bairagi
iching_relations.csv,from_id,hexagram_21,repaired,hexagram:21
iching_relations.csv,to_id,raga_ahir_bhairav,repaired,raga:ahir_bhairav
iching_relations.csv,from_id,hexagram_22,repaired,hexagram:22
iching_relations.csv,to_id,raga_bhimpalasi,repaired,raga:bhimpalasi
iching_relations.csv,from_id,hexagram_22,repaired,hexagram:22
iching_relations.csv,to_id,raga_miyan_ki_malhar,repaired,raga:miyan_ki_malhar
iching_relations.csv,from_id,hexagram_22,repaired,hexagram:22
iching_relations.csv,to_id,raga_kedar,repaired,raga:kedar
iching_relations.csv,from_id,hexagram_22,repaired,hexagram:22
iching_relations.csv,to_id,raga_khamaj,repaired,raga:khamaj
iching_relations.csv,from_id,hexagram_22,repaired,hexagram:22
iching_relations.csv,to_id,raga_shree,repaired,raga:shree
iching_relations.csv,from_id,hexagram_22,repaired,hexagram:22
iching_relations.csv,to_id,raga_multani,repaired,raga:multani
iching_relations.csv,from_id,hexagram_22,repaired,hexagram:22
iching_relations.csv,to_id,raga_sarang,repaired,raga:sarang
iching_relations.csv,from_id,hexagram_24,repaired,hexagram:24
iching_relations.csv,to_id,raga_bhairava,repaired,raga:bhairava
iching_relations.csv,from_id,hexagram_24,repaired,hexagram:24
iching_relations.csv,to_id,raga_lalit,repaired,raga:lalit
iching_relations.csv,from_id,hexagram_24,repaired,hexagram:24
iching_relations.csv,to_id,raga_hindol,repaired,raga:hindol
iching_relations.csv,from_id,hexagram_24,repaired,hexagram:24
iching_relations.csv,to_id,raga_bairagi,repaired,raga:bairagi
iching_relations.csv,from_id,hexagram_24,repaired,hexagram:24
iching_relations.csv,to_id,raga_ahir_bhairav,repaired,raga:ahir_bhairav
iching_relations.csv,from_id,hexagram_25,repaired,hexagram:25
iching_relations.csv,to_id,raga_bhairava,repaired,raga:bhairava
iching_relations.csv,from_id,hexagram_25,repaired,hexagram:25
iching_relations.csv,to_id,raga_lalit,repaired,raga:lalit
iching_relations.csv,from_id,hexagram_25,repaired,hexagram:25
iching_relations.csv,to_id,raga_hindol,repaired,raga:hindol
iching_relations.csv,from_id,hexagram_25,repaired,hexagram:25
iching_relations.csv,to_id,raga_bairagi,repaired,raga:bairagi
iching_relations.csv,from_id,hexagram_25,repaired,hexagram:25
iching_relations.csv,to_id,raga_ahir_bhairav,repaired,raga:ahir_bhairav
iching_relations.csv,from_id,hexagram_25,repaired,hexagram:25
iching_relations.csv,to_id,raga_hansadhwani,repaired,raga:hansadhwani
iching_relations.csv,from_id,hexagram_25,repaired,hexagram:25
iching_relations.csv,to_id,raga_shankara,repaired,raga:shankara
iching_relations.csv,from_id,hexagram_26,repaired,hexagram:26
iching_relations.csv,to_id,raga_yaman,repaired,raga:yaman
iching_relations.csv,from_id,hexagram_26,repaired,hexagram:26
iching_relations.csv,to_id,raga_marwa,repaired,raga:marwa
iching_relations.csv,from_id,hexagram_26,repaired,hexagram:26
iching_relations.csv,to_id,raga_darbari,repaired,raga:darbari
iching_relations.csv,from_id,hexagram_26,repaired,hexagram:26
iching_relations.csv,to_id,raga_malkauns,repaired,raga:malkauns
iching_relations.csv,from_id,hexagram_26,repaired,hexagram:26
iching_relations.csv,to_id,raga_puriya,repaired,raga:puriya
iching_relations.csv,from_id,hexagram_26,repaired,hexagram:26
iching_relations.csv,to_id,raga_kedar,repaired,raga:kedar
iching_relations.csv,from_id,hexagram_26,repaired,hexagram:26
iching_relations.csv,to_id,raga_durga,repaired,raga:durga
iching_relations.csv,from_id,hexagram_26,repaired,hexagram:26
iching_relations.csv,to_id,raga_purvi,repaired,raga:purvi
iching_relations.csv,from_id,hexagram_26,repaired,hexagram:26
iching_relations.csv,to_id,raga_hansadhwani,repaired,raga:hansadhwani
iching_relations.csv,from_id,hexagram_26,repaired,hexagram:26
iching_relations.csv,to_id,raga_shankara,repaired,raga:shankara
iching_relations.csv,from_id,hexagram_27,repaired,hexagram:27
iching_relations.csv,to_id,raga_bhairava,repaired,raga:bhairava
iching_relations.csv,from_id,hexagram_27,repaired,hexagram:27
iching_relations.csv,to_id,raga_lalit,repaired,raga:lalit
iching_relations.csv,from_id,hexagram_27,repaired,hexagram:27
iching_relations.csv,to_id,raga_kedar,repaired,raga:kedar
iching_relations.csv,from_id,hexagram_27,repaired,hexagram:27
iching_relations.csv,to_id,raga_hindol,repaired,raga:hindol
iching_relations.csv,from_id,hexagram_27,repaired,hexagram:27
iching_relations.csv,to_id,raga_shree,repaired,raga:shree
iching_relations.csv,from_id,hexagram_27,repaired,hexagram:27
iching_relations.csv,to_id,raga_bairagi,repaired,raga:bairagi
iching_relations.csv,from_id,hexagram_27,repaired,hexagram:27
iching_relations.csv,to_id,raga_ahir_bhairav,repaired,raga:ahir_bhairav
iching_relations.csv,from_id,hexagram_28,repaired,hexagram:28
iching_relations.csv,to_id,raga_yaman,repaired,raga:yaman
iching_relations.csv,from_id,hexagram_28,repaired,hexagram:28
iching_relations.csv,to_id,raga_marwa,repaired,raga:marwa
iching_relations.csv,from_id,hexagram_28,repaired,hexagram:28
iching_relations.csv,to_id,raga_bageshri,repaired,raga:bageshri
iching_relations.csv,from_id,hexagram_28,repaired,hexagram:28
iching_relations.csv,to_id,raga_puriya,repaired,raga:puriya
iching_relations.csv,from_id,hexagram_28,repaired,hexagram:28
iching_relations.csv,to_id,raga_kedar,repaired,raga:kedar
iching_relations.csv,from_id,hexagram_28,repaired,hexagram:28
iching_relations.csv,to_id,raga_bihag,repaired,raga:bihag
iching_relations.csv,from_id,hexagram_28,repaired,hexagram:28
iching_relations.csv,to_id,raga_des,repaired,raga:des
iching_relations.csv,from_id,hexagram_28,repaired,hexagram:28
iching_relations.csv,to_id,raga_khamaj,repaired,raga:khamaj
iching_relations.csv,from_id,hexagram_28,repaired,hexagram:28
iching_relations.csv,to_id,raga_durga,repaired,raga:durga
iching_relations.csv,from_id,hexagram_28,repaired,hexagram:28
iching_relations.csv,to_id,raga_shree,repaired,raga:shree
iching_relations.csv,from_id,hexagram_28,repaired,hexagram:28
iching_relations.csv,to_id,raga_purvi,repaired,raga:purvi
iching_relations.csv,from_id,hexagram_28,repaired,hexagram:28
iching_relations.csv,to_id,raga_tilak_kamod,repaired,raga:tilak_kamod
iching_relations.csv,from_id,hexagram_28,repaired,hexagram:28
iching_relations.csv,to_id,raga_rageshri,repaired,raga:rageshri
iching_relations.csv,from_id,hexagram_28,repaired,hexagram:28
iching_relations.csv,to_id,raga_hansadhwani,repaired,raga:hansadhwani
iching_relations.csv,from_id,hexagram_28,repaired,hexagram:28
iching_relations.csv,to_id,raga_charukeshi,repaired,raga:charukeshi
iching_relations.csv,from_id,hexagram_28,repaired,hexagram:28
iching_relations.csv,to_id,raga_kirwani,repaired,raga:kirwani
iching_relations.csv,from_id,hexagram_28,repaired,hexagram:28
iching_relations.csv,to_id,raga_chandrakauns,repaired,raga:chandrakauns
iching_relations.csv,from_id,hexagram_29,repaired,hexagram:29
iching_relations.csv,to_id,raga_bhairavi,repaired,raga:bhairavi
iching_relations.csv,from_id,hexagram_29,repaired,hexagram:29
iching_relations.csv,to_id,raga_darbari,repaired,raga:darbari
iching_relations.csv,from_id,hexagram_29,repaired,hexagram:29
iching_relations.csv,to_id,raga_malkauns,repaired,raga:malkauns
iching_relations.csv,from_id,hexagram_29,repaired,hexagram:29
iching_relations.csv,to_id,raga_bageshri,repaired,raga:bageshri
iching_relations.csv,from_id,hexagram_29,repaired,hexagram:29
iching_relations.csv,to_id,raga_des,repaired,raga:des
iching_relations.csv,from_id,hexagram_29,repaired,hexagram:29
iching_relations.csv,to_id,raga_khamaj,repaired,raga:khamaj
iching_relations.csv,from_id,hexagram_29,repaired,hexagram:29
iching_relations.csv,to_id,raga_jaunpuri,repaired,raga:jaunpuri
iching_relations.csv,from_id,hexagram_29,repaired,hexagram:29
iching_relations.csv,to_id,raga_charukeshi,repaired,raga:charukeshi
iching_relations.csv,from_id,hexagram_29,repaired,hexagram:29
iching_relations.csv,to_id,raga_kirwani,repaired,raga:kirwani
iching_relations.csv,from_id,hexagram_29,repaired,hexagram:29
iching_relations.csv,to_id,raga_chandrakauns,repaired,raga:chandrakauns
iching_relations.csv,from_id,hexagram_29,repaired,hexagram:29
iching_relations.csv,to_id,raga_shankara,repaired,raga:shankara
iching_relations.csv,from_id,hexagram_30,repaired,hexagram:30
iching_relations.csv,to_id,raga_bhimpalasi,repaired,raga:bhimpalasi
iching_relations.csv,from_id,hexagram_30,repaired,hexagram:30
iching_relations.csv,to_id,raga_miyan_ki_malhar,repaired,raga:miyan_ki_malhar
iching_relations.csv,from_id,hexagram_30,repaired,hexagram:30
iching_relations.csv,to_id,raga_multani,repaired,raga:multani
iching_relations.csv,from_id,hexagram_30,repaired,hexagram:30
iching_relations.csv,to_id,raga_sarang,repaired,raga:sarang
iching_relations.csv,from_id,hexagram_31,repaired,hexagram:31
iching_relations.csv,to_id,raga_bhairavi,repaired,raga:bhairavi
iching_relations.csv,from_id,hexagram_31,repaired,hexagram:31
iching_relations.csv,to_id,raga_todi,repaired,raga:todi
iching_relations.csv,from_id,hexagram_31,repaired,hexagram:31
iching_relations.csv,to_id,raga_bageshri,repaired,raga:bageshri
iching_relations.csv,from_id,hexagram_31,repaired,hexagram:31
iching_relations.csv,to_id,raga_lalit,repaired,raga:lalit
iching_relations.csv,from_id,hexagram_31,repaired,hexagram:31
iching_relations.csv,to_id,raga_kedar,repaired,raga:kedar
iching_relations.csv,from_id,hexagram_31,repaired,hexagram:31
iching_relations.csv,to_id,raga_des,repaired,raga:des
iching_relations.csv,from_id,hexagram_31,repaired,hexagram:31
iching_relations.csv,to_id,raga_khamaj,repaired,raga:khamaj
iching_relations.csv,from_id,hexagram_31,repaired,hexagram:31
iching_relations.csv,to_id,raga_jaunpuri,repaired,raga:jaunpuri
iching_relations.csv,from_id,hexagram_31,repaired,hexagram:31
iching_relations.csv,to_id,raga_hindol,repaired,raga:hindol
iching_relations.csv,from_id,hexagram_31,repaired,hexagram:31
iching_relations.csv,to_id,raga_ahir_bhairav,repaired,raga:ahir_bhairav
iching_relations.csv,from_id,hexagram_33,repaired,hexagram:33
iching_relations.csv,to_id,raga_malkauns,repaired,raga:malkauns
iching_relations.csv,from_id,hexagram_33,repaired,hexagram:33
iching_relations.csv,to_id,raga_lalit,repaired,raga:lalit
iching_relations.csv,from_id,hexagram_33,repaired,hexagram:33
iching_relations.csv,to_id,raga_hindol,repaired,raga:hindol
iching_relations.csv,from_id,hexagram_33,repaired,hexagram:33
iching_relations.csv,to_id,raga_purvi,repaired,raga:purvi
iching_relations.csv,from_id,hexagram_33,repaired,hexagram:33
iching_relations.csv,to_id,raga_bairagi,repaired,raga:bairagi
iching_relations.csv,from_id,hexagram_34,repaired,hexagram:34
iching_relations.csv,to_id,raga_bhairava,repaired,raga:bhairava
iching_relations.csv,from_id,hexagram_34,repaired,hexagram:34
iching_relations.csv,to_id,raga_marwa,repaired,raga:marwa
iching_relations.csv,from_id,hexagram_34,repaired,hexagram:34
iching_relations.csv,to_id,raga_lalit,repaired,raga:lalit
iching_relations.csv,from_id,hexagram_34,repaired,hexagram:34
iching_relations.csv,to_id,raga_durga,repaired,raga:durga
iching_relations.csv,from_id,hexagram_34,repaired,hexagram:34
iching_relations.csv,to_id,raga_hindol,repaired,raga:hindol
iching_relations.csv,from_id,hexagram_34,repaired,hexagram:34
iching_relations.csv,to_id,raga_bairagi,repaired,raga:bairagi
iching_relations.csv,from_id,hexagram_34,repaired,hexagram:34
iching_relations.csv,to_id,raga_ahir_bhairav,repaired,raga:ahir_bhairav
iching_relations.csv,from_id,hexagram_34,repaired,hexagram:34
iching_relations.csv,to_id,raga_sarang,repaired,raga:sarang
iching_relations.csv,from_id,hexagram_35,repaired,hexagram:35
iching_relations.csv,to_id,raga_bhimpalasi,repaired,raga:bhimpalasi
iching_relations.csv,from_id,hexagram_35,repaired,hexagram:35
iching_relations.csv,to_id,raga_miyan_ki_malhar,repaired,raga:miyan_ki_malhar
iching_relations.csv,from_id,hexagram_35,repaired,hexagram:35
iching_relations.csv,to_id,raga_multani,repaired,raga:multani
iching_relations.csv,from_id,hexagram_35,repaired,hexagram:35
iching_relations.csv,to_id,raga_sarang,repaired,raga:sarang
iching_relations.csv,from_id,hexagram_36,repaired,hexagram:36
iching_relations.csv,to_id,raga_bhimpalasi,repaired,raga:bhimpalasi
iching_relations.csv,from_id,hexagram_36,repaired,hexagram:36
iching_relations.csv,to_id,raga_darbari,repaired,raga:darbari
iching_relations.csv,from_id,hexagram_36,repaired,hexagram:36
iching_relations.csv,to_id,raga_miyan_ki_malhar,repaired,raga:miyan_ki_malhar
iching_relations.csv,from_id,hexagram_36,repaired,hexagram:36
iching_relations.csv,to_id,raga_multani,repaired,raga:multani
iching_relations.csv,from_id,hexagram_36,repaired,hexagram:36
iching_relations.csv,to_id,raga_sarang,repaired,raga:sarang
iching_relations.csv,from_id,hexagram_37,repaired,hexagram:37
iching_relations.csv,to_id,raga_bhimpalasi,repaired,raga:bhimpalasi
iching_relations.csv,from_id,hexagram_37,repaired,hexagram:37
iching_relations.csv,to_id,raga_miyan_ki_malhar,repaired,raga:miyan_ki_malhar
iching_relations.csv,from_id,hexagram_37,repaired,hexagram:37
iching_relations.csv,to_id,raga_bihag,repaired,raga:bihag
iching_relations.csv,from_id,hexagram_37,repaired,hexagram:37
iching_relations.csv,to_id,raga_khamaj,repaired,raga:khamaj
iching_relations.csv,from_id,hexagram_37,repaired,hexagram:37
iching_relations.csv,to_id,raga_shree,repaired,raga:shree
iching_relations.csv,from_id,hexagram_37,repaired,hexagram:37
iching_relations.csv,to_id,raga_multani,repaired,raga:multani
iching_relations.csv,from_id,hexagram_37,repaired,hexagram:37
iching_relations.csv,to_id,raga_tilak_kamod,repaired,raga:tilak_kamod
iching_relations.csv,from_id,hexagram_37,repaired,hexagram:37
iching_relations.csv,to_id,raga_rageshri,repaired,raga:rageshri
iching_relations.csv,from_id,hexagram_37,repaired,hexagram:37
iching_relations.csv,to_id,raga_sarang,repaired,raga:sarang
iching_relations.csv,from_id,hexagram_38,repaired,hexagram:38
iching_relations.csv,to_id,raga_yaman,repaired,raga:yaman
iching_relations.csv,from_id,hexagram_38,repaired,hexagram:38
iching_relations.csv,to_id,raga_marwa,repaired,raga:marwa
iching_relations.csv,from_id,hexagram_38,repaired,hexagram:38
iching_relations.csv,to_id,raga_bageshri,repaired,raga:bageshri
iching_relations.csv,from_id,hexagram_38,repaired,hexagram:38
iching_relations.csv,to_id,raga_puriya,repaired,raga:puriya
iching_relations.csv,from_id,hexagram_38,repaired,hexagram:38
iching_relations.csv,to_id,raga_kedar,repaired,raga:kedar
iching_relations.csv,from_id,hexagram_38,repaired,hexagram:38
iching_relations.csv,to_id,raga_bihag,repaired,raga:bihag
iching_relations.csv,from_id,hexagram_38,repaired,hexagram:38
iching_relations.csv,to_id,raga_des,repaired,raga:des
iching_relations.csv,from_id,hexagram_38,repaired,hexagram:38
iching_relations.csv,to_id,raga_khamaj,repaired,raga:khamaj
iching_relations.csv,from_id,hexagram_38,repaired,hexagram:38
iching_relations.csv,to_id,raga_durga,repaired,raga:durga
iching_relations.csv,from_id,hexagram_38,repaired,hexagram:38
iching_relations.csv,to_id,raga_shree,repaired,raga:shree
iching_relations.csv,from_id,hexagram_38,repaired,hexagram:38
iching_relations.csv,to_id,raga_purvi,repaired,raga:purvi
iching_relations.csv,from_id,hexagram_38,repaired,hexagram:38
iching_relations.csv,to_id,raga_tilak_kamod,repaired,raga:tilak_kamod
iching_relations.csv,from_id,hexagram_38,repaired,hexagram:38
iching_relations.csv,to_id,raga_rageshri,repaired,raga:rageshri
iching_relations.csv,from_id,hexagram_38,repaired,hexagram:38
iching_relations.csv,to_id,raga_hansadhwani,repaired,raga:hansadhwani
iching_relations.csv,from_id,hexagram_38,repaired,hexagram:38
iching_relations.csv,to_id,raga_charukeshi,repaired,raga:charukeshi
iching_relations.csv,from_id,hexagram_38,repaired,hexagram:38
iching_relations.csv,to_id,raga_kirwani,repaired,raga:kirwani
iching_relations.csv,from_id,hexagram_38,repaired,hexagram:38
iching_relations.csv,to_id,raga_chandrakauns,repaired,raga:chandrakauns
iching_relations.csv,from_id,hexagram_39,repaired,hexagram:39
iching_relations.csv,to_id,raga_bhairavi,repaired,raga:bhairavi
iching_relations.csv,from_id,hexagram_39,repaired,hexagram:39
iching_relations.csv,to_id,raga_todi,repaired,raga:todi
iching_relations.csv,from_id,hexagram_39,repaired,hexagram:39
iching_relations.csv,to_id,raga_darbari,repaired,raga:darbari
iching_relations.csv,from_id,hexagram_39,repaired,hexagram:39
iching_relations.csv,to_id,raga_malkauns,repaired,raga:malkauns
iching_relations.csv,from_id,hexagram_39,repaired,hexagram:39
iching_relations.csv,to_id,raga_bageshri,repaired,raga:bageshri
iching_relations.csv,from_id,hexagram_39,repaired,hexagram:39
iching_relations.csv,to_id,raga_kedar,repaired,raga:kedar
iching_relations.csv,from_id,hexagram_39,repaired,hexagram:39
iching_relations.csv,to_id,raga_des,repaired,raga:des
iching_relations.csv,from_id,hexagram_39,repaired,hexagram:39
iching_relations.csv,to_id,raga_khamaj,repaired,raga:khamaj
iching_relations.csv,from_id,hexagram_39,repaired,hexagram:39
iching_relations.csv,to_id,raga_jaunpuri,repaired,raga:jaunpuri
iching_relations.csv,from_id,hexagram_39,repaired,hexagram:39
iching_relations.csv,to_id,raga_charukeshi,repaired,raga:charukeshi
iching_relations.csv,from_id,hexagram_39,repaired,hexagram:39
iching_relations.csv,to_id,raga_kirwani,repaired,raga:kirwani
iching_relations.csv,from_id,hexagram_39,repaired,hexagram:39
iching_relations.csv,to_id,raga_chandrakauns,repaired,raga:chandrakauns
iching_relations.csv,from_id,hexagram_39,repaired,hexagram:39
iching_relations.csv,to_id,raga_shankara,repaired,raga:shankara
iching_relations.csv,from_id,hexagram_40,repaired,hexagram:40
iching_relations.csv,to_id,raga_bhairava,repaired,raga:bhairava
iching_relations.csv,from_id,hexagram_40,repaired,hexagram:40
iching_relations.csv,to_id,raga_bhairavi,repaired,raga:bhairavi
iching_relations.csv,from_id,hexagram_40,repaired,hexagram:40
iching_relations.csv,to_id,raga_todi,repaired,raga:todi
iching_relations.csv,from_id,hexagram_40,repaired,hexagram:40
iching_relations.csv,to_id,raga_lalit,repaired,raga:lalit
iching_relations.csv,from_id,hexagram_40,repaired,hexagram:40
iching_relations.csv,to_id,raga_jaunpuri,repaired,raga:jaunpuri
iching_relations.csv,from_id,hexagram_40,repaired,hexagram:40
iching_relations.csv,to_id,raga_hindol,repaired,raga:hindol
iching_relations.csv,from_id,hexagram_40,repaired,hexagram:40
iching_relations.csv,to_id,raga_bairagi,repaired,raga:bairagi
iching_relations.csv,from_id,hexagram_40,repaired,hexagram:40
iching_relations.csv,to_id,raga_ahir_bhairav,repaired,raga:ahir_bhairav
iching_relations.csv,from_id,hexagram_41,repaired,hexagram:41
iching_relations.csv,to_id,raga_bhairavi,repaired,raga:bhairavi
iching_relations.csv,from_id,hexagram_41,repaired,hexagram:41
iching_relations.csv,to_id,raga_todi,repaired,raga:todi
iching_relations.csv,from_id,hexagram_41,repaired,hexagram:41
iching_relations.csv,to_id,raga_yaman,repaired,raga:yaman
iching_relations.csv,from_id,hexagram_41,repaired,hexagram:41
iching_relations.csv,to_id,raga_marwa,repaired,raga:marwa
iching_relations.csv,from_id,hexagram_41,repaired,hexagram:41
iching_relations.csv,to_id,raga_darbari,repaired,raga:darbari
iching_relations.csv,from_id,hexagram_41,repaired,hexagram:41
iching_relations.csv,to_id,raga_malkauns,repaired,raga:malkauns
iching_relations.csv,from_id,hexagram_41,repaired,hexagram:41
iching_relations.csv,to_id,raga_bageshri,repaired,raga:bageshri
iching_relations.csv,from_id,hexagram_41,repaired,hexagram:41
iching_relations.csv,to_id,raga_puriya,repaired,raga:puriya
iching_relations.csv,from_id,hexagram_41,repaired,hexagram:41
iching_relations.csv,to_id,raga_kedar,repaired,raga:kedar
iching_relations.csv,from_id,hexagram_41,repaired,hexagram:41
iching_relations.csv,to_id,raga_bihag,repaired,raga:bihag
iching_relations.csv,from_id,hexagram_41,repaired,hexagram:41
iching_relations.csv,to_id,raga_des,repaired,raga:des
iching_relations.csv,from_id,hexagram_41,repaired,hexagram:41
iching_relations.csv,to_id,raga_khamaj,repaired,raga:khamaj
iching_relations.csv,from_id,hexagram_41,repaired,hexagram:41
iching_relations.csv,to_id,raga_jaunpuri,repaired,raga:jaunpuri
iching_relations.csv,from_id,hexagram_41,repaired,hexagram:41
iching_relations.csv,to_id,raga_durga,repaired,raga:durga
iching_relations.csv,from_id,hexagram_41,repaired,hexagram:41
iching_relations.csv,to_id,raga_shree,repaired,raga:shree
iching_relations.csv,from_id,hexagram_41,repaired,hexagram:41
iching_relations.csv,to_id,raga_purvi,repaired,raga:purvi
iching_relations.csv,from_id,hexagram_41,repaired,hexagram:41
iching_relations.csv,to_id,raga_tilak_kamod,repaired,raga:tilak_kamod
iching_relations.csv,from_id,hexagram_41,repaired,hexagram:41
iching_relations.csv,to_id,raga_rageshri,repaired,raga:rageshri
iching_relations.csv,from_id,hexagram_41,repaired,hexagram:41
iching_relations.csv,to_id,raga_hansadhwani,repaired,raga:hansadhwani
iching_relations.csv,from_id,hexagram_41,repaired,hexagram:41
iching_relations.csv,to_id,raga_charukeshi,repaired,raga:charukeshi
iching_relations.csv,from_id,hexagram_41,repaired,hexagram:41
iching_relations.csv,to_id,raga_kirwani,repaired,raga:kirwani
iching_relations.csv,from_id,hexagram_41,repaired,hexagram:41
iching_relations.csv,to_id,raga_chandrakauns,repaired,raga:chandrakauns
iching_relations.csv,from_id,hexagram_42,repaired,hexagram:42
iching_relations.csv,to_id,raga_bhairava,repaired,raga:bhairava
iching_relations.csv,from_id,hexagram_42,repaired,hexagram:42
iching_relations.csv,to_id,raga_lalit,repaired,raga:lalit
iching_relations.csv,from_id,hexagram_42,repaired,hexagram:42
iching_relations.csv,to_id,raga_hindol,repaired,raga:hindol
iching_relations.csv,from_id,hexagram_42,repaired,hexagram:42
iching_relations.csv,to_id,raga_bairagi,repaired,raga:bairagi
iching_relations.csv,from_id,hexagram_42,repaired,hexagram:42
iching_relations.csv,to_id,raga_ahir_bhairav,repaired,raga:ahir_bhairav
iching_relations.csv,from_id,hexagram_43,repaired,hexagram:43
iching_relations.csv,to_id,raga_yaman,repaired,raga:yaman
iching_relations.csv,from_id,hexagram_43,repaired,hexagram:43
iching_relations.csv,to_id,raga_marwa,repaired,raga:marwa
iching_relations.csv,from_id,hexagram_43,repaired,hexagram:43
iching_relations.csv,to_id,raga_bageshri,repaired,raga:bageshri
iching_relations.csv,from_id,hexagram_43,repaired,hexagram:43
iching_relations.csv,to_id,raga_puriya,repaired,raga:puriya
iching_relations.csv,from_id,hexagram_43,repaired,hexagram:43
iching_relations.csv,to_id,raga_miyan_ki_malhar,repaired,raga:miyan_ki_malhar
iching_relations.csv,from_id,hexagram_43,repaired,hexagram:43
iching_relations.csv,to_id,raga_kedar,repaired,raga:kedar
iching_relations.csv,from_id,hexagram_43,repaired,hexagram:43
iching_relations.csv,to_id,raga_bihag,repaired,raga:bihag
iching_relations.csv,from_id,hexagram_43,repaired,hexagram:43
iching_relations.csv,to_id,raga_des,repaired,raga:des
iching_relations.csv,from_id,hexagram_43,repaired,hexagram:43
iching_relations.csv,to_id,raga_khamaj,repaired,raga:khamaj
iching_relations.csv,from_id,hexagram_43,repaired,hexagram:43
iching_relations.csv,to_id,raga_durga,repaired,raga:durga
iching_relations.csv,from_id,hexagram_43,repaired,hexagram:43
iching_relations.csv,to_id,raga_shree,repaired,raga:shree
iching_relations.csv,from_id,hexagram_43,repaired,hexagram:43
iching_relations.csv,to_id,raga_purvi,repaired,raga:purvi
iching_relations.csv,from_id,hexagram_43,repaired,hexagram:43
iching_relations.csv,to_id,raga_tilak_kamod,repaired,raga:tilak_kamod
iching_relations.csv,from_id,hexagram_43,repaired,hexagram:43
iching_relations.csv,to_id,raga_rageshri,repaired,raga:rageshri
iching_relations.csv,from_id,hexagram_43,repaired,hexagram:43
iching_relations.csv,to_id,raga_hansadhwani,repaired,raga:hansadhwani
iching_relations.csv,from_id,hexagram_43,repaired,hexagram:43
iching_relations.csv,to_id,raga_charukeshi,repaired,raga:charukeshi
iching_relations.csv,from_id,hexagram_43,repaired,hexagram:43
iching_relations.csv,to_id,raga_kirwani,repaired,raga:kirwani
iching_relations.csv,from_id,hexagram_43,repaired,hexagram:43
iching_relations.csv,to_id,raga_chandrakauns,repaired,raga:chandrakauns
iching_relations.csv,from_id,hexagram_43,repaired,hexagram:43
iching_relations.csv,to_id,raga_shankara,repaired,raga:shankara
iching_relations.csv,from_id,hexagram_44,repaired,hexagram:44
iching_relations.csv,to_id,raga_yaman,repaired,raga:yaman
iching_relations.csv,from_id,hexagram_44,repaired,hexagram:44
iching_relations.csv,to_id,raga_bhimpalasi,repaired,raga:bhimpalasi
iching_relations.csv,from_id,hexagram_44,repaired,hexagram:44
iching_relations.csv,to_id,raga_lalit,repaired,raga:lalit
iching_relations.csv,from_id,hexagram_44,repaired,hexagram:44
iching_relations.csv,to_id,raga_bihag,repaired,raga:bihag
iching_relations.csv,from_id,hexagram_44,repaired,hexagram:44
iching_relations.csv,to_id,raga_hindol,repaired,raga:hindol
iching_relations.csv,from_id,hexagram_44,repaired,hexagram:44
iching_relations.csv,to_id,raga_tilak_kamod,repaired,raga:tilak_kamod
iching_relations.csv,from_id,hexagram_44,repaired,hexagram:44
iching_relations.csv,to_id,raga_rageshri,repaired,raga:rageshri
iching_relations.csv,from_id,hexagram_45,repaired,hexagram:45
iching_relations.csv,to_id,raga_yaman,repaired,raga:yaman
iching_relations.csv,from_id,hexagram_45,repaired,hexagram:45
iching_relations.csv,to_id,raga_marwa,repaired,raga:marwa
iching_relations.csv,from_id,hexagram_45,repaired,hexagram:45
iching_relations.csv,to_id,raga_darbari,repaired,raga:darbari
iching_relations.csv,from_id,hexagram_45,repaired,hexagram:45
iching_relations.csv,to_id,raga_malkauns,repaired,raga:malkauns
iching_relations.csv,from_id,hexagram_45,repaired,hexagram:45
iching_relations.csv,to_id,raga_bageshri,repaired,raga:bageshri
iching_relations.csv,from_id,hexagram_45,repaired,hexagram:45
iching_relations.csv,to_id,raga_puriya,repaired,raga:puriya
iching_relations.csv,from_id,hexagram_45,repaired,hexagram:45
iching_relations.csv,to_id,raga_kedar,repaired,raga:kedar
iching_relations.csv,from_id,hexagram_45,repaired,hexagram:45
iching_relations.csv,to_id,raga_bihag,repaired,raga:bihag
iching_relations.csv,from_id,hexagram_45,repaired,hexagram:45
iching_relations.csv,to_id,raga_des,repaired,raga:des
iching_relations.csv,from_id,hexagram_45,repaired,hexagram:45
iching_relations.csv,to_id,raga_khamaj,repaired,raga:khamaj
iching_relations.csv,from_id,hexagram_45,repaired,hexagram:45
iching_relations.csv,to_id,raga_durga,repaired,raga:durga
iching_relations.csv,from_id,hexagram_45,repaired,hexagram:45
iching_relations.csv,to_id,raga_shree,repaired,raga:shree
iching_relations.csv,from_id,hexagram_45,repaired,hexagram:45
iching_relations.csv,to_id,raga_purvi,repaired,raga:purvi
iching_relations.csv,from_id,hexagram_45,repaired,hexagram:45
iching_relations.csv,to_id,raga_ahir_bhairav,repaired,raga:ahir_bhairav
iching_relations.csv,from_id,hexagram_45,repaired,hexagram:45
iching_relations.csv,to_id,raga_tilak_kamod,repaired,raga:tilak_kamod
iching_relations.csv,from_id,hexagram_45,repaired,hexagram:45
iching_relations.csv,to_id,raga_rageshri,repaired,raga:rageshri
iching_relations.csv,from_id,hexagram_45,repaired,hexagram:45
iching_relations.csv,to_id,raga_hansadhwani,repaired,raga:hansadhwani
iching_relations.csv,from_id,hexagram_45,repaired,hexagram:45
iching_relations.csv,to_id,raga_charukeshi,repaired,raga:charukeshi
iching_relations.csv,from_id,hexagram_45,repaired,hexagram:45
iching_relations.csv,to_id,raga_kirwani,repaired,raga:kirwani
iching_relations.csv,from_id,hexagram_45,repaired,hexagram:45
iching_relations.csv,to_id,raga_chandrakauns,repaired,raga:chandrakauns
iching_relations.csv,from_id,hexagram_47,repaired,hexagram:47
iching_relations.csv,to_id,raga_bhairavi,repaired,raga:bhairavi
iching_relations.csv,from_id,hexagram_47,repaired,hexagram:47
iching_relations.csv,to_id,raga_todi,repaired,raga:todi
iching_relations.csv,from_id,hexagram_47,repaired,hexagram:47
iching_relations.csv,to_id,raga_darbari,repaired,raga:darbari
iching_relations.csv,from_id,hexagram_47,repaired,hexagram:47
iching_relations.csv,to_id,raga_malkauns,repaired,raga:malkauns
iching_relations.csv,from_id,hexagram_47,repaired,hexagram:47
iching_relations.csv,to_id,raga_bageshri,repaired,raga:bageshri
iching_relations.csv,from_id,hexagram_47,repaired,hexagram:47
iching_relations.csv,to_id,raga_des,repaired,raga:des
iching_relations.csv,from_id,hexagram_47,repaired,hexagram:47
iching_relations.csv,to_id,raga_khamaj,repaired,raga:khamaj
iching_relations.csv,from_id,hexagram_47,repaired,hexagram:47
iching_relations.csv,to_id,raga_jaunpuri,repaired,raga:jaunpuri
iching_relations.csv,from_id,hexagram_47,repaired,hexagram:47
iching_relations.csv,to_id,raga_charukeshi,repaired,raga:charukeshi
iching_relations.csv,from_id,hexagram_47,repaired,hexagram:47
iching_relations.csv,to_id,raga_kirwani,repaired,raga:kirwani
iching_relations.csv,from_id,hexagram_47,repaired,hexagram:47
iching_relations.csv,to_id,raga_chandrakauns,repaired,raga:chandrakauns
iching_relations.csv,from_id,hexagram_47,repaired,hexagram:47
iching_relations.csv,to_id,raga_shankara,repaired,raga:shankara
iching_relations.csv,from_id,hexagram_48,repaired,hexagram:48
iching_relations.csv,to_id,raga_bhairavi,repaired,raga:bhairavi
iching_relations.csv,from_id,hexagram_48,repaired,hexagram:48
iching_relations.csv,to_id,raga_darbari,repaired,raga:darbari
iching_relations.csv,from_id,hexagram_48,repaired,hexagram:48
iching_relations.csv,to_id,raga_malkauns,repaired,raga:malkauns
iching_relations.csv,from_id,hexagram_48,repaired,hexagram:48
iching_relations.csv,to_id,raga_bageshri,repaired,raga:bageshri
iching_relations.csv,from_id,hexagram_48,repaired,hexagram:48
iching_relations.csv,to_id,raga_bihag,repaired,raga:bihag
iching_relations.csv,from_id,hexagram_48,repaired,hexagram:48
iching_relations.csv,to_id,raga_des,repaired,raga:des
iching_relations.csv,from_id,hexagram_48,repaired,hexagram:48
iching_relations.csv,to_id,raga_khamaj,repaired,raga:khamaj
iching_relations.csv,from_id,hexagram_48,repaired,hexagram:48
iching_relations.csv,to_id,raga_jaunpuri,repaired,raga:jaunpuri
iching_relations.csv,from_id,hexagram_48,repaired,hexagram:48
iching_relations.csv,to_id,raga_tilak_kamod,repaired,raga:tilak_kamod
iching_relations.csv,from_id,hexagram_48,repaired,hexagram:48
iching_relations.csv,to_id,raga_rageshri,repaired,raga:rageshri
iching_relations.csv,from_id,hexagram_48,repaired,hexagram:48
iching_relations.csv,to_id,raga_charukeshi,repaired,raga:charukeshi
iching_relations.csv,from_id,hexagram_48,repaired,hexagram:48
iching_relations.csv,to_id,raga_kirwani,repaired,raga:kirwani
iching_relations.csv,from_id,hexagram_48,repaired,hexagram:48
iching_relations.csv,to_id,raga_chandrakauns,repaired,raga:chandrakauns
iching_relations.csv,from_id,hexagram_48,repaired,hexagram:48
iching_relations.csv,to_id,raga_shankara,repaired,raga:shankara
iching_relations.csv,from_id,hexagram_49,repaired,hexagram:49
iching_relations.csv,to_id,raga_bhimpalasi,repaired,raga:bhimpalasi
iching_relations.csv,from_id,hexagram_49,repaired,hexagram:49
iching_relations.csv,to_id,raga_miyan_ki_malhar,repaired,raga:miyan_ki_malhar
iching_relations.csv,from_id,hexagram_49,repaired,hexagram:49
iching_relations.csv,to_id,raga_khamaj,repaired,raga:khamaj
iching_relations.csv,from_id,hexagram_49,repaired,hexagram:49
iching_relations.csv,to_id,raga_multani,repaired,raga:multani
iching_relations.csv,from_id,hexagram_49,repaired,hexagram:49
iching_relations.csv,to_id,raga_sarang,repaired,raga:sarang
iching_relations.csv,from_id,hexagram_50,repaired,hexagram:50
iching_relations.csv,to_id,raga_bhimpalasi,repaired,raga:bhimpalasi
iching_relations.csv,from_id,hexagram_50,repaired,hexagram:50
iching_relations.csv,to_id,raga_miyan_ki_malhar,repaired,raga:miyan_ki_malhar
iching_relations.csv,from_id,hexagram_50,repaired,hexagram:50
iching_relations.csv,to_id,raga_multani,repaired,raga:multani
iching_relations.csv,from_id,hexagram_50,repaired,hexagram:50
iching_relations.csv,to_id,raga_sarang,repaired,raga:sarang
iching_relations.csv,from_id,hexagram_51,repaired,hexagram:51
iching_relations.csv,to_id,raga_bhairava,repaired,raga:bhairava
iching_relations.csv,from_id,hexagram_51,repaired,hexagram:51
iching_relations.csv,to_id,raga_lalit,repaired,raga:lalit
iching_relations.csv,from_id,hexagram_51,repaired,hexagram:51
iching_relations.csv,to_id,raga_hindol,repaired,raga:hindol
iching_relations.csv,from_id,hexagram_51,repaired,hexagram:51
iching_relations.csv,to_id,raga_bairagi,repaired,raga:bairagi
iching_relations.csv,from_id,hexagram_51,repaired,hexagram:51
iching_relations.csv,to_id,raga_ahir_bhairav,repaired,raga:ahir_bhairav
iching_relations.csv,from_id,hexagram_52,repaired,hexagram:52
iching_relations.csv,to_id,raga_malkauns,repaired,raga:malkauns
iching_relations.csv,from_id,hexagram_53,repaired,hexagram:53
iching_relations.csv,to_id,raga_bhimpalasi,repaired,raga:bhimpalasi
iching_relations.csv,from_id,hexagram_53,repaired,hexagram:53
iching_relations.csv,to_id,raga_lalit,repaired,raga:lalit
iching_relations.csv,from_id,hexagram_53,repaired,hexagram:53
iching_relations.csv,to_id,raga_kedar,repaired,raga:kedar
iching_relations.csv,from_id,hexagram_53,repaired,hexagram:53
iching_relations.csv,to_id,raga_bihag,repaired,raga:bihag
iching_relations.csv,from_id,hexagram_53,repaired,hexagram:53
iching_relations.csv,to_id,raga_hindol,repaired,raga:hindol
iching_relations.csv,from_id,hexagram_53,repaired,hexagram:53
iching_relations.csv,to_id,raga_ahir_bhairav,repaired,raga:ahir_bhairav
iching_relations.csv,from_id,hexagram_53,repaired,hexagram:53
iching_relations.csv,to_id,raga_tilak_kamod,repaired,raga:tilak_kamod
iching_relations.csv,from_id,hexagram_53,repaired,hexagram:53
iching_relations.csv,to_id,raga_rageshri,repaired,raga:rageshri
iching_relations.csv,from_id,hexagram_54,repaired,hexagram:54
iching_relations.csv,to_id,raga_bhairava,repaired,raga:bhairava
iching_relations.csv,from_id,hexagram_54,repaired,hexagram:54
iching_relations.csv,to_id,raga_bhairavi,repaired,raga:bhairavi
iching_relations.csv,from_id,hexagram_54,repaired,hexagram:54
iching_relations.csv,to_id,raga_todi,repaired,raga:todi
iching_relations.csv,from_id,hexagram_54,repaired,hexagram:54
iching_relations.csv,to_id,raga_lalit,repaired,raga:lalit
iching_relations.csv,from_id,hexagram_54,repaired,hexagram:54
iching_relations.csv,to_id,raga_jaunpuri,repaired,raga:jaunpuri
iching_relations.csv,from_id,hexagram_54,repaired,hexagram:54
iching_relations.csv,to_id,raga_hindol,repaired,raga:hindol
iching_relations.csv,from_id,hexagram_54,repaired,hexagram:54
iching_relations.csv,to_id,raga_bairagi,repaired,raga:bairagi
iching_relations.csv,from_id,hexagram_54,repaired,hexagram:54
iching_relations.csv,to_id,raga_ahir_bhairav,repaired,raga:ahir_bhairav
iching_relations.csv,from_id,hexagram_54,repaired,hexagram:54
iching_relations.csv,to_id,raga_charukeshi,repaired,raga:charukeshi
iching_relations.csv,from_id,hexagram_54,repaired,hexagram:54
iching_relations.csv,to_id,raga_kirwani,repaired,raga:kirwani
iching_relations.csv,from_id,hexagram_55,repaired,hexagram:55
iching_relations.csv,to_id,raga_bhimpalasi,repaired,raga:bhimpalasi
iching_relations.csv,from_id,hexagram_55,repaired,hexagram:55
iching_relations.csv,to_id,raga_miyan_ki_malhar,repaired,raga:miyan_ki_malhar
iching_relations.csv,from_id,hexagram_55,repaired,hexagram:55
iching_relations.csv,to_id,raga_multani,repaired,raga:multani
iching_relations.csv,from_id,hexagram_55,repaired,hexagram:55
iching_relations.csv,to_id,raga_sarang,repaired,raga:sarang
iching_relations.csv,from_id,hexagram_56,repaired,hexagram:56
iching_relations.csv,to_id,raga_bhimpalasi,repaired,raga:bhimpalasi
iching_relations.csv,from_id,hexagram_56,repaired,hexagram:56
iching_relations.csv,to_id,raga_darbari,repaired,raga:darbari
iching_relations.csv,from_id,hexagram_56,repaired,hexagram:56
iching_relations.csv,to_id,raga_miyan_ki_malhar,repaired,raga:miyan_ki_malhar
iching_relations.csv,from_id,hexagram_56,repaired,hexagram:56
iching_relations.csv,to_id,raga_multani,repaired,raga:multani
iching_relations.csv,from_id,hexagram_56,repaired,hexagram:56
iching_relations.csv,to_id,raga_sarang,repaired,raga:sarang
iching_relations.csv,from_id,hexagram_57,repaired,hexagram:57
iching_relations.csv,to_id,raga_bhimpalasi,repaired,raga:bhimpalasi
iching_relations.csv,from_id,hexagram_57,repaired,hexagram:57
iching_relations.csv,to_id,raga_bihag,repaired,raga:bihag
iching_relations.csv,from_id,hexagram_57,repaired,hexagram:57
iching_relations.csv,to_id,raga_tilak_kamod,repaired,raga:tilak_kamod
iching_relations.csv,from_id,hexagram_57,repaired,hexagram:57
iching_relations.csv,to_id,raga_rageshri,repaired,raga:rageshri
iching_relations.csv,from_id,hexagram_58,repaired,hexagram:58
iching_relations.csv,to_id,raga_yaman,repaired,raga:yaman
iching_relations.csv,from_id,hexagram_58,repaired,hexagram:58
iching_relations.csv,to_id,raga_marwa,repaired,raga:marwa
iching_relations.csv,from_id,hexagram_58,repaired,hexagram:58
iching_relations.csv,to_id,raga_bageshri,repaired,raga:bageshri
iching_relations.csv,from_id,hexagram_58,repaired,hexagram:58
iching_relations.csv,to_id,raga_puriya,repaired,raga:puriya
iching_relations.csv,from_id,hexagram_58,repaired,hexagram:58
iching_relations.csv,to_id,raga_kedar,repaired,raga:kedar
iching_relations.csv,from_id,hexagram_58,repaired,hexagram:58
iching_relations.csv,to_id,raga_bihag,repaired,raga:bihag
iching_relations.csv,from_id,hexagram_58,repaired,hexagram:58
iching_relations.csv,to_id,raga_des,repaired,raga:des
iching_relations.csv,from_id,hexagram_58,repaired,hexagram:58
iching_relations.csv,to_id,raga_khamaj,repaired,raga:khamaj
iching_relations.csv,from_id,hexagram_58,repaired,hexagram:58
iching_relations.csv,to_id,raga_durga,repaired,raga:durga
iching_relations.csv,from_id,hexagram_58,repaired,hexagram:58
iching_relations.csv,to_id,raga_shree,repaired,raga:shree
iching_relations.csv,from_id,hexagram_58,repaired,hexagram:58
iching_relations.csv,to_id,raga_purvi,repaired,raga:purvi
iching_relations.csv,from_id,hexagram_58,repaired,hexagram:58
iching_relations.csv,to_id,raga_tilak_kamod,repaired,raga:tilak_kamod
iching_relations.csv,from_id,hexagram_58,repaired,hexagram:58
iching_relations.csv,to_id,raga_rageshri,repaired,raga:rageshri
iching_relations.csv,from_id,hexagram_58,repaired,hexagram:58
iching_relations.csv,to_id,raga_hansadhwani,repaired,raga:hansadhwani
iching_relations.csv,from_id,hexagram_58,repaired,hexagram:58
iching_relations.csv,to_id,raga_charukeshi,repaired,raga:charukeshi
iching_relations.csv,from_id,hexagram_58,repaired,hexagram:58
iching_relations.csv,to_id,raga_kirwani,repaired,raga:kirwani
iching_relations.csv,from_id,hexagram_58,repaired,hexagram:58
iching_relations.csv,to_id,raga_chandrakauns,repaired,raga:chandrakauns
iching_relations.csv,from_id,hexagram_59,repaired,hexagram:59
iching_relations.csv,to_id,raga_bhairavi,repaired,raga:bhairavi
iching_relations.csv,from_id,hexagram_59,repaired,hexagram:59
iching_relations.csv,to_id,raga_darbari,repaired,raga:darbari
iching_relations.csv,from_id,hexagram_59,repaired,hexagram:59
iching_relations.csv,to_id,raga_malkauns,repaired,raga:malkauns
iching_relations.csv,from_id,hexagram_59,repaired,hexagram:59
iching_relations.csv,to_id,raga_bageshri,repaired,raga:bageshri
iching_relations.csv,from_id,hexagram_59,repaired,hexagram:59
iching_relations.csv,to_id,raga_bihag,repaired,raga:bihag
iching_relations.csv,from_id,hexagram_59,repaired,hexagram:59
iching_relations.csv,to_id,raga_des,repaired,raga:des
iching_relations.csv,from_id,hexagram_59,repaired,hexagram:59
iching_relations.csv,to_id,raga_khamaj,repaired,raga:khamaj
iching_relations.csv,from_id,hexagram_59,repaired,hexagram:59
iching_relations.csv,to_id,raga_jaunpuri,repaired,raga:jaunpuri
iching_relations.csv,from_id,hexagram_59,repaired,hexagram:59
iching_relations.csv,to_id,raga_tilak_kamod,repaired,raga:tilak_kamod
iching_relations.csv,from_id,hexagram_59,repaired,hexagram:59
iching_relations.csv,to_id,raga_rageshri,repaired,raga:rageshri
iching_relations.csv,from_id,hexagram_59,repaired,hexagram:59
iching_relations.csv,to_id,raga_charukeshi,repaired,raga:charukeshi
iching_relations.csv,from_id,hexagram_59,repaired,hexagram:59
iching_relations.csv,to_id,raga_kirwani,repaired,raga:kirwani
iching_relations.csv,from_id,hexagram_59,repaired,hexagram:59
iching_relations.csv,to_id,raga_chandrakauns,repaired,raga:chandrakauns
iching_relations.csv,from_id,hexagram_59,repaired,hexagram:59
iching_relations.csv,to_id,raga_shankara,repaired,raga:shankara
iching_relations.csv,from_id,hexagram_60,repaired,hexagram:60
iching_relations.csv,to_id,raga_bhairavi,repaired,raga:bhairavi
iching_relations.csv,from_id,hexagram_60,repaired,hexagram:60
iching_relations.csv,to_id,raga_darbari,repaired,raga:darbari
iching_relations.csv,from_id,hexagram_60,repaired,hexagram:60
iching_relations.csv,to_id,raga_malkauns,repaired,raga:malkauns
iching_relations.csv,from_id,hexagram_60,repaired,hexagram:60
iching_relations.csv,to_id,raga_bageshri,repaired,raga:bageshri
iching_relations.csv,from_id,hexagram_60,repaired,hexagram:60
iching_relations.csv,to_id,raga_des,repaired,raga:des
iching_relations.csv,from_id,hexagram_60,repaired,hexagram:60
iching_relations.csv,to_id,raga_khamaj,repaired,raga:khamaj
iching_relations.csv,from_id,hexagram_60,repaired,hexagram:60
iching_relations.csv,to_id,raga_jaunpuri,repaired,raga:jaunpuri
iching_relations.csv,from_id,hexagram_60,repaired,hexagram:60
iching_relations.csv,to_id,raga_charukeshi,repaired,raga:charukeshi
iching_relations.csv,from_id,hexagram_60,repaired,hexagram:60
iching_relations.csv,to_id,raga_kirwani,repaired,raga:kirwani
iching_relations.csv,from_id,hexagram_60,repaired,hexagram:60
iching_relations.csv,to_id,raga_chandrakauns,repaired,raga:chandrakauns
iching_relations.csv,from_id,hexagram_60,repaired,hexagram:60
iching_relations.csv,to_id,raga_shankara,repaired,raga:shankara
iching_relations.csv,from_id,hexagram_61,repaired,hexagram:61
iching_relations.csv,to_id,raga_yaman,repaired,raga:yaman
iching_relations.csv,from_id,hexagram_61,repaired,hexagram:61
iching_relations.csv,to_id,raga_marwa,repaired,raga:marwa
iching_relations.csv,from_id,hexagram_61,repaired,hexagram:61
iching_relations.csv,to_id,raga_malkauns,repaired,raga:malkauns
iching_relations.csv,from_id,hexagram_61,repaired,hexagram:61
iching_relations.csv,to_id,raga_bageshri,repaired,raga:bageshri
iching_relations.csv,from_id,hexagram_61,repaired,hexagram:61
iching_relations.csv,to_id,raga_puriya,repaired,raga:puriya
iching_relations.csv,from_id,hexagram_61,repaired,hexagram:61
iching_relations.csv,to_id,raga_kedar,repaired,raga:kedar
iching_relations.csv,from_id,hexagram_61,repaired,hexagram:61
iching_relations.csv,to_id,raga_bihag,repaired,raga:bihag
iching_relations.csv,from_id,hexagram_61,repaired,hexagram:61
iching_relations.csv,to_id,raga_des,repaired,raga:des
iching_relations.csv,from_id,hexagram_61,repaired,hexagram:61
iching_relations.csv,to_id,raga_khamaj,repaired,raga:khamaj
iching_relations.csv,from_id,hexagram_61,repaired,hexagram:61
iching_relations.csv,to_id,raga_durga,repaired,raga:durga
iching_relations.csv,from_id,hexagram_61,repaired,hexagram:61
iching_relations.csv,to_id,raga_shree,repaired,raga:shree
iching_relations.csv,from_id,hexagram_61,repaired,hexagram:61
iching_relations.csv,to_id,raga_purvi,repaired,raga:purvi
iching_relations.csv,from_id,hexagram_61,repaired,hexagram:61
iching_relations.csv,to_id,raga_tilak_kamod,repaired,raga:tilak_kamod
iching_relations.csv,from_id,hexagram_61,repaired,hexagram:61
iching_relations.csv,to_id,raga_rageshri,repaired,raga:rageshri
iching_relations.csv,from_id,hexagram_61,repaired,hexagram:61
iching_relations.csv,to_id,raga_hansadhwani,repaired,raga:hansadhwani
iching_relations.csv,from_id,hexagram_61,repaired,hexagram:61
iching_relations.csv,to_id,raga_charukeshi,repaired,raga:charukeshi
iching_relations.csv,from_id,hexagram_61,repaired,hexagram:61
iching_relations.csv,to_id,raga_kirwani,repaired,raga:kirwani
iching_relations.csv,from_id,hexagram_61,repaired,hexagram:61
iching_relations.csv,to_id,raga_chandrakauns,repaired,raga:chandrakauns
iching_relations.csv,from_id,hexagram_62,repaired,hexagram:62
iching_relations.csv,to_id,raga_bhairava,repaired,raga:bhairava
iching_relations.csv,from_id,hexagram_62,repaired,hexagram:62
iching_relations.csv,to_id,raga_bhairavi,repaired,raga:bhairavi
iching_relations.csv,from_id,hexagram_62,repaired,hexagram:62
iching_relations.csv,to_id,raga_todi,repaired,raga:todi
iching_relations.csv,from_id,hexagram_62,repaired,hexagram:62
iching_relations.csv,to_id,raga_darbari,repaired,raga:darbari
iching_relations.csv,from_id,hexagram_62,repaired,hexagram:62
iching_relations.csv,to_id,raga_lalit,repaired,raga:lalit
iching_relations.csv,from_id,hexagram_62,repaired,hexagram:62
iching_relations.csv,to_id,raga_jaunpuri,repaired,raga:jaunpuri
iching_relations.csv,from_id,hexagram_62,repaired,hexagram:62
iching_relations.csv,to_id,raga_hindol,repaired,raga:hindol
iching_relations.csv,from_id,hexagram_62,repaired,hexagram:62
iching_relations.csv,to_id,raga_bairagi,repaired,raga:bairagi
iching_relations.csv,from_id,hexagram_62,repaired,hexagram:62
iching_relations.csv,to_id,raga_ahir_bhairav,repaired,raga:ahir_bhairav
iching_relations.csv,from_id,hexagram_63,repaired,hexagram:63
iching_relations.csv,to_id,raga_bhimpalasi,repaired,raga:bhimpalasi
iching_relations.csv,from_id,hexagram_63,repaired,hexagram:63
iching_relations.csv,to_id,raga_miyan_ki_malhar,repaired,raga:miyan_ki_malhar
iching_relations.csv,from_id,hexagram_63,repaired,hexagram:63
iching_relations.csv,to_id,raga_khamaj,repaired,raga:khamaj
iching_relations.csv,from_id,hexagram_63,repaired,hexagram:63
iching_relations.csv,to_id,raga_multani,repaired,raga:multani
iching_relations.csv,from_id,hexagram_63,repaired,hexagram:63
iching_relations.csv,to_id,raga_chandrakauns,repaired,raga:chandrakauns
iching_relations.csv,from_id,hexagram_63,repaired,hexagram:63
iching_relations.csv,to_id,raga_sarang,repaired,raga:sarang
iching_relations.csv,from_id,hexagram_64,repaired,hexagram:64
iching_relations.csv,to_id,raga_bhairavi,repaired,raga:bhairavi
iching_relations.csv,from_id,hexagram_64,repaired,hexagram:64
iching_relations.csv,to_id,raga_darbari,repaired,raga:darbari
iching_relations.csv,from_id,hexagram_64,repaired,hexagram:64
iching_relations.csv,to_id,raga_malkauns,repaired,raga:malkauns
iching_relations.csv,from_id,hexagram_64,repaired,hexagram:64
iching_relations.csv,to_id,raga_bageshri,repaired,raga:bageshri
iching_relations.csv,from_id,hexagram_64,repaired,hexagram:64
iching_relations.csv,to_id,raga_des,repaired,raga:des
iching_relations.csv,from_id,hexagram_64,repaired,hexagram:64
iching_relations.csv,to_id,raga_khamaj,repaired,raga:khamaj
iching_relations.csv,from_id,hexagram_64,repaired,hexagram:64
iching_relations.csv,to_id,raga_jaunpuri,repaired,raga:jaunpuri
iching_relations.csv,from_id,hexagram_64,repaired,hexagram:64
iching_relations.csv,to_id,raga_durga,repaired,raga:durga
iching_relations.csv,from_id,hexagram_64,repaired,hexagram:64
iching_relations.csv,to_id,raga_charukeshi,repaired,raga:charukeshi
iching_relations.csv,from_id,hexagram_64,repaired,hexagram:64
iching_relations.csv,to_id,raga_kirwani,repaired,raga:kirwani
iching_relations.csv,from_id,hexagram_64,repaired,hexagram:64
iching_relations.csv,to_id,raga_chandrakauns,repaired,raga:chandrakauns
iching_relations.csv,from_id,hexagram_64,repaired,hexagram:64
iching_relations.csv,to_id,raga_shankara,repaired,raga:shankara
ratna_relations.csv,to_id,ratna:cat's_eye,repaired,ratna:cat_s_eye
ratna_relations.csv,from_id,ratna:cat's_eye,repaired,ratna:cat_s_eye
relations_nakshatra_deity.csv,from_id,nakshatra:1,repaired,nakshatra:ashwini
relations_nakshatra_deity.csv,from_id,nakshatra:2,repaired,nakshatra:bharani
relations_nakshatra_deity.csv,from_id,nakshatra:3,repaired,nakshatra:krittika
relations_nakshatra_deity.csv,from_id,nakshatra:4,repaired,nakshatra:rohini
relations_nakshatra_deity.csv,from_id,nakshatra:5,repaired,nakshatra:mrigashira
relations_nakshatra_deity.csv,from_id,nakshatra:6,repaired,nakshatra:ardra
relations_nakshatra_deity.csv,from_id,nakshatra:7,repaired,nakshatra:punarvasu
relations_nakshatra_deity.csv,from_id,nakshatra:8,repaired,nakshatra:pushya
relations_nakshatra_deity.csv,from_id,nakshatra:9,repaired,nakshatra:ashlesha
relations_nakshatra_deity.csv,from_id,nakshatra:10,repaired,nakshatra:magha
relations_nakshatra_deity.csv,from_id,nakshatra:11,repaired,nakshatra:purva phalguni
relations_nakshatra_deity.csv,from_id,nakshatra:12,repaired,nakshatra:uttara phalguni
relations_nakshatra_deity.csv,from_id,nakshatra:13,repaired,nakshatra:hasta
relations_nakshatra_deity.csv,from_id,nakshatra:14,repaired,nakshatra:chitra
relations_nakshatra_deity.csv,from_id,nakshatra:15,repaired,nakshatra:swati
relations_nakshatra_deity.csv,from_id,nakshatra:16,repaired,nakshatra:vishakha
relations_nakshatra_deity.csv,from_id,nakshatra:17,repaired,nakshatra:anuradha
relations_nakshatra_deity.csv,from_id,nakshatra:18,repaired,nakshatra:jyeshtha
relations_nakshatra_deity.csv,from_id,nakshatra:19,repaired,nakshatra:mula
relations_nakshatra_deity.csv,from_id,nakshatra:20,repaired,nakshatra:purva ashadha
relations_nakshatra_deity.csv,from_id,nakshatra:21,repaired,nakshatra:uttara ashadha
relations_nakshatra_deity.csv,from_id,nakshatra:22,repaired,nakshatra:shravana
relations_nakshatra_deity.csv,from_id,nakshatra:23,repaired,nakshatra:dhanishta
relations_nakshatra_deity.csv,from_id,nakshatra:24,repaired,nakshatra:shatabhisha
relations_nakshatra_deity.csv,from_id,nakshatra:25,repaired,nakshatra:purva bhadrapada
relations_nakshatra_deity.csv,from_id,nakshatra:26,repaired,nakshatra:uttara bhadrapada
relations_nakshatra_deity.csv,from_id,nakshatra:27,repaired,nakshatra:revati
relations_nakshatra_graha.csv,from_id,nakshatra:1,repaired,nakshatra:ashwini
relations_nakshatra_graha.csv,from_id,nakshatra:2,repaired,nakshatra:bharani
relations_nakshatra_graha.csv,from_id,nakshatra:3,repaired,nakshatra:krittika
relations_nakshatra_graha.csv,from_id,nakshatra:4,repaired,nakshatra:rohini
relations_nakshatra_graha.csv,from_id,nakshatra:5,repaired,nakshatra:mrigashira
relations_nakshatra_graha.csv,from_id,nakshatra:6,repaired,nakshatra:ardra
relations_nakshatra_graha.csv,from_id,nakshatra:7,repaired,nakshatra:punarvasu
relations_nakshatra_graha.csv,from_id,nakshatra:8,repaired,nakshatra:pushya
relations_nakshatra_graha.csv,from_id,nakshatra:9,repaired,nakshatra:ashlesha
relations_nakshatra_graha.csv,from_id,nakshatra:10,repaired,nakshatra:magha
relations_nakshatra_graha.csv,from_id,nakshatra:11,repaired,nakshatra:purva phalguni
relations_nakshatra_graha.csv,from_id,nakshatra:12,repaired,nakshatra:uttara phalguni
relations_nakshatra_graha.csv,from_id,nakshatra:13,repaired,nakshatra:hasta
relations_nakshatra_graha.csv,from_id,nakshatra:14,repaired,nakshatra:chitra
relations_nakshatra_graha.csv,from_id,nakshatra:15,repaired,nakshatra:swati
relations_nakshatra_graha.csv,from_id,nakshatra:16,repaired,nakshatra:vishakha
relations_nakshatra_graha.csv,from_id,nakshatra:17,repaired,nakshatra:anuradha
relations_nakshatra_graha.csv,from_id,nakshatra:18,repaired,nakshatra:jyeshtha
relations_nakshatra_graha.csv,from_id,nakshatra:19,repaired,nakshatra:mula
relations_nakshatra_graha.csv,from_id,nakshatra:20,repaired,nakshatra:purva ashadha
relations_nakshatra_graha.csv,from_id,nakshatra:21,repaired,nakshatra:uttara ashadha
relations_nakshatra_graha.csv,from_id,nakshatra:22,repaired,nakshatra:shravana
relations_nakshatra_graha.csv,from_id,nakshatra:23,repaired,nakshatra:dhanishta
relations_nakshatra_graha.csv,from_id,nakshatra:24,repaired,nakshatra:shatabhisha
relations_nakshatra_graha.csv,from_id,nakshatra:25,repaired,nakshatra:purva bhadrapada
relations_nakshatra_graha.csv,from_id,nakshatra:26,repaired,nakshatra:uttara bhadrapada
relations_nakshatra_graha.csv,from_id,nakshatra:27,repaired,nakshatra:revati
relations_nakshatra_plants.csv,from_id,nakshatra:Ashwini,repaired,nakshatra:ashwini
relations_nakshatra_plants.csv,to_id,plant:Ashvagandha,repaired,plant:ashvagandha
relations_nakshatra_plants.csv,from_id,plant:Ashvagandha,repaired,plant:ashvagandha
relations_nakshatra_plants.csv,to_id,nakshatra:Ashwini,repaired,nakshatra:ashwini
relations_nakshatra_plants.csv,from_id,plant:Ashvagandha,repaired,plant:ashvagandha
relations_nakshatra_plants.csv,to_id,ayurveda:Vata,repaired,dosha:vata
relations_nakshatra_plants.csv,from_id,plant:Ashvagandha,repaired,plant:ashvagandha
relations_nakshatra_plants.csv,to_id,element:Fire,repaired,element:fire
relations_nakshatra_plants.csv,from_id,plant:Ashvagandha,repaired,plant:ashvagandha
relations_nakshatra_plants.csv,from_id,nakshatra:Bharani,repaired,nakshatra:bharani
relations_nakshatra_plants.csv,to_id,plant:Amalaki,repaired,plant:amalaki
relations_nakshatra_plants.csv,from_id,plant:Amalaki,repaired,plant:amalaki
relations_nakshatra_plants.csv,to_id,nakshatra:Bharani,repaired,nakshatra:bharani
relations_nakshatra_plants.csv,from_id,plant:Amalaki,repaired,plant:amalaki
relations_nakshatra_plants.csv,to_id,ayurveda:Pitta,repaired,dosha:pitta
relations_nakshatra_plants.csv,from_id,plant:Amalaki,repaired,plant:amalaki
relations_nakshatra_plants.csv,to_id,element:Earth,repaired,element:earth
relations_nakshatra_plants.csv,from_id,plant:Amalaki,repaired,plant:amalaki
relations_nakshatra_plants.csv,from_id,nakshatra:Krittika,repaired,nakshatra:krittika
relations_nakshatra_plants.csv,to_id,plant:Udumbara,repaired,plant:udumbara
relations_nakshatra_plants.csv,from_id,plant:Udumbara,repaired,plant:udumbara
relations_nakshatra_plants.csv,to_id,nakshatra:Krittika,repaired,nakshatra:krittika
relations_nakshatra_plants.csv,from_id,plant:Udumbara,repaired,plant:udumbara
relations_nakshatra_plants.csv,to_id,ayurveda:Pitta,repaired,dosha:pitta
relations_nakshatra_plants.csv,from_id,plant:Udumbara,repaired,plant:udumbara
relations_nakshatra_plants.csv,to_id,element:Fire,repaired,element:fire
relations_nakshatra_plants.csv,from_id,plant:Udumbara,repaired,plant:udumbara
relations_nakshatra_plants.csv,from_id,nakshatra:Rohini,repaired,nakshatra:rohini
relations_nakshatra_plants.csv,to_id,plant:Mallika,repaired,plant:mallika
relations_nakshatra_plants.csv,from_id,plant:Mallika,repaired,plant:mallika
relations_nakshatra_plants.csv,to_id,nakshatra:Rohini,repaired,nakshatra:rohini
relations_nakshatra_plants.csv,from_id,plant:Mallika,repaired,plant:mallika
relations_nakshatra_plants.csv,to_id,ayurveda:Kapha,repaired,dosha:kapha
relations_nakshatra_plants.csv,from_id,plant:Mallika,repaired,plant:mallika
relations_nakshatra_plants.csv,to_id,element:Earth,repaired,element:earth
relations_nakshatra_plants.csv,from_id,plant:Mallika,repaired,plant:mallika
relations_nakshatra_plants.csv,from_id,nakshatra:Mrigashira,repaired,nakshatra:mrigashira
relations_nakshatra_plants.csv,to_id,plant:Khadira,repaired,plant:khadira
relations_nakshatra_plants.csv,from_id,plant:Khadira,repaired,plant:khadira
relations_nakshatra_plants.csv,to_id,nakshatra:Mrigashira,repaired,nakshatra:mrigashira
relations_nakshatra_plants.csv,from_id,plant:Khadira,repaired,plant:khadira
relations_nakshatra_plants.csv,to_id,ayurveda:Vata,repaired,dosha:vata
relations_nakshatra_plants.csv,from_id,plant:Khadira,repaired,plant:khadira
relations_nakshatra_plants.csv,to_id,element:Earth,repaired,element:earth
relations_nakshatra_plants.csv,from_id,plant:Khadira,repaired,plant:khadira
relations_nakshatra_plants.csv,from_id,nakshatra:Ardra,repaired,nakshatra:ardra
relations_nakshatra_plants.csv,to_id,plant:Agaru,repaired,plant:agaru
relations_nakshatra_plants.csv,from_id,plant:Agaru,repaired,plant:agaru
relations_nakshatra_plants.csv,to_id,nakshatra:Ardra,repaired,nakshatra:ardra
relations_nakshatra_plants.csv,from_id,plant:Agaru,repaired,plant:agaru
relations_nakshatra_plants.csv,to_id,ayurveda:Vata,repaired,dosha:vata
relations_nakshatra_plants.csv,from_id,plant:Agaru,repaired,plant:agaru
relations_nakshatra_plants.csv,to_id,element:Water,repaired,element:water
relations_nakshatra_plants.csv,from_id,plant:Agaru,repaired,plant:agaru
relations_nakshatra_plants.csv,from_id,nakshatra:Punarvasu,repaired,nakshatra:punarvasu
relations_nakshatra_plants.csv,to_id,plant:Vamsha,repaired,plant:vamsha
relations_nakshatra_plants.csv,from_id,plant:Vamsha,repaired,plant:vamsha
relations_nakshatra_plants.csv,to_id,nakshatra:Punarvasu,repaired,nakshatra:punarvasu
relations_nakshatra_plants.csv,from_id,plant:Vamsha,repaired,plant:vamsha
relations_nakshatra_plants.csv,to_id,ayurveda:Vata,repaired,dosha:vata
relations_nakshatra_plants.csv,from_id,plant:Vamsha,repaired,plant:vamsha
relations_nakshatra_plants.csv,to_id,element:Air,repaired,element:air
relations_nakshatra_plants.csv,from_id,plant:Vamsha,repaired,plant:vamsha
relations_nakshatra_plants.csv,from_id,nakshatra:Pushya,repaired,nakshatra:pushya
relations_nakshatra_plants.csv,to_id,plant:Ashvattha,repaired,plant:ashvattha
relations_nakshatra_plants.csv,from_id,plant:Ashvattha,repaired,plant:ashvattha
relations_nakshatra_plants.csv,to_id,nakshatra:Pushya,repaired,nakshatra:pushya
relations_nakshatra_plants.csv,from_id,plant:Ashvattha,repaired,plant:ashvattha
relations_nakshatra_plants.csv,to_id,ayurveda:Kapha,repaired,dosha:kapha
relations_nakshatra_plants.csv,from_id,plant:Ashvattha,repaired,plant:ashvattha
relations_nakshatra_plants.csv,to_id,element:Water,repaired,element:water
relations_nakshatra_plants.csv,from_id,plant:Ashvattha,repaired,plant:ashvattha
relations_nakshatra_plants.csv,from_id,nakshatra:Ashlesha,repaired,nakshatra:ashlesha
relations_nakshatra_plants.csv,to_id,plant:Nagakesara,repaired,plant:nagakesara
relations_nakshatra_plants.csv,from_id,plant:Nagakesara,repaired,plant:nagakesara
relations_nakshatra_plants.csv,to_id,nakshatra:Ashlesha,repaired,nakshatra:ashlesha
relations_nakshatra_plants.csv,from_id,plant:Nagakesara,repaired,plant:nagakesara
relations_nakshatra_plants.csv,to_id,ayurveda:Pitta,repaired,dosha:pitta
relations_nakshatra_plants.csv,from_id,plant:Nagakesara,repaired,plant:nagakesara
relations_nakshatra_plants.csv,to_id,element:Water,repaired,element:water
relations_nakshatra_plants.csv,from_id,plant:Nagakesara,repaired,plant:nagakesara
relations_nakshatra_plants.csv,from_id,nakshatra:Magha,repaired,nakshatra:magha
relations_nakshatra_plants.csv,to_id,plant:Vata,repaired,plant:vata
relations_nakshatra_plants.csv,from_id,plant:Vata,repaired,plant:vata
relations_nakshatra_plants.csv,to_id,nakshatra:Magha,repaired,nakshatra:magha
relations_nakshatra_plants.csv,from_id,plant:Vata,repaired,plant:vata
relations_nakshatra_plants.csv,to_id,ayurveda:Vata,repaired,dosha:vata
relations_nakshatra_plants.csv,from_id,plant:Vata,repaired,plant:vata
relations_nakshatra_plants.csv,to_id,element:Fire,repaired,element:fire
relations_nakshatra_plants.csv,from_id,plant:Vata,repaired,plant:vata
relations_nakshatra_plants.csv,from_id,nakshatra:Purva Phalguni,repaired,nakshatra:purva phalguni
relations_nakshatra_plants.csv,to_id,plant:Palasha,repaired,plant:palasha
relations_nakshatra_plants.csv,from_id,plant:Palasha,repaired,plant:palasha
relations_nakshatra_plants.csv,to_id,nakshatra:Purva Phalguni,repaired,nakshatra:purva phalguni
relations_nakshatra_plants.csv,from_id,plant:Palasha,repaired,plant:palasha
relations_nakshatra_plants.csv,to_id,ayurveda:Pitta,repaired,dosha:pitta
relations_nakshatra_plants.csv,from_id,plant:Palasha,repaired,plant:palasha
relations_nakshatra_plants.csv,to_id,element:Earth,repaired,element:earth
relations_nakshatra_plants.csv,from_id,plant:Palasha,repaired,plant:palasha
relations_nakshatra_plants.csv,from_id,nakshatra:Uttara Phalguni,repaired,nakshatra:uttara phalguni
relations_nakshatra_plants.csv,to_id,plant:Rudraksha,repaired,plant:rudraksha
relations_nakshatra_plants.csv,from_id,plant:Rudraksha,repaired,plant:rudraksha
relations_nakshatra_plants.csv,to_id,nakshatra:Uttara Phalguni,repaired,nakshatra:uttara phalguni
relations_nakshatra_plants.csv,from_id,plant:Rudraksha,repaired,plant:rudraksha
relations_nakshatra_plants.csv,to_id,ayurveda:Vata,repaired,dosha:vata
relations_nakshatra_plants.csv,from_id,plant:Rudraksha,repaired,plant:rudraksha
relations_nakshatra_plants.csv,to_id,element:Earth,repaired,element:earth
relations_nakshatra_plants.csv,from_id,plant:Rudraksha,repaired,plant:rudraksha
relations_nakshatra_plants.csv,from_id,nakshatra:Hasta,repaired,nakshatra:hasta
relations_nakshatra_plants.csv,to_id,plant:Arishta,repaired,plant:arishta
relations_nakshatra_plants.csv,from_id,plant:Arishta,repaired,plant:arishta
relations_nakshatra_plants.csv,to_id,nakshatra:Hasta,repaired,nakshatra:hasta
relations_nakshatra_plants.csv,from_id,plant:Arishta,repaired,plant:arishta
relations_nakshatra_plants.csv,to_id,ayurveda:Kapha,repaired,dosha:kapha
relations_nakshatra_plants.csv,from_id,plant:Arishta,repaired,plant:arishta
relations_nakshatra_plants.csv,to_id,element:Air,repaired,element:air
relations_nakshatra_plants.csv,from_id,plant:Arishta,repaired,plant:arishta
relations_nakshatra_plants.csv,from_id,nakshatra:Chitra,repaired,nakshatra:chitra
relations_nakshatra_plants.csv,to_id,plant:Bilva,repaired,plant:bilva
relations_nakshatra_plants.csv,from_id,plant:Bilva,repaired,plant:bilva
relations_nakshatra_plants.csv,to_id,nakshatra:Chitra,repaired,nakshatra:chitra
relations_nakshatra_plants.csv,from_id,plant:Bilva,repaired,plant:bilva
relations_nakshatra_plants.csv,to_id,ayurveda:Vata,repaired,dosha:vata
relations_nakshatra_plants.csv,from_id,plant:Bilva,repaired,plant:bilva
relations_nakshatra_plants.csv,to_id,element:Fire,repaired,element:fire
relations_nakshatra_plants.csv,from_id,plant:Bilva,repaired,plant:bilva
relations_nakshatra_plants.csv,from_id,nakshatra:Swati,repaired,nakshatra:swati
relations_nakshatra_plants.csv,to_id,plant:Arjuna,repaired,plant:arjuna
relations_nakshatra_plants.csv,from_id,plant:Arjuna,repaired,plant:arjuna
relations_nakshatra_plants.csv,to_id,nakshatra:Swati,repaired,nakshatra:swati
relations_nakshatra_plants.csv,from_id,plant:Arjuna,repaired,plant:arjuna
relations_nakshatra_plants.csv,to_id,ayurveda:Pitta,repaired,dosha:pitta
relations_nakshatra_plants.csv,from_id,plant:Arjuna,repaired,plant:arjuna
relations_nakshatra_plants.csv,to_id,element:Air,repaired,element:air
relations_nakshatra_plants.csv,from_id,plant:Arjuna,repaired,plant:arjuna
relations_nakshatra_plants.csv,from_id,nakshatra:Vishakha,repaired,nakshatra:vishakha
relations_nakshatra_plants.csv,to_id,plant:Kapittha,repaired,plant:kapittha
relations_nakshatra_plants.csv,from_id,plant:Kapittha,repaired,plant:kapittha
relations_nakshatra_plants.csv,to_id,nakshatra:Vishakha,repaired,nakshatra:vishakha
relations_nakshatra_plants.csv,from_id,plant:Kapittha,repaired,plant:kapittha
relations_nakshatra_plants.csv,to_id,ayurveda:Kapha,repaired,dosha:kapha
relations_nakshatra_plants.csv,from_id,plant:Kapittha,repaired,plant:kapittha
relations_nakshatra_plants.csv,to_id,element:Fire,repaired,element:fire
relations_nakshatra_plants.csv,from_id,plant:Kapittha,repaired,plant:kapittha
relations_nakshatra_plants.csv,from_id,nakshatra:Anuradha,repaired,nakshatra:anuradha
relations_nakshatra_plants.csv,to_id,plant:Tulasi,repaired,plant:tulasi
relations_nakshatra_plants.csv,from_id,plant:Tulasi,repaired,plant:tulasi
relations_nakshatra_plants.csv,to_id,nakshatra:Anuradha,repaired,nakshatra:anuradha
relations_nakshatra_plants.csv,from_id,plant:Tulasi,repaired,plant:tulasi
relations_nakshatra_plants.csv,to_id,ayurveda:Kapha,repaired,dosha:kapha
relations_nakshatra_plants.csv,from_id,plant:Tulasi,repaired,plant:tulasi
relations_nakshatra_plants.csv,to_id,element:Water,repaired,element:water
relations_nakshatra_plants.csv,from_id,plant:Tulasi,repaired,plant:tulasi
relations_nakshatra_plants.csv,from_id,nakshatra:Jyeshtha,repaired,nakshatra:jyeshtha
relations_nakshatra_plants.csv,to_id,plant:Shalmali,repaired,plant:shalmali
relations_nakshatra_plants.csv,from_id,plant:Shalmali,repaired,plant:shalmali
relations_nakshatra_plants.csv,to_id,nakshatra:Jyeshtha,repaired,nakshatra:jyeshtha
relations_nakshatra_plants.csv,from_id,plant:Shalmali,repaired,plant:shalmali
relations_nakshatra_plants.csv,to_id,ayurveda:Pitta,repaired,dosha:pitta
relations_nakshatra_plants.csv,from_id,plant:Shalmali,repaired,plant:shalmali
relations_nakshatra_plants.csv,to_id,element:Fire,repaired,element:fire
relations_nakshatra_plants.csv,from_id,plant:Shalmali,repaired,plant:shalmali
relations_nakshatra_plants.csv,from_id,nakshatra:Mula,repaired,nakshatra:mula
relations_nakshatra_plants.csv,to_id,plant:Shala,repaired,plant:shala
relations_nakshatra_plants.csv,from_id,plant:Shala,repaired,plant:shala
relations_nakshatra_plants.csv,to_id,nakshatra:Mula,repaired,nakshatra:mula
relations_nakshatra_plants.csv,from_id,plant:Shala,repaired,plant:shala
relations_nakshatra_plants.csv,to_id,ayurveda:Vata,repaired,dosha:vata
relations_nakshatra_plants.csv,from_id,plant:Shala,repaired,plant:shala
relations_nakshatra_plants.csv,to_id,element:Fire,repaired,element:fire
relations_nakshatra_plants.csv,from_id,plant:Shala,repaired,plant:shala
relations_nakshatra_plants.csv,from_id,nakshatra:Purvashadha,repaired,nakshatra:purvashadha
relations_nakshatra_plants.csv,to_id,plant:Kamala,repaired,plant:kamala
relations_nakshatra_plants.csv,from_id,plant:Kamala,repaired,plant:kamala
relations_nakshatra_plants.csv,to_id,nakshatra:Purvashadha,repaired,nakshatra:purvashadha
relations_nakshatra_plants.csv,from_id,plant:Kamala,repaired,plant:kamala
relations_nakshatra_plants.csv,to_id,ayurveda:Pitta,repaired,dosha:pitta
relations_nakshatra_plants.csv,from_id,plant:Kamala,repaired,plant:kamala
relations_nakshatra_plants.csv,to_id,element:Water,repaired,element:water
relations_nakshatra_plants.csv,from_id,plant:Kamala,repaired,plant:kamala
relations_nakshatra_plants.csv,from_id,nakshatra:Uttarashadha,repaired,nakshatra:uttarashadha
relations_nakshatra_plants.csv,to_id,plant:Panasa,repaired,plant:panasa
relations_nakshatra_plants.csv,from_id,plant:Panasa,repaired,plant:panasa
relations_nakshatra_plants.csv,to_id,nakshatra:Uttarashadha,repaired,nakshatra:uttarashadha
relations_nakshatra_plants.csv,from_id,plant:Panasa,repaired,plant:panasa
relations_nakshatra_plants.csv,to_id,ayurveda:Kapha,repaired,dosha:kapha
relations_nakshatra_plants.csv,from_id,plant:Panasa,repaired,plant:panasa
relations_nakshatra_plants.csv,to_id,element:Earth,repaired,element:earth
relations_nakshatra_plants.csv,from_id,plant:Panasa,repaired,plant:panasa
relations_nakshatra_plants.csv,from_id,nakshatra:Shravana,repaired,nakshatra:shravana
relations_nakshatra_plants.csv,to_id,plant:Arka,repaired,plant:arka
relations_nakshatra_plants.csv,from_id,plant:Arka,repaired,plant:arka
relations_nakshatra_plants.csv,to_id,nakshatra:Shravana,repaired,nakshatra:shravana
relations_nakshatra_plants.csv,from_id,plant:Arka,repaired,plant:arka
relations_nakshatra_plants.csv,to_id,ayurveda:Vata,repaired,dosha:vata
relations_nakshatra_plants.csv,from_id,plant:Arka,repaired,plant:arka
relations_nakshatra_plants.csv,to_id,element:Water,repaired,element:water
relations_nakshatra_plants.csv,from_id,plant:Arka,repaired,plant:arka
relations_nakshatra_plants.csv,from_id,nakshatra:Dhanishtha,repaired,nakshatra:dhanishtha
relations_nakshatra_plants.csv,to_id,plant:Shami,repaired,plant:shami
relations_nakshatra_plants.csv,from_id,plant:Shami,repaired,plant:shami
relations_nakshatra_plants.csv,to_id,nakshatra:Dhanishtha,repaired,nakshatra:dhanishtha
relations_nakshatra_plants.csv,from_id,plant:Shami,repaired,plant:shami
relations_nakshatra_plants.csv,to_id,ayurveda:Vata,repaired,dosha:vata
relations_nakshatra_plants.csv,from_id,plant:Shami,repaired,plant:shami
relations_nakshatra_plants.csv,to_id,element:Air,repaired,element:air
relations_nakshatra_plants.csv,from_id,plant:Shami,repaired,plant:shami
relations_nakshatra_plants.csv,from_id,nakshatra:Shatabhisha,repaired,nakshatra:shatabhisha
relations_nakshatra_plants.csv,to_id,plant:Kadamba,repaired,plant:kadamba
relations_nakshatra_plants.csv,from_id,plant:Kadamba,repaired,plant:kadamba
relations_nakshatra_plants.csv,to_id,nakshatra:Shatabhisha,repaired,nakshatra:shatabhisha
relations_nakshatra_plants.csv,from_id,plant:Kadamba,repaired,plant:kadamba
relations_nakshatra_plants.csv,to_id,ayurveda:Kapha,repaired,dosha:kapha
relations_nakshatra_plants.csv,from_id,plant:Kadamba,repaired,plant:kadamba
relations_nakshatra_plants.csv,to_id,element:Air,repaired,element:air
relations_nakshatra_plants.csv,from_id,plant:Kadamba,repaired,plant:kadamba
relations_nakshatra_plants.csv,from_id,nakshatra:Purva Bhadrapada,repaired,nakshatra:purva bhadrapada
relations_nakshatra_plants.csv,to_id,plant:Amra,repaired,plant:amra
relations_nakshatra_plants.csv,from_id,plant:Amra,repaired,plant:amra
relations_nakshatra_plants.csv,to_id,nakshatra:Purva Bhadrapada,repaired,nakshatra:purva bhadrapada
relations_nakshatra_plants.csv,from_id,plant:Amra,repaired,plant:amra
relations_nakshatra_plants.csv,to_id,ayurveda:Pitta,repaired,dosha:pitta
relations_nakshatra_plants.csv,from_id,plant:Amra,repaired,plant:amra
relations_nakshatra_plants.csv,to_id,element:Fire,repaired,element:fire
relations_nakshatra_plants.csv,from_id,plant:Amra,repaired,plant:amra
relations_nakshatra_plants.csv,from_id,nakshatra:Uttara Bhadrapada,repaired,nakshatra:uttara bhadrapada
relations_nakshatra_plants.csv,to_id,plant:Nimba,repaired,plant:nimba
relations_nakshatra_plants.csv,from_id,plant:Nimba,repaired,plant:nimba
relations_nakshatra_plants.csv,to_id,nakshatra:Uttara Bhadrapada,repaired,nakshatra:uttara bhadrapada
relations_nakshatra_plants.csv,from_id,plant:Nimba,repaired,plant:nimba
relations_nakshatra_plants.csv,to_id,ayurveda:Pitta,repaired,dosha:pitta
relations_nakshatra_plants.csv,from_id,plant:Nimba,repaired,plant:nimba
relations_nakshatra_plants.csv,to_id,element:Water,repaired,element:water
relations_nakshatra_plants.csv,from_id,plant:Nimba,repaired,plant:nimba
relations_nakshatra_plants.csv,from_id,nakshatra:Revati,repaired,nakshatra:revati
relations_nakshatra_plants.csv,to_id,plant:Madhu,repaired,plant:madhu
relations_nakshatra_plants.csv,from_id,plant:Madhu,repaired,plant:madhu
relations_nakshatra_plants.csv,to_id,nakshatra:Revati,repaired,nakshatra:revati
relations_nakshatra_plants.csv,from_id,plant:Madhu,repaired,plant:madhu
relations_nakshatra_plants.csv,to_id,ayurveda:Kapha,repaired,dosha:kapha
relations_nakshatra_plants.csv,from_id,plant:Madhu,repaired,plant:madhu
relations_nakshatra_plants.csv,to_id,element:Water,repaired,element:water
relations_nakshatra_plants.csv,from_id,plant:Madhu,repaired,plant:madhu
relations_resolved_overlays.csv,from_id,nakshatra:1,repaired,nakshatra:ashwini
relations_resolved_overlays.csv,from_id,nakshatra:10,repaired,nakshatra:magha
relations_resolved_overlays.csv,from_id,nakshatra:14,repaired,nakshatra:chitra
relations_resolved_overlays.csv,from_id,nakshatra:16,repaired,nakshatra:vishakha
relations_resolved_overlays.csv,from_id,nakshatra:17,repaired,nakshatra:anuradha
relations_resolved_overlays.csv,from_id,nakshatra:21,repaired,nakshatra:uttara ashadha
relations_resolved_overlays.csv,from_id,nakshatra:25,repaired,nakshatra:purva bhadrapada
relations_resolved_overlays.csv,from_id,nakshatra:27,repaired,nakshatra:revati
relations_resolved_overlays.csv,from_id,nakshatra:1,repaired,nakshatra:ashwini
relations_resolved_overlays.csv,from_id,nakshatra:2,repaired,nakshatra:bharani
relations_resolved_overlays.csv,from_id,nakshatra:3,repaired,nakshatra:krittika
relations_resolved_overlays.csv,from_id,nakshatra:4,repaired,nakshatra:rohini
relations_resolved_overlays.csv,from_id,nakshatra:5,repaired,nakshatra:mrigashira
relations_resolved_overlays.csv,from_id,nakshatra:6,repaired,nakshatra:ardra
relations_resolved_overlays.csv,from_id,nakshatra:7,repaired,nakshatra:punarvasu
relations_resolved_overlays.csv,from_id,nakshatra:8,repaired,nakshatra:pushya
relations_resolved_overlays.csv,from_id,nakshatra:9,repaired,nakshatra:ashlesha
relations_resolved_overlays.csv,from_id,nakshatra:10,repaired,nakshatra:magha
relations_resolved_overlays.csv,from_id,nakshatra:11,repaired,nakshatra:purva phalguni
relations_resolved_overlays.csv,from_id,nakshatra:12,repaired,nakshatra:uttara phalguni
relations_resolved_overlays.csv,from_id,nakshatra:13,repaired,nakshatra:hasta
relations_resolved_overlays.csv,from_id,nakshatra:14,repaired,nakshatra:chitra
relations_resolved_overlays.csv,from_id,nakshatra:15,repaired,nakshatra:swati
relations_resolved_overlays.csv,from_id,nakshatra:16,repaired,nakshatra:vishakha
relations_resolved_overlays.csv,from_id,nakshatra:17,repaired,nakshatra:anuradha
relations_resolved_overlays.csv,from_id,nakshatra:18,repaired,nakshatra:jyeshtha
relations_resolved_overlays.csv,from_id,nakshatra:19,repaired,nakshatra:mula
relations_resolved_overlays.csv,from_id,nakshatra:20,repaired,nakshatra:purva ashadha
relations_resolved_overlays.csv,from_id,nakshatra:21,repaired,nakshatra:uttara ashadha
relations_resolved_overlays.csv,from_id,nakshatra:22,repaired,nakshatra:shravana
relations_resolved_overlays.csv,from_id,nakshatra:23,repaired,nakshatra:dhanishta
relations_resolved_overlays.csv,from_id,nakshatra:24,repaired,nakshatra:shatabhisha
relations_resolved_overlays.csv,from_id,nakshatra:25,repaired,nakshatra:purva bhadrapada
relations_resolved_overlays.csv,from_id,nakshatra:26,repaired,nakshatra:uttara bhadrapada
relations_resolved_overlays.csv,from_id,nakshatra:27,repaired,nakshatra:revati
relations_resolved_overlays.csv,to_id,tithi:Ekadashi,repaired,tithi:ekadashi
relations_resolved_overlays.csv,to_id,tithi:Dvadashi,repaired,tithi:dvadashi
relations_resolved_overlays.csv,to_id,tithi:Trayodashi,repaired,tithi:trayodashi
relations_resolved_overlays.csv,to_id,tithi:Ekadashi,repaired,tithi:ekadashi
relations_resolved_overlays.csv,to_id,tithi:Dvadashi,repaired,tithi:dvadashi
relations_resolved_overlays.csv,to_id,tithi:Trayodashi,repaired,tithi:trayodashi
relations_resolved_overlays.csv,to_id,tithi:Navami,repaired,tithi:navami
relations_resolved_overlays.csv,from_id,nakshatra:18,repaired,nakshatra:jyeshtha
relations_resolved_overlays.csv,from_id,nakshatra:19,repaired,nakshatra:mula
relations_ritual_calendar.csv,to_id,tithi:Ekadashi,repaired,tithi:ekadashi
relations_ritual_calendar.csv,to_id,tithi:Dvadashi,repaired,tithi:dvadashi
relations_ritual_calendar.csv,to_id,tithi:Trayodashi,repaired,tithi:trayodashi
relations_ritual_calendar.csv,to_id,tithi:Ekadashi,repaired,tithi:ekadashi
relations_ritual_calendar.csv,to_id,tithi:Dvadashi,repaired,tithi:dvadashi
relations_ritual_calendar.csv,to_id,tithi:Trayodashi,repaired,tithi:trayodashi
relations_ritual_calendar.csv,to_id,tithi:Navami,repaired,tithi:navami
relations_ritual_calendar.csv,to_id,tithi:Ekadashi,repaired,tithi:ekadashi
relations_ritual_calendar.csv,to_id,tithi:Dvadashi,repaired,tithi:dvadashi
relations_ritual_calendar.csv,to_id,tithi:Trayodashi,repaired,tithi:trayodashi
s0_roots.csv,from_id,nakshatra_ashwini,repaired,nakshatra:ashwini
s0_roots.csv,to_id,tattva_bhakti,repaired,tattva:bhakti
s0_roots.csv,from_id,nakshatra_bharani,repaired,nakshatra:bharani
s0_roots.csv,to_id,tattva_kala,repaired,tattva:kala
s0_roots.csv,from_id,nakshatra_krittika,repaired,nakshatra:krittika
s0_roots.csv,to_id,tattva_shakti_parinam,repaired,tattva:shakti_parinam
s0_roots.csv,from_id,nakshatra_rohini,repaired,nakshatra:rohini
s0_roots.csv,to_id,tattva_lila,repaired,tattva:lila
s0_roots.csv,from_id,nakshatra_mrigashira,repaired,nakshatra:mrigashira
s0_roots.csv,to_id,tattva_prayojana,repaired,tattva:prayojana
s0_roots.csv,from_id,nakshatra_ardra,repaired,nakshatra:ardra
s0_roots.csv,to_id,tattva_maya,repaired,tattva:maya
s0_roots.csv,from_id,nakshatra_punarvasu,repaired,nakshatra:punarvasu
s0_roots.csv,to_id,tattva_abhidheya,repaired,tattva:abhidheya
s0_roots.csv,from_id,nakshatra_pushya,repaired,nakshatra:pushya
s0_roots.csv,to_id,tattva_guru,repaired,tattva:guru
s0_roots.csv,from_id,nakshatra_ashlesha,repaired,nakshatra:ashlesha
s0_roots.csv,to_id,tattva_maya,repaired,tattva:maya
s0_roots.csv,from_id,nakshatra_magha,repaired,nakshatra:magha
s0_roots.csv,to_id,tattva_sambandha,repaired,tattva:sambandha
s0_roots.csv,from_id,nakshatra_purva_phalguni,repaired,nakshatra:purva_phalguni
s0_roots.csv,to_id,rasa_madhurya,repaired,rasa:madhurya
s0_roots.csv,from_id,nakshatra_uttara_phalguni,repaired,nakshatra:uttara_phalguni
s0_roots.csv,to_id,tattva_sambandha,repaired,tattva:sambandha
s0_roots.csv,from_id,nakshatra_hasta,repaired,nakshatra:hasta
s0_roots.csv,to_id,tattva_abhidheya,repaired,tattva:abhidheya
s0_roots.csv,from_id,nakshatra_chitra,repaired,nakshatra:chitra
s0_roots.csv,to_id,tattva_lila,repaired,tattva:lila
s0_roots.csv,from_id,nakshatra_swati,repaired,nakshatra:swati
s0_roots.csv,to_id,tattva_jiva,repaired,tattva:jiva
s0_roots.csv,from_id,nakshatra_vishakha,repaired,nakshatra:vishakha
s0_roots.csv,to_id,tattva_prayojana,repaired,tattva:prayojana
s0_roots.csv,from_id,nakshatra_anuradha,repaired,nakshatra:anuradha
s0_roots.csv,to_id,rasa_sakhya,repaired,rasa:sakhya
s0_roots.csv,from_id,nakshatra_jyeshtha,repaired,nakshatra:jyeshtha
s0_roots.csv,to_id,tattva_shakti_parinam,repaired,tattva:shakti_parinam
s0_roots.csv,from_id,nakshatra_mula,repaired,nakshatra:mula
s0_roots.csv,to_id,tattva_acintya,repaired,tattva:acintya
s0_roots.csv,from_id,nakshatra_purva_ashadha,repaired,nakshatra:purva_ashadha
s0_roots.csv,to_id,tattva_bhakti,repaired,tattva:bhakti
s0_roots.csv,from_id,nakshatra_uttara_ashadha,repaired,nakshatra:uttara_ashadha
s0_roots.csv,to_id,tattva_svayam_bhagavan,repaired,tattva:svayam_bhagavan
s0_roots.csv,from_id,nakshatra_shravana,repaired,nakshatra:shravana
s0_roots.csv,to_id,tattva_nama,repaired,tattva:nama
s0_roots.csv,from_id,nakshatra_dhanishta,repaired,nakshatra:dhanishta
s0_roots.csv,to_id,rasa_dasya,repaired,rasa:dasya
s0_roots.csv,from_id,nakshatra_shatabhisha,repaired,nakshatra:shatabhisha
s0_roots.csv,to_id,tattva_maya,repaired,tattva:maya
s0_roots.csv,from_id,nakshatra_revati,repaired,nakshatra:revati
s0_roots.csv,to_id,tattva_dhama,repaired,tattva:dhama
s0_roots.csv,from_id,graha_surya,repaired,graha:surya
s0_roots.csv,to_id,tattva_svayam_bhagavan,repaired,tattva:svayam_bhagavan
s0_roots.csv,from_id,graha_chandra,repaired,graha:chandra
s0_roots.csv,to_id,rasa_madhurya,repaired,rasa:madhurya
s0_roots.csv,from_id,graha_mangala,repaired,graha:mangala
s0_roots.csv,to_id,rasa_vira,repaired,rasa:vira
s0_roots.csv,from_id,graha_budha,repaired,graha:budha
s0_roots.csv,to_id,tattva_nama,repaired,tattva:nama
s0_roots.csv,from_id,graha_guru,repaired,graha:guru
s0_roots.csv,to_id,tattva_guru,repaired,tattva:guru
s0_roots.csv,from_id,graha_shukra,repaired,graha:shukra
s0_roots.csv,to_id,rasa_madhurya,repaired,rasa:madhurya
s0_roots.csv,from_id,graha_shani,repaired,graha:shani
s0_roots.csv,to_id,tattva_kala,repaired,tattva:kala
s0_roots.csv,from_id,graha_rahu,repaired,graha:rahu
s0_roots.csv,to_id,tattva_maya,repaired,tattva:maya
s0_roots.csv,from_id,graha_ketu,repaired,graha:ketu
s0_roots.csv,to_id,tattva_jiva,repaired,tattva:jiva
s0_roots.csv,from_id,deity_brahma,repaired,deity:brahma
s0_roots.csv,to_id,parampara_brahma,repaired,parampara:brahma
s0_roots.csv,from_id,deity_vishnu,repaired,deity:vishnu
s0_roots.csv,to_id,tattva_svayam_bhagavan,repaired,tattva:svayam_bhagavan
s0_roots.csv,from_id,deity_shiva,repaired,deity:shiva
s0_roots.csv,to_id,tattva_shakti_parinam,repaired,tattva:shakti_parinam
s0_roots.csv,from_id,deity_indra,repaired,deity:indra
s0_roots.csv,to_id,tattva_maya,repaired,tattva:maya
s0_roots.csv,from_id,deity_agni,repaired,deity:agni
s0_roots.csv,to_id,tattva_abhidheya,repaired,tattva:abhidheya
s0_roots.csv,from_id,deity_sarasvati,repaired,deity:sarasvati
s0_roots.csv,to_id,tattva_nama,repaired,tattva:nama
s0_roots.csv,from_id,deity_lakshmi,repaired,deity:lakshmi
s0_roots.csv,to_id,rasa_dasya,repaired,rasa:dasya
s0_roots.csv,from_id,deity_durga,repaired,deity:durga
s0_roots.csv,to_id,tattva_maya,repaired,tattva:maya
s0_roots.csv,from_id,raga_yaman,repaired,raga:yaman
s0_roots.csv,to_id,rasa_madhurya,repaired,rasa:madhurya
s0_roots.csv,from_id,raga_bhairavi,repaired,raga:bhairavi
s0_roots.csv,to_id,rasa_karuna,repaired,rasa:karuna
s0_roots.csv,from_id,raga_bhairava,repaired,raga:bhairava
s0_roots.csv,to_id,rasa_shanta,repaired,rasa:shanta
s0_roots.csv,from_id,raga_todi,repaired,raga:todi
s0_roots.csv,to_id,rasa_karuna,repaired,rasa:karuna
s0_roots.csv,from_id,raga_darbari,repaired,raga:darbari
s0_roots.csv,to_id,rasa_vira,repaired,rasa:vira
s0_roots.csv,from_id,raga_bageshri,repaired,raga:bageshri
s0_roots.csv,to_id,rasa_madhurya,repaired,rasa:madhurya
s0_roots.csv,from_id,raga_marwa,repaired,raga:marwa
s0_roots.csv,to_id,rasa_adbhuta,repaired,rasa:adbhuta
s0_roots.csv,from_id,raga_kafi,repaired,raga:kafi
s0_roots.csv,to_id,rasa_hasya,repaired,rasa:hasya
s0_roots.csv,from_id,raga_khamaj,repaired,raga:khamaj
s0_roots.csv,to_id,rasa_madhurya,repaired,rasa:madhurya
s0_roots.csv,from_id,raga_multani,repaired,raga:multani
s0_roots.csv,to_id,rasa_karuna,repaired,rasa:karuna
s0_roots.csv,from_id,raga_bihag,repaired,raga:bihag
s0_roots.csv,to_id,rasa_madhurya,repaired,rasa:madhurya
s0_roots.csv,from_id,raga_shree,repaired,raga:shree
s0_roots.csv,to_id,rasa_vira,repaired,rasa:vira
s0_roots.csv,from_id,art_singing,repaired,art:singing
s0_roots.csv,to_id,tattva_nama,repaired,tattva:nama
s0_roots.csv,from_id,art_instrument_playing,repaired,art:instrument_playing
s0_roots.csv,to_id,tattva_nama,repaired,tattva:nama
s0_roots.csv,from_id,art_dancing,repaired,art:dancing
s0_roots.csv,to_id,tattva_lila,repaired,tattva:lila
s0_roots.csv,from_id,art_drama,repaired,art:drama
s0_roots.csv,to_id,tattva_lila,repaired,tattva:lila
s0_roots.csv,from_id,art_painting,repaired,art:painting
s0_roots.csv,to_id,tattva_lila,repaired,tattva:lila
s0_roots.csv,from_id,art_flower_arrangement,repaired,art:flower_arrangement
s0_roots.csv,to_id,tattva_bhakti,repaired,tattva:bhakti
s0_roots.csv,from_id,art_garland_making,repaired,art:garland_making
s0_roots.csv,to_id,tattva_bhakti,repaired,tattva:bhakti
s0_roots.csv,from_id,art_cooking,repaired,art:cooking
s0_roots.csv,to_id,tattva_bhakti,repaired,tattva:bhakti
s0_roots.csv,from_id,art_architecture,repaired,art:architecture
s0_roots.csv,to_id,tattva_dhama,repaired,tattva:dhama
s0_roots.csv,from_id,art_temple_design,repaired,art:temple_design
s0_roots.csv,to_id,tattva_dhama,repaired,tattva:dhama
s0_roots.csv,from_id,art_poetry,repaired,art:poetry
s0_roots.csv,to_id,tattva_nama,repaired,tattva:nama
s0_roots.csv,from_id,art_storytelling,repaired,art:storytelling
s0_roots.csv,to_id,tattva_lila,repaired,tattva:lila
s0_roots.csv,from_id,art_perfume_mixing,repaired,art:perfume_mixing
s0_roots.csv,to_id,tattva_bhakti,repaired,tattva:bhakti
s0_roots.csv,from_id,art_astrology,repaired,art:astrology
s0_roots.csv,to_id,tattva_kala,repaired,tattva:kala
s0_roots.csv,from_id,art_yoga,repaired,art:yoga
s0_roots.csv,to_id,tattva_abhidheya,repaired,tattva:abhidheya
s0_roots.csv,from_id,art_meditation,repaired,art:meditation
s0_roots.csv,to_id,tattva_abhidheya,repaired,tattva:abhidheya
s0_roots.csv,from_id,art_mantra_recitation,repaired,art:mantra_recitation
s0_roots.csv,to_id,tattva_nama,repaired,tattva:nama
s0_roots.csv,from_id,art_ritual_fire,repaired,art:ritual_fire
s0_roots.csv,to_id,tattva_abhidheya,repaired,tattva:abhidheya
s0_roots.csv,from_id,art_medicine,repaired,art:medicine
s0_roots.csv,to_id,tattva_jiva,repaired,tattva:jiva
s0_roots.csv,from_id,art_herbalism,repaired,art:herbalism
s0_roots.csv,to_id,tattva_jiva,repaired,tattva:jiva
s0_roots.csv,from_id,art_mathematics,repaired,art:mathematics
s0_roots.csv,to_id,tattva_acintya,repaired,tattva:acintya
s0_roots.csv,from_id,art_geometry,repaired,art:geometry
s0_roots.csv,to_id,tattva_dhama,repaired,tattva:dhama
s0_roots.csv,from_id,art_logic,repaired,art:logic
s0_roots.csv,to_id,tattva_acintya,repaired,tattva:acintya
s0_roots.csv,from_id,art_ethics,repaired,art:ethics
s0_roots.csv,to_id,tattva_sambandha,repaired,tattva:sambandha
s0_roots.csv,from_id,art_agriculture,repaired,art:agriculture
s0_roots.csv,to_id,tattva_shakti_parinam,repaired,tattva:shakti_parinam
s0_roots.csv,from_id,plant_tulasi,repaired,plant:tulasi
s0_roots.csv,to_id,tattva_bhakti,repaired,tattva:bhakti
s0_roots.csv,from_id,plant_amalaki,repaired,plant:amalaki
s0_roots.csv,to_id,tattva_bhakti,repaired,tattva:bhakti
s0_roots.csv,from_id,plant_ashvagandha,repaired,plant:ashvagandha
s0_roots.csv,to_id,tattva_jiva,repaired,tattva:jiva
s0_roots.csv,from_id,plant_neem,repaired,plant:neem
s0_roots.csv,to_id,tattva_shakti_parinam,repaired,tattva:shakti_parinam
s0_roots.csv,from_id,plant_sandalwood,repaired,plant:sandalwood
s0_roots.csv,to_id,tattva_dhama,repaired,tattva:dhama
sound_relations.csv,from_id,raga:Bhimpalasi,repaired,raga:bhimpalasi
sound_relations.csv,from_id,raga:Bhimpalasi,repaired,raga:bhimpalasi
sound_relations.csv,from_id,raga:Bhimpalasi,repaired,raga:bhimpalasi
sound_relations.csv,from_id,raga:Bhimpalasi,repaired,raga:bhimpalasi
sound_relations.csv,from_id,raga:Bhairavi,repaired,raga:bhairavi
sound_relations.csv,from_id,raga:Bhairavi,repaired,raga:bhairavi
sound_relations.csv,from_id,raga:Bhairavi,repaired,raga:bhairavi
sound_relations.csv,from_id,raga:Bhairavi,repaired,raga:bhairavi
sound_relations.csv,from_id,raga:Bhairavi,repaired,raga:bhairavi
sound_relations.csv,from_id,raga:Bhairavi,repaired,raga:bhairavi
sound_relations.csv,from_id,raga:Bhairava,repaired,raga:bhairava
sound_relations.csv,from_id,raga:Bhairava,repaired,raga:bhairava
sound_relations.csv,from_id,raga:Bhairava,repaired,raga:bhairava
sound_relations.csv,from_id,raga:Bhairava,repaired,raga:bhairava
sound_relations.csv,from_id,raga:Bhairava,repaired,raga:bhairava
sound_relations.csv,from_id,raga:Darbari,repaired,raga:darbari
sound_relations.csv,from_id,raga:Darbari,repaired,raga:darbari
sound_relations.csv,from_id,raga:Darbari,repaired,raga:darbari
sound_relations.csv,from_id,raga:Darbari,repaired,raga:darbari
sound_relations.csv,from_id,raga:Darbari,repaired,raga:darbari
sound_relations.csv,from_id,raga:Yaman,repaired,raga:yaman
sound_relations.csv,from_id,raga:Yaman,repaired,raga:yaman
sound_relations.csv,from_id,raga:Yaman,repaired,raga:yaman
sound_relations.csv,from_id,raga:Yaman,repaired,raga:yaman
sound_relations.csv,from_id,raga:Yaman,repaired,raga:yaman
sound_relations.csv,from_id,raga:Bageshri,repaired,raga:bageshri
sound_relations.csv,from_id,raga:Bageshri,repaired,raga:bageshri
sound_relations.csv,from_id,raga:Bageshri,repaired,raga:bageshri
sound_relations.csv,from_id,raga:Bageshri,repaired,raga:bageshri
sound_relations.csv,from_id,raga:Bageshri,repaired,raga:bageshri
sound_relations.csv,from_id,raga:Marwa,repaired,raga:marwa
sound_relations.csv,from_id,raga:Marwa,repaired,raga:marwa
sound_relations.csv,from_id,raga:Marwa,repaired,raga:marwa
sound_relations.csv,from_id,raga:Marwa,repaired,raga:marwa
sound_relations.csv,from_id,raga:Shree,repaired,raga:shree
sound_relations.csv,from_id,raga:Shree,repaired,raga:shree
sound_relations.csv,from_id,raga:Shree,repaired,raga:shree
sound_relations.csv,from_id,raga:Shree,repaired,raga:shree
sound_relations.csv,from_id,raga:Shree,repaired,raga:shree
sound_relations.csv,from_id,raga:Lalit,repaired,raga:lalit
sound_relations.csv,from_id,raga:Lalit,repaired,raga:lalit
sound_relations.csv,from_id,raga:Lalit,repaired,raga:lalit
sound_relations.csv,from_id,raga:Lalit,repaired,raga:lalit
sound_relations.csv,to_id,raga:Bhupali,repaired,raga:bhupali
sound_relations.csv,from_id,raga:Bhupali,repaired,raga:bhupali
sound_relations.csv,from_id,raga:Bhupali,repaired,raga:bhupali
sound_relations.csv,from_id,raga:Bhupali,repaired,raga:bhupali
sound_relations.csv,to_id,raga:Durga,repaired,raga:durga
sound_relations.csv,to_id,raga:Yaman,repaired,raga:yaman
sound_relations.csv,from_id,raga:Yaman,repaired,raga:yaman
sound_relations.csv,from_id,raga:Yaman,repaired,raga:yaman
sound_relations.csv,from_id,raga:Yaman,repaired,raga:yaman
sound_relations.csv,to_id,raga:Bhimpalasi,repaired,raga:bhimpalasi
sound_relations.csv,to_id,raga:Bhairava,repaired,raga:bhairava
sound_relations.csv,from_id,raga:Bhairava,repaired,raga:bhairava
sound_relations.csv,from_id,raga:Bhairava,repaired,raga:bhairava
sound_relations.csv,from_id,raga:Bhairava,repaired,raga:bhairava
sound_relations.csv,to_id,raga:Bhairavi,repaired,raga:bhairavi
sound_relations.csv,to_id,raga:Kafi,repaired,raga:kafi
sound_relations.csv,from_id,raga:Kafi,repaired,raga:kafi
sound_relations.csv,from_id,raga:Kafi,repaired,raga:kafi
sound_relations.csv,from_id,raga:Kafi,repaired,raga:kafi
sound_relations.csv,to_id,raga:Khamaj,repaired,raga:khamaj
sound_relations.csv,to_id,raga:Bageshri,repaired,raga:bageshri
sound_relations.csv,from_id,raga:Bageshri,repaired,raga:bageshri
sound_relations.csv,from_id,raga:Bageshri,repaired,raga:bageshri
sound_relations.csv,from_id,raga:Bageshri,repaired,raga:bageshri
sound_relations.csv,to_id,raga:Bihag,repaired,raga:bihag
sound_relations.csv,to_id,raga:Khamaj,repaired,raga:khamaj
sound_relations.csv,from_id,raga:Khamaj,repaired,raga:khamaj
sound_relations.csv,from_id,raga:Khamaj,repaired,raga:khamaj
sound_relations.csv,from_id,raga:Khamaj,repaired,raga:khamaj
sound_relations.csv,to_id,raga:Yaman,repaired,raga:yaman
sound_relations.csv,to_id,raga:Darbari,repaired,raga:darbari
sound_relations.csv,from_id,raga:Darbari,repaired,raga:darbari
sound_relations.csv,from_id,raga:Darbari,repaired,raga:darbari
sound_relations.csv,from_id,raga:Darbari,repaired,raga:darbari
sound_relations.csv,to_id,raga:Todi,repaired,raga:todi
sound_relations.csv,to_id,raga:Marwa,repaired,raga:marwa
sound_relations.csv,from_id,raga:Marwa,repaired,raga:marwa
sound_relations.csv,from_id,raga:Marwa,repaired,raga:marwa
sound_relations.csv,from_id,raga:Marwa,repaired,raga:marwa
sound_relations.csv,to_id,raga:Puriya,repaired,raga:puriya
sound_relations.csv,to_id,raga:Bhairavi,repaired,raga:bhairavi
sound_relations.csv,from_id,raga:Bhairavi,repaired,raga:bhairavi
sound_relations.csv,from_id,raga:Bhairavi,repaired,raga:bhairavi
sound_relations.csv,from_id,raga:Bhairavi,repaired,raga:bhairavi
sound_relations.csv,to_id,raga:Multani,repaired,raga:multani
sound_relations.csv,to_id,deity:savitr___surya,repaired,deity:savitr_surya
sound_relations.csv,to_id,deity:adityas___visvedevas,repaired,deity:adityas_visvedevas
sound_relations.csv,to_id,nakshatra_family:center___ether,repaired,nakshatra_family:center_ether
sound_relations.csv,to_id,nakshatra_family:center___ether,repaired,nakshatra_family:center_ether
sound_relations.csv,to_id,rasa:srngara_(vipralambha),repaired,rasa:srngara_vipralambha
sound_relations.csv,to_id,nakshatra_family:center___ether,repaired,nakshatra_family:center_ether
text_entity_relations.csv,to_id,deity_krishna,repaired,deity:krishna
text_entity_relations.csv,to_id,graha_guru,repaired,graha:guru
text_entity_relations.csv,to_id,graha_guru,repaired,graha:guru
text_entity_relations.csv,to_id,graha_guru,repaired,graha:guru
text_entity_relations.csv,to_id,graha_guru,repaired,graha:guru
text_entity_relations.csv,to_id,graha_guru,repaired,graha:guru
text_entity_relations.csv,to_id,graha_guru,repaired,graha:guru
text_entity_relations.csv,to_id,plant_mahua,repaired,plant:mahua
text_entity_relations.csv,to_id,graha_guru,repaired,graha:guru
text_entity_relations.csv,to_id,graha_guru,repaired,graha:guru
text_entity_relations.csv,to_id,graha_guru,repaired,graha:guru
text_entity_relations.csv,to_id,plant_mahua,repaired,plant:mahua
text_entity_relations.csv,to_id,plant_palasha,repaired,plant:palasha
text_entity_relations.csv,to_id,parampara_brahma,repaired,parampara:brahma
text_entity_relations.csv,to_id,parampara_brahma,repaired,parampara:brahma
text_entity_relations.csv,to_id,parampara_brahma,repaired,parampara:brahma
text_entity_relations.csv,to_id,vastu_deity_diti,repaired,vastu:deity_diti
text_entity_relations.csv,to_id,vastu_deity_soma,repaired,vastu:deity_soma
text_entity_relations.csv,to_id,element_water,repaired,element:water
text_entity_relations.csv,to_id,graha_guru,repaired,graha:guru
text_entity_relations.csv,to_id,rasa_madhura,repaired,rasa:madhura
text_entity_relations.csv,to_id,devi_nitya,repaired,devi:nitya
text_entity_relations.csv,to_id,rasa_madhura,repaired,rasa:madhura
text_entity_relations.csv,to_id,vastu_deity_vara,repaired,vastu:deity_vara
text_entity_relations.csv,to_id,rasa_madhura,repaired,rasa:madhura
text_entity_relations.csv,to_id,rasa_madhura,repaired,rasa:madhura
text_entity_relations.csv,to_id,rasa_madhura,repaired,rasa:madhura
text_entity_relations.csv,to_id,plant_mahua,repaired,plant:mahua
text_entity_relations.csv,to_id,plant_mahua,repaired,plant:mahua
text_entity_relations.csv,to_id,plant_mahua,repaired,plant:mahua
text_entity_relations.csv,to_id,plant_mahua,repaired,plant:mahua
text_entity_relations.csv,to_id,plant_mahua,repaired,plant:mahua
text_entity_relations.csv,to_id,graha_guru,repaired,graha:guru
text_entity_relations.csv,to_id,plant_mahua,repaired,plant:mahua
text_entity_relations.csv,to_id,rasa_madhura,repaired,rasa:madhura
text_entity_relations.csv,to_id,plant_mahua,repaired,plant:mahua
text_entity_relations.csv,to_id,graha_guru,repaired,graha:guru
text_entity_relations.csv,to_id,graha_guru,repaired,graha:guru
text_entity_relations.csv,to_id,graha_guru,repaired,graha:guru
text_entity_relations.csv,to_id,graha_guru,repaired,graha:guru
text_entity_relations.csv,to_id,graha_guru,repaired,graha:guru
text_entity_relations.csv,to_id,graha_guru,repaired,graha:guru
text_entity_relations.csv,to_id,graha_guru,repaired,graha:guru
text_entity_relations.csv,to_id,graha_guru,repaired,graha:guru
text_entity_relations.csv,to_id,graha_guru,repaired,graha:guru
text_entity_relations.csv,to_id,graha_guru,repaired,graha:guru
text_entity_relations.csv,to_id,graha_guru,repaired,graha:guru
text_entity_relations.csv,to_id,graha_guru,repaired,graha:guru
text_entity_relations.csv,to_id,graha_guru,repaired,graha:guru
text_entity_relations.csv,to_id,graha_guru,repaired,graha:guru
text_entity_relations.csv,to_id,plant_mahua,repaired,plant:mahua
text_entity_relations.csv,to_id,deity_brahma,repaired,deity:brahma
text_entity_relations.csv,to_id,parampara_brahma,repaired,parampara:brahma
text_entity_relations.csv,to_id,parampara_brahma,repaired,parampara:brahma
text_entity_relations.csv,to_id,deity_brahma,repaired,deity:brahma
text_entity_relations.csv,to_id,parampara_brahma,repaired,parampara:brahma
text_entity_relations.csv,to_id,vastu_deity_soma,repaired,vastu:deity_soma
text_entity_relations.csv,to_id,vastu_deity_soma,repaired,vastu:deity_soma
text_entity_relations.csv,to_id,graha_guru,repaired,graha:guru
text_entity_relations.csv,to_id,graha_guru,repaired,graha:guru
text_entity_relations.csv,to_id,plant_mahua,repaired,plant:mahua
text_entity_relations.csv,to_id,deity_brahma,repaired,deity:brahma
text_entity_relations.csv,to_id,parampara_vyasa,repaired,parampara:vyasa
text_entity_relations.csv,to_id,parampara_brahma,repaired,parampara:brahma
text_entity_relations.csv,to_id,parampara_vyasa,repaired,parampara:vyasa
text_entity_relations.csv,to_id,vastu_deity_vara,repaired,vastu:deity_vara
text_entity_relations.csv,to_id,parampara_narada,repaired,parampara:narada
text_entity_relations.csv,to_id,deity_brahma,repaired,deity:brahma
text_entity_relations.csv,to_id,parampara_vyasa,repaired,parampara:vyasa
text_entity_relations.csv,to_id,plant_arka,repaired,plant:arka
text_entity_relations.csv,to_id,parampara_vyasa,repaired,parampara:vyasa
text_entity_relations.csv,to_id,parampara_narada,repaired,parampara:narada
text_entity_relations.csv,to_id,plant_arjuna,repaired,plant:arjuna
text_entity_relations.csv,to_id,parampara_krishna,repaired,parampara:krishna
text_entity_relations.csv,to_id,parampara_krishna,repaired,parampara:krishna
text_entity_relations.csv,to_id,parampara_krishna,repaired,parampara:krishna
text_entity_relations.csv,to_id,deity_indra,repaired,deity:indra
text_entity_relations.csv,to_id,parampara_narada,repaired,parampara:narada
text_entity_relations.csv,to_id,plant_arjuna,repaired,plant:arjuna
text_entity_relations.csv,to_id,deity_brahma,repaired,deity:brahma
text_entity_relations.csv,to_id,marma_urvi,repaired,marma:urvi
text_entity_relations.csv,to_id,plant_mahua,repaired,plant:mahua
text_entity_relations.csv,to_id,deity_brahma,repaired,deity:brahma
text_entity_relations.csv,to_id,vastu_deity_gandharva,repaired,vastu:deity_gandharva
text_entity_relations.csv,to_id,vastu_deity_vara,repaired,vastu:deity_vara
text_entity_relations.csv,to_id,plant_kadamba,repaired,plant:kadamba
text_entity_relations.csv,to_id,vastu_deity_mitra,repaired,vastu:deity_mitra
text_entity_relations.csv,to_id,vastu_deity_vara,repaired,vastu:deity_vara
text_entity_relations.csv,to_id,deity_brahma,repaired,deity:brahma
text_entity_relations.csv,to_id,bhava_virya,repaired,bhava:virya
text_entity_relations.csv,to_id,deity_indra,repaired,deity:indra
text_entity_relations.csv,to_id,parampara_narada,repaired,parampara:narada
text_entity_relations.csv,to_id,devi_nitya,repaired,devi:nitya
text_entity_relations.csv,to_id,deity_brahma,repaired,deity:brahma
text_entity_relations.csv,to_id,guna_sattva,repaired,guna:sattva
text_entity_relations.csv,to_id,vastu_deity_gandharva,repaired,vastu:deity_gandharva
text_entity_relations.csv,to_id,deity_brahma,repaired,deity:brahma
text_entity_relations.csv,to_id,deity_brahma,repaired,deity:brahma
text_entity_relations.csv,to_id,vastu_deity_yoni,repaired,vastu:deity_yoni
text_entity_relations.csv,to_id,vastu_deity_yoni,repaired,vastu:deity_yoni
text_entity_relations.csv,to_id,parampara_krishna,repaired,parampara:krishna
text_entity_relations.csv,to_id,parampara_krishna,repaired,parampara:krishna
text_entity_relations.csv,to_id,devi_nitya,repaired,devi:nitya
text_entity_relations.csv,to_id,deity_brahma,repaired,deity:brahma
text_entity_relations.csv,to_id,guna_rajas,repaired,guna:rajas
text_entity_relations.csv,to_id,deity_brahma,repaired,deity:brahma
text_entity_relations.csv,to_id,bhava_bhayanaka,repaired,bhava:bhayanaka
text_entity_relations.csv,to_id,guna_sattva,repaired,guna:sattva
text_entity_relations.csv,to_id,vastu_deity_vara,repaired,vastu:deity_vara
text_entity_relations.csv,to_id,deity_brahma,repaired,deity:brahma
text_entity_relations.csv,to_id,deity_brahma,repaired,deity:brahma
text_entity_relations.csv,to_id,deity_brahma,repaired,deity:brahma
text_entity_relations.csv,to_id,vastu_deity_vara,repaired,vastu:deity_vara
text_entity_relations.csv,to_id,plant_arka,repaired,plant:arka
text_entity_relations.csv,to_id,deity_brahma,repaired,deity:brahma
text_entity_relations.csv,to_id,deity_agni,repaired,deity:agni
text_entity_relations.csv,to_id,deity_brahma,repaired,deity:brahma
text_entity_relations.csv,to_id,guna_rajas,repaired,guna:rajas
text_entity_relations.csv,to_id,guna_sattva,repaired,guna:sattva
text_entity_relations.csv,to_id,vastu_deity_gandharva,repaired,vastu:deity_gandharva
text_entity_relations.csv,to_id,guna_rajas,repaired,guna:rajas
text_entity_relations.csv,to_id,deity_agni,repaired,deity:agni
text_entity_relations.csv,to_id,vastu_deity_gandharva,repaired,vastu:deity_gandharva
text_entity_relations.csv,to_id,graha_guru,repaired,graha:guru
text_entity_relations.csv,to_id,graha_guru,repaired,graha:guru
text_entity_relations.csv,to_id,vastu_deity_gandharva,repaired,vastu:deity_gandharva
text_entity_relations.csv,to_id,deity_agni,repaired,deity:agni
text_entity_relations.csv,to_id,guna_rajas,repaired,guna:rajas
text_entity_relations.csv,to_id,plant_mahua,repaired,plant:mahua
text_entity_relations.csv,to_id,deity_brahma,repaired,deity:brahma
text_entity_relations.csv,to_id,vastu_deity_soma,repaired,vastu:deity_soma
text_entity_relations.csv,to_id,vastu_deity_soma,repaired,vastu:deity_soma
text_entity_relations.csv,to_id,plant_lotus,repaired,plant:lotus
text_entity_relations.csv,to_id,plant_kadamba,repaired,plant:kadamba
text_entity_relations.csv,to_id,rasa_madhura,repaired,rasa:madhura
text_entity_relations.csv,to_id,plant_arka,repaired,plant:arka
text_entity_relations.csv,to_id,plant_mahua,repaired,plant:mahua
text_entity_relations.csv,to_id,plant_mahua,repaired,plant:mahua
text_entity_relations.csv,to_id,element_water,repaired,element:water
text_entity_relations.csv,to_id,deity_brahma,repaired,deity:brahma
text_entity_relations.csv,to_id,deity_brahma,repaired,deity:brahma
text_entity_relations.csv,to_id,deity_brahma,repaired,deity:brahma
text_entity_relations.csv,to_id,element_water,repaired,element:water
text_entity_relations.csv,to_id,element_fire,repaired,element:fire
text_entity_relations.csv,to_id,bhava_virya,repaired,bhava:virya
text_entity_relations.csv,to_id,guna_sattva,repaired,guna:sattva
text_entity_relations.csv,to_id,tattva_abhidheya,repaired,tattva:abhidheya
text_entity_relations.csv,to_id,parampara_krishna,repaired,parampara:krishna
text_entity_relations.csv,to_id,guna_rajas,repaired,guna:rajas
text_entity_relations.csv,to_id,parampara_krishna,repaired,parampara:krishna
text_entity_relations.csv,to_id,guna_rajas,repaired,guna:rajas
text_entity_relations.csv,to_id,deity_brahma,repaired,deity:brahma
text_entity_relations.csv,to_id,guna_sattva,repaired,guna:sattva
text_entity_relations.csv,to_id,guna_sattva,repaired,guna:sattva
text_entity_relations.csv,to_id,plant_arka,repaired,plant:arka
text_entity_relations.csv,to_id,vastu_deity_soma,repaired,vastu:deity_soma
text_entity_relations.csv,to_id,nakshatra_punarvasu,repaired,nakshatra:punarvasu
text_entity_relations.csv,to_id,devi_nitya,repaired,devi:nitya
text_entity_relations.csv,to_id,element_water,repaired,element:water
text_entity_relations.csv,to_id,rasa_madhura,repaired,rasa:madhura
text_entity_relations.csv,to_id,devi_vijaya,repaired,devi:vijaya
text_entity_relations.csv,to_id,devi_vijaya,repaired,devi:vijaya
text_entity_relations.csv,to_id,deity_rudra,repaired,deity:rudra
text_entity_relations.csv,to_id,plant_lotus,repaired,plant:lotus
text_entity_relations.csv,to_id,vastu_deity_gandharva,repaired,vastu:deity_gandharva
text_entity_relations.csv,to_id,rasa_madhura,repaired,rasa:madhura
text_entity_relations.csv,to_id,guna_sattva,repaired,guna:sattva
text_entity_relations.csv,to_id,guna_rajas,repaired,guna:rajas
text_entity_relations.csv,to_id,vastu_deity_yama,repaired,vastu:deity_yama
text_entity_relations.csv,to_id,vastu_deity_yama,repaired,vastu:deity_yama
text_entity_relations.csv,to_id,deity_brahma,repaired,deity:brahma
text_entity_relations.csv,to_id,vastu_deity_yama,repaired,vastu:deity_yama
text_entity_relations.csv,to_id,deity_agni,repaired,deity:agni
text_entity_relations.csv,to_id,deity_agni,repaired,deity:agni
text_entity_relations.csv,to_id,vastu_deity_yama,repaired,vastu:deity_yama
text_entity_relations.csv,to_id,vastu_deity_soma,repaired,vastu:deity_soma
text_entity_relations.csv,to_id,vastu_deity_yama,repaired,vastu:deity_yama
text_entity_relations.csv,to_id,vastu_deity_yama,repaired,vastu:deity_yama
text_entity_relations.csv,to_id,vastu_deity_vyaya,repaired,vastu:deity_vyaya
text_entity_relations.csv,to_id,vastu_deity_soma,repaired,vastu:deity_soma
text_entity_relations.csv,to_id,parampara_krishna,repaired,parampara:krishna
text_entity_relations.csv,to_id,parampara_krishna,repaired,parampara:krishna
text_entity_relations.csv,to_id,deity_kali,repaired,deity:kali
text_entity_relations.csv,to_id,parampara_brahma,repaired,parampara:brahma
text_entity_relations.csv,to_id,vastu_deity_vara,repaired,vastu:deity_vara
text_entity_relations.csv,to_id,vastu_deity_vara,repaired,vastu:deity_vara
text_entity_relations.csv,to_id,graha_budha,repaired,graha:budha
text_entity_relations.csv,to_id,bija_bija_master_2,repaired,bija:bija_master_2
text_entity_relations.csv,to_id,vastu_deity_vara,repaired,vastu:deity_vara
text_entity_relations.csv,to_id,parampara_brahma,repaired,parampara:brahma
text_entity_relations.csv,to_id,vastu_deity_satya,repaired,vastu:deity_satya
text_entity_relations.csv,to_id,vastu_deity_satya,repaired,vastu:deity_satya
text_entity_relations.csv,to_id,guna_sattva,repaired,guna:sattva
text_entity_relations.csv,to_id,vastu_deity_asura,repaired,vastu:deity_asura
text_entity_relations.csv,to_id,deity_brahma,repaired,deity:brahma
text_entity_relations.csv,to_id,vastu_deity_vara,repaired,vastu:deity_vara
text_entity_relations.csv,to_id,deity_brahma,repaired,deity:brahma
text_entity_relations.csv,to_id,parampara_krishna,repaired,parampara:krishna
text_entity_relations.csv,to_id,vastu_deity_parjanya,repaired,vastu:deity_parjanya
text_entity_relations.csv,to_id,deity_brahma,repaired,deity:brahma
text_entity_relations.csv,to_id,deity_brahma,repaired,deity:brahma
text_entity_relations.csv,to_id,deity_brahma,repaired,deity:brahma
text_entity_relations.csv,to_id,deity_brahma,repaired,deity:brahma
text_entity_relations.csv,to_id,vastu_deity_asura,repaired,vastu:deity_asura
text_entity_relations.csv,to_id,deity_brahma,repaired,deity:brahma
text_entity_relations.csv,to_id,nakshatra_chitra,repaired,nakshatra:chitra
text_entity_relations.csv,to_id,nakshatra_chitra,repaired,nakshatra:chitra
text_entity_relations.csv,to_id,vastu_deity_vara,repaired,vastu:deity_vara
text_entity_relations.csv,to_id,plant_mahua,repaired,plant:mahua
text_entity_relations.csv,to_id,plant_mahua,repaired,plant:mahua
text_entity_relations.csv,to_id,parampara_krishna,repaired,parampara:krishna
text_entity_relations.csv,to_id,parampara_krishna,repaired,parampara:krishna
text_entity_relations.csv,to_id,parampara_krishna,repaired,parampara:krishna
text_entity_relations.csv,to_id,vastu_deity_satya,repaired,vastu:deity_satya
text_entity_relations.csv,to_id,bhava_santa,repaired,bhava:santa
text_entity_relations.csv,to_id,graha_guru,repaired,graha:guru
text_entity_relations.csv,to_id,deity_rudra,repaired,deity:rudra
text_entity_relations.csv,to_id,deity_brahma,repaired,deity:brahma
text_entity_relations.csv,to_id,deity_agni,repaired,deity:agni
text_entity_relations.csv,to_id,element_water,repaired,element:water
text_entity_relations.csv,to_id,vastu_deity_satya,repaired,vastu:deity_satya
text_entity_relations.csv,to_id,bhava_virya,repaired,bhava:virya
text_entity_relations.csv,to_id,bhava_virya,repaired,bhava:virya
text_entity_relations.csv,to_id,parampara_narada,repaired,parampara:narada
text_entity_relations.csv,to_id,parampara_narada,repaired,parampara:narada
text_entity_relations.csv,to_id,parampara_krishna,repaired,parampara:krishna
text_entity_relations.csv,to_id,guna_sattva,repaired,guna:sattva
text_entity_relations.csv,to_id,parampara_krishna,repaired,parampara:krishna
text_entity_relations.csv,to_id,parampara_krishna,repaired,parampara:krishna
text_entity_relations.csv,to_id,parampara_krishna,repaired,parampara:krishna
text_entity_relations.csv,to_id,parampara_krishna,repaired,parampara:krishna
text_entity_relations.csv,to_id,deity_brahma,repaired,deity:brahma
text_entity_relations.csv,to_id,parampara_krishna,repaired,parampara:krishna
text_entity_relations.csv,to_id,parampara_krishna,repaired,parampara:krishna
text_entity_relations.csv,to_id,deity_brahma,repaired,deity:brahma
text_entity_relations.csv,to_id,parampara_krishna,repaired,parampara:krishna
text_entity_relations.csv,to_id,guna_sattva,repaired,guna:sattva
text_entity_relations.csv,to_id,plant_arka,repaired,plant:arka
text_entity_relations.csv,to_id,guna_sattva,repaired,guna:sattva
text_entity_relations.csv,to_id,bhava_adbhuta,repaired,bhava:adbhuta
text_entity_relations.csv,to_id,parampara_krishna,repaired,parampara:krishna
text_entity_relations.csv,to_id,deity_brahma,repaired,deity:brahma
text_entity_relations.csv,to_id,deity_brahma,repaired,deity:brahma
text_entity_relations.csv,to_id,deity_durga,repaired,deity:durga
text_entity_relations.csv,to_id,deity_durga,repaired,deity:durga
text_entity_relations.csv,to_id,vastu_deity_satya,repaired,vastu:deity_satya
text_entity_relations.csv,to_id,element_water,repaired,element:water
text_entity_relations.csv,to_id,devi_nitya,repaired,devi:nitya
text_entity_relations.csv,to_id,plant_arka,repaired,plant:arka
text_entity_relations.csv,to_id,deity_brahma,repaired,deity:brahma
text_entity_relations.csv,to_id,parampara_krishna,repaired,parampara:krishna
text_entity_relations.csv,to_id,parampara_krishna,repaired,parampara:krishna
text_entity_relations.csv,to_id,parampara_krishna,repaired,parampara:krishna
text_entity_relations.csv,to_id,parampara_krishna,repaired,parampara:krishna
text_entity_relations.csv,to_id,parampara_krishna,repaired,parampara:krishna
text_entity_relations.csv,to_id,parampara_krishna,repaired,parampara:krishna
text_entity_relations.csv,to_id,plant_lotus,repaired,plant:lotus
text_entity_relations.csv,to_id,vastu_deity_vara,repaired,vastu:deity_vara
text_entity_relations.csv,to_id,vastu_deity_vara,repaired,vastu:deity_vara
text_entity_relations.csv,to_id,parampara_krishna,repaired,parampara:krishna
text_entity_relations.csv,to_id,vastu_deity_bhujaga,repaired,vastu:deity_bhujaga
text_entity_relations.csv,to_id,parampara_krishna,repaired,parampara:krishna
text_entity_relations.csv,to_id,vastu_deity_gandharva,repaired,vastu:deity_gandharva
text_entity_relations.csv,to_id,nakshatra_chitra,repaired,nakshatra:chitra
text_entity_relations.csv,to_id,vastu_deity_yoni,repaired,vastu:deity_yoni
text_entity_relations.csv,to_id,bhava_virya,repaired,bhava:virya
text_entity_relations.csv,to_id,element_water,repaired,element:water
text_entity_relations.csv,to_id,parampara_krishna,repaired,parampara:krishna
text_entity_relations.csv,to_id,parampara_krishna,repaired,parampara:krishna
text_entity_relations.csv,to_id,plant_palasha,repaired,plant:palasha
text_entity_relations.csv,to_id,plant_arka,repaired,plant:arka
text_entity_relations.csv,to_id,nakshatra_chitra,repaired,nakshatra:chitra
text_entity_relations.csv,to_id,parampara_krishna,repaired,parampara:krishna
text_entity_relations.csv,to_id,parampara_krishna,repaired,parampara:krishna
text_entity_relations.csv,to_id,parampara_krishna,repaired,parampara:krishna
text_entity_relations.csv,to_id,parampara_krishna,repaired,parampara:krishna
text_entity_relations.csv,to_id,parampara_krishna,repaired,parampara:krishna
text_entity_relations.csv,to_id,parampara_krishna,repaired,parampara:krishna
text_entity_relations.csv,to_id,guna_sattva,repaired,guna:sattva
text_entity_relations.csv,to_id,guna_sattva,repaired,guna:sattva
text_entity_relations.csv,to_id,vastu_deity_parjanya,repaired,vastu:deity_parjanya
text_entity_relations.csv,to_id,element_water,repaired,element:water
text_entity_relations.csv,to_id,plant_mahua,repaired,plant:mahua
text_entity_relations.csv,to_id,plant_mahua,repaired,plant:mahua
text_entity_relations.csv,to_id,element_water,repaired,element:water
text_entity_relations.csv,to_id,plant_arka,repaired,plant:arka
text_entity_relations.csv,to_id,guna_sattva,repaired,guna:sattva
text_entity_relations.csv,to_id,parampara_krishna,repaired,parampara:krishna
text_entity_relations.csv,to_id,parampara_krishna,repaired,parampara:krishna
text_entity_relations.csv,to_id,vastu_deity_vara,repaired,vastu:deity_vara
text_entity_relations.csv,to_id,vastu_deity_vara,repaired,vastu:deity_vara
text_entity_relations.csv,to_id,parampara_krishna,repaired,parampara:krishna
text_entity_relations.csv,to_id,parampara_krishna,repaired,parampara:krishna
text_entity_relations.csv,to_id,parampara_krishna,repaired,parampara:krishna
text_entity_relations.csv,to_id,bija_bija_master_2,repaired,bija:bija_master_2
text_entity_relations.csv,to_id,parampara_krishna,repaired,parampara:krishna
text_entity_relations.csv,to_id,parampara_krishna,repaired,parampara:krishna
text_entity_relations.csv,to_id,parampara_krishna,repaired,parampara:krishna
text_entity_relations.csv,to_id,deity_brahma,repaired,deity:brahma
text_entity_relations.csv,to_id,deity_brahma,repaired,deity:brahma
text_entity_relations.csv,to_id,parampara_krishna,repaired,parampara:krishna
text_entity_relations.csv,to_id,plant_tulsi,repaired,plant:tulsi
text_entity_relations.csv,to_id,deity_indra,repaired,deity:indra
text_entity_relations.csv,to_id,deity_indra,repaired,deity:indra
text_entity_relations.csv,to_id,guna_rajas,repaired,guna:rajas
text_entity_relations.csv,to_id,deity_indra,repaired,deity:indra
text_entity_relations.csv,to_id,deity_brahma,repaired,deity:brahma
text_entity_relations.csv,to_id,parampara_krishna,repaired,parampara:krishna
text_entity_relations.csv,to_id,parampara_krishna,repaired,parampara:krishna
text_entity_relations.csv,to_id,element_water,repaired,element:water
text_entity_relations.csv,to_id,parampara_krishna,repaired,parampara:krishna
text_entity_relations.csv,to_id,parampara_krishna,repaired,parampara:krishna
text_entity_relations.csv,to_id,vastu_deity_gandharva,repaired,vastu:deity_gandharva
text_entity_relations.csv,to_id,bhava_virya,repaired,bhava:virya
text_entity_relations.csv,to_id,deity_indra,repaired,deity:indra
text_entity_relations.csv,to_id,guna_rajas,repaired,guna:rajas
text_entity_relations.csv,to_id,graha_budha,repaired,graha:budha
text_entity_relations.csv,to_id,parampara_krishna,repaired,parampara:krishna
text_entity_relations.csv,to_id,vastu_deity_gandharva,repaired,vastu:deity_gandharva
text_entity_relations.csv,to_id,plant_mahua,repaired,plant:mahua
text_entity_relations.csv,to_id,parampara_krishna,repaired,parampara:krishna
text_entity_relations.csv,to_id,parampara_krishna,repaired,parampara:krishna
text_entity_relations.csv,to_id,parampara_krishna,repaired,parampara:krishna
text_entity_relations.csv,to_id,deity_brahma,repaired,deity:brahma
text_entity_relations.csv,to_id,parampara_krishna,repaired,parampara:krishna
text_entity_relations.csv,to_id,parampara_krishna,repaired,parampara:krishna
text_entity_relations.csv,to_id,vastu_deity_java,repaired,vastu:deity_java
text_entity_relations.csv,to_id,guna_sattva,repaired,guna:sattva
text_entity_relations.csv,to_id,devi_nitya,repaired,devi:nitya
text_entity_relations.csv,to_id,parampara_krishna,repaired,parampara:krishna
text_entity_relations.csv,to_id,plant_tulsi,repaired,plant:tulsi
text_entity_relations.csv,to_id,plant_arka,repaired,plant:arka
text_entity_relations.csv,to_id,plant_bael,repaired,plant:bael
text_entity_relations.csv,to_id,plant_kadamba,repaired,plant:kadamba
text_entity_relations.csv,to_id,parampara_krishna,repaired,parampara:krishna
text_entity_relations.csv,to_id,parampara_krishna,repaired,parampara:krishna
text_entity_relations.csv,to_id,graha_chandra,repaired,graha:chandra
text_entity_relations.csv,to_id,parampara_krishna,repaired,parampara:krishna
text_entity_relations.csv,to_id,vastu_deity_vara,repaired,vastu:deity_vara
text_entity_relations.csv,to_id,graha_budha,repaired,graha:budha
text_entity_relations.csv,to_id,parampara_krishna,repaired,parampara:krishna
text_entity_relations.csv,to_id,nakshatra_hasta,repaired,nakshatra:hasta
text_entity_relations.csv,to_id,graha_guru,repaired,graha:guru
text_entity_relations.csv,to_id,vastu_deity_gandharva,repaired,vastu:deity_gandharva
text_entity_relations.csv,to_id,parampara_krishna,repaired,parampara:krishna
text_entity_relations.csv,to_id,parampara_krishna,repaired,parampara:krishna
text_entity_relations.csv,to_id,vastu_deity_gandharva,repaired,vastu:deity_gandharva
text_entity_relations.csv,to_id,element_water,repaired,element:water
text_entity_relations.csv,to_id,element_water,repaired,element:water
text_entity_relations.csv,to_id,vastu_deity_satya,repaired,vastu:deity_satya
text_entity_relations.csv,to_id,deity_brahma,repaired,deity:brahma
text_entity_relations.csv,to_id,plant_mahua,repaired,plant:mahua
text_entity_relations.csv,to_id,plant_mahua,repaired,plant:mahua
text_entity_relations.csv,to_id,parampara_krishna,repaired,parampara:krishna
text_entity_relations.csv,to_id,deity_brahma,repaired,deity:brahma
text_entity_relations.csv,to_id,parampara_krishna,repaired,parampara:krishna
text_entity_relations.csv,to_id,parampara_krishna,repaired,parampara:krishna
text_entity_relations.csv,to_id,bhava_virya,repaired,bhava:virya
text_entity_relations.csv,to_id,plant_mahua,repaired,plant:mahua
text_entity_relations.csv,to_id,graha_mangala,repaired,graha:mangala
text_entity_relations.csv,to_id,parampara_krishna,repaired,parampara:krishna
text_entity_relations.csv,to_id,parampara_krishna,repaired,parampara:krishna
text_entity_relations.csv,to_id,parampara_krishna,repaired,parampara:krishna
text_entity_relations.csv,to_id,deity_indra,repaired,deity:indra
text_entity_relations.csv,to_id,vastu_deity_mitra,repaired,vastu:deity_mitra
text_entity_relations.csv,to_id,parampara_krishna,repaired,parampara:krishna
text_entity_relations.csv,to_id,parampara_krishna,repaired,parampara:krishna
text_entity_relations.csv,to_id,vastu_deity_satya,repaired,vastu:deity_satya
text_entity_relations.csv,to_id,vastu_deity_satya,repaired,vastu:deity_satya
text_entity_relations.csv,to_id,bhava_virya,repaired,bhava:virya
text_entity_relations.csv,to_id,plant_arjuna,repaired,plant:arjuna
text_entity_relations.csv,to_id,devi_nitya,repaired,devi:nitya
text_entity_relations.csv,to_id,plant_mahua,repaired,plant:mahua
text_entity_relations.csv,to_id,deity_brahma,repaired,deity:brahma
text_entity_relations.csv,to_id,deity_brahma,repaired,deity:brahma
text_entity_relations.csv,to_id,nakshatra_hasta,repaired,nakshatra:hasta
text_entity_relations.csv,to_id,plant_mahua,repaired,plant:mahua
text_entity_relations.csv,to_id,deity_rama,repaired,deity:rama
text_entity_relations.csv,to_id,plant_mahua,repaired,plant:mahua
text_entity_relations.csv,to_id,nakshatra_chitra,repaired,nakshatra:chitra
text_entity_relations.csv,to_id,plant_mahua,repaired,plant:mahua
text_entity_relations.csv,to_id,plant_mahua,repaired,plant:mahua
text_entity_relations.csv,to_id,parampara_krishna,repaired,parampara:krishna
text_entity_relations.csv,to_id,deity_brahma,repaired,deity:brahma
text_entity_relations.csv,to_id,deity_brahma,repaired,deity:brahma
text_entity_relations.csv,to_id,parampara_narada,repaired,parampara:narada
text_entity_relations.csv,to_id,parampara_narada,repaired,parampara:narada
text_entity_relations.csv,to_id,guna_rajas,repaired,guna:rajas
text_entity_relations.csv,to_id,deity_brahma,repaired,deity:brahma
text_entity_relations.csv,to_id,plant_mahua,repaired,plant:mahua
text_entity_relations.csv,to_id,vastu_deity_satya,repaired,vastu:deity_satya
text_entity_relations.csv,to_id,parampara_krishna,repaired,parampara:krishna
text_entity_relations.csv,to_id,parampara_krishna,repaired,parampara:krishna
text_entity_relations.csv,to_id,vastu_deity_vara,repaired,vastu:deity_vara
text_entity_relations.csv,to_id,bhava_madhurya,repaired,bhava:madhurya
text_entity_relations.csv,to_id,parampara_krishna,repaired,parampara:krishna
text_entity_relations.csv,to_id,plant_mahua,repaired,plant:mahua
text_entity_relations.csv,to_id,deity_brahma,repaired,deity:brahma
text_entity_relations.csv,to_id,vastu_deity_yama,repaired,vastu:deity_yama
text_entity_relations.csv,to_id,bhava_madhurya,repaired,bhava:madhurya
text_entity_relations.csv,to_id,devi_nitya,repaired,devi:nitya
text_entity_relations.csv,to_id,plant_lotus,repaired,plant:lotus
text_entity_relations.csv,to_id,parampara_krishna,repaired,parampara:krishna
text_entity_relations.csv,to_id,guna_sattva,repaired,guna:sattva
text_entity_relations.csv,to_id,nakshatra_chitra,repaired,nakshatra:chitra
text_entity_relations.csv,to_id,deity_indra,repaired,deity:indra
text_entity_relations.csv,to_id,parampara_krishna,repaired,parampara:krishna
text_entity_relations.csv,to_id,parampara_krishna,repaired,parampara:krishna
text_entity_relations.csv,to_id,plant_mahua,repaired,plant:mahua
text_entity_relations.csv,to_id,parampara_krishna,repaired,parampara:krishna
text_entity_relations.csv,to_id,parampara_krishna,repaired,parampara:krishna
text_entity_relations.csv,to_id,graha_guru,repaired,graha:guru
text_entity_relations.csv,to_id,vastu_deity_vara,repaired,vastu:deity_vara
text_entity_relations.csv,to_id,graha_guru,repaired,graha:guru
text_entity_relations.csv,to_id,graha_guru,repaired,graha:guru
text_entity_relations.csv,to_id,element_water,repaired,element:water
text_entity_relations.csv,to_id,parampara_krishna,repaired,parampara:krishna
text_entity_relations.csv,to_id,element_water,repaired,element:water
text_entity_relations.csv,to_id,parampara_krishna,repaired,parampara:krishna
text_entity_relations.csv,to_id,graha_guru,repaired,graha:guru
text_entity_relations.csv,to_id,vastu_deity_parjanya,repaired,vastu:deity_parjanya
text_entity_relations.csv,to_id,parampara_krishna,repaired,parampara:krishna
text_entity_relations.csv,to_id,deity_brahma,repaired,deity:brahma
text_entity_relations.csv,to_id,guna_rajas,repaired,guna:rajas
text_entity_relations.csv,to_id,plant_mahua,repaired,plant:mahua
text_entity_relations.csv,to_id,plant_lotus,repaired,plant:lotus
text_entity_relations.csv,to_id,parampara_krishna,repaired,parampara:krishna
text_entity_relations.csv,to_id,plant_mahua,repaired,plant:mahua
text_entity_relations.csv,to_id,devi_vijaya,repaired,devi:vijaya
text_entity_relations.csv,to_id,parampara_krishna,repaired,parampara:krishna
text_entity_relations.csv,to_id,plant_mahua,repaired,plant:mahua
text_entity_relations.csv,to_id,plant_mahua,repaired,plant:mahua
text_entity_relations.csv,to_id,parampara_krishna,repaired,parampara:krishna
text_entity_relations.csv,to_id,bhava_virya,repaired,bhava:virya
text_entity_relations.csv,to_id,parampara_krishna,repaired,parampara:krishna
text_entity_relations.csv,to_id,parampara_krishna,repaired,parampara:krishna
text_entity_relations.csv,to_id,parampara_krishna,repaired,parampara:krishna
text_entity_relations.csv,to_id,deity_brahma,repaired,deity:brahma
text_entity_relations.csv,to_id,parampara_krishna,repaired,parampara:krishna
text_entity_relations.csv,to_id,parampara_krishna,repaired,parampara:krishna
text_entity_relations.csv,to_id,vastu_deity_vara,repaired,vastu:deity_vara
text_entity_relations.csv,to_id,parampara_krishna,repaired,parampara:krishna
text_entity_relations.csv,to_id,guna_rajas,repaired,guna:rajas
text_entity_relations.csv,to_id,guna_sattva,repaired,guna:sattva
text_entity_relations.csv,to_id,guna_sattva,repaired,guna:sattva
text_entity_relations.csv,to_id,bhava_sakhya,repaired,bhava:sakhya
text_entity_relations.csv,to_id,parampara_krishna,repaired,parampara:krishna
text_entity_relations.csv,to_id,parampara_krishna,repaired,parampara:krishna
text_entity_relations.csv,to_id,parampara_krishna,repaired,parampara:krishna
text_entity_relations.csv,to_id,parampara_krishna,repaired,parampara:krishna
text_entity_relations.csv,to_id,parampara_krishna,repaired,parampara:krishna
text_entity_relations.csv,to_id,deity_durga,repaired,deity:durga
text_entity_relations.csv,to_id,deity_brahma,repaired,deity:brahma
text_entity_relations.csv,to_id,parampara_krishna,repaired,parampara:krishna
text_entity_relations.csv,to_id,parampara_narada,repaired,parampara:narada
text_entity_relations.csv,to_id,devi_nitya,repaired,devi:nitya
text_entity_relations.csv,to_id,parampara_narada,repaired,parampara:narada
text_entity_relations.csv,to_id,nakshatra_hasta,repaired,nakshatra:hasta
text_entity_relations.csv,to_id,bhava_virya,repaired,bhava:virya
text_entity_relations.csv,to_id,vastu_deity_satya,repaired,vastu:deity_satya
text_entity_relations.csv,to_id,vastu_deity_mitra,repaired,vastu:deity_mitra
text_entity_relations.csv,to_id,guna_rajas,repaired,guna:rajas
text_entity_relations.csv,to_id,guna_sattva,repaired,guna:sattva
text_entity_relations.csv,to_id,deity_kali,repaired,deity:kali
text_entity_relations.csv,to_id,parampara_krishna,repaired,parampara:krishna
text_entity_relations.csv,to_id,devi_nitya,repaired,devi:nitya
text_entity_relations.csv,to_id,devi_nitya,repaired,devi:nitya
text_entity_relations.csv,to_id,bhava_virya,repaired,bhava:virya
text_entity_relations.csv,to_id,parampara_krishna,repaired,parampara:krishna
text_entity_relations.csv,to_id,vastu_deity_vara,repaired,vastu:deity_vara
text_entity_relations.csv,to_id,bhava_virya,repaired,bhava:virya
text_entity_relations.csv,to_id,nakshatra_chitra,repaired,nakshatra:chitra
text_entity_relations.csv,to_id,parampara_krishna,repaired,parampara:krishna
text_entity_relations.csv,to_id,parampara_krishna,repaired,parampara:krishna
text_entity_relations.csv,to_id,vastu_deity_satya,repaired,vastu:deity_satya
text_entity_relations.csv,to_id,vastu_deity_satya,repaired,vastu:deity_satya
text_entity_relations.csv,to_id,plant_mahua,repaired,plant:mahua
text_entity_relations.csv,to_id,parampara_krishna,repaired,parampara:krishna
text_entity_relations.csv,to_id,parampara_krishna,repaired,parampara:krishna
text_entity_relations.csv,to_id,bhava_virya,repaired,bhava:virya
text_entity_relations.csv,to_id,parampara_krishna,repaired,parampara:krishna
text_entity_relations.csv,to_id,nakshatra_chitra,repaired,nakshatra:chitra
text_entity_relations.csv,to_id,deity_rudra,repaired,deity:rudra
text_entity_relations.csv,to_id,parampara_krishna,repaired,parampara:krishna
text_entity_relations.csv,to_id,bhava_virya,repaired,bhava:virya
text_entity_relations.csv,to_id,parampara_krishna,repaired,parampara:krishna
text_entity_relations.csv,to_id,parampara_krishna,repaired,parampara:krishna
text_entity_relations.csv,to_id,graha_guru,repaired,graha:guru
text_entity_relations.csv,to_id,graha_guru,repaired,graha:guru
text_entity_relations.csv,to_id,parampara_krishna,repaired,parampara:krishna
text_entity_relations.csv,to_id,parampara_krishna,repaired,parampara:krishna
text_entity_relations.csv,to_id,vastu_deity_vara,repaired,vastu:deity_vara
text_entity_relations.csv,to_id,bhava_sakhya,repaired,bhava:sakhya
text_entity_relations.csv,to_id,element_water,repaired,element:water
text_entity_relations.csv,to_id,bhava_virya,repaired,bhava:virya
text_entity_relations.csv,to_id,vastu_deity_vara,repaired,vastu:deity_vara
text_entity_relations.csv,to_id,bhava_virya,repaired,bhava:virya
text_entity_relations.csv,to_id,vastu_deity_vara,repaired,vastu:deity_vara
text_entity_relations.csv,to_id,vastu_deity_yama,repaired,vastu:deity_yama
text_entity_relations.csv,to_id,nakshatra_hasta,repaired,nakshatra:hasta
text_entity_relations.csv,to_id,bhava_virya,repaired,bhava:virya
text_entity_relations.csv,to_id,bhava_hasya,repaired,bhava:hasya
text_entity_relations.csv,to_id,dosha_kapha,repaired,dosha:kapha
text_entity_relations.csv,to_id,dosha_pitta,repaired,dosha:pitta
text_entity_relations.csv,to_id,parampara_krishna,repaired,parampara:krishna
text_entity_relations.csv,to_id,parampara_krishna,repaired,parampara:krishna
text_entity_relations.csv,to_id,vastu_deity_satya,repaired,vastu:deity_satya
text_entity_relations.csv,to_id,bhava_virya,repaired,bhava:virya
text_entity_relations.csv,to_id,bhava_virya,repaired,bhava:virya
text_entity_relations.csv,to_id,nakshatra_hasta,repaired,nakshatra:hasta
text_entity_relations.csv,to_id,plant_lotus,repaired,plant:lotus
text_entity_relations.csv,to_id,plant_mahua,repaired,plant:mahua
text_entity_relations.csv,to_id,vastu_deity_gandharva,repaired,vastu:deity_gandharva
text_entity_relations.csv,to_id,parampara_krishna,repaired,parampara:krishna
text_entity_relations.csv,to_id,plant_mahua,repaired,plant:mahua
text_entity_relations.csv,to_id,parampara_krishna,repaired,parampara:krishna
text_entity_relations.csv,to_id,raga_instrument_pakhawaj,repaired,raga:instrument_pakhawaj
text_entity_relations.csv,to_id,parampara_krishna,repaired,parampara:krishna
text_entity_relations.csv,to_id,deity_brahma,repaired,deity:brahma
text_entity_relations.csv,to_id,deity_brahma,repaired,deity:brahma
text_entity_relations.csv,to_id,deity_rudra,repaired,deity:rudra
text_entity_relations.csv,to_id,deity_brahma,repaired,deity:brahma
text_entity_relations.csv,to_id,plant_arka,repaired,plant:arka
text_entity_relations.csv,to_id,parampara_krishna,repaired,parampara:krishna
text_entity_relations.csv,to_id,deity_brahma,repaired,deity:brahma
text_entity_relations.csv,to_id,vastu_deity_yama,repaired,vastu:deity_yama
text_entity_relations.csv,to_id,parampara_krishna,repaired,parampara:krishna
text_entity_relations.csv,to_id,deity_brahma,repaired,deity:brahma
text_entity_relations.csv,to_id,deity_brahma,repaired,deity:brahma
text_entity_relations.csv,to_id,deity_brahma,repaired,deity:brahma
text_entity_relations.csv,to_id,bhava_hasya,repaired,bhava:hasya
text_entity_relations.csv,to_id,nakshatra_hasta,repaired,nakshatra:hasta
text_entity_relations.csv,to_id,plant_lotus,repaired,plant:lotus
text_entity_relations.csv,to_id,nakshatra_chitra,repaired,nakshatra:chitra
text_entity_relations.csv,to_id,graha_chandra,repaired,graha:chandra
text_entity_relations.csv,to_id,plant_mahua,repaired,plant:mahua
text_entity_relations.csv,to_id,element_water,repaired,element:water
text_entity_relations.csv,to_id,plant_lotus,repaired,plant:lotus
text_entity_relations.csv,to_id,vastu_deity_mitra,repaired,vastu:deity_mitra
text_entity_relations.csv,to_id,vastu_deity_mitra,repaired,vastu:deity_mitra
text_entity_relations.csv,to_id,bhava_hasya,repaired,bhava:hasya
text_entity_relations.csv,to_id,bhava_hasya,repaired,bhava:hasya
text_entity_relations.csv,to_id,deity_kali,repaired,deity:kali
text_entity_relations.csv,to_id,graha_chandra,repaired,graha:chandra
text_entity_relations.csv,to_id,bhava_virya,repaired,bhava:virya
text_entity_relations.csv,to_id,parampara_brahma,repaired,parampara:brahma
text_entity_relations.csv,to_id,element_water,repaired,element:water
text_entity_relations.csv,to_id,parampara_narada,repaired,parampara:narada
text_entity_relations.csv,to_id,parampara_krishna,repaired,parampara:krishna
text_entity_relations.csv,to_id,deity_brahma,repaired,deity:brahma
text_entity_relations.csv,to_id,element_water,repaired,element:water
text_entity_relations.csv,to_id,devi_nitya,repaired,devi:nitya
text_entity_relations.csv,to_id,deity_brahma,repaired,deity:brahma
text_entity_relations.csv,to_id,bhava_hasya,repaired,bhava:hasya
text_entity_relations.csv,to_id,deity_brahma,repaired,deity:brahma
text_entity_relations.csv,to_id,parampara_krishna,repaired,parampara:krishna
text_entity_relations.csv,to_id,parampara_narada,repaired,parampara:narada
text_entity_relations.csv,to_id,deity_brahma,repaired,deity:brahma
text_entity_relations.csv,to_id,deity_brahma,repaired,deity:brahma
text_entity_relations.csv,to_id,deity_brahma,repaired,deity:brahma
text_entity_relations.csv,to_id,deity_brahma,repaired,deity:brahma
text_entity_relations.csv,to_id,parampara_krishna,repaired,parampara:krishna
text_entity_relations.csv,to_id,deity_brahma,repaired,deity:brahma
text_entity_relations.csv,to_id,nakshatra_chitra,repaired,nakshatra:chitra
text_entity_relations.csv,to_id,graha_guru,repaired,graha:guru
text_entity_relations.csv,to_id,parampara_krishna,repaired,parampara:krishna
text_entity_relations.csv,to_id,plant_lotus,repaired,plant:lotus
text_entity_relations.csv,to_id,deity_brahma,repaired,deity:brahma
text_entity_relations.csv,to_id,deity_brahma,repaired,deity:brahma
text_entity_relations.csv,to_id,vastu_deity_vara,repaired,vastu:deity_vara
text_entity_relations.csv,to_id,parampara_krishna,repaired,parampara:krishna
text_entity_relations.csv,to_id,deity_brahma,repaired,deity:brahma
text_entity_relations.csv,to_id,deity_brahma,repaired,deity:brahma
text_entity_relations.csv,to_id,parampara_krishna,repaired,parampara:krishna
text_entity_relations.csv,to_id,parampara_krishna,repaired,parampara:krishna
text_entity_relations.csv,to_id,deity_brahma,repaired,deity:brahma
text_entity_relations.csv,to_id,deity_brahma,repaired,deity:brahma
text_entity_relations.csv,to_id,parampara_krishna,repaired,parampara:krishna
text_entity_relations.csv,to_id,deity_brahma,repaired,deity:brahma
text_entity_relations.csv,to_id,graha_guru,repaired,graha:guru
text_entity_relations.csv,to_id,nakshatra_chitra,repaired,nakshatra:chitra
text_entity_relations.csv,to_id,deity_brahma,repaired,deity:brahma
text_entity_relations.csv,to_id,vastu_deity_mitra,repaired,vastu:deity_mitra
text_entity_relations.csv,to_id,deity_brahma,repaired,deity:brahma
text_entity_relations.csv,to_id,plant_mahua,repaired,plant:mahua
text_entity_relations.csv,to_id,plant_arka,repaired,plant:arka
text_entity_relations.csv,to_id,parampara_krishna,repaired,parampara:krishna
text_entity_relations.csv,to_id,parampara_krishna,repaired,parampara:krishna
text_entity_relations.csv,to_id,parampara_krishna,repaired,parampara:krishna
text_entity_relations.csv,to_id,parampara_krishna,repaired,parampara:krishna
text_entity_relations.csv,to_id,parampara_krishna,repaired,parampara:krishna
text_entity_relations.csv,to_id,vastu_deity_mitra,repaired,vastu:deity_mitra
text_entity_relations.csv,to_id,yantra_bindu,repaired,yantra:bindu
text_entity_relations.csv,to_id,yantra_bindu,repaired,yantra:bindu
text_entity_relations.csv,to_id,deity_brahma,repaired,deity:brahma
text_entity_relations.csv,to_id,deity_brahma,repaired,deity:brahma
text_entity_relations.csv,to_id,deity_brahma,repaired,deity:brahma
text_entity_relations.csv,to_id,guna_sattva,repaired,guna:sattva
text_entity_relations.csv,to_id,deity_brahma,repaired,deity:brahma
text_entity_relations.csv,to_id,bhava_adbhuta,repaired,bhava:adbhuta
text_entity_relations.csv,to_id,deity_brahma,repaired,deity:brahma
text_entity_relations.csv,to_id,deity_brahma,repaired,deity:brahma
text_entity_relations.csv,to_id,parampara_krishna,repaired,parampara:krishna
text_entity_relations.csv,to_id,graha_guru,repaired,graha:guru
text_entity_relations.csv,to_id,graha_guru,repaired,graha:guru
text_entity_relations.csv,to_id,graha_guru,repaired,graha:guru
text_entity_relations.csv,to_id,element_water,repaired,element:water
text_entity_relations.csv,to_id,element_water,repaired,element:water
text_entity_relations.csv,to_id,graha_guru,repaired,graha:guru
text_entity_relations.csv,to_id,graha_guru,repaired,graha:guru
text_entity_relations.csv,to_id,vastu_deity_satya,repaired,vastu:deity_satya
text_entity_relations.csv,to_id,deity_brahma,repaired,deity:brahma
text_entity_relations.csv,to_id,deity_brahma,repaired,deity:brahma
text_entity_relations.csv,to_id,deity_brahma,repaired,deity:brahma
text_entity_relations.csv,to_id,vastu_deity_parjanya,repaired,vastu:deity_parjanya
text_entity_relations.csv,to_id,bhava_sakhya,repaired,bhava:sakhya
text_entity_relations.csv,to_id,parampara_krishna,repaired,parampara:krishna
text_entity_relations.csv,to_id,parampara_krishna,repaired,parampara:krishna
text_entity_relations.csv,to_id,parampara_krishna,repaired,parampara:krishna
text_entity_relations.csv,to_id,parampara_krishna,repaired,parampara:krishna
text_entity_relations.csv,to_id,parampara_krishna,repaired,parampara:krishna
text_entity_relations.csv,to_id,devi_nitya,repaired,devi:nitya
text_entity_relations.csv,to_id,parampara_krishna,repaired,parampara:krishna
text_entity_relations.csv,to_id,parampara_krishna,repaired,parampara:krishna
text_entity_relations.csv,to_id,vastu_deity_vara,repaired,vastu:deity_vara
text_entity_relations.csv,to_id,bhava_virya,repaired,bhava:virya
text_entity_relations.csv,to_id,bhava_virya,repaired,bhava:virya
text_entity_relations.csv,to_id,parampara_narada,repaired,parampara:narada
text_entity_relations.csv,to_id,parampara_narada,repaired,parampara:narada
text_entity_relations.csv,to_id,nakshatra_chitra,repaired,nakshatra:chitra
text_entity_relations.csv,to_id,parampara_krishna,repaired,parampara:krishna
text_entity_relations.csv,to_id,parampara_krishna,repaired,parampara:krishna
text_entity_relations.csv,to_id,deity_brahma,repaired,deity:brahma
text_entity_relations.csv,to_id,parampara_krishna,repaired,parampara:krishna
text_entity_relations.csv,to_id,graha_chandra,repaired,graha:chandra
text_entity_relations.csv,to_id,deity_brahma,repaired,deity:brahma
text_entity_relations.csv,to_id,deity_brahma,repaired,deity:brahma
text_entity_relations.csv,to_id,parampara_narada,repaired,parampara:narada
text_entity_relations.csv,to_id,vastu_deity_soma,repaired,vastu:deity_soma
text_entity_relations.csv,to_id,deity_agni,repaired,deity:agni
text_entity_relations.csv,to_id,parampara_krishna,repaired,parampara:krishna
text_entity_relations.csv,to_id,parampara_krishna,repaired,parampara:krishna
text_entity_relations.csv,to_id,parampara_krishna,repaired,parampara:krishna
text_entity_relations.csv,to_id,guna_rajas,repaired,guna:rajas
text_entity_relations.csv,to_id,parampara_krishna,repaired,parampara:krishna
text_entity_relations.csv,to_id,parampara_krishna,repaired,parampara:krishna
text_entity_relations.csv,to_id,graha_guru,repaired,graha:guru
text_entity_relations.csv,to_id,graha_guru,repaired,graha:guru
text_entity_relations.csv,to_id,deity_brahma,repaired,deity:brahma
text_entity_relations.csv,to_id,guna_rajas,repaired,guna:rajas
text_entity_relations.csv,to_id,guna_sattva,repaired,guna:sattva
text_entity_relations.csv,to_id,guna_sattva,repaired,guna:sattva
text_entity_relations.csv,to_id,parampara_vyasa,repaired,parampara:vyasa
text_entity_relations.csv,to_id,deity_durga,repaired,deity:durga
text_entity_relations.csv,to_id,vastu_deity_vara,repaired,vastu:deity_vara
text_entity_relations.csv,to_id,plant_mahua,repaired,plant:mahua
text_entity_relations.csv,to_id,guna_sattva,repaired,guna:sattva
text_entity_relations.csv,to_id,deity_brahma,repaired,deity:brahma
text_entity_relations.csv,to_id,deity_brahma,repaired,deity:brahma
text_entity_relations.csv,to_id,deity_brahma,repaired,deity:brahma
text_entity_relations.csv,to_id,guna_sattva,repaired,guna:sattva
text_entity_relations.csv,to_id,element_water,repaired,element:water
text_entity_relations.csv,to_id,devi_nitya,repaired,devi:nitya
text_entity_relations.csv,to_id,vastu_deity_vitatha,repaired,vastu:deity_vitatha
text_entity_relations.csv,to_id,vastu_deity_vitatha,repaired,vastu:deity_vitatha
text_entity_relations.csv,to_id,deity_brahma,repaired,deity:brahma
text_entity_relations.csv,to_id,parampara_narada,repaired,parampara:narada
text_entity_relations.csv,to_id,deity_brahma,repaired,deity:brahma
text_entity_relations.csv,to_id,vastu_deity_vara,repaired,vastu:deity_vara
text_entity_relations.csv,to_id,parampara_brahma,repaired,parampara:brahma
text_entity_relations.csv,to_id,vastu_deity_asura,repaired,vastu:deity_asura
text_entity_relations.csv,to_id,vastu_deity_asura,repaired,vastu:deity_asura
text_entity_relations.csv,to_id,vastu_deity_vara,repaired,vastu:deity_vara
text_entity_relations.csv,to_id,deity_brahma,repaired,deity:brahma
text_entity_relations.csv,to_id,guna_sattva,repaired,guna:sattva
text_entity_relations.csv,to_id,deity_brahma,repaired,deity:brahma
text_entity_relations.csv,to_id,deity_brahma,repaired,deity:brahma
text_entity_relations.csv,to_id,devi_nitya,repaired,devi:nitya
text_entity_relations.csv,to_id,plant_arjuna,repaired,plant:arjuna
text_entity_relations.csv,to_id,plant_arjuna,repaired,plant:arjuna
text_entity_relations.csv,to_id,parampara_krishna,repaired,parampara:krishna
text_entity_relations.csv,to_id,plant_lotus,repaired,plant:lotus
text_entity_relations.csv,to_id,plant_mahua,repaired,plant:mahua
text_entity_relations.csv,to_id,plant_mahua,repaired,plant:mahua
text_entity_relations.csv,to_id,parampara_krishna,repaired,parampara:krishna
text_entity_relations.csv,to_id,parampara_krishna,repaired,parampara:krishna
text_entity_relations.csv,to_id,vastu_deity_vara,repaired,vastu:deity_vara
text_entity_relations.csv,to_id,deity_brahma,repaired,deity:brahma
text_entity_relations.csv,to_id,deity_krishna,repaired,deity:krishna
text_entity_relations.csv,to_id,deity_lakshmi,repaired,deity:lakshmi
text_entity_relations.csv,to_id,body_region_eyes,repaired,body:region_eyes
text_entity_relations.csv,to_id,plant_lotus,repaired,plant:lotus
text_entity_relations.csv,to_id,body_region_head,repaired,body:region_head
text_entity_relations.csv,to_id,tala_raga_pilu,repaired,tala:raga_pilu
text_entity_relations.csv,to_id,body_region_eyes,repaired,body:region_eyes
text_entity_relations.csv,to_id,deity_krishna,repaired,deity:krishna
text_entity_relations.csv,to_id,graha_chandra,repaired,graha:chandra
text_entity_relations.csv,to_id,vastu_deity_vara,repaired,vastu:deity_vara
text_entity_relations.csv,to_id,graha_chandra,repaired,graha:chandra
text_entity_relations.csv,to_id,graha_guru,repaired,graha:guru
text_entity_relations.csv,to_id,graha_guru,repaired,graha:guru
text_entity_relations.csv,to_id,graha_chandra,repaired,graha:chandra
text_entity_relations.csv,to_id,graha_mangala,repaired,graha:mangala
text_entity_relations.csv,to_id,graha_chandra,repaired,graha:chandra
text_entity_relations.csv,to_id,vastu_deity_tithi,repaired,vastu:deity_tithi
text_entity_relations.csv,to_id,graha_guru,repaired,graha:guru
text_entity_relations.csv,to_id,graha_guru,repaired,graha:guru
text_entity_relations.csv,to_id,tala_caturasra,repaired,tala:caturasra
text_entity_relations.csv,to_id,graha_guru,repaired,graha:guru
text_entity_relations.csv,to_id,bhava_virya,repaired,bhava:virya
text_entity_relations.csv,to_id,parampara_krishna,repaired,parampara:krishna
text_entity_relations.csv,to_id,nakshatra_chitra,repaired,nakshatra:chitra
text_entity_relations.csv,to_id,deity_indra,repaired,deity:indra
text_entity_relations.csv,to_id,deity_indra,repaired,deity:indra
text_entity_relations.csv,to_id,plant_arka,repaired,plant:arka
text_entity_relations.csv,to_id,graha_budha,repaired,graha:budha
text_entity_relations.csv,to_id,graha_mangala,repaired,graha:mangala
text_entity_relations.csv,to_id,graha_chandra,repaired,graha:chandra
text_entity_relations.csv,to_id,guna_rajas,repaired,guna:rajas
text_entity_relations.csv,to_id,guna_rajas,repaired,guna:rajas
text_entity_relations.csv,to_id,plant_mahua,repaired,plant:mahua
text_entity_relations.csv,to_id,tala_caturasra,repaired,tala:caturasra
text_entity_relations.csv,to_id,dosha_pitta,repaired,dosha:pitta
text_entity_relations.csv,to_id,bhava_hasya,repaired,bhava:hasya
text_entity_relations.csv,to_id,dosha_kapha,repaired,dosha:kapha
text_entity_relations.csv,to_id,plant_arka,repaired,plant:arka
text_entity_relations.csv,to_id,graha_chandra,repaired,graha:chandra
text_entity_relations.csv,to_id,graha_budha,repaired,graha:budha
text_entity_relations.csv,to_id,deity_agni,repaired,deity:agni
text_entity_relations.csv,to_id,tala_caturasra,repaired,tala:caturasra
text_entity_relations.csv,to_id,rasa_tikta,repaired,rasa:tikta
text_entity_relations.csv,to_id,rasa_madhura,repaired,rasa:madhura
text_entity_relations.csv,to_id,vastu_deity_satya,repaired,vastu:deity_satya
text_entity_relations.csv,to_id,graha_mangala,repaired,graha:mangala
text_entity_relations.csv,to_id,graha_mangala,repaired,graha:mangala
text_entity_relations.csv,to_id,vastu_deity_vyaya,repaired,vastu:deity_vyaya
text_entity_relations.csv,to_id,vastu_deity_mitra,repaired,vastu:deity_mitra
text_entity_relations.csv,to_id,graha_budha,repaired,graha:budha
text_entity_relations.csv,to_id,bhava_virya,repaired,bhava:virya
text_entity_relations.csv,to_id,graha_mangala,repaired,graha:mangala
text_entity_relations.csv,to_id,graha_chandra,repaired,graha:chandra
text_entity_relations.csv,to_id,graha_budha,repaired,graha:budha
text_entity_relations.csv,to_id,element_water,repaired,element:water
text_entity_relations.csv,to_id,graha_mangala,repaired,graha:mangala
text_entity_relations.csv,to_id,graha_mangala,repaired,graha:mangala
text_entity_relations.csv,to_id,vastu_deity_vyaya,repaired,vastu:deity_vyaya
text_entity_relations.csv,to_id,plant_arka,repaired,plant:arka
text_entity_relations.csv,to_id,graha_mangala,repaired,graha:mangala
text_entity_relations.csv,to_id,plant_arka,repaired,plant:arka
text_entity_relations.csv,to_id,graha_budha,repaired,graha:budha
text_entity_relations.csv,to_id,graha_chandra,repaired,graha:chandra
text_entity_relations.csv,to_id,graha_chandra,repaired,graha:chandra
text_entity_relations.csv,to_id,bhava_virya,repaired,bhava:virya
text_entity_relations.csv,to_id,graha_mangala,repaired,graha:mangala
text_entity_relations.csv,to_id,graha_chandra,repaired,graha:chandra
text_entity_relations.csv,to_id,vastu_deity_yama,repaired,vastu:deity_yama
text_entity_relations.csv,to_id,graha_mangala,repaired,graha:mangala
text_entity_relations.csv,to_id,vastu_deity_vyaya,repaired,vastu:deity_vyaya
text_entity_relations.csv,to_id,bhava_virya,repaired,bhava:virya
text_entity_relations.csv,to_id,vastu_deity_vyaya,repaired,vastu:deity_vyaya
text_entity_relations.csv,to_id,graha_budha,repaired,graha:budha
text_entity_relations.csv,to_id,deity_agni,repaired,deity:agni
text_entity_relations.csv,to_id,deity_indra,repaired,deity:indra
text_entity_relations.csv,to_id,graha_mangala,repaired,graha:mangala
text_entity_relations.csv,to_id,nakshatra_hasta,repaired,nakshatra:hasta
text_entity_relations.csv,to_id,plant_arka,repaired,plant:arka
text_entity_relations.csv,to_id,bhava_virya,repaired,bhava:virya
text_entity_relations.csv,to_id,nakshatra_chitra,repaired,nakshatra:chitra
text_entity_relations.csv,to_id,graha_guru,repaired,graha:guru
text_entity_relations.csv,to_id,graha_chandra,repaired,graha:chandra
text_entity_relations.csv,to_id,bhava_virya,repaired,bhava:virya
text_entity_relations.csv,to_id,graha_chandra,repaired,graha:chandra
text_entity_relations.csv,to_id,deity_agni,repaired,deity:agni
text_entity_relations.csv,to_id,bhava_virya,repaired,bhava:virya
text_entity_relations.csv,to_id,vastu_deity_vyaya,repaired,vastu:deity_vyaya
text_entity_relations.csv,to_id,vastu_deity_tithi,repaired,vastu:deity_tithi
text_entity_relations.csv,to_id,deity_rudra,repaired,deity:rudra
text_entity_relations.csv,to_id,plant_arka,repaired,plant:arka
text_entity_relations.csv,to_id,vastu_deity_vyaya,repaired,vastu:deity_vyaya
text_entity_relations.csv,to_id,vastu_deity_satya,repaired,vastu:deity_satya
text_entity_relations.csv,to_id,vastu_deity_satya,repaired,vastu:deity_satya
text_entity_relations.csv,to_id,bhava_virya,repaired,bhava:virya
text_entity_relations.csv,to_id,vastu_deity_satya,repaired,vastu:deity_satya
text_entity_relations.csv,to_id,graha_guru,repaired,graha:guru
text_entity_relations.csv,to_id,tala_caturasra,repaired,tala:caturasra
text_entity_relations.csv,to_id,graha_chandra,repaired,graha:chandra
text_entity_relations.csv,to_id,vastu_deity_mitra,repaired,vastu:deity_mitra
text_entity_relations.csv,to_id,graha_budha,repaired,graha:budha
text_entity_relations.csv,to_id,graha_budha,repaired,graha:budha
text_entity_relations.csv,to_id,deity_durga,repaired,deity:durga
text_entity_relations.csv,to_id,graha_guru,repaired,graha:guru
text_entity_relations.csv,to_id,vastu_deity_mitra,repaired,vastu:deity_mitra
text_entity_relations.csv,to_id,graha_guru,repaired,graha:guru
text_entity_relations.csv,to_id,dosha_pitta,repaired,dosha:pitta
text_entity_relations.csv,to_id,graha_guru,repaired,graha:guru
text_entity_relations.csv,to_id,bhava_hasya,repaired,bhava:hasya
text_entity_relations.csv,to_id,vastu_deity_mitra,repaired,vastu:deity_mitra
text_entity_relations.csv,to_id,deity_agni,repaired,deity:agni
text_entity_relations.csv,to_id,vastu_deity_vyaya,repaired,vastu:deity_vyaya
text_entity_relations.csv,to_id,plant_arka,repaired,plant:arka
text_entity_relations.csv,to_id,vastu_deity_vyaya,repaired,vastu:deity_vyaya
text_entity_relations.csv,to_id,vastu_deity_yama,repaired,vastu:deity_yama
text_entity_relations.csv,to_id,vastu_deity_mitra,repaired,vastu:deity_mitra
text_entity_relations.csv,to_id,plant_arka,repaired,plant:arka
text_entity_relations.csv,to_id,graha_chandra,repaired,graha:chandra
text_entity_relations.csv,to_id,graha_chandra,repaired,graha:chandra
text_entity_relations.csv,to_id,deity_agni,repaired,deity:agni
text_entity_relations.csv,to_id,graha_mangala,repaired,graha:mangala
text_entity_relations.csv,to_id,vastu_deity_mitra,repaired,vastu:deity_mitra
text_entity_relations.csv,to_id,plant_arka,repaired,plant:arka
text_entity_relations.csv,to_id,graha_chandra,repaired,graha:chandra
text_entity_relations.csv,to_id,body_region_hair,repaired,body:region_hair
text_entity_relations.csv,to_id,graha_guru,repaired,graha:guru
text_entity_relations.csv,to_id,vastu_deity_yama,repaired,vastu:deity_yama
text_entity_relations.csv,to_id,graha_mangala,repaired,graha:mangala
text_entity_relations.csv,to_id,plant_arka,repaired,plant:arka
text_entity_relations.csv,to_id,graha_guru,repaired,graha:guru
text_entity_relations.csv,to_id,vastu_deity_vyaya,repaired,vastu:deity_vyaya
text_entity_relations.csv,to_id,vastu_deity_yama,repaired,vastu:deity_yama
text_entity_relations.csv,to_id,graha_chandra,repaired,graha:chandra
text_entity_relations.csv,to_id,plant_arka,repaired,plant:arka
text_entity_relations.csv,to_id,graha_budha,repaired,graha:budha
text_entity_relations.csv,to_id,bhava_virya,repaired,bhava:virya
text_entity_relations.csv,to_id,bhava_virya,repaired,bhava:virya
text_entity_relations.csv,to_id,plant_arka,repaired,plant:arka
text_entity_relations.csv,to_id,vastu_deity_yama,repaired,vastu:deity_yama
text_entity_relations.csv,to_id,graha_guru,repaired,graha:guru
text_entity_relations.csv,to_id,graha_budha,repaired,graha:budha
text_entity_relations.csv,to_id,plant_arka,repaired,plant:arka
text_entity_relations.csv,to_id,deity_agni,repaired,deity:agni
text_entity_relations.csv,to_id,bhava_virya,repaired,bhava:virya
text_entity_relations.csv,to_id,deity_indra,repaired,deity:indra
text_entity_relations.csv,to_id,plant_arka,repaired,plant:arka
text_entity_relations.csv,to_id,graha_guru,repaired,graha:guru
text_entity_relations.csv,to_id,vastu_deity_roga,repaired,vastu:deity_roga
text_entity_relations.csv,to_id,nakshatra_chitra,repaired,nakshatra:chitra
text_entity_relations.csv,to_id,graha_guru,repaired,graha:guru
text_entity_relations.csv,to_id,plant_arka,repaired,plant:arka
text_entity_relations.csv,to_id,graha_guru,repaired,graha:guru
text_entity_relations.csv,to_id,vastu_deity_satya,repaired,vastu:deity_satya
text_entity_relations.csv,to_id,bhava_raudra,repaired,bhava:raudra
text_entity_relations.csv,to_id,vastu_deity_roga,repaired,vastu:deity_roga
text_entity_relations.csv,to_id,bhava_santa,repaired,bhava:santa
text_entity_relations.csv,to_id,nakshatra_chitra,repaired,nakshatra:chitra
text_entity_relations.csv,to_id,element_water,repaired,element:water
text_entity_relations.csv,to_id,vastu_deity_mitra,repaired,vastu:deity_mitra
text_entity_relations.csv,to_id,bhava_hasya,repaired,bhava:hasya
text_entity_relations.csv,to_id,bhava_hasya,repaired,bhava:hasya
text_entity_relations.csv,to_id,plant_arka,repaired,plant:arka
text_entity_relations.csv,to_id,vastu_deity_satya,repaired,vastu:deity_satya
text_entity_relations.csv,to_id,graha_guru,repaired,graha:guru
text_entity_relations.csv,to_id,element_water,repaired,element:water
text_entity_relations.csv,to_id,bhava_virya,repaired,bhava:virya
text_entity_relations.csv,to_id,deity_indra,repaired,deity:indra
text_entity_relations.csv,to_id,graha_mangala,repaired,graha:mangala
text_entity_relations.csv,to_id,element_water,repaired,element:water
text_entity_relations.csv,to_id,plant_arka,repaired,plant:arka
text_entity_relations.csv,to_id,vastu_deity_mitra,repaired,vastu:deity_mitra
text_entity_relations.csv,to_id,deity_indra,repaired,deity:indra
text_entity_relations.csv,to_id,graha_mangala,repaired,graha:mangala
text_entity_relations.csv,to_id,vastu_deity_mukhya,repaired,vastu:deity_mukhya
text_entity_relations.csv,to_id,vastu_deity_mukhya,repaired,vastu:deity_mukhya
text_entity_relations.csv,to_id,deity_indra,repaired,deity:indra
text_entity_relations.csv,to_id,graha_mangala,repaired,graha:mangala
text_entity_relations.csv,to_id,deity_indra,repaired,deity:indra
text_entity_relations.csv,to_id,graha_budha,repaired,graha:budha
text_entity_relations.csv,to_id,deity_indra,repaired,deity:indra
text_entity_relations.csv,to_id,deity_indra,repaired,deity:indra
text_entity_relations.csv,to_id,bhava_hasya,repaired,bhava:hasya
text_entity_relations.csv,to_id,bhava_virya,repaired,bhava:virya
text_entity_relations.csv,to_id,vastu_deity_mitra,repaired,vastu:deity_mitra
text_entity_relations.csv,to_id,graha_guru,repaired,graha:guru
text_entity_relations.csv,to_id,vastu_deity_mukhya,repaired,vastu:deity_mukhya
text_entity_relations.csv,to_id,vastu_deity_mitra,repaired,vastu:deity_mitra
text_entity_relations.csv,to_id,vastu_deity_mitra,repaired,vastu:deity_mitra
text_entity_relations.csv,to_id,rasa_madhura,repaired,rasa:madhura
text_entity_relations.csv,to_id,rasa_madhura,repaired,rasa:madhura
text_entity_relations.csv,to_id,graha_guru,repaired,graha:guru
text_entity_relations.csv,to_id,plant_arka,repaired,plant:arka
text_entity_relations.csv,to_id,graha_mangala,repaired,graha:mangala
text_entity_relations.csv,to_id,vastu_deity_yama,repaired,vastu:deity_yama
text_entity_relations.csv,to_id,plant_arka,repaired,plant:arka
text_entity_relations.csv,to_id,graha_mangala,repaired,graha:mangala
text_entity_relations.csv,to_id,vastu_deity_yama,repaired,vastu:deity_yama
text_entity_relations.csv,to_id,plant_arka,repaired,plant:arka
text_entity_relations.csv,to_id,graha_guru,repaired,graha:guru
text_entity_relations.csv,to_id,graha_guru,repaired,graha:guru
text_entity_relations.csv,to_id,tala_caturasra,repaired,tala:caturasra
text_entity_relations.csv,to_id,vastu_deity_vyaya,repaired,vastu:deity_vyaya
text_entity_relations.csv,to_id,vastu_deity_vyaya,repaired,vastu:deity_vyaya
text_entity_relations.csv,to_id,graha_chandra,repaired,graha:chandra
text_entity_relations.csv,to_id,vastu_deity_diti,repaired,vastu:deity_diti
text_entity_relations.csv,to_id,graha_chandra,repaired,graha:chandra
text_entity_relations.csv,to_id,vastu_deity_vyaya,repaired,vastu:deity_vyaya
text_entity_relations.csv,to_id,graha_chandra,repaired,graha:chandra
text_entity_relations.csv,to_id,vastu_deity_vyaya,repaired,vastu:deity_vyaya
text_entity_relations.csv,to_id,vastu_deity_yama,repaired,vastu:deity_yama
text_entity_relations.csv,to_id,vastu_deity_vara,repaired,vastu:deity_vara
text_entity_relations.csv,to_id,vastu_deity_asura,repaired,vastu:deity_asura
text_entity_relations.csv,to_id,plant_arka,repaired,plant:arka
text_entity_relations.csv,to_id,graha_budha,repaired,graha:budha
text_entity_relations.csv,to_id,plant_arka,repaired,plant:arka
text_entity_relations.csv,to_id,plant_arka,repaired,plant:arka
text_entity_relations.csv,to_id,bhava_virya,repaired,bhava:virya
text_entity_relations.csv,to_id,deity_brahma,repaired,deity:brahma
text_entity_relations.csv,to_id,deity_brahma,repaired,deity:brahma
text_entity_relations.csv,to_id,bhava_virya,repaired,bhava:virya
text_entity_relations.csv,to_id,plant_arka,repaired,plant:arka
text_entity_relations.csv,to_id,element_water,repaired,element:water
text_entity_relations.csv,to_id,deity_agni,repaired,deity:agni
text_entity_relations.csv,to_id,graha_mangala,repaired,graha:mangala
text_entity_relations.csv,to_id,deity_agni,repaired,deity:agni
text_entity_relations.csv,to_id,graha_chandra,repaired,graha:chandra
text_entity_relations.csv,to_id,deity_agni,repaired,deity:agni
text_entity_relations.csv,to_id,graha_mangala,repaired,graha:mangala
text_entity_relations.csv,to_id,bhava_virya,repaired,bhava:virya
text_entity_relations.csv,to_id,vastu_deity_roga,repaired,vastu:deity_roga
text_entity_relations.csv,to_id,plant_arka,repaired,plant:arka
text_entity_relations.csv,to_id,element_water,repaired,element:water
text_entity_relations.csv,to_id,vastu_deity_yama,repaired,vastu:deity_yama
text_entity_relations.csv,to_id,bhava_virya,repaired,bhava:virya
text_entity_relations.csv,to_id,plant_arka,repaired,plant:arka
text_entity_relations.csv,to_id,plant_arka,repaired,plant:arka
text_entity_relations.csv,to_id,bhava_virya,repaired,bhava:virya
text_entity_relations.csv,to_id,vastu_deity_tithi,repaired,vastu:deity_tithi
text_entity_relations.csv,to_id,deity_indra,repaired,deity:indra
text_entity_relations.csv,to_id,vastu_deity_pitr,repaired,vastu:deity_pitr
text_entity_relations.csv,to_id,parampara_krishna,repaired,parampara:krishna
text_entity_relations.csv,to_id,vastu_deity_bhujaga,repaired,vastu:deity_bhujaga
text_entity_relations.csv,to_id,vastu_deity_vara,repaired,vastu:deity_vara
text_entity_relations.csv,to_id,bhava_raudra,repaired,bhava:raudra
text_entity_relations.csv,to_id,element_water,repaired,element:water
text_entity_relations.csv,to_id,vastu_deity_yoni,repaired,vastu:deity_yoni
text_entity_relations.csv,to_id,vastu_deity_vara,repaired,vastu:deity_vara
text_entity_relations.csv,to_id,graha_guru,repaired,graha:guru
text_entity_relations.csv,to_id,deity_saraswati,repaired,deity:saraswati
text_entity_relations.csv,to_id,graha_mangala,repaired,graha:mangala
text_entity_relations.csv,to_id,parampara_brahma,repaired,parampara:brahma
text_entity_relations.csv,to_id,plant_arka,repaired,plant:arka
text_entity_relations.csv,to_id,element_water,repaired,element:water
text_entity_relations.csv,to_id,vastu_deity_tithi,repaired,vastu:deity_tithi
text_entity_relations.csv,to_id,devi_vijaya,repaired,devi:vijaya
text_entity_relations.csv,to_id,vastu_deity_tithi,repaired,vastu:deity_tithi
text_entity_relations.csv,to_id,plant_arka,repaired,plant:arka
text_entity_relations.csv,to_id,deity_agni,repaired,deity:agni
text_entity_relations.csv,to_id,plant_arka,repaired,plant:arka
text_entity_relations.csv,to_id,graha_chandra,repaired,graha:chandra
text_entity_relations.csv,to_id,graha_ketu,repaired,graha:ketu
text_entity_relations.csv,to_id,graha_ketu,repaired,graha:ketu
text_entity_relations.csv,to_id,plant_lotus,repaired,plant:lotus
text_entity_relations.csv,to_id,vastu_deity_roga,repaired,vastu:deity_roga
text_entity_relations.csv,to_id,raga_bhairava,repaired,raga:bhairava
text_entity_relations.csv,to_id,plant_arka,repaired,plant:arka
text_entity_relations.csv,to_id,deity_brahma,repaired,deity:brahma
text_entity_relations.csv,to_id,deity_brahma,repaired,deity:brahma
text_entity_relations.csv,to_id,vastu_deity_tithi,repaired,vastu:deity_tithi
text_entity_relations.csv,to_id,plant_arka,repaired,plant:arka
text_entity_relations.csv,to_id,vastu_deity_vara,repaired,vastu:deity_vara
text_entity_relations.csv,to_id,plant_arka,repaired,plant:arka
text_entity_relations.csv,to_id,deity_brahma,repaired,deity:brahma
text_entity_relations.csv,to_id,deity_indra,repaired,deity:indra
text_entity_relations.csv,to_id,deity_agni,repaired,deity:agni
text_entity_relations.csv,to_id,vastu_deity_mitra,repaired,vastu:deity_mitra
text_entity_relations.csv,to_id,guna_sattva,repaired,guna:sattva
text_entity_relations.csv,to_id,plant_fig,repaired,plant:fig
text_entity_relations.csv,to_id,vastu_deity_vara,repaired,vastu:deity_vara
text_entity_relations.csv,to_id,element_water,repaired,element:water
text_entity_relations.csv,to_id,guna_tamas,repaired,guna:tamas
text_entity_relations.csv,to_id,guna_tamas,repaired,guna:tamas
text_entity_relations.csv,to_id,deity_agni,repaired,deity:agni
text_entity_relations.csv,to_id,vastu_deity_roga,repaired,vastu:deity_roga
text_entity_relations.csv,to_id,guna_sattva,repaired,guna:sattva
text_entity_relations.csv,to_id,parampara_krishna,repaired,parampara:krishna
text_entity_relations.csv,to_id,deity_agni,repaired,deity:agni
text_entity_relations.csv,to_id,plant_lotus,repaired,plant:lotus
text_entity_relations.csv,to_id,plant_mahua,repaired,plant:mahua
text_entity_relations.csv,to_id,vastu_deity_roga,repaired,vastu:deity_roga
text_entity_relations.csv,to_id,deity_agni,repaired,deity:agni
text_entity_relations.csv,to_id,nakshatra_hasta,repaired,nakshatra:hasta
text_entity_relations.csv,to_id,element_water,repaired,element:water
text_entity_relations.csv,to_id,vastu_deity_roga,repaired,vastu:deity_roga
text_entity_relations.csv,to_id,bhava_raudra,repaired,bhava:raudra
text_entity_relations.csv,to_id,nakshatra_hasta,repaired,nakshatra:hasta
text_entity_relations.csv,to_id,graha_chandra,repaired,graha:chandra
text_entity_relations.csv,to_id,vastu_deity_roga,repaired,vastu:deity_roga
text_entity_relations.csv,to_id,vastu_deity_mitra,repaired,vastu:deity_mitra
text_entity_relations.csv,to_id,vastu_deity_soma,repaired,vastu:deity_soma
text_entity_relations.csv,to_id,plant_arka,repaired,plant:arka
text_entity_relations.csv,to_id,deity_indra,repaired,deity:indra
text_entity_relations.csv,to_id,deity_agni,repaired,deity:agni
text_entity_relations.csv,to_id,deity_kali,repaired,deity:kali
text_entity_relations.csv,to_id,vastu_deity_roga,repaired,vastu:deity_roga
text_entity_relations.csv,to_id,graha_guru,repaired,graha:guru
text_entity_relations.csv,to_id,graha_guru,repaired,graha:guru
text_entity_relations.csv,to_id,deity_agni,repaired,deity:agni
text_entity_relations.csv,to_id,nakshatra_hasta,repaired,nakshatra:hasta
text_entity_relations.csv,to_id,deity_brahma,repaired,deity:brahma
text_entity_relations.csv,to_id,vastu_deity_mitra,repaired,vastu:deity_mitra
text_entity_relations.csv,to_id,vastu_deity_roga,repaired,vastu:deity_roga
text_entity_relations.csv,to_id,vastu_deity_roga,repaired,vastu:deity_roga
text_entity_relations.csv,to_id,vastu_deity_mukhya,repaired,vastu:deity_mukhya
text_entity_relations.csv,to_id,graha_budha,repaired,graha:budha
text_entity_relations.csv,to_id,deity_agni,repaired,deity:agni
text_entity_relations.csv,to_id,nakshatra_hasta,repaired,nakshatra:hasta
text_entity_relations.csv,to_id,bhava_raudra,repaired,bhava:raudra
text_entity_relations.csv,to_id,graha_ketu,repaired,graha:ketu
text_entity_relations.csv,to_id,graha_ketu,repaired,graha:ketu
text_entity_relations.csv,to_id,vastu_deity_roga,repaired,vastu:deity_roga
text_entity_relations.csv,to_id,bhava_raudra,repaired,bhava:raudra
text_entity_relations.csv,to_id,dosha_vata,repaired,dosha:vata
text_entity_relations.csv,to_id,deity_agni,repaired,deity:agni
text_entity_relations.csv,to_id,vastu_deity_roga,repaired,vastu:deity_roga
text_entity_relations.csv,to_id,vastu_deity_gandharva,repaired,vastu:deity_gandharva
text_entity_relations.csv,to_id,parampara_krishna,repaired,parampara:krishna
text_entity_relations.csv,to_id,vastu_deity_satya,repaired,vastu:deity_satya
text_entity_relations.csv,to_id,guna_sattva,repaired,guna:sattva
text_entity_relations.csv,to_id,vastu_deity_satya,repaired,vastu:deity_satya
text_entity_relations.csv,to_id,nakshatra_hasta,repaired,nakshatra:hasta
text_entity_relations.csv,to_id,plant_fig,repaired,plant:fig
text_entity_relations.csv,to_id,deity_durga,repaired,deity:durga
text_entity_relations.csv,to_id,deity_durga,repaired,deity:durga
text_entity_relations.csv,to_id,vastu_deity_satya,repaired,vastu:deity_satya
text_entity_relations.csv,to_id,vastu_deity_satya,repaired,vastu:deity_satya
text_entity_relations.csv,to_id,rasa_madhura,repaired,rasa:madhura
text_entity_relations.csv,to_id,vastu_deity_vara,repaired,vastu:deity_vara
text_entity_relations.csv,to_id,rasa_madhura,repaired,rasa:madhura
text_entity_relations.csv,to_id,rasa_tikta,repaired,rasa:tikta
text_entity_relations.csv,to_id,vastu_deity_bhujaga,repaired,vastu:deity_bhujaga
text_entity_relations.csv,to_id,vastu_deity_bhujaga,repaired,vastu:deity_bhujaga
text_entity_relations.csv,to_id,graha_budha,repaired,graha:budha
text_entity_relations.csv,to_id,graha_guru,repaired,graha:guru
text_entity_relations.csv,to_id,graha_ketu,repaired,graha:ketu
text_entity_relations.csv,to_id,graha_mangala,repaired,graha:mangala
text_entity_relations.csv,to_id,vastu_deity_satya,repaired,vastu:deity_satya
text_entity_relations.csv,to_id,vastu_deity_satya,repaired,vastu:deity_satya
text_entity_relations.csv,to_id,graha_mangala,repaired,graha:mangala
text_entity_relations.csv,to_id,vastu_deity_mukhya,repaired,vastu:deity_mukhya
text_entity_relations.csv,to_id,graha_mangala,repaired,graha:mangala
text_entity_relations.csv,to_id,graha_mangala,repaired,graha:mangala
text_entity_relations.csv,to_id,vastu_deity_vara,repaired,vastu:deity_vara
text_entity_relations.csv,to_id,element_water,repaired,element:water
text_entity_relations.csv,to_id,plant_mahua,repaired,plant:mahua
text_entity_relations.csv,to_id,vastu_deity_roga,repaired,vastu:deity_roga
text_entity_relations.csv,to_id,vastu_deity_roga,repaired,vastu:deity_roga
text_entity_relations.csv,to_id,vastu_deity_yama,repaired,vastu:deity_yama
text_entity_relations.csv,to_id,parampara_krishna,repaired,parampara:krishna
text_entity_relations.csv,to_id,graha_ketu,repaired,graha:ketu
text_entity_relations.csv,to_id,plant_arka,repaired,plant:arka
text_entity_relations.csv,to_id,graha_chandra,repaired,graha:chandra
text_entity_relations.csv,to_id,nakshatra_hasta,repaired,nakshatra:hasta
text_entity_relations.csv,to_id,graha_ketu,repaired,graha:ketu
text_entity_relations.csv,to_id,bhava_adbhuta,repaired,bhava:adbhuta
text_entity_relations.csv,to_id,vastu_deity_soma,repaired,vastu:deity_soma
text_entity_relations.csv,to_id,bhava_santa,repaired,bhava:santa
text_entity_relations.csv,to_id,plant_lotus,repaired,plant:lotus
text_entity_relations.csv,to_id,devi_nitya,repaired,devi:nitya
text_entity_relations.csv,to_id,plant_kadamba,repaired,plant:kadamba
text_entity_relations.csv,to_id,graha_chandra,repaired,graha:chandra
text_entity_relations.csv,to_id,parampara_krishna,repaired,parampara:krishna
text_entity_relations.csv,to_id,plant_mahua,repaired,plant:mahua
text_entity_relations.csv,to_id,plant_khadira,repaired,plant:khadira
text_entity_relations.csv,to_id,bhava_santa,repaired,bhava:santa
text_entity_relations.csv,to_id,deity_agni,repaired,deity:agni
text_entity_relations.csv,to_id,deity_agni,repaired,deity:agni
text_entity_relations.csv,to_id,nakshatra_chitra,repaired,nakshatra:chitra
text_entity_relations.csv,to_id,plant_arka,repaired,plant:arka
text_entity_relations.csv,to_id,deity_indra,repaired,deity:indra
text_entity_relations.csv,to_id,deity_ahirbudhnya,repaired,deity:ahirbudhnya
text_entity_relations.csv,to_id,rasa_madhura,repaired,rasa:madhura
text_entity_relations.csv,to_id,rasa_madhura,repaired,rasa:madhura
text_entity_relations.csv,to_id,plant_lotus,repaired,plant:lotus
text_entity_relations.csv,to_id,deity_brahma,repaired,deity:brahma
text_entity_relations.csv,to_id,deity_indra,repaired,deity:indra
text_entity_relations.csv,to_id,vastu_deity_yama,repaired,vastu:deity_yama
text_entity_relations.csv,to_id,deity_agni,repaired,deity:agni
text_entity_relations.csv,to_id,plant_arka,repaired,plant:arka
text_entity_relations.csv,to_id,deity_agni,repaired,deity:agni
text_entity_relations.csv,to_id,bhava_santa,repaired,bhava:santa
text_entity_relations.csv,to_id,plant_arka,repaired,plant:arka
text_entity_relations.csv,to_id,raga_bhairava,repaired,raga:bhairava
text_entity_relations.csv,to_id,graha_mangala,repaired,graha:mangala
text_entity_relations.csv,to_id,graha_mangala,repaired,graha:mangala
text_entity_relations.csv,to_id,plant_mahua,repaired,plant:mahua
text_entity_relations.csv,to_id,vastu_deity_asura,repaired,vastu:deity_asura
text_entity_relations.csv,to_id,plant_lotus,repaired,plant:lotus
text_entity_relations.csv,to_id,guna_sattva,repaired,guna:sattva
text_entity_relations.csv,to_id,element_water,repaired,element:water
text_entity_relations.csv,to_id,plant_arka,repaired,plant:arka
text_entity_relations.csv,to_id,deity_skanda,repaired,deity:skanda
text_entity_relations.csv,to_id,plant_mahua,repaired,plant:mahua
text_entity_relations.csv,to_id,plant_arka,repaired,plant:arka
text_entity_relations.csv,to_id,plant_fig,repaired,plant:fig
text_entity_relations.csv,to_id,plant_mahua,repaired,plant:mahua
text_entity_relations.csv,to_id,plant_khadira,repaired,plant:khadira
text_entity_relations.csv,to_id,plant_fig,repaired,plant:fig
text_entity_relations.csv,to_id,parampara_krishna,repaired,parampara:krishna
text_entity_relations.csv,to_id,rasa_madhura,repaired,rasa:madhura
text_entity_relations.csv,to_id,vastu_deity_bhujaga,repaired,vastu:deity_bhujaga
text_entity_relations.csv,to_id,plant_lotus,repaired,plant:lotus
text_entity_relations.csv,to_id,graha_guru,repaired,graha:guru
text_entity_relations.csv,to_id,bhava_santa,repaired,bhava:santa
text_entity_relations.csv,to_id,deity_rudra,repaired,deity:rudra
text_entity_relations.csv,to_id,graha_ketu,repaired,graha:ketu
text_entity_relations.csv,to_id,graha_ketu,repaired,graha:ketu
text_entity_relations.csv,to_id,deity_brahma,repaired,deity:brahma
text_entity_relations.csv,to_id,deity_rudra,repaired,deity:rudra
text_entity_relations.csv,to_id,graha_guru,repaired,graha:guru
text_entity_relations.csv,to_id,deity_skanda,repaired,deity:skanda
text_entity_relations.csv,to_id,element_water,repaired,element:water
text_entity_relations.csv,to_id,guna_rajas,repaired,guna:rajas
text_entity_relations.csv,to_id,deity_agni,repaired,deity:agni
text_entity_relations.csv,to_id,bhava_raudra,repaired,bhava:raudra
text_entity_relations.csv,to_id,bhava_virya,repaired,bhava:virya
text_entity_relations.csv,to_id,vastu_deity_roga,repaired,vastu:deity_roga
text_entity_relations.csv,to_id,vastu_deity_parjanya,repaired,vastu:deity_parjanya
text_entity_relations.csv,to_id,plant_mahua,repaired,plant:mahua
text_entity_relations.csv,to_id,devi_nitya,repaired,devi:nitya
text_entity_relations.csv,to_id,plant_arka,repaired,plant:arka
text_entity_relations.csv,to_id,plant_mahua,repaired,plant:mahua
text_entity_relations.csv,to_id,plant_mahua,repaired,plant:mahua
text_entity_relations.csv,to_id,vastu_deity_gandharva,repaired,vastu:deity_gandharva
text_entity_relations.csv,to_id,bhava_adbhuta,repaired,bhava:adbhuta
text_entity_relations.csv,to_id,bhava_adbhuta,repaired,bhava:adbhuta
text_entity_relations.csv,to_id,parampara_krishna,repaired,parampara:krishna
text_entity_relations.csv,to_id,nakshatra_chitra,repaired,nakshatra:chitra
text_entity_relations.csv,to_id,rasa_tikta,repaired,rasa:tikta
text_entity_relations.csv,to_id,plant_lotus,repaired,plant:lotus
text_entity_relations.csv,to_id,vastu_deity_gandharva,repaired,vastu:deity_gandharva
text_entity_relations.csv,to_id,plant_mahua,repaired,plant:mahua
text_entity_relations.csv,to_id,parampara_brahma,repaired,parampara:brahma
text_entity_relations.csv,to_id,graha_guru,repaired,graha:guru
text_entity_relations.csv,to_id,dosha_pitta,repaired,dosha:pitta
text_entity_relations.csv,to_id,dosha_pitta,repaired,dosha:pitta
text_entity_relations.csv,to_id,nakshatra_hasta,repaired,nakshatra:hasta
text_entity_relations.csv,to_id,vastu_deity_mitra,repaired,vastu:deity_mitra
text_entity_relations.csv,to_id,nakshatra_hasta,repaired,nakshatra:hasta
text_entity_relations.csv,to_id,vastu_deity_tithi,repaired,vastu:deity_tithi
text_entity_relations.csv,to_id,nakshatra_hasta,repaired,nakshatra:hasta
text_entity_relations.csv,to_id,vastu_deity_parjanya,repaired,vastu:deity_parjanya
text_entity_relations.csv,to_id,vastu_deity_jayanta,repaired,vastu:deity_jayanta
text_entity_relations.csv,to_id,deity_indra,repaired,deity:indra
text_entity_relations.csv,to_id,vastu_deity_vitatha,repaired,vastu:deity_vitatha
text_entity_relations.csv,to_id,vastu_deity_yama,repaired,vastu:deity_yama
text_entity_relations.csv,to_id,vastu_deity_gandharva,repaired,vastu:deity_gandharva
text_entity_relations.csv,to_id,vastu_deity_kusumadanta,repaired,vastu:deity_kusumadanta
text_entity_relations.csv,to_id,vastu_deity_soma,repaired,vastu:deity_soma
text_entity_relations.csv,to_id,parampara_brahma,repaired,parampara:brahma
text_entity_relations.csv,to_id,deity_rudra,repaired,deity:rudra
text_entity_relations.csv,to_id,parampara_brahma,repaired,parampara:brahma
text_entity_relations.csv,to_id,parampara_brahma,repaired,parampara:brahma
text_entity_relations.csv,to_id,bhava_virya,repaired,bhava:virya
text_entity_relations.csv,to_id,vastu_deity_roga,repaired,vastu:deity_roga
text_entity_relations.csv,to_id,plant_fig,repaired,plant:fig
text_entity_relations.csv,to_id,rasa_madhura,repaired,rasa:madhura
text_entity_relations.csv,to_id,rasa_amla,repaired,rasa:amla
text_entity_relations.csv,to_id,plant_neem,repaired,plant:neem
text_entity_relations.csv,to_id,graha_guru,repaired,graha:guru
text_entity_relations.csv,to_id,element_water,repaired,element:water
text_entity_relations.csv,to_id,element_water,repaired,element:water
text_entity_relations.csv,to_id,vastu_deity_yama,repaired,vastu:deity_yama
text_entity_relations.csv,to_id,plant_bael,repaired,plant:bael
text_entity_relations.csv,to_id,plant_bael,repaired,plant:bael
text_entity_relations.csv,to_id,nakshatra_hasta,repaired,nakshatra:hasta
text_entity_relations.csv,to_id,nakshatra_hasta,repaired,nakshatra:hasta
text_entity_relations.csv,to_id,nakshatra_hasta,repaired,nakshatra:hasta
text_entity_relations.csv,to_id,nakshatra_hasta,repaired,nakshatra:hasta
text_entity_relations.csv,to_id,nakshatra_hasta,repaired,nakshatra:hasta
text_entity_relations.csv,to_id,plant_arjuna,repaired,plant:arjuna
text_entity_relations.csv,to_id,parampara_krishna,repaired,parampara:krishna
text_entity_relations.csv,to_id,plant_arjuna,repaired,plant:arjuna
text_entity_relations.csv,to_id,plant_bael,repaired,plant:bael
text_entity_relations.csv,to_id,deity_agni,repaired,deity:agni
text_entity_relations.csv,to_id,plant_fig,repaired,plant:fig
text_entity_relations.csv,to_id,deity_agni,repaired,deity:agni
text_entity_relations.csv,to_id,graha_chandra,repaired,graha:chandra
text_entity_relations.csv,to_id,element_water,repaired,element:water
text_entity_relations.csv,to_id,element_water,repaired,element:water
text_entity_relations.csv,to_id,plant_jackfruit,repaired,plant:jackfruit
text_entity_relations.csv,to_id,plant_kadamba,repaired,plant:kadamba
text_entity_relations.csv,to_id,plant_fig,repaired,plant:fig
text_entity_relations.csv,to_id,element_water,repaired,element:water
text_entity_relations.csv,to_id,nakshatra_hasta,repaired,nakshatra:hasta
text_entity_relations.csv,to_id,element_water,repaired,element:water
text_entity_relations.csv,to_id,plant_wood_apple,repaired,plant:wood_apple
text_entity_relations.csv,to_id,nakshatra_hasta,repaired,nakshatra:hasta
text_entity_relations.csv,to_id,element_water,repaired,element:water
text_entity_relations.csv,to_id,plant_mahua,repaired,plant:mahua
text_entity_relations.csv,to_id,plant_mahua,repaired,plant:mahua
text_entity_relations.csv,to_id,element_water,repaired,element:water
text_entity_relations.csv,to_id,element_water,repaired,element:water
text_entity_relations.csv,to_id,plant_wood_apple,repaired,plant:wood_apple
text_entity_relations.csv,to_id,plant_bael,repaired,plant:bael
text_entity_relations.csv,to_id,plant_neem,repaired,plant:neem
text_entity_relations.csv,to_id,nakshatra_chitra,repaired,nakshatra:chitra
text_entity_relations.csv,to_id,vastu_deity_vara,repaired,vastu:deity_vara
text_entity_relations.csv,to_id,parampara_brahma,repaired,parampara:brahma
text_entity_relations.csv,to_id,plant_lotus,repaired,plant:lotus
text_entity_relations.csv,to_id,nakshatra_hasta,repaired,nakshatra:hasta
text_entity_relations.csv,to_id,deity_agni,repaired,deity:agni
text_entity_relations.csv,to_id,deity_agni,repaired,deity:agni
text_entity_relations.csv,to_id,plant_khadira,repaired,plant:khadira
text_entity_relations.csv,to_id,plant_arjuna,repaired,plant:arjuna
text_entity_relations.csv,to_id,vastu_deity_bhujaga,repaired,vastu:deity_bhujaga
text_entity_relations.csv,to_id,vastu_deity_asura,repaired,vastu:deity_asura
text_entity_relations.csv,to_id,plant_fig,repaired,plant:fig
text_entity_relations.csv,to_id,deity_indra,repaired,deity:indra
text_entity_relations.csv,to_id,deity_agni,repaired,deity:agni
text_entity_relations.csv,to_id,bhava_santa,repaired,bhava:santa
text_entity_relations.csv,to_id,parampara_krishna,repaired,parampara:krishna
text_entity_relations.csv,to_id,plant_lotus,repaired,plant:lotus
text_entity_relations.csv,to_id,plant_mahua,repaired,plant:mahua
text_entity_relations.csv,to_id,plant_mahua,repaired,plant:mahua
text_entity_relations.csv,to_id,devi_vijaya,repaired,devi:vijaya
text_entity_relations.csv,to_id,yantra_bindu,repaired,yantra:bindu
text_entity_relations.csv,to_id,yantra_bindu,repaired,yantra:bindu
text_entity_relations.csv,to_id,parampara_krishna,repaired,parampara:krishna
text_entity_relations.csv,to_id,parampara_krishna,repaired,parampara:krishna
text_entity_relations.csv,to_id,nakshatra_hasta,repaired,nakshatra:hasta
text_entity_relations.csv,to_id,plant_lotus,repaired,plant:lotus
text_entity_relations.csv,to_id,plant_lotus,repaired,plant:lotus
text_entity_relations.csv,to_id,vastu_deity_vara,repaired,vastu:deity_vara
text_entity_relations.csv,to_id,vastu_deity_vara,repaired,vastu:deity_vara
text_entity_relations.csv,to_id,element_water,repaired,element:water
text_entity_relations.csv,to_id,plant_mahua,repaired,plant:mahua
text_entity_relations.csv,to_id,nakshatra_hasta,repaired,nakshatra:hasta
text_entity_relations.csv,to_id,plant_mahua,repaired,plant:mahua
text_entity_relations.csv,to_id,deity_agni,repaired,deity:agni
text_entity_relations.csv,to_id,element_water,repaired,element:water
text_entity_relations.csv,to_id,vastu_deity_yama,repaired,vastu:deity_yama
text_entity_relations.csv,to_id,graha_guru,repaired,graha:guru
text_entity_relations.csv,to_id,graha_guru,repaired,graha:guru
text_entity_relations.csv,to_id,element_water,repaired,element:water
text_entity_relations.csv,to_id,deity_agni,repaired,deity:agni
text_entity_relations.csv,to_id,deity_agni,repaired,deity:agni
text_entity_relations.csv,to_id,guna_sattva,repaired,guna:sattva
text_entity_relations.csv,to_id,graha_chandra,repaired,graha:chandra
text_entity_relations.csv,to_id,guna_sattva,repaired,guna:sattva
text_entity_relations.csv,to_id,guna_sattva,repaired,guna:sattva
text_entity_relations.csv,to_id,guna_sattva,repaired,guna:sattva
text_entity_relations.csv,to_id,guna_rajas,repaired,guna:rajas
text_entity_relations.csv,to_id,guna_sattva,repaired,guna:sattva
text_entity_relations.csv,to_id,parampara_krishna,repaired,parampara:krishna
text_entity_relations.csv,to_id,plant_mahua,repaired,plant:mahua
text_entity_relations.csv,to_id,deity_indra,repaired,deity:indra
text_entity_relations.csv,to_id,graha_guru,repaired,graha:guru
text_entity_relations.csv,to_id,plant_lotus,repaired,plant:lotus
text_entity_relations.csv,to_id,plant_lotus,repaired,plant:lotus
text_entity_relations.csv,to_id,parampara_krishna,repaired,parampara:krishna
text_entity_relations.csv,to_id,plant_palasha,repaired,plant:palasha
text_entity_relations.csv,to_id,element_water,repaired,element:water
text_entity_relations.csv,to_id,nakshatra_hasta,repaired,nakshatra:hasta
text_entity_relations.csv,to_id,plant_mahua,repaired,plant:mahua
text_entity_relations.csv,to_id,parampara_krishna,repaired,parampara:krishna
text_entity_relations.csv,to_id,vastu_deity_roga,repaired,vastu:deity_roga
text_entity_relations.csv,to_id,plant_mahua,repaired,plant:mahua
text_entity_relations.csv,to_id,plant_mahua,repaired,plant:mahua
text_entity_relations.csv,to_id,rasa_tikta,repaired,rasa:tikta
text_entity_relations.csv,to_id,bhava_virya,repaired,bhava:virya
text_entity_relations.csv,to_id,rasa_amla,repaired,rasa:amla
text_entity_relations.csv,to_id,plant_arka,repaired,plant:arka
text_entity_relations.csv,to_id,rasa_amla,repaired,rasa:amla
text_entity_relations.csv,to_id,plant_mahua,repaired,plant:mahua
text_entity_relations.csv,to_id,plant_mahua,repaired,plant:mahua
text_entity_relations.csv,to_id,plant_mahua,repaired,plant:mahua
text_entity_relations.csv,to_id,vastu_deity_yama,repaired,vastu:deity_yama
text_entity_relations.csv,to_id,vastu_deity_roga,repaired,vastu:deity_roga
text_entity_relations.csv,to_id,dosha_kapha,repaired,dosha:kapha
text_entity_relations.csv,to_id,element_water,repaired,element:water
text_entity_relations.csv,to_id,plant_mahua,repaired,plant:mahua
text_entity_relations.csv,to_id,plant_mahua,repaired,plant:mahua
text_entity_relations.csv,to_id,vastu_deity_vyaya,repaired,vastu:deity_vyaya
text_entity_relations.csv,to_id,devi_vijaya,repaired,devi:vijaya
text_entity_relations.csv,to_id,vastu_deity_bhujaga,repaired,vastu:deity_bhujaga
text_entity_relations.csv,to_id,parampara_krishna,repaired,parampara:krishna
text_entity_relations.csv,to_id,plant_lotus,repaired,plant:lotus
text_entity_relations.csv,to_id,parampara_krishna,repaired,parampara:krishna
text_entity_relations.csv,to_id,devi_vijaya,repaired,devi:vijaya
text_entity_relations.csv,to_id,vastu_deity_bhujaga,repaired,vastu:deity_bhujaga
text_entity_relations.csv,to_id,vastu_deity_roga,repaired,vastu:deity_roga
text_entity_relations.csv,to_id,rasa_madhura,repaired,rasa:madhura
text_entity_relations.csv,to_id,vastu_deity_java,repaired,vastu:deity_java
text_entity_relations.csv,to_id,guna_sattva,repaired,guna:sattva
text_entity_relations.csv,to_id,raga_bhairava,repaired,raga:bhairava
text_entity_relations.csv,to_id,bhava_santa,repaired,bhava:santa
text_entity_relations.csv,to_id,bhava_santa,repaired,bhava:santa
text_entity_relations.csv,to_id,bhava_santa,repaired,bhava:santa
text_entity_relations.csv,to_id,vastu_deity_tithi,repaired,vastu:deity_tithi
text_entity_relations.csv,to_id,plant_arka,repaired,plant:arka
text_entity_relations.csv,to_id,plant_arka,repaired,plant:arka
text_entity_relations.csv,to_id,vastu_deity_yama,repaired,vastu:deity_yama
text_entity_relations.csv,to_id,parampara_krishna,repaired,parampara:krishna
text_entity_relations.csv,to_id,plant_khadira,repaired,plant:khadira
text_entity_relations.csv,to_id,plant_bael,repaired,plant:bael
text_entity_relations.csv,to_id,nakshatra_chitra,repaired,nakshatra:chitra
text_entity_relations.csv,to_id,nakshatra_chitra,repaired,nakshatra:chitra
text_entity_relations.csv,to_id,deity_agni,repaired,deity:agni
text_entity_relations.csv,to_id,vastu_deity_bhujaga,repaired,vastu:deity_bhujaga
text_entity_relations.csv,to_id,nakshatra_chitra,repaired,nakshatra:chitra
text_entity_relations.csv,to_id,nakshatra_chitra,repaired,nakshatra:chitra
text_entity_relations.csv,to_id,nakshatra_hasta,repaired,nakshatra:hasta
text_entity_relations.csv,to_id,vastu_deity_vara,repaired,vastu:deity_vara
text_entity_relations.csv,to_id,nakshatra_hasta,repaired,nakshatra:hasta
text_entity_relations.csv,to_id,plant_arka,repaired,plant:arka
text_entity_relations.csv,to_id,vastu_deity_roga,repaired,vastu:deity_roga
text_entity_relations.csv,to_id,devi_vijaya,repaired,devi:vijaya
text_entity_relations.csv,to_id,vastu_deity_tithi,repaired,vastu:deity_tithi
text_entity_relations.csv,to_id,devi_tvarita,repaired,devi:tvarita
text_entity_relations.csv,to_id,vastu_deity_roga,repaired,vastu:deity_roga
text_entity_relations.csv,to_id,plant_arjuna,repaired,plant:arjuna
text_entity_relations.csv,to_id,vastu_deity_mitra,repaired,vastu:deity_mitra
text_entity_relations.csv,to_id,deity_agni,repaired,deity:agni
text_entity_relations.csv,to_id,vastu_deity_bhujaga,repaired,vastu:deity_bhujaga
text_entity_relations.csv,to_id,deity_agni,repaired,deity:agni
text_entity_relations.csv,to_id,vastu_deity_mitra,repaired,vastu:deity_mitra
text_entity_relations.csv,to_id,plant_mahua,repaired,plant:mahua
text_entity_relations.csv,to_id,element_water,repaired,element:water
text_entity_relations.csv,to_id,plant_arka,repaired,plant:arka
text_entity_relations.csv,to_id,vastu_deity_yama,repaired,vastu:deity_yama
text_entity_relations.csv,to_id,plant_arka,repaired,plant:arka
text_entity_relations.csv,to_id,graha_mangala,repaired,graha:mangala
text_entity_relations.csv,to_id,bhava_virya,repaired,bhava:virya
text_entity_relations.csv,to_id,graha_mangala,repaired,graha:mangala
text_entity_relations.csv,to_id,graha_mangala,repaired,graha:mangala
text_entity_relations.csv,to_id,graha_chandra,repaired,graha:chandra
text_entity_relations.csv,to_id,plant_arka,repaired,plant:arka
text_entity_relations.csv,to_id,graha_chandra,repaired,graha:chandra
text_entity_relations.csv,to_id,deity_agni,repaired,deity:agni
text_entity_relations.csv,to_id,deity_rudra,repaired,deity:rudra
text_entity_relations.csv,to_id,vastu_deity_yama,repaired,vastu:deity_yama
text_entity_relations.csv,to_id,vastu_deity_aditi,repaired,vastu:deity_aditi
text_entity_relations.csv,to_id,parampara_brahma,repaired,parampara:brahma
text_entity_relations.csv,to_id,vastu_deity_bhujaga,repaired,vastu:deity_bhujaga
text_entity_relations.csv,to_id,nakshatra_hasta,repaired,nakshatra:hasta
text_entity_relations.csv,to_id,nakshatra_hasta,repaired,nakshatra:hasta
text_entity_relations.csv,to_id,graha_guru,repaired,graha:guru
text_entity_relations.csv,to_id,graha_mangala,repaired,graha:mangala
text_entity_relations.csv,to_id,plant_arka,repaired,plant:arka
text_entity_relations.csv,to_id,graha_budha,repaired,graha:budha
text_entity_relations.csv,to_id,vastu_deity_yama,repaired,vastu:deity_yama
text_entity_relations.csv,to_id,deity_indra,repaired,deity:indra
text_entity_relations.csv,to_id,vastu_deity_mitra,repaired,vastu:deity_mitra
text_entity_relations.csv,to_id,parampara_krishna,repaired,parampara:krishna
text_entity_relations.csv,to_id,deity_kali,repaired,deity:kali
text_entity_relations.csv,to_id,vastu_deity_mitra,repaired,vastu:deity_mitra
text_entity_relations.csv,to_id,nakshatra_hasta,repaired,nakshatra:hasta
text_entity_relations.csv,to_id,plant_arka,repaired,plant:arka
text_entity_relations.csv,to_id,graha_mangala,repaired,graha:mangala
text_entity_relations.csv,to_id,vastu_deity_satya,repaired,vastu:deity_satya
text_entity_relations.csv,to_id,vastu_deity_satya,repaired,vastu:deity_satya
text_entity_relations.csv,to_id,bhava_raudra,repaired,bhava:raudra
text_entity_relations.csv,to_id,vastu_deity_mitra,repaired,vastu:deity_mitra
text_entity_relations.csv,to_id,graha_guru,repaired,graha:guru
text_entity_relations.csv,to_id,graha_budha,repaired,graha:budha
text_entity_relations.csv,to_id,vastu_deity_vyaya,repaired,vastu:deity_vyaya
text_entity_relations.csv,to_id,vastu_deity_tithi,repaired,vastu:deity_tithi
text_entity_relations.csv,to_id,vastu_deity_tithi,repaired,vastu:deity_tithi
text_entity_relations.csv,to_id,vastu_deity_roga,repaired,vastu:deity_roga
text_entity_relations.csv,to_id,devi_vijaya,repaired,devi:vijaya
text_entity_relations.csv,to_id,dosha_pitta,repaired,dosha:pitta
text_entity_relations.csv,to_id,vastu_deity_mitra,repaired,vastu:deity_mitra
text_entity_relations.csv,to_id,deity_rudra,repaired,deity:rudra
text_entity_relations.csv,to_id,deity_indra,repaired,deity:indra
text_entity_relations.csv,to_id,deity_rudra,repaired,deity:rudra
text_entity_relations.csv,to_id,deity_indra,repaired,deity:indra
text_entity_relations.csv,to_id,graha_guru,repaired,graha:guru
text_entity_relations.csv,to_id,vastu_deity_mitra,repaired,vastu:deity_mitra
text_entity_relations.csv,to_id,vastu_deity_roga,repaired,vastu:deity_roga
text_entity_relations.csv,to_id,vastu_deity_roga,repaired,vastu:deity_roga
text_entity_relations.csv,to_id,deity_agni,repaired,deity:agni
text_entity_relations.csv,to_id,deity_durga,repaired,deity:durga
text_entity_relations.csv,to_id,nakshatra_chitra,repaired,nakshatra:chitra
text_entity_relations.csv,to_id,plant_lotus,repaired,plant:lotus
text_entity_relations.csv,to_id,graha_chandra,repaired,graha:chandra
text_entity_relations.csv,to_id,vastu_deity_vara,repaired,vastu:deity_vara
text_entity_relations.csv,to_id,graha_guru,repaired,graha:guru
text_entity_relations.csv,to_id,graha_budha,repaired,graha:budha
text_entity_relations.csv,to_id,vastu_deity_tithi,repaired,vastu:deity_tithi
text_entity_relations.csv,to_id,graha_surya,repaired,graha:surya
text_entity_relations.csv,to_id,deity_krishna,repaired,deity:krishna
text_entity_relations.csv,to_id,graha_chandra,repaired,graha:chandra
text_entity_relations.csv,to_id,deity_brahma,repaired,deity:brahma
text_entity_relations.csv,to_id,nakshatra_purva_ashadha,repaired,nakshatra:purva_ashadha
text_entity_relations.csv,to_id,tala_tisra,repaired,tala:tisra
text_entity_relations.csv,to_id,tala_tisra,repaired,tala:tisra
text_entity_relations.csv,to_id,bija_bija_master_2,repaired,bija:bija_master_2
text_entity_relations.csv,to_id,devi_nitya,repaired,devi:nitya
text_entity_relations.csv,to_id,parampara_brahma,repaired,parampara:brahma
text_entity_relations.csv,to_id,deity_brahma,repaired,deity:brahma
text_entity_relations.csv,to_id,deity_indra,repaired,deity:indra
text_entity_relations.csv,to_id,deity_brahma,repaired,deity:brahma
text_entity_relations.csv,to_id,deity_brahma,repaired,deity:brahma
text_entity_relations.csv,to_id,deity_brahma,repaired,deity:brahma
text_entity_relations.csv,to_id,yantra_bindu,repaired,yantra:bindu
text_entity_relations.csv,to_id,deity_brahma,repaired,deity:brahma
text_entity_relations.csv,to_id,devi_nitya,repaired,devi:nitya
text_entity_relations.csv,to_id,element_water,repaired,element:water
text_entity_relations.csv,to_id,vastu_deity_yama,repaired,vastu:deity_yama
text_entity_relations.csv,to_id,graha_chandra,repaired,graha:chandra
text_entity_relations.csv,to_id,vastu_deity_yoni,repaired,vastu:deity_yoni
text_entity_relations.csv,to_id,rasa_amla,repaired,rasa:amla
text_entity_relations.csv,to_id,vastu_deity_roga,repaired,vastu:deity_roga
text_entity_relations.csv,to_id,nakshatra_hasta,repaired,nakshatra:hasta
text_entity_relations.csv,to_id,dosha_pitta,repaired,dosha:pitta
text_entity_relations.csv,to_id,element_water,repaired,element:water
text_entity_relations.csv,to_id,dosha_kapha,repaired,dosha:kapha
text_entity_relations.csv,to_id,dosha_kapha,repaired,dosha:kapha
text_entity_relations.csv,to_id,deity_brahma,repaired,deity:brahma
text_entity_relations.csv,to_id,dosha_pitta,repaired,dosha:pitta
text_entity_relations.csv,to_id,deity_brahma,repaired,deity:brahma
text_entity_relations.csv,to_id,yantra_bindu,repaired,yantra:bindu
text_entity_relations.csv,to_id,graha_guru,repaired,graha:guru
text_entity_relations.csv,to_id,deity_brahma,repaired,deity:brahma
text_entity_relations.csv,to_id,deity_brahma,repaired,deity:brahma
text_entity_relations.csv,to_id,vastu_deity_yoni,repaired,vastu:deity_yoni
text_entity_relations.csv,to_id,nakshatra_hasta,repaired,nakshatra:hasta
text_entity_relations.csv,to_id,vastu_deity_soma,repaired,vastu:deity_soma
text_entity_relations.csv,to_id,vastu_deity_yoni,repaired,vastu:deity_yoni
text_entity_relations.csv,to_id,vastu_deity_soma,repaired,vastu:deity_soma
text_entity_relations.csv,to_id,vastu_deity_soma,repaired,vastu:deity_soma
text_entity_relations.csv,to_id,deity_brahma,repaired,deity:brahma
text_entity_relations.csv,to_id,graha_guru,repaired,graha:guru
text_entity_relations.csv,to_id,yantra_bindu,repaired,yantra:bindu
text_entity_relations.csv,to_id,deity_brahma,repaired,deity:brahma
text_entity_relations.csv,to_id,vastu_deity_yama,repaired,vastu:deity_yama
text_entity_relations.csv,to_id,yantra_bindu,repaired,yantra:bindu
text_entity_relations.csv,to_id,graha_guru,repaired,graha:guru
text_entity_relations.csv,to_id,deity_brahma,repaired,deity:brahma
text_entity_relations.csv,to_id,yantra_bindu,repaired,yantra:bindu
text_entity_relations.csv,to_id,graha_chandra,repaired,graha:chandra
text_entity_relations.csv,to_id,deity_brahma,repaired,deity:brahma
text_entity_relations.csv,to_id,deity_rudra,repaired,deity:rudra
text_entity_relations.csv,to_id,deity_brahma,repaired,deity:brahma
text_entity_relations.csv,to_id,deity_rama,repaired,deity:rama
text_entity_relations.csv,to_id,bhava_virya,repaired,bhava:virya
text_entity_relations.csv,to_id,devi_nitya,repaired,devi:nitya
text_entity_relations.csv,to_id,vastu_deity_yama,repaired,vastu:deity_yama
text_entity_relations.csv,to_id,vastu_deity_satya,repaired,vastu:deity_satya
text_entity_relations.csv,to_id,bhava_virya,repaired,bhava:virya
text_entity_relations.csv,to_id,guna_sattva,repaired,guna:sattva
text_entity_relations.csv,to_id,guna_sattva,repaired,guna:sattva
text_entity_relations.csv,to_id,element_water,repaired,element:water
text_entity_relations.csv,to_id,guna_sattva,repaired,guna:sattva
vastu_relations.csv,to_id,domain:royal_wasting___depletion_warning,repaired,domain:royal_wasting_depletion_warning
vastu_relations.csv,to_id,domain:central_generative_field___brahma_sthana,repaired,domain:central_generative_field_brahma_sthana
vastu_relations.csv,from_id,vastu_deity:agni___shikhi,repaired,vastu_deity:agni_shikhi
vastu_relations.csv,from_id,vastu_deity:agni___shikhi,repaired,vastu_deity:agni_shikhi
vastu_relations.csv,from_id,vastu_deity:agni___shikhi,repaired,vastu_deity:agni_shikhi
vastu_relations.csv,to_id,"function:record,_contract,_witness",repaired,function:record_contract_witness
vastu_relations.csv,to_id,"function:death,_restraint,_law",repaired,function:death_restraint_law
vastu_relations.csv,to_id,"function:waters,_law,_oath",repaired,function:waters_law_oath
vastu_relations.csv,to_id,"function:moon,_cooling,_nourishment",repaired,function:moon_cooling_nourishment
