18:39:29  om.py — tanpura drone + tabla
18:39:29  TanpuraEngine: Sa=261.63Hz
18:39:29  tanpura Pa: rendering 392.44Hz jivari=0.30
18:39:29  tanpura Sa1: rendering 261.63Hz jivari=0.45
18:39:29  TanpuraEngine: all strings initializing in background
18:39:29  tanpura Sa_low: rendering 130.81Hz jivari=0.40
18:39:29  tanpura Sa2: rendering 262.16Hz jivari=0.45
18:39:29  ✓ tabla sampler: 7 samples loaded
18:39:29  ✓ MixKernel loaded
18:39:29  tanpura Sa1: ready peak=1.000 len=7.0s
18:39:29  ✓ RhythmKernel loaded
18:39:29  ✓ SympatheticKernel loaded
18:39:29  ✓ PhraseEngine loaded
18:39:29  ✓ VocalKernel loaded
18:39:29  ✓ mix receiver listening on port 57122
18:39:29  tanpura Sa2: ready peak=1.000 len=7.0s
18:39:29  tanpura field: Pa-sa-sa-Sa · field · Sa=146.8Hz · nakshatra= · tidx=15
18:39:29  TanpuraEngine: Sa → 146.83Hz
18:39:29  sarangi: bowing Sa=146.8Hz
18:39:29  synth params: Pa-sa-sa-Sa · field · Sa=146.8Hz · nakshatra= · tidx=15 · 6 voices · tabla · 0 bols · mudrā: Pataka (expansive)
18:39:29  tanpura Sa2: rendering 147.13Hz jivari=0.44
18:39:29  tanpura Sa1: rendering 146.83Hz jivari=0.44
18:39:29  tanpura Sa_low: ready peak=1.000 len=8.5s
18:39:29  tanpura Sa_low: rendering 73.42Hz jivari=0.39
18:39:29  tanpura Pa: ready peak=1.000 len=9.0s
18:39:29  tanpura Pa: rendering 220.25Hz jivari=0.30
18:39:29  tanpura Sa2: ready peak=1.000 len=7.0s
18:39:29  tanpura Sa1: ready peak=1.000 len=7.0s
18:39:29  tanpura Sa_low: ready peak=1.000 len=8.5s
18:39:29  tanpura Pa: ready peak=1.000 len=9.0s
18:39:29  bija synth: om · Sa=146.8Hz · len=5.7s
18:39:29  trajectory: peak · mercury dasha · tempo×1.16 · tabla=True
18:39:30  ✦ MixKernel started → OSC 57121 out / 57122 in
18:39:30  mix receiver bind failed: [Errno 98] Address already in use
18:39:30  ✦ SympatheticKernel started → OSC 57121
18:39:30  ✦ PhraseEngine started — Yaman / gat
18:39:30  ✦ RhythmKernel started → OSC 57121
18:39:30  ✦ VocalKernel started → OSC 57121 (bija, amp=0.08)
18:39:30  using pw-cat → PipeWire → MOTU
18:39:30  sa=146.8Hz · ether · breath=1.0
18:39:30  sounddevice failed — falling back to pw-cat
18:39:30  ✦ om sounding via pw-cat → MOTU M2
18:39:32  tanpura Pa: crossfade complete
18:39:32  tanpura Sa1: crossfade complete
18:39:32  tanpura Sa2: crossfade complete
18:39:32  tanpura Sa_low: crossfade complete
18:39:36  mix recv: brightness=0.10 reverb=0.25
18:39:39  mix recv: brightness=0.10 reverb=0.25
18:39:41  mix recv: brightness=0.10 reverb=0.25
18:39:44  mix recv: brightness=0.10 reverb=0.25
18:39:47  mix recv: brightness=0.10 reverb=0.25
18:39:50  mix recv: brightness=0.10 reverb=0.25
18:39:53  mix recv: brightness=0.10 reverb=0.25
18:39:56  mix recv: brightness=0.10 reverb=0.25
18:39:59  mix recv: brightness=0.10 reverb=0.25
18:40:00  tanpura field: ga-sa-sa-Sa · Bhimpalasī · Sa=116.5Hz · nakshatra=Pūrvāṣāḍhā · tidx=21
18:40:00  TanpuraEngine: Sa → 116.54Hz
18:40:00  sarangi: bowing Sa=116.5Hz
18:40:00  tanpura Sa2: rendering 116.77Hz jivari=0.43
18:40:00  tanpura Pa: rendering 174.81Hz jivari=0.29
18:40:00  tanpura Sa_low: rendering 58.27Hz jivari=0.38
18:40:00  tanpura Sa1: rendering 116.54Hz jivari=0.43
18:40:00  synth params: ga-sa-sa-Sa · Bhimpalasī · Sa=116.5Hz · nakshatra=Pūrvāṣāḍhā · tidx=21 · 6 voices · tabla · 6 bols · mudrā: Padmakosha (flowing)
18:40:00  bija synth: shrim · Sa=116.5Hz · len=5.5s
18:40:00  trajectory: descending · mercury dasha · tempo×1.00 · tabla=True
18:40:00  tanpura Sa1: ready peak=1.000 len=7.0s
18:40:00  tanpura Sa2: ready peak=1.000 len=7.0s
18:40:00  tanpura Sa_low: ready peak=1.000 len=8.5s
18:40:00  tanpura Pa: ready peak=1.000 len=9.0s
18:40:02  mix recv: tanpura=0.92 tabla=0.27 bija=0.63
18:40:02  mix recv: brightness=0.00 reverb=0.00
18:40:03  tanpura Pa: crossfade complete
18:40:03  tanpura Sa1: crossfade complete
18:40:03  tanpura Sa2: crossfade complete
18:40:03  tanpura Sa_low: crossfade complete
18:40:05  mix recv: tanpura=0.97 tabla=0.29 bija=0.67
18:40:05  mix recv: brightness=0.00 reverb=0.00
18:40:08  mix recv: tanpura=0.99 tabla=0.30 bija=0.69
18:40:08  mix recv: brightness=0.00 reverb=0.00
18:40:12  mix recv: brightness=0.00 reverb=0.00
18:40:15  mix recv: brightness=0.00 reverb=0.00
18:40:18  mix recv: tanpura=1.00 tabla=0.30 bija=0.70
18:40:18  mix recv: brightness=0.00 reverb=0.00
18:40:22  mix recv: brightness=0.00 reverb=0.00
18:40:25  mix recv: brightness=0.00 reverb=0.00
18:40:28  mix recv: brightness=0.00 reverb=0.00
18:40:30  tanpura field: ga-sa-sa-Sa · Bhimpalasī · Sa=116.5Hz · nakshatra=Pūrvāṣāḍhā · tidx=21
18:40:30  sarangi: bowing Sa=116.5Hz
18:40:30  synth params: ga-sa-sa-Sa · Bhimpalasī · Sa=116.5Hz · nakshatra=Pūrvāṣāḍhā · tidx=21 · 6 voices · tabla · 6 bols · mudrā: Padmakosha (flowing)
18:40:30  trajectory: descending · mercury dasha · tempo×1.00 · tabla=True
18:40:32  mix recv: brightness=0.00 reverb=0.00
18:40:35  mix recv: brightness=0.00 reverb=0.00
18:40:38  mix recv: brightness=0.00 reverb=0.00
18:40:42  mix recv: brightness=0.00 reverb=0.00
18:40:45  mix recv: brightness=0.00 reverb=0.00
18:40:48  mix recv: brightness=0.00 reverb=0.00
18:40:52  mix recv: brightness=0.00 reverb=0.00
18:40:55  mix recv: brightness=0.00 reverb=0.00
18:40:58  mix recv: brightness=0.00 reverb=0.00
18:41:00  tanpura field: ga-sa-sa-Sa · Bhimpalasī · Sa=116.5Hz · nakshatra=Pūrvāṣāḍhā · tidx=21
18:41:00  sarangi: bowing Sa=116.5Hz
18:41:00  synth params: ga-sa-sa-Sa · Bhimpalasī · Sa=116.5Hz · nakshatra=Pūrvāṣāḍhā · tidx=21 · 8 voices · tabla · 6 bols · mudrā: Padmakosha (flowing)
18:41:00  trajectory: descending · mercury dasha · tempo×1.00 · tabla=True
18:41:02  mix recv: brightness=0.00 reverb=0.00
18:41:05  mix recv: brightness=0.00 reverb=0.00
18:41:08  mix recv: brightness=0.00 reverb=0.00
18:41:12  mix recv: brightness=0.00 reverb=0.00
18:41:15  mix recv: brightness=0.00 reverb=0.00
18:41:18  mix recv: brightness=0.00 reverb=0.00
18:41:22  mix recv: brightness=0.00 reverb=0.00
18:41:25  mix recv: brightness=0.00 reverb=0.00
18:41:28  mix recv: brightness=0.00 reverb=0.00
18:41:31  tanpura field: ga-sa-sa-Sa · Bhimpalasī · Sa=116.5Hz · nakshatra=Pūrvāṣāḍhā · tidx=21
18:41:31  sarangi: bowing Sa=116.5Hz
18:41:31  synth params: ga-sa-sa-Sa · Bhimpalasī · Sa=116.5Hz · nakshatra=Pūrvāṣāḍhā · tidx=21 · 7 voices · tabla · 6 bols · mudrā: Padmakosha (flowing)
18:41:31  trajectory: descending · mercury dasha · tempo×1.00 · tabla=True
18:41:32  mix recv: brightness=0.00 reverb=0.00
18:41:35  mix recv: brightness=0.00 reverb=0.00
18:41:38  mix recv: brightness=0.00 reverb=0.00
18:41:42  mix recv: brightness=0.00 reverb=0.00
18:41:45  mix recv: brightness=0.00 reverb=0.00
18:41:48  mix recv: brightness=0.00 reverb=0.00
18:41:52  mix recv: brightness=0.00 reverb=0.00
18:41:55  mix recv: brightness=0.00 reverb=0.00
18:41:58  mix recv: brightness=0.00 reverb=0.00
18:42:01  tanpura field: ga-sa-sa-Sa · Bhimpalasī · Sa=116.5Hz · nakshatra=Pūrvāṣāḍhā · tidx=21
18:42:01  sarangi: bowing Sa=116.5Hz
18:42:01  synth params: ga-sa-sa-Sa · Bhimpalasī · Sa=116.5Hz · nakshatra=Pūrvāṣāḍhā · tidx=21 · 6 voices · tabla · 6 bols · mudrā: Padmakosha (flowing)
18:42:01  trajectory: descending · mercury dasha · tempo×1.00 · tabla=True
18:42:02  mix recv: brightness=0.00 reverb=0.00
18:42:05  mix recv: brightness=0.00 reverb=0.00
18:42:08  mix recv: brightness=0.00 reverb=0.00
18:42:12  mix recv: brightness=0.00 reverb=0.00
18:42:15  mix recv: brightness=0.00 reverb=0.00
18:42:18  mix recv: brightness=0.00 reverb=0.00
18:42:22  mix recv: brightness=0.00 reverb=0.00
18:42:25  mix recv: brightness=0.00 reverb=0.00
18:42:28  mix recv: brightness=0.00 reverb=0.00
18:42:31  tanpura field: ga-sa-sa-Sa · Bhimpalasī · Sa=116.5Hz · nakshatra=Pūrvāṣāḍhā · tidx=21
18:42:31  sarangi: bowing Sa=116.5Hz
18:42:31  synth params: ga-sa-sa-Sa · Bhimpalasī · Sa=116.5Hz · nakshatra=Pūrvāṣāḍhā · tidx=21 · 7 voices · tabla · 6 bols · mudrā: Padmakosha (flowing)
18:42:31  trajectory: descending · mercury dasha · tempo×1.00 · tabla=True
18:42:32  mix recv: brightness=0.00 reverb=0.00
18:42:35  mix recv: brightness=0.00 reverb=0.00
18:42:38  mix recv: brightness=0.00 reverb=0.00
18:42:42  mix recv: brightness=0.00 reverb=0.00
18:42:45  mix recv: brightness=0.00 reverb=0.00
18:42:48  mix recv: brightness=0.00 reverb=0.00
18:42:52  mix recv: brightness=0.00 reverb=0.00
18:42:55  mix recv: brightness=0.00 reverb=0.00
18:42:58  mix recv: brightness=0.00 reverb=0.00
18:43:01  tanpura field: ga-sa-sa-Sa · Bhimpalasī · Sa=116.5Hz · nakshatra=Pūrvāṣāḍhā · tidx=21
18:43:01  sarangi: bowing Sa=116.5Hz
18:43:01  synth params: ga-sa-sa-Sa · Bhimpalasī · Sa=116.5Hz · nakshatra=Pūrvāṣāḍhā · tidx=21 · 9 voices · tabla · 6 bols · mudrā: Padmakosha (flowing)
18:43:01  trajectory: descending · mercury dasha · tempo×1.00 · tabla=True
18:43:02  mix recv: brightness=0.00 reverb=0.00
18:43:05  mix recv: brightness=0.00 reverb=0.00
18:43:08  mix recv: brightness=0.00 reverb=0.00
18:43:12  mix recv: brightness=0.00 reverb=0.00
18:43:15  mix recv: brightness=0.00 reverb=0.00
18:43:18  mix recv: brightness=0.00 reverb=0.00
18:43:22  mix recv: brightness=0.00 reverb=0.00
18:43:25  mix recv: brightness=0.00 reverb=0.00
18:43:28  mix recv: brightness=0.00 reverb=0.00
18:43:31  tanpura field: ga-sa-sa-Sa · Bhimpalasī · Sa=116.5Hz · nakshatra=Pūrvāṣāḍhā · tidx=21
18:43:31  sarangi: bowing Sa=116.5Hz
18:43:31  synth params: ga-sa-sa-Sa · Bhimpalasī · Sa=116.5Hz · nakshatra=Pūrvāṣāḍhā · tidx=21 · 9 voices · tabla · 6 bols · mudrā: Padmakosha (flowing)
18:43:31  trajectory: descending · mercury dasha · tempo×1.00 · tabla=True
18:43:32  mix recv: brightness=0.00 reverb=0.00
18:43:35  mix recv: brightness=0.00 reverb=0.00
18:43:38  mix recv: brightness=0.00 reverb=0.00
18:43:42  mix recv: brightness=0.00 reverb=0.00
18:43:45  mix recv: brightness=0.00 reverb=0.00
18:43:48  mix recv: brightness=0.00 reverb=0.00
18:43:52  mix recv: brightness=0.00 reverb=0.00
18:43:55  mix recv: brightness=0.00 reverb=0.00
18:43:58  mix recv: brightness=0.00 reverb=0.00
18:44:01  tanpura field: ga-sa-sa-Sa · Bhimpalasī · Sa=116.5Hz · nakshatra=Pūrvāṣāḍhā · tidx=21
18:44:01  sarangi: bowing Sa=116.5Hz
18:44:01  synth params: ga-sa-sa-Sa · Bhimpalasī · Sa=116.5Hz · nakshatra=Pūrvāṣāḍhā · tidx=21 · 6 voices · tabla · 6 bols · mudrā: Padmakosha (flowing)
18:44:01  trajectory: descending · mercury dasha · tempo×1.00 · tabla=True
18:44:02  mix recv: brightness=0.00 reverb=0.00
18:44:05  mix recv: brightness=0.00 reverb=0.00
18:44:08  mix recv: brightness=0.00 reverb=0.00
18:44:12  mix recv: brightness=0.00 reverb=0.00
18:44:15  mix recv: brightness=0.00 reverb=0.00
18:44:18  mix recv: brightness=0.00 reverb=0.00
18:44:22  mix recv: brightness=0.00 reverb=0.00
18:44:25  mix recv: brightness=0.00 reverb=0.00
18:44:28  mix recv: brightness=0.00 reverb=0.00
18:44:31  tanpura field: ga-sa-sa-Sa · Bhimpalasī · Sa=116.5Hz · nakshatra=Pūrvāṣāḍhā · tidx=21
18:44:31  sarangi: bowing Sa=116.5Hz
18:44:31  synth params: ga-sa-sa-Sa · Bhimpalasī · Sa=116.5Hz · nakshatra=Pūrvāṣāḍhā · tidx=21 · 6 voices · tabla · 6 bols · mudrā: Padmakosha (flowing)
18:44:31  trajectory: descending · mercury dasha · tempo×1.00 · tabla=True
18:44:32  mix recv: brightness=0.00 reverb=0.00
18:44:35  mix recv: brightness=0.00 reverb=0.00
18:44:38  mix recv: brightness=0.00 reverb=0.00
18:44:42  mix recv: brightness=0.00 reverb=0.00
18:44:45  mix recv: brightness=0.00 reverb=0.00
18:44:48  mix recv: brightness=0.00 reverb=0.00
18:44:52  mix recv: brightness=0.00 reverb=0.00
18:44:55  mix recv: brightness=0.00 reverb=0.00
18:44:58  mix recv: brightness=0.00 reverb=0.00
18:45:01  tanpura field: ga-sa-sa-Sa · Bhimpalasī · Sa=116.5Hz · nakshatra=Pūrvāṣāḍhā · tidx=21
18:45:01  sarangi: bowing Sa=116.5Hz
18:45:01  synth params: ga-sa-sa-Sa · Bhimpalasī · Sa=116.5Hz · nakshatra=Pūrvāṣāḍhā · tidx=21 · 6 voices · tabla · 6 bols · mudrā: Padmakosha (flowing)
18:45:01  trajectory: descending · mercury dasha · tempo×1.00 · tabla=True
18:45:02  mix recv: brightness=0.00 reverb=0.00
18:45:05  mix recv: brightness=0.00 reverb=0.00
18:45:08  mix recv: brightness=0.00 reverb=0.00
18:45:12  mix recv: brightness=0.00 reverb=0.00
18:45:15  mix recv: brightness=0.00 reverb=0.00
18:45:18  mix recv: brightness=0.00 reverb=0.00
18:45:22  mix recv: brightness=0.00 reverb=0.00
18:45:25  mix recv: brightness=0.00 reverb=0.00
18:45:28  mix recv: brightness=0.00 reverb=0.00
18:45:32  tanpura field: ga-sa-sa-Sa · Bhimpalasī · Sa=116.5Hz · nakshatra=Pūrvāṣāḍhā · tidx=21
18:45:32  sarangi: bowing Sa=116.5Hz
18:45:32  synth params: ga-sa-sa-Sa · Bhimpalasī · Sa=116.5Hz · nakshatra=Pūrvāṣāḍhā · tidx=21 · 6 voices · tabla · 6 bols · mudrā: Padmakosha (flowing)
18:45:32  trajectory: descending · mercury dasha · tempo×1.00 · tabla=True
18:45:32  mix recv: brightness=0.00 reverb=0.00
18:45:35  mix recv: brightness=0.00 reverb=0.00
18:45:38  mix recv: brightness=0.00 reverb=0.00
18:45:42  mix recv: brightness=0.00 reverb=0.00
18:45:45  mix recv: brightness=0.00 reverb=0.00
18:45:48  mix recv: brightness=0.00 reverb=0.00
18:45:52  mix recv: brightness=0.00 reverb=0.00
18:45:55  mix recv: brightness=0.00 reverb=0.00
18:45:58  mix recv: brightness=0.00 reverb=0.00
18:46:02  tanpura field: ga-sa-sa-Sa · Bhimpalasī · Sa=116.5Hz · nakshatra=Pūrvāṣāḍhā · tidx=21
18:46:02  sarangi: bowing Sa=116.5Hz
18:46:02  synth params: ga-sa-sa-Sa · Bhimpalasī · Sa=116.5Hz · nakshatra=Pūrvāṣāḍhā · tidx=21 · 6 voices · tabla · 6 bols · mudrā: Padmakosha (flowing)
18:46:02  trajectory: descending · mercury dasha · tempo×1.00 · tabla=True
18:46:02  mix recv: brightness=0.00 reverb=0.00
18:46:05  mix recv: brightness=0.00 reverb=0.00
18:46:08  mix recv: brightness=0.00 reverb=0.00
18:46:12  mix recv: brightness=0.00 reverb=0.00
18:46:15  mix recv: brightness=0.00 reverb=0.00
18:46:18  mix recv: brightness=0.00 reverb=0.00
18:46:22  mix recv: brightness=0.00 reverb=0.00
18:46:25  mix recv: brightness=0.00 reverb=0.00
18:46:28  mix recv: brightness=0.00 reverb=0.00
18:46:32  mix recv: brightness=0.00 reverb=0.00
18:46:32  tanpura field: ga-sa-sa-Sa · Bhimpalasī · Sa=116.5Hz · nakshatra=Pūrvāṣāḍhā · tidx=21
18:46:32  sarangi: bowing Sa=116.5Hz
18:46:32  synth params: ga-sa-sa-Sa · Bhimpalasī · Sa=116.5Hz · nakshatra=Pūrvāṣāḍhā · tidx=21 · 6 voices · tabla · 6 bols · mudrā: Padmakosha (flowing)
18:46:32  trajectory: descending · mercury dasha · tempo×1.00 · tabla=True
18:46:35  mix recv: brightness=0.00 reverb=0.00
18:46:38  mix recv: brightness=0.00 reverb=0.00
18:46:42  mix recv: brightness=0.00 reverb=0.00
18:46:45  mix recv: brightness=0.00 reverb=0.00
18:46:48  mix recv: brightness=0.00 reverb=0.00
18:46:52  mix recv: brightness=0.00 reverb=0.00
18:46:55  mix recv: brightness=0.00 reverb=0.00
18:46:58  mix recv: brightness=0.00 reverb=0.00
18:47:02  mix recv: brightness=0.00 reverb=0.00
18:47:02  tanpura field: ga-sa-sa-Sa · Bhimpalasī · Sa=116.5Hz · nakshatra=Pūrvāṣāḍhā · tidx=21
18:47:02  sarangi: bowing Sa=116.5Hz
18:47:02  synth params: ga-sa-sa-Sa · Bhimpalasī · Sa=116.5Hz · nakshatra=Pūrvāṣāḍhā · tidx=21 · 6 voices · tabla · 6 bols · mudrā: Padmakosha (flowing)
18:47:02  trajectory: descending · mercury dasha · tempo×1.00 · tabla=True
18:47:05  mix recv: brightness=0.00 reverb=0.00
18:47:08  mix recv: brightness=0.00 reverb=0.00
18:47:12  mix recv: brightness=0.00 reverb=0.00
18:47:15  mix recv: brightness=0.00 reverb=0.00
18:47:18  mix recv: brightness=0.00 reverb=0.00
18:47:22  mix recv: brightness=0.00 reverb=0.00
18:47:25  mix recv: brightness=0.00 reverb=0.00
18:47:28  mix recv: brightness=0.00 reverb=0.00
18:47:32  mix recv: brightness=0.00 reverb=0.00
18:47:32  tanpura field: ga-sa-sa-Sa · Bhimpalasī · Sa=116.5Hz · nakshatra=Pūrvāṣāḍhā · tidx=21
18:47:32  sarangi: bowing Sa=116.5Hz
18:47:32  synth params: ga-sa-sa-Sa · Bhimpalasī · Sa=116.5Hz · nakshatra=Pūrvāṣāḍhā · tidx=21 · 6 voices · tabla · 6 bols · mudrā: Padmakosha (flowing)
18:47:32  trajectory: descending · mercury dasha · tempo×1.00 · tabla=True
18:47:35  mix recv: brightness=0.00 reverb=0.00
18:47:38  mix recv: brightness=0.00 reverb=0.00
18:47:42  mix recv: brightness=0.00 reverb=0.00
18:47:45  mix recv: brightness=0.00 reverb=0.00
18:47:48  mix recv: brightness=0.00 reverb=0.00
18:47:52  mix recv: brightness=0.00 reverb=0.00
18:47:55  mix recv: brightness=0.00 reverb=0.00
18:47:58  mix recv: brightness=0.00 reverb=0.00
18:48:02  mix recv: brightness=0.00 reverb=0.00
18:48:02  tanpura field: ga-sa-sa-Sa · Bhimpalasī · Sa=116.5Hz · nakshatra=Pūrvāṣāḍhā · tidx=21
18:48:02  sarangi: bowing Sa=116.5Hz
18:48:02  synth params: ga-sa-sa-Sa · Bhimpalasī · Sa=116.5Hz · nakshatra=Pūrvāṣāḍhā · tidx=21 · 6 voices · tabla · 6 bols · mudrā: Padmakosha (flowing)
18:48:02  trajectory: descending · mercury dasha · tempo×1.00 · tabla=True
18:48:05  mix recv: brightness=0.00 reverb=0.00
18:48:08  mix recv: brightness=0.00 reverb=0.00
18:48:12  mix recv: brightness=0.00 reverb=0.00
18:48:15  mix recv: brightness=0.00 reverb=0.00
18:48:18  mix recv: brightness=0.00 reverb=0.00
18:48:22  mix recv: brightness=0.00 reverb=0.00
18:48:25  mix recv: brightness=0.00 reverb=0.00
18:48:28  mix recv: brightness=0.00 reverb=0.00
18:48:32  mix recv: brightness=0.00 reverb=0.00
18:48:32  tanpura field: ga-sa-sa-Sa · Bhimpalasī · Sa=116.5Hz · nakshatra=Pūrvāṣāḍhā · tidx=21
18:48:32  sarangi: bowing Sa=116.5Hz
18:48:32  synth params: ga-sa-sa-Sa · Bhimpalasī · Sa=116.5Hz · nakshatra=Pūrvāṣāḍhā · tidx=21 · 8 voices · tabla · 6 bols · mudrā: Padmakosha (flowing)
18:48:32  trajectory: descending · mercury dasha · tempo×1.00 · tabla=True
18:48:35  mix recv: brightness=0.00 reverb=0.00
18:48:38  mix recv: brightness=0.00 reverb=0.00
18:48:42  mix recv: brightness=0.00 reverb=0.00
18:48:45  mix recv: brightness=0.00 reverb=0.00
18:48:48  mix recv: brightness=0.00 reverb=0.00
18:48:52  mix recv: brightness=0.00 reverb=0.00
18:48:55  mix recv: brightness=0.00 reverb=0.00
18:48:58  mix recv: brightness=0.00 reverb=0.00
18:49:02  mix recv: brightness=0.00 reverb=0.00
18:49:02  tanpura field: ga-sa-sa-Sa · Bhimpalasī · Sa=116.5Hz · nakshatra=Pūrvāṣāḍhā · tidx=21
18:49:02  sarangi: bowing Sa=116.5Hz
18:49:02  synth params: ga-sa-sa-Sa · Bhimpalasī · Sa=116.5Hz · nakshatra=Pūrvāṣāḍhā · tidx=21 · 6 voices · tabla · 6 bols · mudrā: Padmakosha (flowing)
18:49:02  trajectory: descending · mercury dasha · tempo×1.00 · tabla=True
18:49:05  mix recv: brightness=0.00 reverb=0.00
18:49:08  mix recv: brightness=0.00 reverb=0.00
18:49:12  mix recv: brightness=0.00 reverb=0.00
18:49:15  mix recv: brightness=0.00 reverb=0.00
18:49:18  mix recv: brightness=0.00 reverb=0.00
18:49:22  mix recv: brightness=0.00 reverb=0.00
18:49:25  mix recv: brightness=0.00 reverb=0.00
18:49:28  mix recv: brightness=0.00 reverb=0.00
18:49:32  mix recv: brightness=0.00 reverb=0.00
18:49:32  tanpura field: ga-sa-sa-Sa · Bhimpalasī · Sa=116.5Hz · nakshatra=Pūrvāṣāḍhā · tidx=21
18:49:32  sarangi: bowing Sa=116.5Hz
18:49:32  synth params: ga-sa-sa-Sa · Bhimpalasī · Sa=116.5Hz · nakshatra=Pūrvāṣāḍhā · tidx=21 · 6 voices · tabla · 6 bols · mudrā: Padmakosha (flowing)
18:49:32  trajectory: descending · mercury dasha · tempo×1.00 · tabla=True
18:49:35  mix recv: brightness=0.00 reverb=0.00
18:49:38  mix recv: brightness=0.00 reverb=0.00
18:49:42  mix recv: brightness=0.00 reverb=0.00
18:49:45  mix recv: brightness=0.00 reverb=0.00
18:49:48  mix recv: brightness=0.00 reverb=0.00
18:49:52  mix recv: brightness=0.00 reverb=0.00
18:49:55  mix recv: brightness=0.00 reverb=0.00
18:49:58  mix recv: brightness=0.00 reverb=0.00
18:50:02  mix recv: brightness=0.00 reverb=0.00
18:50:03  tanpura field: ga-sa-sa-Sa · Bhimpalasī · Sa=116.5Hz · nakshatra=Pūrvāṣāḍhā · tidx=21
18:50:03  sarangi: bowing Sa=116.5Hz
18:50:03  synth params: ga-sa-sa-Sa · Bhimpalasī · Sa=116.5Hz · nakshatra=Pūrvāṣāḍhā · tidx=21 · 7 voices · tabla · 6 bols · mudrā: Padmakosha (flowing)
18:50:03  trajectory: descending · mercury dasha · tempo×1.00 · tabla=True
18:50:05  mix recv: brightness=0.00 reverb=0.00
18:50:08  mix recv: brightness=0.00 reverb=0.00
18:50:12  mix recv: brightness=0.00 reverb=0.00
18:50:15  mix recv: brightness=0.00 reverb=0.00
18:50:18  mix recv: brightness=0.00 reverb=0.00
18:50:22  mix recv: brightness=0.00 reverb=0.00
18:50:25  mix recv: brightness=0.00 reverb=0.00
18:50:28  mix recv: brightness=0.00 reverb=0.00
18:50:32  mix recv: brightness=0.00 reverb=0.00
18:50:33  tanpura field: ga-sa-sa-Sa · Bhimpalasī · Sa=116.5Hz · nakshatra=Pūrvāṣāḍhā · tidx=21
18:50:33  sarangi: bowing Sa=116.5Hz
18:50:33  synth params: ga-sa-sa-Sa · Bhimpalasī · Sa=116.5Hz · nakshatra=Pūrvāṣāḍhā · tidx=21 · 6 voices · tabla · 6 bols · mudrā: Padmakosha (flowing)
18:50:33  trajectory: descending · mercury dasha · tempo×1.00 · tabla=True
18:50:35  mix recv: brightness=0.00 reverb=0.00
18:50:38  mix recv: brightness=0.00 reverb=0.00
18:50:42  mix recv: brightness=0.00 reverb=0.00
18:50:45  mix recv: brightness=0.00 reverb=0.00
18:50:48  mix recv: brightness=0.00 reverb=0.00
18:50:52  mix recv: brightness=0.00 reverb=0.00
18:50:55  mix recv: brightness=0.00 reverb=0.00
18:50:58  mix recv: brightness=0.00 reverb=0.00
18:51:02  mix recv: brightness=0.00 reverb=0.00
18:51:03  tanpura field: ga-sa-sa-Sa · Bhimpalasī · Sa=116.5Hz · nakshatra=Pūrvāṣāḍhā · tidx=21
18:51:03  sarangi: bowing Sa=116.5Hz
18:51:03  synth params: ga-sa-sa-Sa · Bhimpalasī · Sa=116.5Hz · nakshatra=Pūrvāṣāḍhā · tidx=21 · 6 voices · tabla · 6 bols · mudrā: Padmakosha (flowing)
18:51:03  trajectory: descending · mercury dasha · tempo×1.00 · tabla=True
18:51:05  mix recv: brightness=0.00 reverb=0.00
18:51:08  mix recv: brightness=0.00 reverb=0.00
18:51:12  mix recv: brightness=0.00 reverb=0.00
18:51:15  mix recv: brightness=0.00 reverb=0.00
18:51:18  mix recv: brightness=0.00 reverb=0.00
18:51:22  mix recv: brightness=0.00 reverb=0.00
18:51:25  mix recv: brightness=0.00 reverb=0.00
18:51:28  mix recv: brightness=0.00 reverb=0.00
18:51:32  mix recv: brightness=0.00 reverb=0.00
18:51:33  tanpura field: ga-sa-sa-Sa · Bhimpalasī · Sa=116.5Hz · nakshatra=Pūrvāṣāḍhā · tidx=21
18:51:33  sarangi: bowing Sa=116.5Hz
18:51:33  synth params: ga-sa-sa-Sa · Bhimpalasī · Sa=116.5Hz · nakshatra=Pūrvāṣāḍhā · tidx=21 · 6 voices · tabla · 6 bols · mudrā: Padmakosha (flowing)
18:51:33  trajectory: descending · mercury dasha · tempo×1.00 · tabla=True
18:51:35  mix recv: brightness=0.00 reverb=0.00
18:51:38  mix recv: brightness=0.00 reverb=0.00
18:51:42  mix recv: brightness=0.00 reverb=0.00
18:51:45  mix recv: brightness=0.00 reverb=0.00
18:51:48  mix recv: brightness=0.00 reverb=0.00
18:51:52  mix recv: brightness=0.00 reverb=0.00
18:51:55  mix recv: brightness=0.00 reverb=0.00
18:51:58  mix recv: brightness=0.00 reverb=0.00
18:52:02  mix recv: brightness=0.00 reverb=0.00
18:52:03  tanpura field: ga-sa-sa-Sa · Bhimpalasī · Sa=116.5Hz · nakshatra=Pūrvāṣāḍhā · tidx=21
18:52:03  sarangi: bowing Sa=116.5Hz
18:52:03  synth params: ga-sa-sa-Sa · Bhimpalasī · Sa=116.5Hz · nakshatra=Pūrvāṣāḍhā · tidx=21 · 6 voices · tabla · 6 bols · mudrā: Padmakosha (flowing)
18:52:03  trajectory: descending · mercury dasha · tempo×1.00 · tabla=True
18:52:05  mix recv: brightness=0.00 reverb=0.00
18:52:08  mix recv: brightness=0.00 reverb=0.00
18:52:12  mix recv: brightness=0.00 reverb=0.00
18:52:15  mix recv: brightness=0.00 reverb=0.00
18:52:18  mix recv: brightness=0.00 reverb=0.00
18:52:22  mix recv: brightness=0.00 reverb=0.00
18:52:25  mix recv: brightness=0.00 reverb=0.00
18:52:28  mix recv: brightness=0.00 reverb=0.00
18:52:32  mix recv: brightness=0.00 reverb=0.00
18:52:33  tanpura field: ga-sa-sa-Sa · Bhimpalasī · Sa=116.5Hz · nakshatra=Pūrvāṣāḍhā · tidx=21
18:52:33  sarangi: bowing Sa=116.5Hz
18:52:33  synth params: ga-sa-sa-Sa · Bhimpalasī · Sa=116.5Hz · nakshatra=Pūrvāṣāḍhā · tidx=21 · 6 voices · tabla · 6 bols · mudrā: Padmakosha (flowing)
18:52:33  trajectory: descending · mercury dasha · tempo×1.00 · tabla=True
18:52:35  mix recv: brightness=0.00 reverb=0.00
18:52:38  mix recv: brightness=0.00 reverb=0.00
18:52:42  mix recv: brightness=0.00 reverb=0.00
18:52:45  mix recv: brightness=0.00 reverb=0.00
18:52:48  mix recv: brightness=0.00 reverb=0.00
18:52:52  mix recv: brightness=0.00 reverb=0.00
18:52:55  mix recv: brightness=0.00 reverb=0.00
18:52:58  mix recv: brightness=0.00 reverb=0.00
18:53:02  mix recv: brightness=0.00 reverb=0.00
18:53:03  tanpura field: ga-sa-sa-Sa · Bhimpalasī · Sa=116.5Hz · nakshatra=Pūrvāṣāḍhā · tidx=21
18:53:03  sarangi: bowing Sa=116.5Hz
18:53:03  synth params: ga-sa-sa-Sa · Bhimpalasī · Sa=116.5Hz · nakshatra=Pūrvāṣāḍhā · tidx=21 · 8 voices · tabla · 6 bols · mudrā: Padmakosha (flowing)
18:53:03  trajectory: descending · mercury dasha · tempo×1.00 · tabla=True
18:53:05  mix recv: brightness=0.00 reverb=0.00
18:53:08  mix recv: brightness=0.00 reverb=0.00
18:53:12  mix recv: brightness=0.00 reverb=0.00
18:53:15  mix recv: brightness=0.00 reverb=0.00
18:53:18  mix recv: brightness=0.00 reverb=0.00
18:53:22  mix recv: brightness=0.00 reverb=0.00
18:53:25  mix recv: brightness=0.00 reverb=0.00
18:53:28  mix recv: brightness=0.00 reverb=0.00
18:53:32  mix recv: brightness=0.00 reverb=0.00
18:53:33  tanpura field: ga-sa-sa-Sa · Bhimpalasī · Sa=116.5Hz · nakshatra=Pūrvāṣāḍhā · tidx=21
18:53:33  sarangi: bowing Sa=116.5Hz
18:53:33  synth params: ga-sa-sa-Sa · Bhimpalasī · Sa=116.5Hz · nakshatra=Pūrvāṣāḍhā · tidx=21 · 8 voices · tabla · 6 bols · mudrā: Padmakosha (flowing)
18:53:33  trajectory: descending · mercury dasha · tempo×1.00 · tabla=True
18:53:35  mix recv: brightness=0.00 reverb=0.00
18:53:38  mix recv: brightness=0.00 reverb=0.00
18:53:42  mix recv: brightness=0.00 reverb=0.00
18:53:45  mix recv: brightness=0.00 reverb=0.00
18:53:48  mix recv: brightness=0.00 reverb=0.00
18:53:52  mix recv: brightness=0.00 reverb=0.00
18:53:55  mix recv: brightness=0.00 reverb=0.00
18:53:58  mix recv: brightness=0.00 reverb=0.00
18:54:02  mix recv: brightness=0.00 reverb=0.00
18:54:03  tanpura field: ga-sa-sa-Sa · Bhimpalasī · Sa=116.5Hz · nakshatra=Pūrvāṣāḍhā · tidx=21
18:54:03  sarangi: bowing Sa=116.5Hz
18:54:03  synth params: ga-sa-sa-Sa · Bhimpalasī · Sa=116.5Hz · nakshatra=Pūrvāṣāḍhā · tidx=21 · 9 voices · tabla · 6 bols · mudrā: Padmakosha (flowing)
18:54:03  trajectory: descending · mercury dasha · tempo×1.00 · tabla=True
18:54:05  mix recv: brightness=0.00 reverb=0.00
18:54:08  mix recv: brightness=0.00 reverb=0.00
18:54:12  mix recv: brightness=0.00 reverb=0.00
18:54:15  mix recv: brightness=0.00 reverb=0.00
18:54:18  mix recv: brightness=0.00 reverb=0.00
18:54:22  mix recv: brightness=0.00 reverb=0.00
18:54:25  mix recv: brightness=0.00 reverb=0.00
18:54:28  mix recv: brightness=0.00 reverb=0.00
18:54:32  mix recv: brightness=0.00 reverb=0.00
18:54:34  tanpura field: ga-sa-sa-Sa · Bhimpalasī · Sa=116.5Hz · nakshatra=Pūrvāṣāḍhā · tidx=21
18:54:34  sarangi: bowing Sa=116.5Hz
18:54:34  synth params: ga-sa-sa-Sa · Bhimpalasī · Sa=116.5Hz · nakshatra=Pūrvāṣāḍhā · tidx=21 · 6 voices · tabla · 6 bols · mudrā: Padmakosha (flowing)
18:54:34  trajectory: descending · mercury dasha · tempo×1.00 · tabla=True
18:54:35  mix recv: brightness=0.00 reverb=0.00
18:54:38  mix recv: brightness=0.00 reverb=0.00
18:54:42  mix recv: brightness=0.00 reverb=0.00
18:54:45  mix recv: brightness=0.00 reverb=0.00
18:54:48  mix recv: brightness=0.00 reverb=0.00
18:54:52  mix recv: brightness=0.00 reverb=0.00
18:54:55  mix recv: brightness=0.00 reverb=0.00
18:54:58  mix recv: brightness=0.00 reverb=0.00
18:55:02  mix recv: brightness=0.00 reverb=0.00
18:55:04  tanpura field: ga-sa-sa-Sa · Bhimpalasī · Sa=116.5Hz · nakshatra=Pūrvāṣāḍhā · tidx=21
18:55:04  sarangi: bowing Sa=116.5Hz
18:55:04  synth params: ga-sa-sa-Sa · Bhimpalasī · Sa=116.5Hz · nakshatra=Pūrvāṣāḍhā · tidx=21 · 7 voices · tabla · 6 bols · mudrā: Padmakosha (flowing)
18:55:04  trajectory: descending · mercury dasha · tempo×1.00 · tabla=True
18:55:05  mix recv: brightness=0.00 reverb=0.00
18:55:08  mix recv: brightness=0.00 reverb=0.00
18:55:12  mix recv: brightness=0.00 reverb=0.00
18:55:15  mix recv: brightness=0.00 reverb=0.00
18:55:18  mix recv: brightness=0.00 reverb=0.00
18:55:22  mix recv: brightness=0.00 reverb=0.00
18:55:25  mix recv: brightness=0.00 reverb=0.00
18:55:28  mix recv: brightness=0.00 reverb=0.00
18:55:32  mix recv: brightness=0.00 reverb=0.00
18:55:34  tanpura field: ga-sa-sa-Sa · Bhimpalasī · Sa=116.5Hz · nakshatra=Pūrvāṣāḍhā · tidx=21
18:55:34  sarangi: bowing Sa=116.5Hz
18:55:34  synth params: ga-sa-sa-Sa · Bhimpalasī · Sa=116.5Hz · nakshatra=Pūrvāṣāḍhā · tidx=21 · 7 voices · tabla · 6 bols · mudrā: Padmakosha (flowing)
18:55:34  trajectory: descending · mercury dasha · tempo×1.00 · tabla=True
18:55:35  mix recv: brightness=0.00 reverb=0.00
18:55:38  mix recv: brightness=0.00 reverb=0.00
18:55:42  mix recv: brightness=0.00 reverb=0.00
18:55:45  mix recv: brightness=0.00 reverb=0.00
18:55:48  mix recv: brightness=0.00 reverb=0.00
18:55:52  mix recv: brightness=0.00 reverb=0.00
18:55:55  mix recv: brightness=0.00 reverb=0.00
18:55:58  mix recv: brightness=0.00 reverb=0.00
18:56:02  mix recv: brightness=0.00 reverb=0.00
18:56:04  tanpura field: ga-sa-sa-Sa · Bhimpalasī · Sa=116.5Hz · nakshatra=Pūrvāṣāḍhā · tidx=21
18:56:04  sarangi: bowing Sa=116.5Hz
18:56:04  synth params: ga-sa-sa-Sa · Bhimpalasī · Sa=116.5Hz · nakshatra=Pūrvāṣāḍhā · tidx=21 · 7 voices · tabla · 6 bols · mudrā: Padmakosha (flowing)
18:56:04  trajectory: descending · mercury dasha · tempo×1.00 · tabla=True
18:56:05  mix recv: brightness=0.00 reverb=0.00
18:56:08  mix recv: brightness=0.00 reverb=0.00
18:56:12  mix recv: brightness=0.00 reverb=0.00
18:56:15  mix recv: brightness=0.00 reverb=0.00
18:56:18  mix recv: brightness=0.00 reverb=0.00
18:56:22  mix recv: brightness=0.00 reverb=0.00
18:56:25  mix recv: brightness=0.00 reverb=0.00
18:56:28  mix recv: brightness=0.00 reverb=0.00
18:56:32  mix recv: brightness=0.00 reverb=0.00
18:56:34  tanpura field: ga-sa-sa-Sa · Bhimpalasī · Sa=116.5Hz · nakshatra=Pūrvāṣāḍhā · tidx=21
18:56:34  sarangi: bowing Sa=116.5Hz
18:56:34  synth params: ga-sa-sa-Sa · Bhimpalasī · Sa=116.5Hz · nakshatra=Pūrvāṣāḍhā · tidx=21 · 7 voices · tabla · 6 bols · mudrā: Padmakosha (flowing)
18:56:34  trajectory: descending · mercury dasha · tempo×1.00 · tabla=True
18:56:35  mix recv: brightness=0.00 reverb=0.00
18:56:38  mix recv: brightness=0.00 reverb=0.00
18:56:42  mix recv: brightness=0.00 reverb=0.00
18:56:45  mix recv: brightness=0.00 reverb=0.00
18:56:48  mix recv: brightness=0.00 reverb=0.00
18:56:52  mix recv: brightness=0.00 reverb=0.00
18:56:55  mix recv: brightness=0.00 reverb=0.00
18:56:58  mix recv: brightness=0.00 reverb=0.00
18:57:02  mix recv: brightness=0.00 reverb=0.00
18:57:04  tanpura field: ga-sa-sa-Sa · Bhimpalasī · Sa=116.5Hz · nakshatra=Pūrvāṣāḍhā · tidx=21
18:57:04  sarangi: bowing Sa=116.5Hz
18:57:04  synth params: ga-sa-sa-Sa · Bhimpalasī · Sa=116.5Hz · nakshatra=Pūrvāṣāḍhā · tidx=21 · 6 voices · tabla · 6 bols · mudrā: Padmakosha (flowing)
18:57:04  trajectory: descending · mercury dasha · tempo×1.00 · tabla=True
18:57:05  mix recv: brightness=0.00 reverb=0.00
18:57:08  mix recv: brightness=0.00 reverb=0.00
18:57:12  mix recv: brightness=0.00 reverb=0.00
18:57:15  mix recv: brightness=0.00 reverb=0.00
18:57:18  mix recv: brightness=0.00 reverb=0.00
18:57:22  mix recv: brightness=0.00 reverb=0.00
18:57:25  mix recv: brightness=0.00 reverb=0.00
18:57:28  mix recv: brightness=0.00 reverb=0.00
18:57:32  mix recv: brightness=0.00 reverb=0.00
18:57:34  tanpura field: ga-sa-sa-Sa · Bhimpalasī · Sa=116.5Hz · nakshatra=Pūrvāṣāḍhā · tidx=21
18:57:34  sarangi: bowing Sa=116.5Hz
18:57:34  synth params: ga-sa-sa-Sa · Bhimpalasī · Sa=116.5Hz · nakshatra=Pūrvāṣāḍhā · tidx=21 · 7 voices · tabla · 6 bols · mudrā: Padmakosha (flowing)
18:57:34  trajectory: descending · mercury dasha · tempo×1.00 · tabla=True
18:57:35  mix recv: brightness=0.00 reverb=0.00
18:57:38  mix recv: brightness=0.00 reverb=0.00
18:57:42  mix recv: brightness=0.00 reverb=0.00
18:57:45  mix recv: brightness=0.00 reverb=0.00
18:57:48  mix recv: brightness=0.00 reverb=0.00
18:57:52  mix recv: brightness=0.00 reverb=0.00
18:57:55  mix recv: brightness=0.00 reverb=0.00
18:57:58  mix recv: brightness=0.00 reverb=0.00
18:58:02  mix recv: brightness=0.00 reverb=0.00
18:58:04  tanpura field: ga-sa-sa-Sa · Bhimpalasī · Sa=116.5Hz · nakshatra=Pūrvāṣāḍhā · tidx=21
18:58:04  sarangi: bowing Sa=116.5Hz
18:58:04  synth params: ga-sa-sa-Sa · Bhimpalasī · Sa=116.5Hz · nakshatra=Pūrvāṣāḍhā · tidx=21 · 7 voices · tabla · 6 bols · mudrā: Padmakosha (flowing)
18:58:04  trajectory: descending · mercury dasha · tempo×1.00 · tabla=True
18:58:05  mix recv: brightness=0.00 reverb=0.00
18:58:08  mix recv: brightness=0.00 reverb=0.00
18:58:12  mix recv: brightness=0.00 reverb=0.00
18:58:15  mix recv: brightness=0.00 reverb=0.00
18:58:18  mix recv: brightness=0.00 reverb=0.00
18:58:22  mix recv: brightness=0.00 reverb=0.00
18:58:25  mix recv: brightness=0.00 reverb=0.00
18:58:28  mix recv: brightness=0.00 reverb=0.00
18:58:32  mix recv: brightness=0.00 reverb=0.00
18:58:35  tanpura field: ga-sa-sa-Sa · Bhimpalasī · Sa=116.5Hz · nakshatra=Pūrvāṣāḍhā · tidx=21
18:58:35  sarangi: bowing Sa=116.5Hz
18:58:35  synth params: ga-sa-sa-Sa · Bhimpalasī · Sa=116.5Hz · nakshatra=Pūrvāṣāḍhā · tidx=21 · 7 voices · tabla · 6 bols · mudrā: Padmakosha (flowing)
18:58:35  trajectory: descending · mercury dasha · tempo×1.00 · tabla=True
18:58:35  mix recv: brightness=0.00 reverb=0.00
18:58:38  mix recv: brightness=0.00 reverb=0.00
18:58:42  mix recv: brightness=0.00 reverb=0.00
18:58:45  mix recv: brightness=0.00 reverb=0.00
18:58:48  mix recv: brightness=0.00 reverb=0.00
18:58:52  mix recv: brightness=0.00 reverb=0.00
18:58:55  mix recv: brightness=0.00 reverb=0.00
18:58:58  mix recv: brightness=0.00 reverb=0.00
18:59:02  mix recv: brightness=0.00 reverb=0.00
18:59:05  tanpura field: ga-sa-sa-Sa · Bhimpalasī · Sa=116.5Hz · nakshatra=Pūrvāṣāḍhā · tidx=21
18:59:05  sarangi: bowing Sa=116.5Hz
18:59:05  synth params: ga-sa-sa-Sa · Bhimpalasī · Sa=116.5Hz · nakshatra=Pūrvāṣāḍhā · tidx=21 · 7 voices · tabla · 6 bols · mudrā: Padmakosha (flowing)
18:59:05  trajectory: descending · mercury dasha · tempo×1.00 · tabla=True
18:59:05  mix recv: brightness=0.00 reverb=0.00
18:59:08  mix recv: brightness=0.00 reverb=0.00
18:59:12  mix recv: brightness=0.00 reverb=0.00
18:59:15  mix recv: brightness=0.00 reverb=0.00
18:59:18  mix recv: brightness=0.00 reverb=0.00
18:59:22  mix recv: brightness=0.00 reverb=0.00
18:59:25  mix recv: brightness=0.00 reverb=0.00
18:59:28  mix recv: brightness=0.00 reverb=0.00
18:59:32  mix recv: brightness=0.00 reverb=0.00
18:59:35  tanpura field: ga-sa-sa-Sa · Bhimpalasī · Sa=116.5Hz · nakshatra=Pūrvāṣāḍhā · tidx=21
18:59:35  sarangi: bowing Sa=116.5Hz
18:59:35  synth params: ga-sa-sa-Sa · Bhimpalasī · Sa=116.5Hz · nakshatra=Pūrvāṣāḍhā · tidx=21 · 8 voices · tabla · 6 bols · mudrā: Padmakosha (flowing)
18:59:35  trajectory: descending · mercury dasha · tempo×1.00 · tabla=True
18:59:35  mix recv: brightness=0.00 reverb=0.00
18:59:38  mix recv: brightness=0.00 reverb=0.00
18:59:42  mix recv: brightness=0.00 reverb=0.00
18:59:45  mix recv: brightness=0.00 reverb=0.00
18:59:48  mix recv: brightness=0.00 reverb=0.00
18:59:52  mix recv: brightness=0.00 reverb=0.00
18:59:55  mix recv: brightness=0.00 reverb=0.00
18:59:58  mix recv: brightness=0.00 reverb=0.00
19:00:02  mix recv: brightness=0.00 reverb=0.00
19:00:05  tanpura field: ga-sa-sa-Sa · Bhimpalasī · Sa=116.5Hz · nakshatra=Pūrvāṣāḍhā · tidx=21
19:00:05  sarangi: bowing Sa=116.5Hz
19:00:05  synth params: ga-sa-sa-Sa · Bhimpalasī · Sa=116.5Hz · nakshatra=Pūrvāṣāḍhā · tidx=21 · 6 voices · tabla · 6 bols · mudrā: Padmakosha (flowing)
19:00:05  trajectory: descending · mercury dasha · tempo×1.00 · tabla=True
19:00:05  mix recv: brightness=0.00 reverb=0.00
19:00:08  mix recv: brightness=0.00 reverb=0.00
19:00:12  mix recv: brightness=0.00 reverb=0.00
19:00:15  mix recv: brightness=0.00 reverb=0.00
19:00:18  mix recv: brightness=0.00 reverb=0.00
19:00:22  mix recv: brightness=0.00 reverb=0.00
19:00:25  mix recv: brightness=0.00 reverb=0.00
19:00:28  mix recv: brightness=0.00 reverb=0.00
19:00:32  mix recv: brightness=0.00 reverb=0.00
19:00:35  tanpura field: ga-sa-sa-Sa · Bhimpalasī · Sa=116.5Hz · nakshatra=Pūrvāṣāḍhā · tidx=21
19:00:35  sarangi: bowing Sa=116.5Hz
19:00:35  synth params: ga-sa-sa-Sa · Bhimpalasī · Sa=116.5Hz · nakshatra=Pūrvāṣāḍhā · tidx=21 · 6 voices · tabla · 6 bols · mudrā: Padmakosha (flowing)
19:00:35  trajectory: descending · mercury dasha · tempo×1.00 · tabla=True
19:00:35  mix recv: brightness=0.00 reverb=0.00
19:00:38  mix recv: brightness=0.00 reverb=0.00
19:00:42  mix recv: brightness=0.00 reverb=0.00
19:00:45  mix recv: brightness=0.00 reverb=0.00
19:00:48  mix recv: brightness=0.00 reverb=0.00
19:00:52  mix recv: brightness=0.00 reverb=0.00
19:00:55  mix recv: brightness=0.00 reverb=0.00
19:00:58  mix recv: brightness=0.00 reverb=0.00
19:01:02  mix recv: brightness=0.00 reverb=0.00
19:01:05  mix recv: brightness=0.00 reverb=0.00
19:01:05  tanpura field: ga-sa-sa-Sa · Bhimpalasī · Sa=116.5Hz · nakshatra=Pūrvāṣāḍhā · tidx=21
19:01:05  sarangi: bowing Sa=116.5Hz
19:01:05  synth params: ga-sa-sa-Sa · Bhimpalasī · Sa=116.5Hz · nakshatra=Pūrvāṣāḍhā · tidx=21 · 6 voices · tabla · 6 bols · mudrā: Padmakosha (flowing)
19:01:05  trajectory: descending · mercury dasha · tempo×1.00 · tabla=True
19:01:08  mix recv: brightness=0.00 reverb=0.00
19:01:12  mix recv: brightness=0.00 reverb=0.00
19:01:15  mix recv: brightness=0.00 reverb=0.00
19:01:18  mix recv: brightness=0.00 reverb=0.00
19:01:22  mix recv: brightness=0.00 reverb=0.00
19:01:25  mix recv: brightness=0.00 reverb=0.00
19:01:28  mix recv: brightness=0.00 reverb=0.00
19:01:32  mix recv: brightness=0.00 reverb=0.00
19:01:35  mix recv: brightness=0.00 reverb=0.00
19:01:35  tanpura field: ga-sa-sa-Sa · Bhimpalasī · Sa=116.5Hz · nakshatra=Pūrvāṣāḍhā · tidx=21
19:01:35  sarangi: bowing Sa=116.5Hz
19:01:35  synth params: ga-sa-sa-Sa · Bhimpalasī · Sa=116.5Hz · nakshatra=Pūrvāṣāḍhā · tidx=21 · 9 voices · tabla · 6 bols · mudrā: Padmakosha (flowing)
19:01:35  trajectory: descending · mercury dasha · tempo×1.00 · tabla=True
19:01:38  mix recv: brightness=0.00 reverb=0.00
19:01:42  mix recv: brightness=0.00 reverb=0.00
19:01:45  mix recv: brightness=0.00 reverb=0.00
19:01:48  mix recv: brightness=0.00 reverb=0.00
19:01:52  mix recv: brightness=0.00 reverb=0.00
19:01:55  mix recv: brightness=0.00 reverb=0.00
19:01:58  mix recv: brightness=0.00 reverb=0.00
19:02:02  mix recv: brightness=0.00 reverb=0.00
19:02:05  mix recv: brightness=0.00 reverb=0.00
19:02:05  tanpura field: ga-sa-sa-Sa · Bhimpalasī · Sa=116.5Hz · nakshatra=Pūrvāṣāḍhā · tidx=21
19:02:05  sarangi: bowing Sa=116.5Hz
19:02:05  synth params: ga-sa-sa-Sa · Bhimpalasī · Sa=116.5Hz · nakshatra=Pūrvāṣāḍhā · tidx=21 · 7 voices · tabla · 6 bols · mudrā: Padmakosha (flowing)
19:02:05  trajectory: descending · mercury dasha · tempo×1.00 · tabla=True
19:02:08  mix recv: brightness=0.00 reverb=0.00
19:02:12  mix recv: brightness=0.00 reverb=0.00
19:02:15  mix recv: brightness=0.00 reverb=0.00
19:02:18  mix recv: brightness=0.00 reverb=0.00
19:02:22  mix recv: brightness=0.00 reverb=0.00
19:02:25  mix recv: brightness=0.00 reverb=0.00
19:02:28  mix recv: brightness=0.00 reverb=0.00
19:02:32  mix recv: brightness=0.00 reverb=0.00
19:02:35  mix recv: brightness=0.00 reverb=0.00
19:02:36  tanpura field: ga-sa-sa-Sa · Bhimpalasī · Sa=116.5Hz · nakshatra=Pūrvāṣāḍhā · tidx=21
19:02:36  sarangi: bowing Sa=116.5Hz
19:02:36  synth params: ga-sa-sa-Sa · Bhimpalasī · Sa=116.5Hz · nakshatra=Pūrvāṣāḍhā · tidx=21 · 9 voices · tabla · 6 bols · mudrā: Padmakosha (flowing)
19:02:36  trajectory: descending · mercury dasha · tempo×1.00 · tabla=True
19:02:38  mix recv: brightness=0.00 reverb=0.00
19:02:42  mix recv: brightness=0.00 reverb=0.00
19:02:45  mix recv: brightness=0.00 reverb=0.00
19:02:48  mix recv: brightness=0.00 reverb=0.00
19:02:52  mix recv: brightness=0.00 reverb=0.00
19:02:55  mix recv: brightness=0.00 reverb=0.00
19:02:58  mix recv: brightness=0.00 reverb=0.00
19:03:02  mix recv: brightness=0.00 reverb=0.00
19:03:05  mix recv: brightness=0.00 reverb=0.00
19:03:06  tanpura field: ga-sa-sa-Sa · Bhimpalasī · Sa=116.5Hz · nakshatra=Pūrvāṣāḍhā · tidx=21
19:03:06  sarangi: bowing Sa=116.5Hz
19:03:06  synth params: ga-sa-sa-Sa · Bhimpalasī · Sa=116.5Hz · nakshatra=Pūrvāṣāḍhā · tidx=21 · 7 voices · tabla · 6 bols · mudrā: Padmakosha (flowing)
19:03:06  trajectory: descending · mercury dasha · tempo×1.00 · tabla=True
19:03:08  mix recv: brightness=0.00 reverb=0.00
19:03:12  mix recv: brightness=0.00 reverb=0.00
19:03:15  mix recv: brightness=0.00 reverb=0.00
19:03:18  mix recv: brightness=0.00 reverb=0.00
19:03:22  mix recv: brightness=0.00 reverb=0.00
19:03:25  mix recv: brightness=0.00 reverb=0.00
19:03:28  mix recv: brightness=0.00 reverb=0.00
19:03:32  mix recv: brightness=0.00 reverb=0.00
19:03:35  mix recv: brightness=0.00 reverb=0.00
19:03:36  tanpura field: ga-sa-sa-Sa · Bhimpalasī · Sa=116.5Hz · nakshatra=Pūrvāṣāḍhā · tidx=21
19:03:36  sarangi: bowing Sa=116.5Hz
19:03:36  synth params: ga-sa-sa-Sa · Bhimpalasī · Sa=116.5Hz · nakshatra=Pūrvāṣāḍhā · tidx=21 · 9 voices · tabla · 6 bols · mudrā: Padmakosha (flowing)
19:03:36  trajectory: descending · mercury dasha · tempo×1.00 · tabla=True
19:03:38  mix recv: brightness=0.00 reverb=0.00
19:03:42  mix recv: brightness=0.00 reverb=0.00
19:03:45  mix recv: brightness=0.00 reverb=0.00
19:03:48  mix recv: brightness=0.00 reverb=0.00
19:03:52  mix recv: brightness=0.00 reverb=0.00
19:03:55  mix recv: brightness=0.00 reverb=0.00
19:03:58  mix recv: brightness=0.00 reverb=0.00
19:04:02  mix recv: brightness=0.00 reverb=0.00
19:04:05  mix recv: brightness=0.00 reverb=0.00
19:04:06  tanpura field: ga-sa-sa-Sa · Bhimpalasī · Sa=116.5Hz · nakshatra=Pūrvāṣāḍhā · tidx=21
19:04:06  sarangi: bowing Sa=116.5Hz
19:04:06  synth params: ga-sa-sa-Sa · Bhimpalasī · Sa=116.5Hz · nakshatra=Pūrvāṣāḍhā · tidx=21 · 7 voices · tabla · 6 bols · mudrā: Padmakosha (flowing)
19:04:06  trajectory: descending · mercury dasha · tempo×1.00 · tabla=True
19:04:08  mix recv: brightness=0.00 reverb=0.00
19:04:12  mix recv: brightness=0.00 reverb=0.00
19:04:15  mix recv: brightness=0.00 reverb=0.00
19:04:18  mix recv: brightness=0.00 reverb=0.00
19:04:22  mix recv: brightness=0.00 reverb=0.00
19:04:25  mix recv: brightness=0.00 reverb=0.00
19:04:28  mix recv: brightness=0.00 reverb=0.00
19:04:32  mix recv: brightness=0.00 reverb=0.00
19:04:35  mix recv: brightness=0.00 reverb=0.00
19:04:36  tanpura field: ga-sa-sa-Sa · Bhimpalasī · Sa=116.5Hz · nakshatra=Pūrvāṣāḍhā · tidx=21
19:04:36  sarangi: bowing Sa=116.5Hz
19:04:36  synth params: ga-sa-sa-Sa · Bhimpalasī · Sa=116.5Hz · nakshatra=Pūrvāṣāḍhā · tidx=21 · 8 voices · tabla · 6 bols · mudrā: Padmakosha (flowing)
19:04:36  trajectory: descending · mercury dasha · tempo×1.00 · tabla=True
19:04:38  mix recv: brightness=0.00 reverb=0.00
19:04:42  mix recv: brightness=0.00 reverb=0.00
19:04:45  mix recv: brightness=0.00 reverb=0.00
19:04:48  mix recv: brightness=0.00 reverb=0.00
19:04:52  mix recv: brightness=0.00 reverb=0.00
19:04:55  mix recv: brightness=0.00 reverb=0.00
19:04:58  mix recv: brightness=0.00 reverb=0.00
19:05:02  mix recv: brightness=0.00 reverb=0.00
19:05:05  mix recv: brightness=0.00 reverb=0.00
19:05:06  tanpura field: ga-sa-sa-Sa · Bhimpalasī · Sa=116.5Hz · nakshatra=Pūrvāṣāḍhā · tidx=21
19:05:06  sarangi: bowing Sa=116.5Hz
19:05:06  synth params: ga-sa-sa-Sa · Bhimpalasī · Sa=116.5Hz · nakshatra=Pūrvāṣāḍhā · tidx=21 · 6 voices · tabla · 6 bols · mudrā: Padmakosha (flowing)
19:05:06  trajectory: descending · mercury dasha · tempo×1.00 · tabla=True
19:05:08  mix recv: brightness=0.00 reverb=0.00
19:05:12  mix recv: brightness=0.00 reverb=0.00
19:05:15  mix recv: brightness=0.00 reverb=0.00
19:05:18  mix recv: brightness=0.00 reverb=0.00
19:05:22  mix recv: brightness=0.00 reverb=0.00
19:05:25  mix recv: brightness=0.00 reverb=0.00
19:05:28  mix recv: brightness=0.00 reverb=0.00
19:05:32  mix recv: brightness=0.00 reverb=0.00
19:05:35  mix recv: brightness=0.00 reverb=0.00
19:05:36  tanpura field: ga-sa-sa-Sa · Bhimpalasī · Sa=116.5Hz · nakshatra=Pūrvāṣāḍhā · tidx=21
19:05:36  sarangi: bowing Sa=116.5Hz
19:05:36  synth params: ga-sa-sa-Sa · Bhimpalasī · Sa=116.5Hz · nakshatra=Pūrvāṣāḍhā · tidx=21 · 8 voices · tabla · 6 bols · mudrā: Padmakosha (flowing)
19:05:36  trajectory: descending · mercury dasha · tempo×1.00 · tabla=True
19:05:38  mix recv: brightness=0.00 reverb=0.00
19:05:42  mix recv: brightness=0.00 reverb=0.00
19:05:45  mix recv: brightness=0.00 reverb=0.00
19:05:48  mix recv: brightness=0.00 reverb=0.00
19:05:52  mix recv: brightness=0.00 reverb=0.00
19:05:55  mix recv: brightness=0.00 reverb=0.00
19:05:58  mix recv: brightness=0.00 reverb=0.00
19:06:02  mix recv: brightness=0.00 reverb=0.00
19:06:05  mix recv: brightness=0.00 reverb=0.00
19:06:06  tanpura field: ga-sa-sa-Sa · Bhimpalasī · Sa=116.5Hz · nakshatra=Pūrvāṣāḍhā · tidx=21
19:06:06  sarangi: bowing Sa=116.5Hz
19:06:06  synth params: ga-sa-sa-Sa · Bhimpalasī · Sa=116.5Hz · nakshatra=Pūrvāṣāḍhā · tidx=21 · 7 voices · tabla · 6 bols · mudrā: Padmakosha (flowing)
19:06:06  trajectory: descending · mercury dasha · tempo×1.00 · tabla=True
19:06:08  mix recv: brightness=0.00 reverb=0.00
19:06:12  mix recv: brightness=0.00 reverb=0.00
19:06:15  mix recv: brightness=0.00 reverb=0.00
19:06:18  mix recv: brightness=0.00 reverb=0.00
19:06:22  mix recv: brightness=0.00 reverb=0.00
19:06:25  mix recv: brightness=0.00 reverb=0.00
19:06:28  mix recv: brightness=0.00 reverb=0.00
19:06:32  mix recv: brightness=0.00 reverb=0.00
19:06:35  mix recv: brightness=0.00 reverb=0.00
19:06:36  tanpura field: ga-sa-sa-Sa · Bhimpalasī · Sa=116.5Hz · nakshatra=Pūrvāṣāḍhā · tidx=21
19:06:36  sarangi: bowing Sa=116.5Hz
19:06:36  synth params: ga-sa-sa-Sa · Bhimpalasī · Sa=116.5Hz · nakshatra=Pūrvāṣāḍhā · tidx=21 · 6 voices · tabla · 6 bols · mudrā: Padmakosha (flowing)
19:06:36  trajectory: descending · mercury dasha · tempo×1.00 · tabla=True
19:06:39  mix recv: brightness=0.00 reverb=0.00
19:06:42  mix recv: brightness=0.00 reverb=0.00
19:06:45  mix recv: brightness=0.00 reverb=0.00
19:06:49  mix recv: brightness=0.00 reverb=0.00
19:06:52  mix recv: brightness=0.00 reverb=0.00
19:06:55  mix recv: brightness=0.00 reverb=0.00
19:06:59  mix recv: brightness=0.00 reverb=0.00
19:07:02  mix recv: brightness=0.00 reverb=0.00
19:07:05  mix recv: brightness=0.00 reverb=0.00
19:07:06  tanpura field: ga-sa-sa-Sa · Bhimpalasī · Sa=116.5Hz · nakshatra=Pūrvāṣāḍhā · tidx=21
19:07:06  sarangi: bowing Sa=116.5Hz
19:07:06  synth params: ga-sa-sa-Sa · Bhimpalasī · Sa=116.5Hz · nakshatra=Pūrvāṣāḍhā · tidx=21 · 6 voices · tabla · 6 bols · mudrā: Padmakosha (flowing)
19:07:06  trajectory: descending · mercury dasha · tempo×1.00 · tabla=True
19:07:09  mix recv: brightness=0.00 reverb=0.00
19:07:12  mix recv: brightness=0.00 reverb=0.00
19:07:15  mix recv: brightness=0.00 reverb=0.00
19:07:19  mix recv: brightness=0.00 reverb=0.00
19:07:22  mix recv: brightness=0.00 reverb=0.00
19:07:25  mix recv: brightness=0.00 reverb=0.00
19:07:29  mix recv: brightness=0.00 reverb=0.00
19:07:32  mix recv: brightness=0.00 reverb=0.00
19:07:35  mix recv: brightness=0.00 reverb=0.00
19:07:37  tanpura field: ga-sa-sa-Sa · Bhimpalasī · Sa=116.5Hz · nakshatra=Pūrvāṣāḍhā · tidx=21
19:07:37  sarangi: bowing Sa=116.5Hz
19:07:37  synth params: ga-sa-sa-Sa · Bhimpalasī · Sa=116.5Hz · nakshatra=Pūrvāṣāḍhā · tidx=21 · 9 voices · tabla · 6 bols · mudrā: Padmakosha (flowing)
19:07:37  trajectory: descending · mercury dasha · tempo×1.00 · tabla=True
19:07:39  mix recv: brightness=0.00 reverb=0.00
19:07:42  mix recv: brightness=0.00 reverb=0.00
19:07:45  mix recv: brightness=0.00 reverb=0.00
19:07:49  mix recv: brightness=0.00 reverb=0.00
19:07:52  mix recv: brightness=0.00 reverb=0.00
19:07:55  mix recv: brightness=0.00 reverb=0.00
19:07:59  mix recv: brightness=0.00 reverb=0.00
19:08:02  mix recv: brightness=0.00 reverb=0.00
19:08:05  mix recv: brightness=0.00 reverb=0.00
19:08:07  tanpura field: ga-sa-sa-Sa · Bhimpalasī · Sa=116.5Hz · nakshatra=Pūrvāṣāḍhā · tidx=21
19:08:07  sarangi: bowing Sa=116.5Hz
19:08:07  synth params: ga-sa-sa-Sa · Bhimpalasī · Sa=116.5Hz · nakshatra=Pūrvāṣāḍhā · tidx=21 · 6 voices · tabla · 6 bols · mudrā: Padmakosha (flowing)
19:08:07  trajectory: descending · mercury dasha · tempo×1.00 · tabla=True
19:08:09  mix recv: brightness=0.00 reverb=0.00
19:08:12  mix recv: brightness=0.00 reverb=0.00
19:08:15  mix recv: brightness=0.00 reverb=0.00
19:08:19  mix recv: brightness=0.00 reverb=0.00
19:08:22  mix recv: brightness=0.00 reverb=0.00
19:08:25  mix recv: brightness=0.00 reverb=0.00
19:08:29  mix recv: brightness=0.00 reverb=0.00
19:08:32  mix recv: brightness=0.00 reverb=0.00
19:08:35  mix recv: brightness=0.00 reverb=0.00
19:08:37  tanpura field: ga-sa-sa-Sa · Bhimpalasī · Sa=116.5Hz · nakshatra=Pūrvāṣāḍhā · tidx=21
19:08:37  sarangi: bowing Sa=116.5Hz
19:08:37  synth params: ga-sa-sa-Sa · Bhimpalasī · Sa=116.5Hz · nakshatra=Pūrvāṣāḍhā · tidx=21 · 6 voices · tabla · 6 bols · mudrā: Padmakosha (flowing)
19:08:37  trajectory: descending · mercury dasha · tempo×1.00 · tabla=True
19:08:39  mix recv: brightness=0.00 reverb=0.00
19:08:42  mix recv: brightness=0.00 reverb=0.00
19:08:45  mix recv: brightness=0.00 reverb=0.00
19:08:49  mix recv: brightness=0.00 reverb=0.00
19:08:52  mix recv: brightness=0.00 reverb=0.00
19:08:55  mix recv: brightness=0.00 reverb=0.00
19:08:59  mix recv: brightness=0.00 reverb=0.00
19:09:02  mix recv: brightness=0.00 reverb=0.00
19:09:05  mix recv: brightness=0.00 reverb=0.00
19:09:07  tanpura field: ga-sa-sa-Sa · Bhimpalasī · Sa=116.5Hz · nakshatra=Pūrvāṣāḍhā · tidx=21
19:09:07  sarangi: bowing Sa=116.5Hz
19:09:07  synth params: ga-sa-sa-Sa · Bhimpalasī · Sa=116.5Hz · nakshatra=Pūrvāṣāḍhā · tidx=21 · 6 voices · tabla · 6 bols · mudrā: Padmakosha (flowing)
19:09:07  trajectory: descending · mercury dasha · tempo×1.00 · tabla=True
19:09:09  mix recv: brightness=0.00 reverb=0.00
19:09:12  mix recv: brightness=0.00 reverb=0.00
19:09:15  mix recv: brightness=0.00 reverb=0.00
19:09:19  mix recv: brightness=0.00 reverb=0.00
19:09:22  mix recv: brightness=0.00 reverb=0.00
19:09:25  mix recv: brightness=0.00 reverb=0.00
19:09:29  mix recv: brightness=0.00 reverb=0.00
19:09:32  mix recv: brightness=0.00 reverb=0.00
19:09:35  mix recv: brightness=0.00 reverb=0.00
19:09:37  tanpura field: ga-sa-sa-Sa · Bhimpalasī · Sa=116.5Hz · nakshatra=Pūrvāṣāḍhā · tidx=21
19:09:37  sarangi: bowing Sa=116.5Hz
19:09:37  synth params: ga-sa-sa-Sa · Bhimpalasī · Sa=116.5Hz · nakshatra=Pūrvāṣāḍhā · tidx=21 · 6 voices · tabla · 6 bols · mudrā: Padmakosha (flowing)
19:09:37  trajectory: descending · mercury dasha · tempo×1.00 · tabla=True
19:09:39  mix recv: brightness=0.00 reverb=0.00
19:09:42  mix recv: brightness=0.00 reverb=0.00
19:09:45  mix recv: brightness=0.00 reverb=0.00
19:09:49  mix recv: brightness=0.00 reverb=0.00
19:09:50  pw-cat ended: [Errno 32] Broken pipe
19:09:50  retrying in 3s…
19:09:52  mix recv: brightness=0.00 reverb=0.00
19:09:53  sa=116.5Hz · water · breath=1.0
19:09:53  sounddevice failed — falling back to pw-cat
19:09:53  ✦ om sounding via pw-cat → MOTU M2
19:09:55  mix recv: brightness=0.00 reverb=0.00
19:09:59  mix recv: brightness=0.00 reverb=0.00
19:10:02  mix recv: brightness=0.00 reverb=0.00
19:10:05  mix recv: brightness=0.00 reverb=0.00
19:10:07  tanpura field: ga-sa-sa-Sa · Bhimpalasī · Sa=116.5Hz · nakshatra=Pūrvāṣāḍhā · tidx=21
19:10:07  sarangi: bowing Sa=116.5Hz
19:10:07  synth params: ga-sa-sa-Sa · Bhimpalasī · Sa=116.5Hz · nakshatra=Pūrvāṣāḍhā · tidx=21 · 8 voices · tabla · 6 bols · mudrā: Padmakosha (flowing)
19:10:07  trajectory: descending · mercury dasha · tempo×1.00 · tabla=True
19:10:09  mix recv: brightness=0.00 reverb=0.00
19:10:12  mix recv: brightness=0.00 reverb=0.00
19:10:15  mix recv: brightness=0.00 reverb=0.00
19:10:19  mix recv: brightness=0.00 reverb=0.00
19:10:22  mix recv: brightness=0.00 reverb=0.00
19:10:24  tanpura field: ga-sa-sa-Sa · Bhimpalasī · Sa=116.5Hz · nakshatra=Pūrvāṣāḍhā · tidx=21
19:10:24  sarangi: bowing Sa=116.5Hz
19:10:24  synth params: ga-sa-sa-Sa · Bhimpalasī · Sa=116.5Hz · nakshatra=Pūrvāṣāḍhā · tidx=21 · 6 voices · tabla · 6 bols · mudrā: Padmakosha (flowing)
19:10:24  trajectory: descending · mercury dasha · tempo×1.00 · tabla=True
19:10:25  mix recv: brightness=0.00 reverb=0.00
19:10:29  mix recv: brightness=0.00 reverb=0.00
19:10:32  mix recv: brightness=0.00 reverb=0.00
19:10:35  mix recv: brightness=0.00 reverb=0.00
19:10:37  tanpura field: ga-sa-sa-Sa · Bhimpalasī · Sa=116.5Hz · nakshatra=Pūrvāṣāḍhā · tidx=21
19:10:37  sarangi: bowing Sa=116.5Hz
19:10:37  synth params: ga-sa-sa-Sa · Bhimpalasī · Sa=116.5Hz · nakshatra=Pūrvāṣāḍhā · tidx=21 · 7 voices · tabla · 6 bols · mudrā: Padmakosha (flowing)
19:10:37  trajectory: descending · mercury dasha · tempo×1.00 · tabla=True
19:10:39  mix recv: brightness=0.00 reverb=0.00
19:10:42  mix recv: brightness=0.00 reverb=0.00
19:10:45  mix recv: brightness=0.00 reverb=0.00
19:10:49  mix recv: brightness=0.00 reverb=0.00
19:10:52  mix recv: brightness=0.00 reverb=0.00
19:10:54  tanpura field: ga-sa-sa-Sa · Bhimpalasī · Sa=116.5Hz · nakshatra=Pūrvāṣāḍhā · tidx=21
19:10:54  sarangi: bowing Sa=116.5Hz
19:10:54  synth params: ga-sa-sa-Sa · Bhimpalasī · Sa=116.5Hz · nakshatra=Pūrvāṣāḍhā · tidx=21 · 9 voices · tabla · 6 bols · mudrā: Padmakosha (flowing)
19:10:54  trajectory: descending · mercury dasha · tempo×1.00 · tabla=True
19:10:55  mix recv: brightness=0.00 reverb=0.00
19:10:59  mix recv: brightness=0.00 reverb=0.00
19:11:02  mix recv: brightness=0.00 reverb=0.00
19:11:05  mix recv: brightness=0.00 reverb=0.00
19:11:07  tanpura field: ga-sa-sa-Sa · Bhimpalasī · Sa=116.5Hz · nakshatra=Pūrvāṣāḍhā · tidx=21
19:11:07  sarangi: bowing Sa=116.5Hz
19:11:07  synth params: ga-sa-sa-Sa · Bhimpalasī · Sa=116.5Hz · nakshatra=Pūrvāṣāḍhā · tidx=21 · 7 voices · tabla · 6 bols · mudrā: Padmakosha (flowing)
19:11:07  trajectory: descending · mercury dasha · tempo×1.00 · tabla=True
19:11:09  mix recv: brightness=0.00 reverb=0.00
19:11:12  mix recv: brightness=0.00 reverb=0.00
19:11:15  mix recv: brightness=0.00 reverb=0.00
19:11:19  mix recv: brightness=0.00 reverb=0.00
19:11:22  mix recv: brightness=0.00 reverb=0.00
19:11:24  tanpura field: ga-sa-sa-Sa · Bhimpalasī · Sa=116.5Hz · nakshatra=Pūrvāṣāḍhā · tidx=21
19:11:24  sarangi: bowing Sa=116.5Hz
19:11:24  synth params: ga-sa-sa-Sa · Bhimpalasī · Sa=116.5Hz · nakshatra=Pūrvāṣāḍhā · tidx=21 · 6 voices · tabla · 6 bols · mudrā: Padmakosha (flowing)
19:11:24  trajectory: descending · mercury dasha · tempo×1.00 · tabla=True
19:11:25  mix recv: brightness=0.00 reverb=0.00
19:11:29  mix recv: brightness=0.00 reverb=0.00
19:11:32  mix recv: brightness=0.00 reverb=0.00
19:11:35  mix recv: brightness=0.00 reverb=0.00
19:11:37  tanpura field: ga-sa-sa-Sa · Bhimpalasī · Sa=116.5Hz · nakshatra=Pūrvāṣāḍhā · tidx=21
19:11:37  sarangi: bowing Sa=116.5Hz
19:11:37  synth params: ga-sa-sa-Sa · Bhimpalasī · Sa=116.5Hz · nakshatra=Pūrvāṣāḍhā · tidx=21 · 8 voices · tabla · 6 bols · mudrā: Padmakosha (flowing)
19:11:37  trajectory: descending · mercury dasha · tempo×1.00 · tabla=True
19:11:39  mix recv: brightness=0.00 reverb=0.00
19:11:42  mix recv: brightness=0.00 reverb=0.00
19:11:45  mix recv: brightness=0.00 reverb=0.00
19:11:49  mix recv: brightness=0.00 reverb=0.00
19:11:52  mix recv: brightness=0.00 reverb=0.00
19:11:54  tanpura field: ga-sa-sa-Sa · Bhimpalasī · Sa=116.5Hz · nakshatra=Pūrvāṣāḍhā · tidx=21
19:11:54  sarangi: bowing Sa=116.5Hz
19:11:54  synth params: ga-sa-sa-Sa · Bhimpalasī · Sa=116.5Hz · nakshatra=Pūrvāṣāḍhā · tidx=21 · 6 voices · tabla · 6 bols · mudrā: Padmakosha (flowing)
19:11:54  trajectory: descending · mercury dasha · tempo×1.00 · tabla=True
19:11:55  mix recv: brightness=0.00 reverb=0.00
19:11:59  mix recv: brightness=0.00 reverb=0.00
19:12:02  mix recv: brightness=0.00 reverb=0.00
19:12:05  mix recv: brightness=0.00 reverb=0.00
19:12:07  tanpura field: ga-sa-sa-Sa · Bhimpalasī · Sa=116.5Hz · nakshatra=Pūrvāṣāḍhā · tidx=21
19:12:07  sarangi: bowing Sa=116.5Hz
19:12:07  synth params: ga-sa-sa-Sa · Bhimpalasī · Sa=116.5Hz · nakshatra=Pūrvāṣāḍhā · tidx=21 · 6 voices · tabla · 6 bols · mudrā: Padmakosha (flowing)
19:12:07  trajectory: descending · mercury dasha · tempo×1.00 · tabla=True
19:12:09  mix recv: brightness=0.00 reverb=0.00
19:12:12  mix recv: brightness=0.00 reverb=0.00
19:12:15  mix recv: brightness=0.00 reverb=0.00
19:12:19  mix recv: brightness=0.00 reverb=0.00
19:12:22  mix recv: brightness=0.00 reverb=0.00
19:12:24  tanpura field: ga-sa-sa-Sa · Bhimpalasī · Sa=116.5Hz · nakshatra=Pūrvāṣāḍhā · tidx=21
19:12:24  sarangi: bowing Sa=116.5Hz
19:12:24  synth params: ga-sa-sa-Sa · Bhimpalasī · Sa=116.5Hz · nakshatra=Pūrvāṣāḍhā · tidx=21 · 6 voices · tabla · 6 bols · mudrā: Padmakosha (flowing)
19:12:24  trajectory: descending · mercury dasha · tempo×1.00 · tabla=True
19:12:25  mix recv: brightness=0.00 reverb=0.00
19:12:29  mix recv: brightness=0.00 reverb=0.00
19:12:32  mix recv: brightness=0.00 reverb=0.00
19:12:35  mix recv: brightness=0.00 reverb=0.00
19:12:37  tanpura field: ga-sa-sa-Sa · Bhimpalasī · Sa=116.5Hz · nakshatra=Pūrvāṣāḍhā · tidx=21
19:12:37  sarangi: bowing Sa=116.5Hz
19:12:37  synth params: ga-sa-sa-Sa · Bhimpalasī · Sa=116.5Hz · nakshatra=Pūrvāṣāḍhā · tidx=21 · 6 voices · tabla · 6 bols · mudrā: Padmakosha (flowing)
19:12:37  trajectory: descending · mercury dasha · tempo×1.00 · tabla=True
19:12:39  mix recv: brightness=0.00 reverb=0.00
19:12:42  mix recv: brightness=0.00 reverb=0.00
19:12:45  mix recv: brightness=0.00 reverb=0.00
19:12:49  mix recv: brightness=0.00 reverb=0.00
19:12:52  mix recv: brightness=0.00 reverb=0.00
19:12:54  tanpura field: ga-sa-sa-Sa · Bhimpalasī · Sa=116.5Hz · nakshatra=Pūrvāṣāḍhā · tidx=21
19:12:54  sarangi: bowing Sa=116.5Hz
19:12:54  synth params: ga-sa-sa-Sa · Bhimpalasī · Sa=116.5Hz · nakshatra=Pūrvāṣāḍhā · tidx=21 · 6 voices · tabla · 6 bols · mudrā: Padmakosha (flowing)
19:12:54  trajectory: descending · mercury dasha · tempo×1.00 · tabla=True
19:12:55  mix recv: brightness=0.00 reverb=0.00
19:12:59  mix recv: brightness=0.00 reverb=0.00
19:13:02  mix recv: brightness=0.00 reverb=0.00
19:13:05  mix recv: brightness=0.00 reverb=0.00
19:13:08  tanpura field: ga-sa-sa-Sa · Bhimpalasī · Sa=116.5Hz · nakshatra=Pūrvāṣāḍhā · tidx=21
19:13:08  sarangi: bowing Sa=116.5Hz
19:13:08  synth params: ga-sa-sa-Sa · Bhimpalasī · Sa=116.5Hz · nakshatra=Pūrvāṣāḍhā · tidx=21 · 6 voices · tabla · 6 bols · mudrā: Padmakosha (flowing)
19:13:08  trajectory: descending · mercury dasha · tempo×1.00 · tabla=True
19:13:09  mix recv: brightness=0.00 reverb=0.00
19:13:12  mix recv: brightness=0.00 reverb=0.00
19:13:15  mix recv: brightness=0.00 reverb=0.00
19:13:19  mix recv: brightness=0.00 reverb=0.00
19:13:22  mix recv: brightness=0.00 reverb=0.00
19:13:24  tanpura field: ga-sa-sa-Sa · Bhimpalasī · Sa=116.5Hz · nakshatra=Pūrvāṣāḍhā · tidx=21
19:13:24  sarangi: bowing Sa=116.5Hz
19:13:24  synth params: ga-sa-sa-Sa · Bhimpalasī · Sa=116.5Hz · nakshatra=Pūrvāṣāḍhā · tidx=21 · 9 voices · tabla · 6 bols · mudrā: Padmakosha (flowing)
19:13:24  trajectory: descending · mercury dasha · tempo×1.00 · tabla=True
19:13:25  mix recv: brightness=0.00 reverb=0.00
19:13:29  mix recv: brightness=0.00 reverb=0.00
19:13:32  mix recv: brightness=0.00 reverb=0.00
19:13:35  mix recv: brightness=0.00 reverb=0.00
19:13:38  tanpura field: ga-sa-sa-Sa · Bhimpalasī · Sa=116.5Hz · nakshatra=Pūrvāṣāḍhā · tidx=21
19:13:38  sarangi: bowing Sa=116.5Hz
19:13:38  synth params: ga-sa-sa-Sa · Bhimpalasī · Sa=116.5Hz · nakshatra=Pūrvāṣāḍhā · tidx=21 · 6 voices · tabla · 6 bols · mudrā: Padmakosha (flowing)
19:13:38  trajectory: descending · mercury dasha · tempo×1.00 · tabla=True
19:13:39  mix recv: brightness=0.00 reverb=0.00
19:13:42  mix recv: brightness=0.00 reverb=0.00
19:13:45  mix recv: brightness=0.00 reverb=0.00
19:13:49  mix recv: brightness=0.00 reverb=0.00
19:13:52  mix recv: brightness=0.00 reverb=0.00
19:13:54  tanpura field: ga-sa-sa-Sa · Bhimpalasī · Sa=116.5Hz · nakshatra=Pūrvāṣāḍhā · tidx=21
19:13:54  sarangi: bowing Sa=116.5Hz
19:13:54  synth params: ga-sa-sa-Sa · Bhimpalasī · Sa=116.5Hz · nakshatra=Pūrvāṣāḍhā · tidx=21 · 6 voices · tabla · 6 bols · mudrā: Padmakosha (flowing)
19:13:54  trajectory: descending · mercury dasha · tempo×1.00 · tabla=True
19:13:55  mix recv: brightness=0.00 reverb=0.00
19:13:59  mix recv: brightness=0.00 reverb=0.00
19:14:02  mix recv: brightness=0.00 reverb=0.00
19:14:05  mix recv: brightness=0.00 reverb=0.00
19:14:08  tanpura field: ga-sa-sa-Sa · Bhimpalasī · Sa=116.5Hz · nakshatra=Pūrvāṣāḍhā · tidx=21
19:14:08  sarangi: bowing Sa=116.5Hz
19:14:08  synth params: ga-sa-sa-Sa · Bhimpalasī · Sa=116.5Hz · nakshatra=Pūrvāṣāḍhā · tidx=21 · 6 voices · tabla · 6 bols · mudrā: Padmakosha (flowing)
19:14:08  trajectory: descending · mercury dasha · tempo×1.00 · tabla=True
19:14:09  mix recv: brightness=0.00 reverb=0.00
19:14:12  mix recv: brightness=0.00 reverb=0.00
19:14:15  mix recv: brightness=0.00 reverb=0.00
19:14:19  mix recv: brightness=0.00 reverb=0.00
19:14:22  mix recv: brightness=0.00 reverb=0.00
19:14:24  tanpura field: ga-sa-sa-Sa · Bhimpalasī · Sa=116.5Hz · nakshatra=Pūrvāṣāḍhā · tidx=21
19:14:24  sarangi: bowing Sa=116.5Hz
19:14:24  synth params: ga-sa-sa-Sa · Bhimpalasī · Sa=116.5Hz · nakshatra=Pūrvāṣāḍhā · tidx=21 · 9 voices · tabla · 6 bols · mudrā: Padmakosha (flowing)
19:14:24  trajectory: descending · mercury dasha · tempo×1.00 · tabla=True
19:14:25  mix recv: brightness=0.00 reverb=0.00
19:14:29  mix recv: brightness=0.00 reverb=0.00
19:14:32  mix recv: brightness=0.00 reverb=0.00
19:14:35  mix recv: brightness=0.00 reverb=0.00
19:14:38  tanpura field: ga-sa-sa-Sa · Bhimpalasī · Sa=116.5Hz · nakshatra=Pūrvāṣāḍhā · tidx=21
19:14:38  sarangi: bowing Sa=116.5Hz
19:14:38  synth params: ga-sa-sa-Sa · Bhimpalasī · Sa=116.5Hz · nakshatra=Pūrvāṣāḍhā · tidx=21 · 6 voices · tabla · 6 bols · mudrā: Padmakosha (flowing)
19:14:38  trajectory: descending · mercury dasha · tempo×1.00 · tabla=True
19:14:39  mix recv: brightness=0.00 reverb=0.00
19:14:42  mix recv: brightness=0.00 reverb=0.00
19:14:45  mix recv: brightness=0.00 reverb=0.00
19:14:49  mix recv: brightness=0.00 reverb=0.00
19:14:52  mix recv: brightness=0.00 reverb=0.00
19:14:55  tanpura field: ga-sa-sa-Sa · Bhimpalasī · Sa=116.5Hz · nakshatra=Pūrvāṣāḍhā · tidx=21
19:14:55  sarangi: bowing Sa=116.5Hz
19:14:55  synth params: ga-sa-sa-Sa · Bhimpalasī · Sa=116.5Hz · nakshatra=Pūrvāṣāḍhā · tidx=21 · 8 voices · tabla · 6 bols · mudrā: Padmakosha (flowing)
19:14:55  trajectory: descending · mercury dasha · tempo×1.00 · tabla=True
19:14:55  mix recv: brightness=0.00 reverb=0.00
19:14:59  mix recv: brightness=0.00 reverb=0.00
19:15:02  mix recv: brightness=0.00 reverb=0.00
19:15:05  mix recv: brightness=0.00 reverb=0.00
19:15:08  tanpura field: ga-sa-sa-Sa · Bhimpalasī · Sa=116.5Hz · nakshatra=Pūrvāṣāḍhā · tidx=21
19:15:08  sarangi: bowing Sa=116.5Hz
19:15:08  synth params: ga-sa-sa-Sa · Bhimpalasī · Sa=116.5Hz · nakshatra=Pūrvāṣāḍhā · tidx=21 · 8 voices · tabla · 6 bols · mudrā: Padmakosha (flowing)
19:15:08  trajectory: descending · mercury dasha · tempo×1.00 · tabla=True
19:15:09  mix recv: brightness=0.00 reverb=0.00
19:15:12  mix recv: brightness=0.00 reverb=0.00
19:15:15  mix recv: brightness=0.00 reverb=0.00
19:15:19  mix recv: brightness=0.00 reverb=0.00
19:15:22  mix recv: brightness=0.00 reverb=0.00
19:15:25  tanpura field: ga-sa-sa-Sa · Bhimpalasī · Sa=116.5Hz · nakshatra=Pūrvāṣāḍhā · tidx=21
19:15:25  sarangi: bowing Sa=116.5Hz
19:15:25  synth params: ga-sa-sa-Sa · Bhimpalasī · Sa=116.5Hz · nakshatra=Pūrvāṣāḍhā · tidx=21 · 9 voices · tabla · 6 bols · mudrā: Padmakosha (flowing)
19:15:25  trajectory: descending · mercury dasha · tempo×1.00 · tabla=True
19:15:25  mix recv: brightness=0.00 reverb=0.00
19:15:29  mix recv: brightness=0.00 reverb=0.00
19:15:32  mix recv: brightness=0.00 reverb=0.00
19:15:35  mix recv: brightness=0.00 reverb=0.00
19:15:38  tanpura field: ga-sa-sa-Sa · Bhimpalasī · Sa=116.5Hz · nakshatra=Pūrvāṣāḍhā · tidx=21
19:15:38  sarangi: bowing Sa=116.5Hz
19:15:38  synth params: ga-sa-sa-Sa · Bhimpalasī · Sa=116.5Hz · nakshatra=Pūrvāṣāḍhā · tidx=21 · 9 voices · tabla · 6 bols · mudrā: Padmakosha (flowing)
19:15:38  trajectory: descending · mercury dasha · tempo×1.00 · tabla=True
19:15:39  mix recv: brightness=0.00 reverb=0.00
19:15:42  mix recv: brightness=0.00 reverb=0.00
19:15:45  mix recv: brightness=0.00 reverb=0.00
19:15:49  mix recv: brightness=0.00 reverb=0.00
19:15:52  mix recv: brightness=0.00 reverb=0.00
19:15:55  tanpura field: ga-sa-sa-Sa · Bhimpalasī · Sa=116.5Hz · nakshatra=Pūrvāṣāḍhā · tidx=21
19:15:55  sarangi: bowing Sa=116.5Hz
19:15:55  synth params: ga-sa-sa-Sa · Bhimpalasī · Sa=116.5Hz · nakshatra=Pūrvāṣāḍhā · tidx=21 · 7 voices · tabla · 6 bols · mudrā: Padmakosha (flowing)
19:15:55  trajectory: descending · mercury dasha · tempo×1.00 · tabla=True
19:15:55  mix recv: brightness=0.00 reverb=0.00
19:15:59  mix recv: brightness=0.00 reverb=0.00
19:16:02  mix recv: brightness=0.00 reverb=0.00
19:16:05  mix recv: brightness=0.00 reverb=0.00
19:16:08  tanpura field: ga-sa-sa-Sa · Bhimpalasī · Sa=116.5Hz · nakshatra=Pūrvāṣāḍhā · tidx=21
19:16:08  sarangi: bowing Sa=116.5Hz
19:16:08  synth params: ga-sa-sa-Sa · Bhimpalasī · Sa=116.5Hz · nakshatra=Pūrvāṣāḍhā · tidx=21 · 6 voices · tabla · 6 bols · mudrā: Padmakosha (flowing)
19:16:08  trajectory: descending · mercury dasha · tempo×1.00 · tabla=True
19:16:09  mix recv: brightness=0.00 reverb=0.00
19:16:12  mix recv: brightness=0.00 reverb=0.00
19:16:15  mix recv: brightness=0.00 reverb=0.00
19:16:19  mix recv: brightness=0.00 reverb=0.00
19:16:22  mix recv: brightness=0.00 reverb=0.00
19:16:25  tanpura field: ga-sa-sa-Sa · Bhimpalasī · Sa=116.5Hz · nakshatra=Pūrvāṣāḍhā · tidx=21
19:16:25  sarangi: bowing Sa=116.5Hz
19:16:25  synth params: ga-sa-sa-Sa · Bhimpalasī · Sa=116.5Hz · nakshatra=Pūrvāṣāḍhā · tidx=21 · 6 voices · tabla · 6 bols · mudrā: Padmakosha (flowing)
19:16:25  trajectory: descending · mercury dasha · tempo×1.00 · tabla=True
19:16:25  mix recv: brightness=0.00 reverb=0.00
19:16:29  mix recv: brightness=0.00 reverb=0.00
19:16:32  mix recv: brightness=0.00 reverb=0.00
19:16:35  mix recv: brightness=0.00 reverb=0.00
19:16:38  tanpura field: ga-sa-sa-Sa · Bhimpalasī · Sa=116.5Hz · nakshatra=Pūrvāṣāḍhā · tidx=21
19:16:38  sarangi: bowing Sa=116.5Hz
19:16:38  synth params: ga-sa-sa-Sa · Bhimpalasī · Sa=116.5Hz · nakshatra=Pūrvāṣāḍhā · tidx=21 · 7 voices · tabla · 6 bols · mudrā: Padmakosha (flowing)
19:16:38  trajectory: descending · mercury dasha · tempo×1.00 · tabla=True
19:16:39  mix recv: brightness=0.00 reverb=0.00
19:16:42  mix recv: brightness=0.00 reverb=0.00
19:16:45  mix recv: brightness=0.00 reverb=0.00
19:16:49  mix recv: brightness=0.00 reverb=0.00
19:16:52  mix recv: brightness=0.00 reverb=0.00
19:16:55  tanpura field: ga-sa-sa-Sa · Bhimpalasī · Sa=116.5Hz · nakshatra=Pūrvāṣāḍhā · tidx=21
19:16:55  sarangi: bowing Sa=116.5Hz
19:16:55  synth params: ga-sa-sa-Sa · Bhimpalasī · Sa=116.5Hz · nakshatra=Pūrvāṣāḍhā · tidx=21 · 6 voices · tabla · 6 bols · mudrā: Padmakosha (flowing)
19:16:55  trajectory: descending · mercury dasha · tempo×1.00 · tabla=True
19:16:55  mix recv: brightness=0.00 reverb=0.00
19:16:59  mix recv: brightness=0.00 reverb=0.00
19:17:02  mix recv: brightness=0.00 reverb=0.00
19:17:05  mix recv: brightness=0.00 reverb=0.00
19:17:08  tanpura field: ga-sa-sa-Sa · Bhimpalasī · Sa=116.5Hz · nakshatra=Pūrvāṣāḍhā · tidx=21
19:17:08  sarangi: bowing Sa=116.5Hz
19:17:08  synth params: ga-sa-sa-Sa · Bhimpalasī · Sa=116.5Hz · nakshatra=Pūrvāṣāḍhā · tidx=21 · 6 voices · tabla · 6 bols · mudrā: Padmakosha (flowing)
19:17:08  trajectory: descending · mercury dasha · tempo×1.00 · tabla=True
19:17:09  mix recv: brightness=0.00 reverb=0.00
19:17:12  mix recv: brightness=0.00 reverb=0.00
19:17:15  mix recv: brightness=0.00 reverb=0.00
19:17:19  mix recv: brightness=0.00 reverb=0.00
19:17:22  mix recv: brightness=0.00 reverb=0.00
19:17:25  tanpura field: ga-sa-sa-Sa · Bhimpalasī · Sa=116.5Hz · nakshatra=Pūrvāṣāḍhā · tidx=21
19:17:25  sarangi: bowing Sa=116.5Hz
19:17:25  synth params: ga-sa-sa-Sa · Bhimpalasī · Sa=116.5Hz · nakshatra=Pūrvāṣāḍhā · tidx=21 · 6 voices · tabla · 6 bols · mudrā: Padmakosha (flowing)
19:17:25  trajectory: descending · mercury dasha · tempo×1.00 · tabla=True
19:17:25  mix recv: brightness=0.00 reverb=0.00
19:17:29  mix recv: brightness=0.00 reverb=0.00
19:17:32  mix recv: brightness=0.00 reverb=0.00
19:17:35  mix recv: brightness=0.00 reverb=0.00
19:17:39  mix recv: brightness=0.00 reverb=0.00
19:17:39  tanpura field: ga-sa-sa-Sa · Bhimpalasī · Sa=116.5Hz · nakshatra=Pūrvāṣāḍhā · tidx=21
19:17:39  sarangi: bowing Sa=116.5Hz
19:17:39  synth params: ga-sa-sa-Sa · Bhimpalasī · Sa=116.5Hz · nakshatra=Pūrvāṣāḍhā · tidx=21 · 7 voices · tabla · 6 bols · mudrā: Padmakosha (flowing)
19:17:39  trajectory: descending · mercury dasha · tempo×1.00 · tabla=True
19:17:42  mix recv: brightness=0.00 reverb=0.00
19:17:45  mix recv: brightness=0.00 reverb=0.00
19:17:49  mix recv: brightness=0.00 reverb=0.00
19:17:52  mix recv: brightness=0.00 reverb=0.00
19:17:55  tanpura field: ga-sa-sa-Sa · Bhimpalasī · Sa=116.5Hz · nakshatra=Pūrvāṣāḍhā · tidx=21
19:17:55  sarangi: bowing Sa=116.5Hz
19:17:55  synth params: ga-sa-sa-Sa · Bhimpalasī · Sa=116.5Hz · nakshatra=Pūrvāṣāḍhā · tidx=21 · 6 voices · tabla · 6 bols · mudrā: Padmakosha (flowing)
19:17:55  trajectory: descending · mercury dasha · tempo×1.00 · tabla=True
19:17:55  mix recv: brightness=0.00 reverb=0.00
19:17:59  mix recv: brightness=0.00 reverb=0.00
19:18:02  mix recv: brightness=0.00 reverb=0.00
19:18:05  mix recv: brightness=0.00 reverb=0.00
19:18:09  mix recv: brightness=0.00 reverb=0.00
19:18:09  tanpura field: ga-sa-sa-Sa · Bhimpalasī · Sa=116.5Hz · nakshatra=Pūrvāṣāḍhā · tidx=21
19:18:09  sarangi: bowing Sa=116.5Hz
19:18:09  synth params: ga-sa-sa-Sa · Bhimpalasī · Sa=116.5Hz · nakshatra=Pūrvāṣāḍhā · tidx=21 · 7 voices · tabla · 6 bols · mudrā: Padmakosha (flowing)
19:18:09  trajectory: descending · mercury dasha · tempo×1.00 · tabla=True
19:18:12  mix recv: brightness=0.00 reverb=0.00
19:18:15  mix recv: brightness=0.00 reverb=0.00
19:18:19  mix recv: brightness=0.00 reverb=0.00
19:18:22  mix recv: brightness=0.00 reverb=0.00
19:18:25  tanpura field: ga-sa-sa-Sa · Bhimpalasī · Sa=116.5Hz · nakshatra=Pūrvāṣāḍhā · tidx=21
19:18:25  sarangi: bowing Sa=116.5Hz
19:18:25  synth params: ga-sa-sa-Sa · Bhimpalasī · Sa=116.5Hz · nakshatra=Pūrvāṣāḍhā · tidx=21 · 9 voices · tabla · 6 bols · mudrā: Padmakosha (flowing)
19:18:25  trajectory: descending · mercury dasha · tempo×1.00 · tabla=True
19:18:25  mix recv: brightness=0.00 reverb=0.00
19:18:29  mix recv: brightness=0.00 reverb=0.00
19:18:32  mix recv: brightness=0.00 reverb=0.00
19:18:35  mix recv: brightness=0.00 reverb=0.00
19:18:39  mix recv: brightness=0.00 reverb=0.00
19:18:39  tanpura field: ga-sa-sa-Sa · Bhimpalasī · Sa=116.5Hz · nakshatra=Pūrvāṣāḍhā · tidx=21
19:18:39  sarangi: bowing Sa=116.5Hz
19:18:39  synth params: ga-sa-sa-Sa · Bhimpalasī · Sa=116.5Hz · nakshatra=Pūrvāṣāḍhā · tidx=21 · 7 voices · tabla · 6 bols · mudrā: Padmakosha (flowing)
19:18:39  trajectory: descending · mercury dasha · tempo×1.00 · tabla=True
19:18:42  mix recv: brightness=0.00 reverb=0.00
19:18:45  mix recv: brightness=0.00 reverb=0.00
19:18:49  mix recv: brightness=0.00 reverb=0.00
19:18:52  mix recv: brightness=0.00 reverb=0.00
19:18:55  mix recv: brightness=0.00 reverb=0.00
19:18:55  tanpura field: ga-sa-sa-Sa · Bhimpalasī · Sa=116.5Hz · nakshatra=Pūrvāṣāḍhā · tidx=21
19:18:55  sarangi: bowing Sa=116.5Hz
19:18:55  synth params: ga-sa-sa-Sa · Bhimpalasī · Sa=116.5Hz · nakshatra=Pūrvāṣāḍhā · tidx=21 · 7 voices · tabla · 6 bols · mudrā: Padmakosha (flowing)
19:18:55  trajectory: descending · mercury dasha · tempo×1.00 · tabla=True
19:18:59  mix recv: brightness=0.00 reverb=0.00
19:19:02  mix recv: brightness=0.00 reverb=0.00
19:19:05  mix recv: brightness=0.00 reverb=0.00
19:19:09  mix recv: brightness=0.00 reverb=0.00
19:19:09  tanpura field: ga-sa-sa-Sa · Bhimpalasī · Sa=116.5Hz · nakshatra=Pūrvāṣāḍhā · tidx=21
19:19:09  sarangi: bowing Sa=116.5Hz
19:19:09  synth params: ga-sa-sa-Sa · Bhimpalasī · Sa=116.5Hz · nakshatra=Pūrvāṣāḍhā · tidx=21 · 6 voices · tabla · 6 bols · mudrā: Padmakosha (flowing)
19:19:09  trajectory: descending · mercury dasha · tempo×1.00 · tabla=True
19:19:12  mix recv: brightness=0.00 reverb=0.00
19:19:15  mix recv: brightness=0.00 reverb=0.00
19:19:19  mix recv: brightness=0.00 reverb=0.00
19:19:22  mix recv: brightness=0.00 reverb=0.00
19:19:25  mix recv: brightness=0.00 reverb=0.00
19:19:25  tanpura field: ga-sa-sa-Sa · Bhimpalasī · Sa=116.5Hz · nakshatra=Pūrvāṣāḍhā · tidx=21
19:19:25  sarangi: bowing Sa=116.5Hz
19:19:25  synth params: ga-sa-sa-Sa · Bhimpalasī · Sa=116.5Hz · nakshatra=Pūrvāṣāḍhā · tidx=21 · 8 voices · tabla · 6 bols · mudrā: Padmakosha (flowing)
19:19:25  trajectory: descending · mercury dasha · tempo×1.00 · tabla=True
19:19:29  mix recv: brightness=0.00 reverb=0.00
19:19:32  mix recv: brightness=0.00 reverb=0.00
19:19:35  mix recv: brightness=0.00 reverb=0.00
19:19:39  mix recv: brightness=0.00 reverb=0.00
19:19:39  tanpura field: ga-sa-sa-Sa · Bhimpalasī · Sa=116.5Hz · nakshatra=Pūrvāṣāḍhā · tidx=21
19:19:39  sarangi: bowing Sa=116.5Hz
19:19:39  synth params: ga-sa-sa-Sa · Bhimpalasī · Sa=116.5Hz · nakshatra=Pūrvāṣāḍhā · tidx=21 · 6 voices · tabla · 6 bols · mudrā: Padmakosha (flowing)
19:19:39  trajectory: descending · mercury dasha · tempo×1.00 · tabla=True
19:19:42  mix recv: brightness=0.00 reverb=0.00
19:19:45  mix recv: brightness=0.00 reverb=0.00
19:19:49  mix recv: brightness=0.00 reverb=0.00
19:19:52  mix recv: brightness=0.00 reverb=0.00
19:19:55  mix recv: brightness=0.00 reverb=0.00
19:19:56  tanpura field: ga-sa-sa-Sa · Bhimpalasī · Sa=116.5Hz · nakshatra=Pūrvāṣāḍhā · tidx=21
19:19:56  sarangi: bowing Sa=116.5Hz
19:19:56  synth params: ga-sa-sa-Sa · Bhimpalasī · Sa=116.5Hz · nakshatra=Pūrvāṣāḍhā · tidx=21 · 6 voices · tabla · 6 bols · mudrā: Padmakosha (flowing)
19:19:56  trajectory: descending · mercury dasha · tempo×1.00 · tabla=True
19:19:59  mix recv: brightness=0.00 reverb=0.00
19:20:02  mix recv: brightness=0.00 reverb=0.00
19:20:05  mix recv: brightness=0.00 reverb=0.00
19:20:09  mix recv: brightness=0.00 reverb=0.00
19:20:09  tanpura field: ga-sa-sa-Sa · Bhimpalasī · Sa=116.5Hz · nakshatra=Pūrvāṣāḍhā · tidx=21
19:20:09  sarangi: bowing Sa=116.5Hz
19:20:09  synth params: ga-sa-sa-Sa · Bhimpalasī · Sa=116.5Hz · nakshatra=Pūrvāṣāḍhā · tidx=21 · 6 voices · tabla · 6 bols · mudrā: Padmakosha (flowing)
19:20:09  trajectory: descending · mercury dasha · tempo×1.00 · tabla=True
19:20:12  mix recv: brightness=0.00 reverb=0.00
19:20:15  mix recv: brightness=0.00 reverb=0.00
19:20:19  mix recv: brightness=0.00 reverb=0.00
19:20:22  mix recv: brightness=0.00 reverb=0.00
19:20:25  mix recv: brightness=0.00 reverb=0.00
19:20:26  tanpura field: ga-sa-sa-Sa · Bhimpalasī · Sa=116.5Hz · nakshatra=Pūrvāṣāḍhā · tidx=21
19:20:26  sarangi: bowing Sa=116.5Hz
19:20:26  synth params: ga-sa-sa-Sa · Bhimpalasī · Sa=116.5Hz · nakshatra=Pūrvāṣāḍhā · tidx=21 · 9 voices · tabla · 6 bols · mudrā: Padmakosha (flowing)
19:20:26  trajectory: descending · mercury dasha · tempo×1.00 · tabla=True
19:20:29  mix recv: brightness=0.00 reverb=0.00
19:20:32  mix recv: brightness=0.00 reverb=0.00
19:20:35  mix recv: brightness=0.00 reverb=0.00
19:20:39  mix recv: brightness=0.00 reverb=0.00
19:20:39  tanpura field: ga-sa-sa-Sa · Bhimpalasī · Sa=116.5Hz · nakshatra=Pūrvāṣāḍhā · tidx=21
19:20:39  sarangi: bowing Sa=116.5Hz
19:20:39  synth params: ga-sa-sa-Sa · Bhimpalasī · Sa=116.5Hz · nakshatra=Pūrvāṣāḍhā · tidx=21 · 6 voices · tabla · 6 bols · mudrā: Padmakosha (flowing)
19:20:39  trajectory: descending · mercury dasha · tempo×1.00 · tabla=True
19:20:42  mix recv: brightness=0.00 reverb=0.00
19:20:45  mix recv: brightness=0.00 reverb=0.00
19:20:49  mix recv: brightness=0.00 reverb=0.00
19:20:52  mix recv: brightness=0.00 reverb=0.00
19:20:55  mix recv: brightness=0.00 reverb=0.00
19:20:56  tanpura field: ga-sa-sa-Sa · Bhimpalasī · Sa=116.5Hz · nakshatra=Pūrvāṣāḍhā · tidx=21
19:20:56  sarangi: bowing Sa=116.5Hz
19:20:56  synth params: ga-sa-sa-Sa · Bhimpalasī · Sa=116.5Hz · nakshatra=Pūrvāṣāḍhā · tidx=21 · 7 voices · tabla · 6 bols · mudrā: Padmakosha (flowing)
19:20:56  trajectory: descending · mercury dasha · tempo×1.00 · tabla=True
19:20:59  mix recv: brightness=0.00 reverb=0.00
19:21:02  mix recv: brightness=0.00 reverb=0.00
19:21:05  mix recv: brightness=0.00 reverb=0.00
19:21:09  mix recv: brightness=0.00 reverb=0.00
19:21:10  tanpura field: ga-sa-sa-Sa · Bhimpalasī · Sa=116.5Hz · nakshatra=Pūrvāṣāḍhā · tidx=21
19:21:10  sarangi: bowing Sa=116.5Hz
19:21:10  synth params: ga-sa-sa-Sa · Bhimpalasī · Sa=116.5Hz · nakshatra=Pūrvāṣāḍhā · tidx=21 · 6 voices · tabla · 6 bols · mudrā: Padmakosha (flowing)
19:21:10  trajectory: descending · mercury dasha · tempo×1.00 · tabla=True
19:21:12  mix recv: brightness=0.00 reverb=0.00
19:21:15  mix recv: brightness=0.00 reverb=0.00
19:21:19  mix recv: brightness=0.00 reverb=0.00
19:21:22  mix recv: brightness=0.00 reverb=0.00
19:21:25  mix recv: brightness=0.00 reverb=0.00
19:21:26  tanpura field: ga-sa-sa-Sa · Bhimpalasī · Sa=116.5Hz · nakshatra=Pūrvāṣāḍhā · tidx=21
19:21:26  sarangi: bowing Sa=116.5Hz
19:21:26  synth params: ga-sa-sa-Sa · Bhimpalasī · Sa=116.5Hz · nakshatra=Pūrvāṣāḍhā · tidx=21 · 8 voices · tabla · 6 bols · mudrā: Padmakosha (flowing)
19:21:26  trajectory: descending · mercury dasha · tempo×1.00 · tabla=True
19:21:29  mix recv: brightness=0.00 reverb=0.00
19:21:32  mix recv: brightness=0.00 reverb=0.00
19:21:35  mix recv: brightness=0.00 reverb=0.00
19:21:39  mix recv: brightness=0.00 reverb=0.00
19:21:40  tanpura field: ga-sa-sa-Sa · Bhimpalasī · Sa=116.5Hz · nakshatra=Pūrvāṣāḍhā · tidx=21
19:21:40  sarangi: bowing Sa=116.5Hz
19:21:40  synth params: ga-sa-sa-Sa · Bhimpalasī · Sa=116.5Hz · nakshatra=Pūrvāṣāḍhā · tidx=21 · 8 voices · tabla · 6 bols · mudrā: Padmakosha (flowing)
19:21:40  trajectory: descending · mercury dasha · tempo×1.00 · tabla=True
19:21:42  mix recv: brightness=0.00 reverb=0.00
19:21:45  mix recv: brightness=0.00 reverb=0.00
19:21:49  mix recv: brightness=0.00 reverb=0.00
19:21:52  mix recv: brightness=0.00 reverb=0.00
19:21:55  mix recv: brightness=0.00 reverb=0.00
19:21:56  tanpura field: ga-sa-sa-Sa · Bhimpalasī · Sa=116.5Hz · nakshatra=Pūrvāṣāḍhā · tidx=21
19:21:56  sarangi: bowing Sa=116.5Hz
19:21:56  synth params: ga-sa-sa-Sa · Bhimpalasī · Sa=116.5Hz · nakshatra=Pūrvāṣāḍhā · tidx=21 · 6 voices · tabla · 6 bols · mudrā: Padmakosha (flowing)
19:21:56  trajectory: descending · mercury dasha · tempo×1.00 · tabla=True
19:21:59  mix recv: brightness=0.00 reverb=0.00
19:22:02  mix recv: brightness=0.00 reverb=0.00
19:22:05  mix recv: brightness=0.00 reverb=0.00
19:22:09  mix recv: brightness=0.00 reverb=0.00
19:22:10  tanpura field: ga-sa-sa-Sa · Bhimpalasī · Sa=116.5Hz · nakshatra=Pūrvāṣāḍhā · tidx=21
19:22:10  sarangi: bowing Sa=116.5Hz
19:22:10  synth params: ga-sa-sa-Sa · Bhimpalasī · Sa=116.5Hz · nakshatra=Pūrvāṣāḍhā · tidx=21 · 6 voices · tabla · 6 bols · mudrā: Padmakosha (flowing)
19:22:10  trajectory: descending · mercury dasha · tempo×1.00 · tabla=True
19:22:12  mix recv: brightness=0.00 reverb=0.00
19:22:15  mix recv: brightness=0.00 reverb=0.00
19:22:19  mix recv: brightness=0.00 reverb=0.00
19:22:22  mix recv: brightness=0.00 reverb=0.00
19:22:25  mix recv: brightness=0.00 reverb=0.00
19:22:26  tanpura field: ga-sa-sa-Sa · Bhimpalasī · Sa=116.5Hz · nakshatra=Pūrvāṣāḍhā · tidx=21
19:22:26  sarangi: bowing Sa=116.5Hz
19:22:26  synth params: ga-sa-sa-Sa · Bhimpalasī · Sa=116.5Hz · nakshatra=Pūrvāṣāḍhā · tidx=21 · 6 voices · tabla · 6 bols · mudrā: Padmakosha (flowing)
19:22:26  trajectory: descending · mercury dasha · tempo×1.00 · tabla=True
19:22:29  mix recv: brightness=0.00 reverb=0.00
19:22:32  mix recv: brightness=0.00 reverb=0.00
19:22:35  mix recv: brightness=0.00 reverb=0.00
19:22:39  mix recv: brightness=0.00 reverb=0.00
19:22:40  tanpura field: ga-sa-sa-Sa · Bhimpalasī · Sa=116.5Hz · nakshatra=Pūrvāṣāḍhā · tidx=21
19:22:40  sarangi: bowing Sa=116.5Hz
19:22:40  synth params: ga-sa-sa-Sa · Bhimpalasī · Sa=116.5Hz · nakshatra=Pūrvāṣāḍhā · tidx=21 · 8 voices · tabla · 6 bols · mudrā: Padmakosha (flowing)
19:22:40  trajectory: descending · mercury dasha · tempo×1.00 · tabla=True
19:22:42  mix recv: brightness=0.00 reverb=0.00
19:22:45  mix recv: brightness=0.00 reverb=0.00
19:22:49  mix recv: brightness=0.00 reverb=0.00
19:22:52  mix recv: brightness=0.00 reverb=0.00
19:22:55  mix recv: brightness=0.00 reverb=0.00
19:22:56  tanpura field: ga-sa-sa-Sa · Bhimpalasī · Sa=116.5Hz · nakshatra=Pūrvāṣāḍhā · tidx=21
19:22:56  sarangi: bowing Sa=116.5Hz
19:22:56  synth params: ga-sa-sa-Sa · Bhimpalasī · Sa=116.5Hz · nakshatra=Pūrvāṣāḍhā · tidx=21 · 8 voices · tabla · 6 bols · mudrā: Padmakosha (flowing)
19:22:56  trajectory: descending · mercury dasha · tempo×1.00 · tabla=True
19:22:59  mix recv: brightness=0.00 reverb=0.00
19:23:02  mix recv: brightness=0.00 reverb=0.00
19:23:05  mix recv: brightness=0.00 reverb=0.00
19:23:09  mix recv: brightness=0.00 reverb=0.00
19:23:10  tanpura field: ga-sa-sa-Sa · Bhimpalasī · Sa=116.5Hz · nakshatra=Pūrvāṣāḍhā · tidx=21
19:23:10  sarangi: bowing Sa=116.5Hz
19:23:10  synth params: ga-sa-sa-Sa · Bhimpalasī · Sa=116.5Hz · nakshatra=Pūrvāṣāḍhā · tidx=21 · 7 voices · tabla · 6 bols · mudrā: Padmakosha (flowing)
19:23:10  trajectory: descending · mercury dasha · tempo×1.00 · tabla=True
19:23:12  mix recv: brightness=0.00 reverb=0.00
19:23:15  mix recv: brightness=0.00 reverb=0.00
19:23:19  mix recv: brightness=0.00 reverb=0.00
19:23:22  mix recv: brightness=0.00 reverb=0.00
19:23:25  mix recv: brightness=0.00 reverb=0.00
19:23:26  tanpura field: ga-sa-sa-Sa · Bhimpalasī · Sa=116.5Hz · nakshatra=Pūrvāṣāḍhā · tidx=21
19:23:26  sarangi: bowing Sa=116.5Hz
19:23:26  synth params: ga-sa-sa-Sa · Bhimpalasī · Sa=116.5Hz · nakshatra=Pūrvāṣāḍhā · tidx=21 · 8 voices · tabla · 6 bols · mudrā: Padmakosha (flowing)
19:23:26  trajectory: descending · mercury dasha · tempo×1.00 · tabla=True
19:23:29  mix recv: brightness=0.00 reverb=0.00
19:23:32  mix recv: brightness=0.00 reverb=0.00
19:23:35  mix recv: brightness=0.00 reverb=0.00
19:23:39  mix recv: brightness=0.00 reverb=0.00
19:23:40  tanpura field: ga-sa-sa-Sa · Bhimpalasī · Sa=116.5Hz · nakshatra=Pūrvāṣāḍhā · tidx=21
19:23:40  sarangi: bowing Sa=116.5Hz
19:23:40  synth params: ga-sa-sa-Sa · Bhimpalasī · Sa=116.5Hz · nakshatra=Pūrvāṣāḍhā · tidx=21 · 6 voices · tabla · 6 bols · mudrā: Padmakosha (flowing)
19:23:40  trajectory: descending · mercury dasha · tempo×1.00 · tabla=True
19:23:42  mix recv: brightness=0.00 reverb=0.00
19:23:45  mix recv: brightness=0.00 reverb=0.00
19:23:49  mix recv: brightness=0.00 reverb=0.00
19:23:52  mix recv: brightness=0.00 reverb=0.00
19:23:55  mix recv: brightness=0.00 reverb=0.00
19:23:57  tanpura field: ga-sa-sa-Sa · Bhimpalasī · Sa=116.5Hz · nakshatra=Pūrvāṣāḍhā · tidx=21
19:23:57  sarangi: bowing Sa=116.5Hz
19:23:57  synth params: ga-sa-sa-Sa · Bhimpalasī · Sa=116.5Hz · nakshatra=Pūrvāṣāḍhā · tidx=21 · 6 voices · tabla · 6 bols · mudrā: Padmakosha (flowing)
19:23:57  trajectory: descending · mercury dasha · tempo×1.00 · tabla=True
19:23:59  mix recv: brightness=0.00 reverb=0.00
19:24:02  mix recv: brightness=0.00 reverb=0.00
19:24:05  mix recv: brightness=0.00 reverb=0.00
19:24:09  mix recv: brightness=0.00 reverb=0.00
19:24:10  tanpura field: ga-sa-sa-Sa · Bhimpalasī · Sa=116.5Hz · nakshatra=Pūrvāṣāḍhā · tidx=21
19:24:10  sarangi: bowing Sa=116.5Hz
19:24:10  synth params: ga-sa-sa-Sa · Bhimpalasī · Sa=116.5Hz · nakshatra=Pūrvāṣāḍhā · tidx=21 · 6 voices · tabla · 6 bols · mudrā: Padmakosha (flowing)
19:24:10  trajectory: descending · mercury dasha · tempo×1.00 · tabla=True
19:24:12  mix recv: brightness=0.00 reverb=0.00
19:24:15  mix recv: brightness=0.00 reverb=0.00
19:24:19  mix recv: brightness=0.00 reverb=0.00
19:24:22  mix recv: brightness=0.00 reverb=0.00
19:24:25  mix recv: brightness=0.00 reverb=0.00
19:24:27  tanpura field: ga-sa-sa-Sa · Bhimpalasī · Sa=116.5Hz · nakshatra=Pūrvāṣāḍhā · tidx=21
19:24:27  sarangi: bowing Sa=116.5Hz
19:24:27  synth params: ga-sa-sa-Sa · Bhimpalasī · Sa=116.5Hz · nakshatra=Pūrvāṣāḍhā · tidx=21 · 6 voices · tabla · 6 bols · mudrā: Padmakosha (flowing)
19:24:27  trajectory: descending · mercury dasha · tempo×1.00 · tabla=True
19:24:29  mix recv: brightness=0.00 reverb=0.00
19:24:32  mix recv: brightness=0.00 reverb=0.00
19:24:35  mix recv: brightness=0.00 reverb=0.00
19:24:39  mix recv: brightness=0.00 reverb=0.00
19:24:40  tanpura field: ga-sa-sa-Sa · Bhimpalasī · Sa=116.5Hz · nakshatra=Pūrvāṣāḍhā · tidx=21
19:24:40  sarangi: bowing Sa=116.5Hz
19:24:40  synth params: ga-sa-sa-Sa · Bhimpalasī · Sa=116.5Hz · nakshatra=Pūrvāṣāḍhā · tidx=21 · 8 voices · tabla · 6 bols · mudrā: Padmakosha (flowing)
19:24:40  trajectory: descending · mercury dasha · tempo×1.00 · tabla=True
19:24:42  mix recv: brightness=0.00 reverb=0.00
19:24:45  mix recv: brightness=0.00 reverb=0.00
19:24:49  mix recv: brightness=0.00 reverb=0.00
19:24:52  mix recv: brightness=0.00 reverb=0.00
19:24:55  mix recv: brightness=0.00 reverb=0.00
19:24:57  tanpura field: ga-sa-sa-Sa · Bhimpalasī · Sa=116.5Hz · nakshatra=Pūrvāṣāḍhā · tidx=21
19:24:57  sarangi: bowing Sa=116.5Hz
19:24:57  synth params: ga-sa-sa-Sa · Bhimpalasī · Sa=116.5Hz · nakshatra=Pūrvāṣāḍhā · tidx=21 · 7 voices · tabla · 6 bols · mudrā: Padmakosha (flowing)
19:24:57  trajectory: descending · mercury dasha · tempo×1.00 · tabla=True
19:24:59  mix recv: brightness=0.00 reverb=0.00
19:25:02  mix recv: brightness=0.00 reverb=0.00
19:25:05  mix recv: brightness=0.00 reverb=0.00
19:25:09  mix recv: brightness=0.00 reverb=0.00
19:25:10  tanpura field: ga-sa-sa-Sa · Bhimpalasī · Sa=116.5Hz · nakshatra=Pūrvāṣāḍhā · tidx=21
19:25:10  sarangi: bowing Sa=116.5Hz
19:25:10  synth params: ga-sa-sa-Sa · Bhimpalasī · Sa=116.5Hz · nakshatra=Pūrvāṣāḍhā · tidx=21 · 8 voices · tabla · 6 bols · mudrā: Padmakosha (flowing)
19:25:10  trajectory: descending · mercury dasha · tempo×1.00 · tabla=True
19:25:12  mix recv: brightness=0.00 reverb=0.00
19:25:15  mix recv: brightness=0.00 reverb=0.00
19:25:19  mix recv: brightness=0.00 reverb=0.00
19:25:22  mix recv: brightness=0.00 reverb=0.00
19:25:25  mix recv: brightness=0.00 reverb=0.00
19:25:27  tanpura field: ga-sa-sa-Sa · Bhimpalasī · Sa=116.5Hz · nakshatra=Pūrvāṣāḍhā · tidx=21
19:25:27  sarangi: bowing Sa=116.5Hz
19:25:27  synth params: ga-sa-sa-Sa · Bhimpalasī · Sa=116.5Hz · nakshatra=Pūrvāṣāḍhā · tidx=21 · 6 voices · tabla · 6 bols · mudrā: Padmakosha (flowing)
19:25:27  trajectory: descending · mercury dasha · tempo×1.00 · tabla=True
19:25:29  mix recv: brightness=0.00 reverb=0.00
19:25:32  mix recv: brightness=0.00 reverb=0.00
19:25:35  mix recv: brightness=0.00 reverb=0.00
19:25:39  mix recv: brightness=0.00 reverb=0.00
19:25:41  tanpura field: ga-sa-sa-Sa · Bhimpalasī · Sa=116.5Hz · nakshatra=Pūrvāṣāḍhā · tidx=21
19:25:41  sarangi: bowing Sa=116.5Hz
19:25:41  synth params: ga-sa-sa-Sa · Bhimpalasī · Sa=116.5Hz · nakshatra=Pūrvāṣāḍhā · tidx=21 · 8 voices · tabla · 6 bols · mudrā: Padmakosha (flowing)
19:25:41  trajectory: descending · mercury dasha · tempo×1.00 · tabla=True
19:25:42  mix recv: brightness=0.00 reverb=0.00
19:25:45  mix recv: brightness=0.00 reverb=0.00
19:25:49  mix recv: brightness=0.00 reverb=0.00
19:25:52  mix recv: brightness=0.00 reverb=0.00
19:25:55  mix recv: brightness=0.00 reverb=0.00
19:25:57  tanpura field: ga-sa-sa-Sa · Bhimpalasī · Sa=116.5Hz · nakshatra=Pūrvāṣāḍhā · tidx=21
19:25:57  sarangi: bowing Sa=116.5Hz
19:25:57  synth params: ga-sa-sa-Sa · Bhimpalasī · Sa=116.5Hz · nakshatra=Pūrvāṣāḍhā · tidx=21 · 6 voices · tabla · 6 bols · mudrā: Padmakosha (flowing)
19:25:57  trajectory: descending · mercury dasha · tempo×1.00 · tabla=True
19:25:59  mix recv: brightness=0.00 reverb=0.00
19:26:02  mix recv: brightness=0.00 reverb=0.00
19:26:05  mix recv: brightness=0.00 reverb=0.00
19:26:09  mix recv: brightness=0.00 reverb=0.00
19:26:11  tanpura field: ga-sa-sa-Sa · Bhimpalasī · Sa=116.5Hz · nakshatra=Pūrvāṣāḍhā · tidx=21
19:26:11  sarangi: bowing Sa=116.5Hz
19:26:11  synth params: ga-sa-sa-Sa · Bhimpalasī · Sa=116.5Hz · nakshatra=Pūrvāṣāḍhā · tidx=21 · 6 voices · tabla · 6 bols · mudrā: Padmakosha (flowing)
19:26:11  trajectory: descending · mercury dasha · tempo×1.00 · tabla=True
19:26:12  mix recv: brightness=0.00 reverb=0.00
19:26:15  mix recv: brightness=0.00 reverb=0.00
19:26:19  mix recv: brightness=0.00 reverb=0.00
19:26:22  mix recv: brightness=0.00 reverb=0.00
19:26:25  mix recv: brightness=0.00 reverb=0.00
19:26:27  tanpura field: ga-sa-sa-Sa · Bhimpalasī · Sa=116.5Hz · nakshatra=Pūrvāṣāḍhā · tidx=21
19:26:27  sarangi: bowing Sa=116.5Hz
19:26:27  synth params: ga-sa-sa-Sa · Bhimpalasī · Sa=116.5Hz · nakshatra=Pūrvāṣāḍhā · tidx=21 · 9 voices · tabla · 6 bols · mudrā: Padmakosha (flowing)
19:26:27  trajectory: descending · mercury dasha · tempo×1.00 · tabla=True
19:26:29  mix recv: brightness=0.00 reverb=0.00
19:26:32  mix recv: brightness=0.00 reverb=0.00
19:26:35  mix recv: brightness=0.00 reverb=0.00
19:26:39  mix recv: brightness=0.00 reverb=0.00
19:26:41  tanpura field: ga-sa-sa-Sa · Bhimpalasī · Sa=116.5Hz · nakshatra=Pūrvāṣāḍhā · tidx=21
19:26:41  sarangi: bowing Sa=116.5Hz
19:26:41  synth params: ga-sa-sa-Sa · Bhimpalasī · Sa=116.5Hz · nakshatra=Pūrvāṣāḍhā · tidx=21 · 7 voices · tabla · 6 bols · mudrā: Padmakosha (flowing)
19:26:41  trajectory: descending · mercury dasha · tempo×1.00 · tabla=True
19:26:42  mix recv: brightness=0.00 reverb=0.00
19:26:45  mix recv: brightness=0.00 reverb=0.00
19:26:49  mix recv: brightness=0.00 reverb=0.00
19:26:52  mix recv: brightness=0.00 reverb=0.00
19:26:55  mix recv: brightness=0.00 reverb=0.00
19:26:57  tanpura field: ga-sa-sa-Sa · Bhimpalasī · Sa=116.5Hz · nakshatra=Pūrvāṣāḍhā · tidx=21
19:26:57  sarangi: bowing Sa=116.5Hz
19:26:57  synth params: ga-sa-sa-Sa · Bhimpalasī · Sa=116.5Hz · nakshatra=Pūrvāṣāḍhā · tidx=21 · 6 voices · tabla · 6 bols · mudrā: Padmakosha (flowing)
19:26:57  trajectory: descending · mercury dasha · tempo×1.00 · tabla=True
19:26:59  mix recv: brightness=0.00 reverb=0.00
19:27:02  mix recv: brightness=0.00 reverb=0.00
19:27:05  mix recv: brightness=0.00 reverb=0.00
19:27:09  mix recv: brightness=0.00 reverb=0.00
19:27:11  tanpura field: ga-sa-sa-Sa · Bhimpalasī · Sa=116.5Hz · nakshatra=Pūrvāṣāḍhā · tidx=21
19:27:11  sarangi: bowing Sa=116.5Hz
19:27:11  synth params: ga-sa-sa-Sa · Bhimpalasī · Sa=116.5Hz · nakshatra=Pūrvāṣāḍhā · tidx=21 · 6 voices · tabla · 6 bols · mudrā: Padmakosha (flowing)
19:27:11  trajectory: descending · mercury dasha · tempo×1.00 · tabla=True
19:27:12  mix recv: brightness=0.00 reverb=0.00
19:27:15  mix recv: brightness=0.00 reverb=0.00
19:27:19  mix recv: brightness=0.00 reverb=0.00
19:27:22  mix recv: brightness=0.00 reverb=0.00
19:27:25  mix recv: brightness=0.00 reverb=0.00
19:27:27  tanpura field: ga-sa-sa-Sa · Bhimpalasī · Sa=116.5Hz · nakshatra=Pūrvāṣāḍhā · tidx=21
19:27:27  sarangi: bowing Sa=116.5Hz
19:27:27  synth params: ga-sa-sa-Sa · Bhimpalasī · Sa=116.5Hz · nakshatra=Pūrvāṣāḍhā · tidx=21 · 8 voices · tabla · 6 bols · mudrā: Padmakosha (flowing)
19:27:27  trajectory: descending · mercury dasha · tempo×1.00 · tabla=True
19:27:29  mix recv: brightness=0.00 reverb=0.00
19:27:32  mix recv: brightness=0.00 reverb=0.00
19:27:35  mix recv: brightness=0.00 reverb=0.00
19:27:39  mix recv: brightness=0.00 reverb=0.00
19:27:41  tanpura field: ga-sa-sa-Sa · Bhimpalasī · Sa=116.5Hz · nakshatra=Pūrvāṣāḍhā · tidx=21
19:27:41  sarangi: bowing Sa=116.5Hz
19:27:41  synth params: ga-sa-sa-Sa · Bhimpalasī · Sa=116.5Hz · nakshatra=Pūrvāṣāḍhā · tidx=21 · 8 voices · tabla · 6 bols · mudrā: Padmakosha (flowing)
19:27:41  trajectory: descending · mercury dasha · tempo×1.00 · tabla=True
19:27:42  mix recv: brightness=0.00 reverb=0.00
19:27:45  mix recv: brightness=0.00 reverb=0.00
19:27:49  mix recv: brightness=0.00 reverb=0.00
19:27:52  mix recv: brightness=0.00 reverb=0.00
19:27:55  mix recv: brightness=0.00 reverb=0.00
19:27:57  tanpura field: ga-sa-sa-Sa · Bhimpalasī · Sa=116.5Hz · nakshatra=Pūrvāṣāḍhā · tidx=21
19:27:57  sarangi: bowing Sa=116.5Hz
19:27:57  synth params: ga-sa-sa-Sa · Bhimpalasī · Sa=116.5Hz · nakshatra=Pūrvāṣāḍhā · tidx=21 · 6 voices · tabla · 6 bols · mudrā: Padmakosha (flowing)
19:27:57  trajectory: descending · mercury dasha · tempo×1.00 · tabla=True
19:27:59  mix recv: brightness=0.00 reverb=0.00
19:28:02  mix recv: brightness=0.00 reverb=0.00
19:28:05  mix recv: brightness=0.00 reverb=0.00
19:28:09  mix recv: brightness=0.00 reverb=0.00
19:28:11  tanpura field: ga-sa-sa-Sa · Bhimpalasī · Sa=116.5Hz · nakshatra=Pūrvāṣāḍhā · tidx=21
19:28:11  sarangi: bowing Sa=116.5Hz
19:28:11  synth params: ga-sa-sa-Sa · Bhimpalasī · Sa=116.5Hz · nakshatra=Pūrvāṣāḍhā · tidx=21 · 6 voices · tabla · 6 bols · mudrā: Padmakosha (flowing)
19:28:11  trajectory: descending · mercury dasha · tempo×1.00 · tabla=True
19:28:12  mix recv: brightness=0.00 reverb=0.00
19:28:15  mix recv: brightness=0.00 reverb=0.00
19:28:19  mix recv: brightness=0.00 reverb=0.00
19:28:22  mix recv: brightness=0.00 reverb=0.00
19:28:25  mix recv: brightness=0.00 reverb=0.00
19:28:28  tanpura field: ga-sa-sa-Sa · Bhimpalasī · Sa=116.5Hz · nakshatra=Pūrvāṣāḍhā · tidx=21
19:28:28  sarangi: bowing Sa=116.5Hz
19:28:28  synth params: ga-sa-sa-Sa · Bhimpalasī · Sa=116.5Hz · nakshatra=Pūrvāṣāḍhā · tidx=21 · 6 voices · tabla · 6 bols · mudrā: Padmakosha (flowing)
19:28:28  trajectory: descending · mercury dasha · tempo×1.00 · tabla=True
19:28:29  mix recv: brightness=0.00 reverb=0.00
19:28:32  mix recv: brightness=0.00 reverb=0.00
19:28:35  mix recv: brightness=0.00 reverb=0.00
19:28:39  mix recv: brightness=0.00 reverb=0.00
19:28:41  tanpura field: ga-sa-sa-Sa · Bhimpalasī · Sa=116.5Hz · nakshatra=Pūrvāṣāḍhā · tidx=21
19:28:41  sarangi: bowing Sa=116.5Hz
19:28:41  synth params: ga-sa-sa-Sa · Bhimpalasī · Sa=116.5Hz · nakshatra=Pūrvāṣāḍhā · tidx=21 · 6 voices · tabla · 6 bols · mudrā: Padmakosha (flowing)
19:28:41  trajectory: descending · mercury dasha · tempo×1.00 · tabla=True
19:28:42  mix recv: brightness=0.00 reverb=0.00
19:28:45  mix recv: brightness=0.00 reverb=0.00
19:28:49  mix recv: brightness=0.00 reverb=0.00
19:28:52  mix recv: brightness=0.00 reverb=0.00
19:28:55  mix recv: brightness=0.00 reverb=0.00
19:28:58  tanpura field: ga-sa-sa-Sa · Bhimpalasī · Sa=116.5Hz · nakshatra=Pūrvāṣāḍhā · tidx=21
19:28:58  sarangi: bowing Sa=116.5Hz
19:28:58  synth params: ga-sa-sa-Sa · Bhimpalasī · Sa=116.5Hz · nakshatra=Pūrvāṣāḍhā · tidx=21 · 7 voices · tabla · 6 bols · mudrā: Padmakosha (flowing)
19:28:58  trajectory: descending · mercury dasha · tempo×1.00 · tabla=True
19:28:59  mix recv: brightness=0.00 reverb=0.00
19:29:02  mix recv: brightness=0.00 reverb=0.00
19:29:05  mix recv: brightness=0.00 reverb=0.00
19:29:09  mix recv: brightness=0.00 reverb=0.00
19:29:11  tanpura field: ga-sa-sa-Sa · Bhimpalasī · Sa=116.5Hz · nakshatra=Pūrvāṣāḍhā · tidx=21
19:29:11  sarangi: bowing Sa=116.5Hz
19:29:11  synth params: ga-sa-sa-Sa · Bhimpalasī · Sa=116.5Hz · nakshatra=Pūrvāṣāḍhā · tidx=21 · 7 voices · tabla · 6 bols · mudrā: Padmakosha (flowing)
19:29:11  trajectory: descending · mercury dasha · tempo×1.00 · tabla=True
19:29:12  mix recv: brightness=0.00 reverb=0.00
19:29:15  mix recv: brightness=0.00 reverb=0.00
19:29:19  mix recv: brightness=0.00 reverb=0.00
19:29:22  mix recv: brightness=0.00 reverb=0.00
19:29:25  mix recv: brightness=0.00 reverb=0.00
19:29:28  tanpura field: ga-sa-sa-Sa · Bhimpalasī · Sa=116.5Hz · nakshatra=Pūrvāṣāḍhā · tidx=21
19:29:28  sarangi: bowing Sa=116.5Hz
19:29:28  synth params: ga-sa-sa-Sa · Bhimpalasī · Sa=116.5Hz · nakshatra=Pūrvāṣāḍhā · tidx=21 · 6 voices · tabla · 6 bols · mudrā: Padmakosha (flowing)
19:29:28  trajectory: descending · mercury dasha · tempo×1.00 · tabla=True
19:29:29  mix recv: brightness=0.00 reverb=0.00
19:29:32  mix recv: brightness=0.00 reverb=0.00
19:29:35  mix recv: brightness=0.00 reverb=0.00
19:29:39  mix recv: brightness=0.00 reverb=0.00
19:29:41  tanpura field: ga-sa-sa-Sa · Bhimpalasī · Sa=116.5Hz · nakshatra=Pūrvāṣāḍhā · tidx=21
19:29:41  sarangi: bowing Sa=116.5Hz
19:29:41  synth params: ga-sa-sa-Sa · Bhimpalasī · Sa=116.5Hz · nakshatra=Pūrvāṣāḍhā · tidx=21 · 6 voices · tabla · 6 bols · mudrā: Padmakosha (flowing)
19:29:41  trajectory: descending · mercury dasha · tempo×1.00 · tabla=True
19:29:42  mix recv: brightness=0.00 reverb=0.00
19:29:45  mix recv: brightness=0.00 reverb=0.00
19:29:49  mix recv: brightness=0.00 reverb=0.00
19:29:52  mix recv: brightness=0.00 reverb=0.00
19:29:55  mix recv: brightness=0.00 reverb=0.00
19:29:58  tanpura field: ga-sa-sa-Sa · Bhimpalasī · Sa=116.5Hz · nakshatra=Pūrvāṣāḍhā · tidx=21
19:29:58  sarangi: bowing Sa=116.5Hz
19:29:58  synth params: ga-sa-sa-Sa · Bhimpalasī · Sa=116.5Hz · nakshatra=Pūrvāṣāḍhā · tidx=21 · 6 voices · tabla · 6 bols · mudrā: Padmakosha (flowing)
19:29:58  trajectory: descending · mercury dasha · tempo×1.00 · tabla=True
19:29:59  mix recv: brightness=0.00 reverb=0.00
19:30:02  mix recv: brightness=0.00 reverb=0.00
19:30:05  mix recv: brightness=0.00 reverb=0.00
19:30:09  mix recv: brightness=0.00 reverb=0.00
19:30:11  tanpura field: ga-sa-sa-Sa · Bhimpalasī · Sa=116.5Hz · nakshatra=Pūrvāṣāḍhā · tidx=21
19:30:11  sarangi: bowing Sa=116.5Hz
19:30:11  synth params: ga-sa-sa-Sa · Bhimpalasī · Sa=116.5Hz · nakshatra=Pūrvāṣāḍhā · tidx=21 · 7 voices · tabla · 6 bols · mudrā: Padmakosha (flowing)
19:30:11  trajectory: descending · mercury dasha · tempo×1.00 · tabla=True
19:30:12  mix recv: brightness=0.00 reverb=0.00
19:30:15  mix recv: brightness=0.00 reverb=0.00
19:30:19  mix recv: brightness=0.00 reverb=0.00
19:30:22  mix recv: brightness=0.00 reverb=0.00
19:30:25  mix recv: brightness=0.00 reverb=0.00
19:30:28  tanpura field: ga-sa-sa-Sa · Bhimpalasī · Sa=116.5Hz · nakshatra=Pūrvāṣāḍhā · tidx=21
19:30:28  sarangi: bowing Sa=116.5Hz
19:30:28  synth params: ga-sa-sa-Sa · Bhimpalasī · Sa=116.5Hz · nakshatra=Pūrvāṣāḍhā · tidx=21 · 6 voices · tabla · 6 bols · mudrā: Padmakosha (flowing)
19:30:28  trajectory: descending · mercury dasha · tempo×1.00 · tabla=True
19:30:29  mix recv: brightness=0.00 reverb=0.00
19:30:32  mix recv: brightness=0.00 reverb=0.00
19:30:35  mix recv: brightness=0.00 reverb=0.00
19:30:39  mix recv: brightness=0.00 reverb=0.00
19:30:42  tanpura field: ga-sa-sa-Sa · Bhimpalasī · Sa=116.5Hz · nakshatra=Pūrvāṣāḍhā · tidx=21
19:30:42  sarangi: bowing Sa=116.5Hz
19:30:42  synth params: ga-sa-sa-Sa · Bhimpalasī · Sa=116.5Hz · nakshatra=Pūrvāṣāḍhā · tidx=21 · 7 voices · tabla · 6 bols · mudrā: Padmakosha (flowing)
19:30:42  trajectory: descending · mercury dasha · tempo×1.00 · tabla=True
19:30:42  mix recv: brightness=0.00 reverb=0.00
19:30:45  mix recv: brightness=0.00 reverb=0.00
19:30:49  mix recv: brightness=0.00 reverb=0.00
19:30:52  mix recv: brightness=0.00 reverb=0.00
19:30:55  mix recv: brightness=0.00 reverb=0.00
19:30:58  tanpura field: ga-sa-sa-Sa · Bhimpalasī · Sa=116.5Hz · nakshatra=Pūrvāṣāḍhā · tidx=21
19:30:58  sarangi: bowing Sa=116.5Hz
19:30:58  synth params: ga-sa-sa-Sa · Bhimpalasī · Sa=116.5Hz · nakshatra=Pūrvāṣāḍhā · tidx=21 · 6 voices · tabla · 6 bols · mudrā: Padmakosha (flowing)
19:30:58  trajectory: descending · mercury dasha · tempo×1.00 · tabla=True
19:30:59  mix recv: brightness=0.00 reverb=0.00
19:31:02  mix recv: brightness=0.00 reverb=0.00
19:31:05  mix recv: brightness=0.00 reverb=0.00
19:31:09  mix recv: brightness=0.00 reverb=0.00
19:31:12  tanpura field: ga-sa-sa-Sa · Bhimpalasī · Sa=116.5Hz · nakshatra=Pūrvāṣāḍhā · tidx=21
19:31:12  sarangi: bowing Sa=116.5Hz
19:31:12  synth params: ga-sa-sa-Sa · Bhimpalasī · Sa=116.5Hz · nakshatra=Pūrvāṣāḍhā · tidx=21 · 6 voices · tabla · 6 bols · mudrā: Padmakosha (flowing)
19:31:12  trajectory: descending · mercury dasha · tempo×1.00 · tabla=True
19:31:12  mix recv: brightness=0.00 reverb=0.00
19:31:15  mix recv: brightness=0.00 reverb=0.00
19:31:19  mix recv: brightness=0.00 reverb=0.00
19:31:22  mix recv: brightness=0.00 reverb=0.00
19:31:25  mix recv: brightness=0.00 reverb=0.00
19:31:28  tanpura field: ga-sa-sa-Sa · Bhimpalasī · Sa=116.5Hz · nakshatra=Pūrvāṣāḍhā · tidx=21
19:31:28  sarangi: bowing Sa=116.5Hz
19:31:28  synth params: ga-sa-sa-Sa · Bhimpalasī · Sa=116.5Hz · nakshatra=Pūrvāṣāḍhā · tidx=21 · 8 voices · tabla · 6 bols · mudrā: Padmakosha (flowing)
19:31:28  trajectory: descending · mercury dasha · tempo×1.00 · tabla=True
19:31:29  mix recv: brightness=0.00 reverb=0.00
19:31:32  mix recv: brightness=0.00 reverb=0.00
19:31:35  mix recv: brightness=0.00 reverb=0.00
19:31:39  mix recv: brightness=0.00 reverb=0.00
19:31:42  tanpura field: ga-sa-sa-Sa · Bhimpalasī · Sa=116.5Hz · nakshatra=Pūrvāṣāḍhā · tidx=21
19:31:42  sarangi: bowing Sa=116.5Hz
19:31:42  synth params: ga-sa-sa-Sa · Bhimpalasī · Sa=116.5Hz · nakshatra=Pūrvāṣāḍhā · tidx=21 · 6 voices · tabla · 6 bols · mudrā: Padmakosha (flowing)
19:31:42  trajectory: descending · mercury dasha · tempo×1.00 · tabla=True
19:31:42  mix recv: brightness=0.00 reverb=0.00
19:31:45  mix recv: brightness=0.00 reverb=0.00
19:31:49  mix recv: brightness=0.00 reverb=0.00
19:31:52  mix recv: brightness=0.00 reverb=0.00
19:31:55  mix recv: brightness=0.00 reverb=0.00
19:31:58  tanpura field: ga-sa-sa-Sa · Bhimpalasī · Sa=116.5Hz · nakshatra=Pūrvāṣāḍhā · tidx=21
19:31:58  sarangi: bowing Sa=116.5Hz
19:31:58  synth params: ga-sa-sa-Sa · Bhimpalasī · Sa=116.5Hz · nakshatra=Pūrvāṣāḍhā · tidx=21 · 6 voices · tabla · 6 bols · mudrā: Padmakosha (flowing)
19:31:58  trajectory: descending · mercury dasha · tempo×1.00 · tabla=True
19:31:59  mix recv: brightness=0.00 reverb=0.00
19:32:02  mix recv: brightness=0.00 reverb=0.00
19:32:05  mix recv: brightness=0.00 reverb=0.00
19:32:09  mix recv: brightness=0.00 reverb=0.00
19:32:12  tanpura field: ga-sa-sa-Sa · Bhimpalasī · Sa=116.5Hz · nakshatra=Pūrvāṣāḍhā · tidx=21
19:32:12  sarangi: bowing Sa=116.5Hz
19:32:12  synth params: ga-sa-sa-Sa · Bhimpalasī · Sa=116.5Hz · nakshatra=Pūrvāṣāḍhā · tidx=21 · 9 voices · tabla · 6 bols · mudrā: Padmakosha (flowing)
19:32:12  trajectory: descending · mercury dasha · tempo×1.00 · tabla=True
19:32:12  mix recv: brightness=0.00 reverb=0.00
19:32:15  mix recv: brightness=0.00 reverb=0.00
19:32:19  mix recv: brightness=0.00 reverb=0.00
19:32:22  mix recv: brightness=0.00 reverb=0.00
19:32:25  mix recv: brightness=0.00 reverb=0.00
19:32:28  tanpura field: ga-sa-sa-Sa · Bhimpalasī · Sa=116.5Hz · nakshatra=Pūrvāṣāḍhā · tidx=21
19:32:28  sarangi: bowing Sa=116.5Hz
19:32:28  synth params: ga-sa-sa-Sa · Bhimpalasī · Sa=116.5Hz · nakshatra=Pūrvāṣāḍhā · tidx=21 · 6 voices · tabla · 6 bols · mudrā: Padmakosha (flowing)
19:32:28  trajectory: descending · mercury dasha · tempo×1.00 · tabla=True
19:32:29  mix recv: brightness=0.00 reverb=0.00
19:32:32  mix recv: brightness=0.00 reverb=0.00
19:32:35  mix recv: brightness=0.00 reverb=0.00
19:32:39  mix recv: brightness=0.00 reverb=0.00
19:32:42  mix recv: brightness=0.00 reverb=0.00
19:32:42  tanpura field: ga-sa-sa-Sa · Bhimpalasī · Sa=116.5Hz · nakshatra=Pūrvāṣāḍhā · tidx=21
19:32:42  sarangi: bowing Sa=116.5Hz
19:32:42  synth params: ga-sa-sa-Sa · Bhimpalasī · Sa=116.5Hz · nakshatra=Pūrvāṣāḍhā · tidx=21 · 9 voices · tabla · 6 bols · mudrā: Padmakosha (flowing)
19:32:42  trajectory: descending · mercury dasha · tempo×1.00 · tabla=True
19:32:45  mix recv: brightness=0.00 reverb=0.00
19:32:49  mix recv: brightness=0.00 reverb=0.00
19:32:52  mix recv: brightness=0.00 reverb=0.00
19:32:55  mix recv: brightness=0.00 reverb=0.00
19:32:59  tanpura field: ga-sa-sa-Sa · Bhimpalasī · Sa=116.5Hz · nakshatra=Pūrvāṣāḍhā · tidx=21
19:32:59  sarangi: bowing Sa=116.5Hz
19:32:59  synth params: ga-sa-sa-Sa · Bhimpalasī · Sa=116.5Hz · nakshatra=Pūrvāṣāḍhā · tidx=21 · 6 voices · tabla · 6 bols · mudrā: Padmakosha (flowing)
19:32:59  trajectory: descending · mercury dasha · tempo×1.00 · tabla=True
19:32:59  mix recv: brightness=0.00 reverb=0.00
19:33:02  mix recv: brightness=0.00 reverb=0.00
19:33:05  mix recv: brightness=0.00 reverb=0.00
19:33:09  mix recv: brightness=0.00 reverb=0.00
19:33:12  mix recv: brightness=0.00 reverb=0.00
19:33:12  tanpura field: ga-sa-sa-Sa · Bhimpalasī · Sa=116.5Hz · nakshatra=Pūrvāṣāḍhā · tidx=21
19:33:12  sarangi: bowing Sa=116.5Hz
19:33:12  synth params: ga-sa-sa-Sa · Bhimpalasī · Sa=116.5Hz · nakshatra=Pūrvāṣāḍhā · tidx=21 · 8 voices · tabla · 6 bols · mudrā: Padmakosha (flowing)
19:33:12  trajectory: descending · mercury dasha · tempo×1.00 · tabla=True
19:33:15  mix recv: brightness=0.00 reverb=0.00
19:33:19  mix recv: brightness=0.00 reverb=0.00
19:33:22  mix recv: brightness=0.00 reverb=0.00
19:33:25  mix recv: brightness=0.00 reverb=0.00
19:33:29  tanpura field: ga-sa-sa-Sa · Bhimpalasī · Sa=116.5Hz · nakshatra=Pūrvāṣāḍhā · tidx=21
19:33:29  sarangi: bowing Sa=116.5Hz
19:33:29  synth params: ga-sa-sa-Sa · Bhimpalasī · Sa=116.5Hz · nakshatra=Pūrvāṣāḍhā · tidx=21 · 7 voices · tabla · 6 bols · mudrā: Padmakosha (flowing)
19:33:29  trajectory: descending · mercury dasha · tempo×1.00 · tabla=True
19:33:29  mix recv: brightness=0.00 reverb=0.00
19:33:32  mix recv: brightness=0.00 reverb=0.00
19:33:35  mix recv: brightness=0.00 reverb=0.00
19:33:39  mix recv: brightness=0.00 reverb=0.00
19:33:42  mix recv: brightness=0.00 reverb=0.00
19:33:42  tanpura field: ga-sa-sa-Sa · Bhimpalasī · Sa=116.5Hz · nakshatra=Pūrvāṣāḍhā · tidx=21
19:33:42  sarangi: bowing Sa=116.5Hz
19:33:42  synth params: ga-sa-sa-Sa · Bhimpalasī · Sa=116.5Hz · nakshatra=Pūrvāṣāḍhā · tidx=21 · 6 voices · tabla · 6 bols · mudrā: Padmakosha (flowing)
19:33:42  trajectory: descending · mercury dasha · tempo×1.00 · tabla=True
19:33:45  mix recv: brightness=0.00 reverb=0.00
19:33:49  mix recv: brightness=0.00 reverb=0.00
19:33:52  mix recv: brightness=0.00 reverb=0.00
19:33:55  mix recv: brightness=0.00 reverb=0.00
19:33:59  mix recv: brightness=0.00 reverb=0.00
19:33:59  tanpura field: ga-sa-sa-Sa · Bhimpalasī · Sa=116.5Hz · nakshatra=Pūrvāṣāḍhā · tidx=21
19:33:59  sarangi: bowing Sa=116.5Hz
19:33:59  synth params: ga-sa-sa-Sa · Bhimpalasī · Sa=116.5Hz · nakshatra=Pūrvāṣāḍhā · tidx=21 · 9 voices · tabla · 6 bols · mudrā: Padmakosha (flowing)
19:33:59  trajectory: descending · mercury dasha · tempo×1.00 · tabla=True
19:34:02  mix recv: brightness=0.00 reverb=0.00
19:34:05  mix recv: brightness=0.00 reverb=0.00
19:34:09  mix recv: brightness=0.00 reverb=0.00
19:34:12  mix recv: brightness=0.00 reverb=0.00
19:34:12  tanpura field: ga-sa-sa-Sa · Bhimpalasī · Sa=116.5Hz · nakshatra=Pūrvāṣāḍhā · tidx=21
19:34:12  sarangi: bowing Sa=116.5Hz
19:34:12  synth params: ga-sa-sa-Sa · Bhimpalasī · Sa=116.5Hz · nakshatra=Pūrvāṣāḍhā · tidx=21 · 6 voices · tabla · 6 bols · mudrā: Padmakosha (flowing)
19:34:12  trajectory: descending · mercury dasha · tempo×1.00 · tabla=True
19:34:15  mix recv: brightness=0.00 reverb=0.00
19:34:19  mix recv: brightness=0.00 reverb=0.00
19:34:22  mix recv: brightness=0.00 reverb=0.00
19:34:25  mix recv: brightness=0.00 reverb=0.00
19:34:29  mix recv: brightness=0.00 reverb=0.00
19:34:29  tanpura field: ga-sa-sa-Sa · Bhimpalasī · Sa=116.5Hz · nakshatra=Pūrvāṣāḍhā · tidx=21
19:34:29  sarangi: bowing Sa=116.5Hz
19:34:29  synth params: ga-sa-sa-Sa · Bhimpalasī · Sa=116.5Hz · nakshatra=Pūrvāṣāḍhā · tidx=21 · 6 voices · tabla · 6 bols · mudrā: Padmakosha (flowing)
19:34:29  trajectory: descending · mercury dasha · tempo×1.00 · tabla=True
19:34:32  mix recv: brightness=0.00 reverb=0.00
19:34:35  mix recv: brightness=0.00 reverb=0.00
19:34:39  mix recv: brightness=0.00 reverb=0.00
19:34:42  mix recv: brightness=0.00 reverb=0.00
19:34:43  tanpura field: ga-sa-sa-Sa · Bhimpalasī · Sa=116.5Hz · nakshatra=Pūrvāṣāḍhā · tidx=21
19:34:43  sarangi: bowing Sa=116.5Hz
19:34:43  synth params: ga-sa-sa-Sa · Bhimpalasī · Sa=116.5Hz · nakshatra=Pūrvāṣāḍhā · tidx=21 · 6 voices · tabla · 6 bols · mudrā: Padmakosha (flowing)
19:34:43  trajectory: descending · mercury dasha · tempo×1.00 · tabla=True
19:34:45  mix recv: brightness=0.00 reverb=0.00
19:34:49  mix recv: brightness=0.00 reverb=0.00
19:34:52  mix recv: brightness=0.00 reverb=0.00
19:34:55  mix recv: brightness=0.00 reverb=0.00
19:34:59  mix recv: brightness=0.00 reverb=0.00
19:34:59  tanpura field: ga-sa-sa-Sa · Bhimpalasī · Sa=116.5Hz · nakshatra=Pūrvāṣāḍhā · tidx=21
19:34:59  sarangi: bowing Sa=116.5Hz
19:34:59  synth params: ga-sa-sa-Sa · Bhimpalasī · Sa=116.5Hz · nakshatra=Pūrvāṣāḍhā · tidx=21 · 6 voices · tabla · 6 bols · mudrā: Padmakosha (flowing)
19:34:59  trajectory: descending · mercury dasha · tempo×1.00 · tabla=True
19:35:02  mix recv: brightness=0.00 reverb=0.00
19:35:05  mix recv: brightness=0.00 reverb=0.00
19:35:09  mix recv: brightness=0.00 reverb=0.00
19:35:12  mix recv: brightness=0.00 reverb=0.00
19:35:13  tanpura field: ga-sa-sa-Sa · Bhimpalasī · Sa=116.5Hz · nakshatra=Pūrvāṣāḍhā · tidx=21
19:35:13  sarangi: bowing Sa=116.5Hz
19:35:13  synth params: ga-sa-sa-Sa · Bhimpalasī · Sa=116.5Hz · nakshatra=Pūrvāṣāḍhā · tidx=21 · 6 voices · tabla · 6 bols · mudrā: Padmakosha (flowing)
19:35:13  trajectory: descending · mercury dasha · tempo×1.00 · tabla=True
19:35:15  mix recv: brightness=0.00 reverb=0.00
19:35:19  mix recv: brightness=0.00 reverb=0.00
19:35:22  mix recv: brightness=0.00 reverb=0.00
19:35:25  mix recv: brightness=0.00 reverb=0.00
19:35:29  mix recv: brightness=0.00 reverb=0.00
19:35:29  tanpura field: ga-sa-sa-Sa · Bhimpalasī · Sa=116.5Hz · nakshatra=Pūrvāṣāḍhā · tidx=21
19:35:29  sarangi: bowing Sa=116.5Hz
19:35:29  synth params: ga-sa-sa-Sa · Bhimpalasī · Sa=116.5Hz · nakshatra=Pūrvāṣāḍhā · tidx=21 · 9 voices · tabla · 6 bols · mudrā: Padmakosha (flowing)
19:35:29  trajectory: descending · mercury dasha · tempo×1.00 · tabla=True
19:35:32  mix recv: brightness=0.00 reverb=0.00
19:35:35  mix recv: brightness=0.00 reverb=0.00
19:35:39  mix recv: brightness=0.00 reverb=0.00
19:35:42  mix recv: brightness=0.00 reverb=0.00
19:35:43  tanpura field: ga-sa-sa-Sa · Bhimpalasī · Sa=116.5Hz · nakshatra=Pūrvāṣāḍhā · tidx=21
19:35:43  sarangi: bowing Sa=116.5Hz
19:35:43  synth params: ga-sa-sa-Sa · Bhimpalasī · Sa=116.5Hz · nakshatra=Pūrvāṣāḍhā · tidx=21 · 9 voices · tabla · 6 bols · mudrā: Padmakosha (flowing)
19:35:43  trajectory: descending · mercury dasha · tempo×1.00 · tabla=True
19:35:45  mix recv: brightness=0.00 reverb=0.00
19:35:49  mix recv: brightness=0.00 reverb=0.00
19:35:52  mix recv: brightness=0.00 reverb=0.00
19:35:55  mix recv: brightness=0.00 reverb=0.00
19:35:59  mix recv: brightness=0.00 reverb=0.00
19:35:59  tanpura field: ga-sa-sa-Sa · Bhimpalasī · Sa=116.5Hz · nakshatra=Pūrvāṣāḍhā · tidx=21
19:35:59  sarangi: bowing Sa=116.5Hz
19:35:59  synth params: ga-sa-sa-Sa · Bhimpalasī · Sa=116.5Hz · nakshatra=Pūrvāṣāḍhā · tidx=21 · 7 voices · tabla · 6 bols · mudrā: Padmakosha (flowing)
19:35:59  trajectory: descending · mercury dasha · tempo×1.00 · tabla=True
19:36:02  mix recv: brightness=0.00 reverb=0.00
19:36:05  mix recv: brightness=0.00 reverb=0.00
19:36:09  mix recv: brightness=0.00 reverb=0.00
19:36:12  mix recv: brightness=0.00 reverb=0.00
19:36:13  tanpura field: ga-sa-sa-Sa · Bhimpalasī · Sa=116.5Hz · nakshatra=Pūrvāṣāḍhā · tidx=21
19:36:13  sarangi: bowing Sa=116.5Hz
19:36:13  synth params: ga-sa-sa-Sa · Bhimpalasī · Sa=116.5Hz · nakshatra=Pūrvāṣāḍhā · tidx=21 · 9 voices · tabla · 6 bols · mudrā: Padmakosha (flowing)
19:36:13  trajectory: descending · mercury dasha · tempo×1.00 · tabla=True
19:36:15  mix recv: brightness=0.00 reverb=0.00
19:36:19  mix recv: brightness=0.00 reverb=0.00
19:36:22  mix recv: brightness=0.00 reverb=0.00
19:36:25  mix recv: brightness=0.00 reverb=0.00
19:36:29  mix recv: brightness=0.00 reverb=0.00
19:36:29  tanpura field: ga-sa-sa-Sa · Bhimpalasī · Sa=116.5Hz · nakshatra=Pūrvāṣāḍhā · tidx=21
19:36:29  sarangi: bowing Sa=116.5Hz
19:36:29  synth params: ga-sa-sa-Sa · Bhimpalasī · Sa=116.5Hz · nakshatra=Pūrvāṣāḍhā · tidx=21 · 9 voices · tabla · 6 bols · mudrā: Padmakosha (flowing)
19:36:29  trajectory: descending · mercury dasha · tempo×1.00 · tabla=True
19:36:32  mix recv: brightness=0.00 reverb=0.00
19:36:35  mix recv: brightness=0.00 reverb=0.00
19:36:39  mix recv: brightness=0.00 reverb=0.00
19:36:42  mix recv: brightness=0.00 reverb=0.00
19:36:43  tanpura field: ga-sa-sa-Sa · Bhimpalasī · Sa=116.5Hz · nakshatra=Pūrvāṣāḍhā · tidx=21
19:36:43  sarangi: bowing Sa=116.5Hz
19:36:43  synth params: ga-sa-sa-Sa · Bhimpalasī · Sa=116.5Hz · nakshatra=Pūrvāṣāḍhā · tidx=21 · 7 voices · tabla · 6 bols · mudrā: Padmakosha (flowing)
19:36:43  trajectory: descending · mercury dasha · tempo×1.00 · tabla=True
19:36:45  mix recv: brightness=0.00 reverb=0.00
19:36:49  mix recv: brightness=0.00 reverb=0.00
19:36:52  mix recv: brightness=0.00 reverb=0.00
19:36:55  mix recv: brightness=0.00 reverb=0.00
19:36:59  mix recv: brightness=0.00 reverb=0.00
19:36:59  tanpura field: ga-sa-sa-Sa · Bhimpalasī · Sa=116.5Hz · nakshatra=Pūrvāṣāḍhā · tidx=21
19:36:59  sarangi: bowing Sa=116.5Hz
19:36:59  synth params: ga-sa-sa-Sa · Bhimpalasī · Sa=116.5Hz · nakshatra=Pūrvāṣāḍhā · tidx=21 · 6 voices · tabla · 6 bols · mudrā: Padmakosha (flowing)
19:36:59  trajectory: descending · mercury dasha · tempo×1.00 · tabla=True
19:37:02  mix recv: brightness=0.00 reverb=0.00
19:37:05  mix recv: brightness=0.00 reverb=0.00
19:37:09  mix recv: brightness=0.00 reverb=0.00
19:37:12  mix recv: brightness=0.00 reverb=0.00
19:37:13  tanpura field: ga-sa-sa-Sa · Bhimpalasī · Sa=116.5Hz · nakshatra=Pūrvāṣāḍhā · tidx=21
19:37:13  sarangi: bowing Sa=116.5Hz
19:37:13  synth params: ga-sa-sa-Sa · Bhimpalasī · Sa=116.5Hz · nakshatra=Pūrvāṣāḍhā · tidx=21 · 6 voices · tabla · 6 bols · mudrā: Padmakosha (flowing)
19:37:13  trajectory: descending · mercury dasha · tempo×1.00 · tabla=True
19:37:15  mix recv: brightness=0.00 reverb=0.00
19:37:19  mix recv: brightness=0.00 reverb=0.00
19:37:22  mix recv: brightness=0.00 reverb=0.00
19:37:25  mix recv: brightness=0.00 reverb=0.00
19:37:29  mix recv: brightness=0.00 reverb=0.00
19:37:30  tanpura field: ga-sa-sa-Sa · Bhimpalasī · Sa=116.5Hz · nakshatra=Pūrvāṣāḍhā · tidx=21
19:37:30  sarangi: bowing Sa=116.5Hz
19:37:30  synth params: ga-sa-sa-Sa · Bhimpalasī · Sa=116.5Hz · nakshatra=Pūrvāṣāḍhā · tidx=21 · 8 voices · tabla · 6 bols · mudrā: Padmakosha (flowing)
19:37:30  trajectory: descending · mercury dasha · tempo×1.00 · tabla=True
19:37:32  mix recv: brightness=0.00 reverb=0.00
19:37:35  mix recv: brightness=0.00 reverb=0.00
19:37:39  mix recv: brightness=0.00 reverb=0.00
19:37:42  mix recv: brightness=0.00 reverb=0.00
19:37:43  tanpura field: ga-sa-sa-Sa · Bhimpalasī · Sa=116.5Hz · nakshatra=Pūrvāṣāḍhā · tidx=21
19:37:43  sarangi: bowing Sa=116.5Hz
19:37:43  synth params: ga-sa-sa-Sa · Bhimpalasī · Sa=116.5Hz · nakshatra=Pūrvāṣāḍhā · tidx=21 · 7 voices · tabla · 6 bols · mudrā: Padmakosha (flowing)
19:37:43  trajectory: descending · mercury dasha · tempo×1.00 · tabla=True
19:37:45  mix recv: brightness=0.00 reverb=0.00
19:37:49  mix recv: brightness=0.00 reverb=0.00
19:37:52  mix recv: brightness=0.00 reverb=0.00
19:37:55  mix recv: brightness=0.00 reverb=0.00
19:37:59  mix recv: brightness=0.00 reverb=0.00
19:38:00  tanpura field: ga-sa-sa-Sa · Bhimpalasī · Sa=116.5Hz · nakshatra=Pūrvāṣāḍhā · tidx=21
19:38:00  sarangi: bowing Sa=116.5Hz
19:38:00  synth params: ga-sa-sa-Sa · Bhimpalasī · Sa=116.5Hz · nakshatra=Pūrvāṣāḍhā · tidx=21 · 6 voices · tabla · 6 bols · mudrā: Padmakosha (flowing)
19:38:00  trajectory: descending · mercury dasha · tempo×1.00 · tabla=True
19:38:02  mix recv: brightness=0.00 reverb=0.00
19:38:05  mix recv: brightness=0.00 reverb=0.00
19:38:09  mix recv: brightness=0.00 reverb=0.00
19:38:12  mix recv: brightness=0.00 reverb=0.00
19:38:13  tanpura field: ga-sa-sa-Sa · Bhimpalasī · Sa=116.5Hz · nakshatra=Pūrvāṣāḍhā · tidx=21
19:38:13  sarangi: bowing Sa=116.5Hz
19:38:13  synth params: ga-sa-sa-Sa · Bhimpalasī · Sa=116.5Hz · nakshatra=Pūrvāṣāḍhā · tidx=21 · 8 voices · tabla · 6 bols · mudrā: Padmakosha (flowing)
19:38:13  trajectory: descending · mercury dasha · tempo×1.00 · tabla=True
19:38:15  mix recv: brightness=0.00 reverb=0.00
19:38:19  mix recv: brightness=0.00 reverb=0.00
19:38:22  mix recv: brightness=0.00 reverb=0.00
19:38:25  mix recv: brightness=0.00 reverb=0.00
19:38:29  mix recv: brightness=0.00 reverb=0.00
19:38:30  tanpura field: ga-sa-sa-Sa · Bhimpalasī · Sa=116.5Hz · nakshatra=Pūrvāṣāḍhā · tidx=21
19:38:30  sarangi: bowing Sa=116.5Hz
19:38:30  synth params: ga-sa-sa-Sa · Bhimpalasī · Sa=116.5Hz · nakshatra=Pūrvāṣāḍhā · tidx=21 · 6 voices · tabla · 6 bols · mudrā: Padmakosha (flowing)
19:38:30  trajectory: descending · mercury dasha · tempo×1.00 · tabla=True
19:38:32  mix recv: brightness=0.00 reverb=0.00
19:38:35  mix recv: brightness=0.00 reverb=0.00
19:38:39  mix recv: brightness=0.00 reverb=0.00
19:38:42  mix recv: brightness=0.00 reverb=0.00
19:38:43  tanpura field: ga-sa-sa-Sa · Bhimpalasī · Sa=116.5Hz · nakshatra=Pūrvāṣāḍhā · tidx=21
19:38:43  sarangi: bowing Sa=116.5Hz
19:38:43  synth params: ga-sa-sa-Sa · Bhimpalasī · Sa=116.5Hz · nakshatra=Pūrvāṣāḍhā · tidx=21 · 6 voices · tabla · 6 bols · mudrā: Padmakosha (flowing)
19:38:43  trajectory: descending · mercury dasha · tempo×1.00 · tabla=True
19:38:45  mix recv: brightness=0.00 reverb=0.00
19:38:49  mix recv: brightness=0.00 reverb=0.00
19:38:52  mix recv: brightness=0.00 reverb=0.00
19:38:55  mix recv: brightness=0.00 reverb=0.00
19:38:59  mix recv: brightness=0.00 reverb=0.00
19:39:00  tanpura field: ga-sa-sa-Sa · Bhimpalasī · Sa=116.5Hz · nakshatra=Pūrvāṣāḍhā · tidx=21
19:39:00  sarangi: bowing Sa=116.5Hz
19:39:00  synth params: ga-sa-sa-Sa · Bhimpalasī · Sa=116.5Hz · nakshatra=Pūrvāṣāḍhā · tidx=21 · 7 voices · tabla · 6 bols · mudrā: Padmakosha (flowing)
19:39:00  trajectory: descending · mercury dasha · tempo×1.00 · tabla=True
19:39:02  mix recv: brightness=0.00 reverb=0.00
19:39:05  mix recv: brightness=0.00 reverb=0.00
19:39:09  mix recv: brightness=0.00 reverb=0.00
19:39:12  mix recv: brightness=0.00 reverb=0.00
19:39:14  tanpura field: ga-sa-sa-Sa · Bhimpalasī · Sa=116.5Hz · nakshatra=Pūrvāṣāḍhā · tidx=21
19:39:14  sarangi: bowing Sa=116.5Hz
19:39:14  synth params: ga-sa-sa-Sa · Bhimpalasī · Sa=116.5Hz · nakshatra=Pūrvāṣāḍhā · tidx=21 · 7 voices · tabla · 6 bols · mudrā: Padmakosha (flowing)
19:39:14  trajectory: descending · mercury dasha · tempo×1.00 · tabla=True
19:39:15  mix recv: brightness=0.00 reverb=0.00
19:39:19  mix recv: brightness=0.00 reverb=0.00
19:39:22  mix recv: brightness=0.00 reverb=0.00
19:39:25  mix recv: brightness=0.00 reverb=0.00
19:39:29  mix recv: brightness=0.00 reverb=0.00
19:39:30  tanpura field: ga-sa-sa-Sa · Bhimpalasī · Sa=116.5Hz · nakshatra=Pūrvāṣāḍhā · tidx=21
19:39:30  sarangi: bowing Sa=116.5Hz
19:39:30  synth params: ga-sa-sa-Sa · Bhimpalasī · Sa=116.5Hz · nakshatra=Pūrvāṣāḍhā · tidx=21 · 9 voices · tabla · 6 bols · mudrā: Padmakosha (flowing)
19:39:30  trajectory: descending · mercury dasha · tempo×1.00 · tabla=True
19:39:32  mix recv: brightness=0.00 reverb=0.00
19:39:35  mix recv: brightness=0.00 reverb=0.00
19:39:39  mix recv: brightness=0.00 reverb=0.00
19:39:42  mix recv: brightness=0.00 reverb=0.00
19:39:44  tanpura field: ga-sa-sa-Sa · Bhimpalasī · Sa=116.5Hz · nakshatra=Pūrvāṣāḍhā · tidx=21
19:39:44  sarangi: bowing Sa=116.5Hz
19:39:44  synth params: ga-sa-sa-Sa · Bhimpalasī · Sa=116.5Hz · nakshatra=Pūrvāṣāḍhā · tidx=21 · 9 voices · tabla · 6 bols · mudrā: Padmakosha (flowing)
19:39:44  trajectory: descending · mercury dasha · tempo×1.00 · tabla=True
19:39:45  mix recv: brightness=0.00 reverb=0.00
19:39:49  mix recv: brightness=0.00 reverb=0.00
19:39:52  mix recv: brightness=0.00 reverb=0.00
19:39:55  mix recv: brightness=0.00 reverb=0.00
19:39:59  mix recv: brightness=0.00 reverb=0.00
19:40:00  tanpura field: ga-sa-sa-Sa · Bhimpalasī · Sa=116.5Hz · nakshatra=Pūrvāṣāḍhā · tidx=21
19:40:00  sarangi: bowing Sa=116.5Hz
19:40:00  synth params: ga-sa-sa-Sa · Bhimpalasī · Sa=116.5Hz · nakshatra=Pūrvāṣāḍhā · tidx=21 · 7 voices · tabla · 6 bols · mudrā: Padmakosha (flowing)
19:40:00  trajectory: descending · mercury dasha · tempo×1.00 · tabla=True
19:40:02  mix recv: brightness=0.00 reverb=0.00
19:40:05  mix recv: brightness=0.00 reverb=0.00
19:40:09  mix recv: brightness=0.00 reverb=0.00
19:40:12  mix recv: brightness=0.00 reverb=0.00
19:40:14  tanpura field: ga-sa-sa-Sa · Bhimpalasī · Sa=116.5Hz · nakshatra=Pūrvāṣāḍhā · tidx=21
19:40:14  sarangi: bowing Sa=116.5Hz
19:40:14  synth params: ga-sa-sa-Sa · Bhimpalasī · Sa=116.5Hz · nakshatra=Pūrvāṣāḍhā · tidx=21 · 8 voices · tabla · 6 bols · mudrā: Padmakosha (flowing)
19:40:14  trajectory: descending · mercury dasha · tempo×1.00 · tabla=True
19:40:15  mix recv: brightness=0.00 reverb=0.00
19:40:19  mix recv: brightness=0.00 reverb=0.00
19:40:22  mix recv: brightness=0.00 reverb=0.00
19:40:25  mix recv: brightness=0.00 reverb=0.00
19:40:29  mix recv: brightness=0.00 reverb=0.00
19:40:30  tanpura field: ga-sa-sa-Sa · Bhimpalasī · Sa=116.5Hz · nakshatra=Pūrvāṣāḍhā · tidx=21
19:40:30  sarangi: bowing Sa=116.5Hz
19:40:30  synth params: ga-sa-sa-Sa · Bhimpalasī · Sa=116.5Hz · nakshatra=Pūrvāṣāḍhā · tidx=21 · 6 voices · tabla · 6 bols · mudrā: Padmakosha (flowing)
19:40:30  trajectory: descending · mercury dasha · tempo×1.00 · tabla=True
19:40:32  mix recv: brightness=0.00 reverb=0.00
19:40:35  mix recv: brightness=0.00 reverb=0.00
19:40:39  mix recv: brightness=0.00 reverb=0.00
19:40:42  mix recv: brightness=0.00 reverb=0.00
19:40:44  tanpura field: ga-sa-sa-Sa · Bhimpalasī · Sa=116.5Hz · nakshatra=Pūrvāṣāḍhā · tidx=21
19:40:44  sarangi: bowing Sa=116.5Hz
19:40:44  synth params: ga-sa-sa-Sa · Bhimpalasī · Sa=116.5Hz · nakshatra=Pūrvāṣāḍhā · tidx=21 · 6 voices · tabla · 6 bols · mudrā: Padmakosha (flowing)
19:40:44  trajectory: descending · mercury dasha · tempo×1.00 · tabla=True
19:40:45  mix recv: brightness=0.00 reverb=0.00
19:40:49  mix recv: brightness=0.00 reverb=0.00
19:40:52  mix recv: brightness=0.00 reverb=0.00
19:40:55  mix recv: brightness=0.00 reverb=0.00
19:40:59  mix recv: brightness=0.00 reverb=0.00
19:41:00  tanpura field: ga-sa-sa-Sa · Bhimpalasī · Sa=116.5Hz · nakshatra=Pūrvāṣāḍhā · tidx=21
19:41:00  sarangi: bowing Sa=116.5Hz
19:41:00  synth params: ga-sa-sa-Sa · Bhimpalasī · Sa=116.5Hz · nakshatra=Pūrvāṣāḍhā · tidx=21 · 6 voices · tabla · 6 bols · mudrā: Padmakosha (flowing)
19:41:00  trajectory: descending · mercury dasha · tempo×1.00 · tabla=True
19:41:02  mix recv: brightness=0.00 reverb=0.00
19:41:05  mix recv: brightness=0.00 reverb=0.00
19:41:09  mix recv: brightness=0.00 reverb=0.00
19:41:12  mix recv: brightness=0.00 reverb=0.00
19:41:14  tanpura field: ga-sa-sa-Sa · Bhimpalasī · Sa=116.5Hz · nakshatra=Pūrvāṣāḍhā · tidx=21
19:41:14  sarangi: bowing Sa=116.5Hz
19:41:14  synth params: ga-sa-sa-Sa · Bhimpalasī · Sa=116.5Hz · nakshatra=Pūrvāṣāḍhā · tidx=21 · 6 voices · tabla · 6 bols · mudrā: Padmakosha (flowing)
19:41:14  trajectory: descending · mercury dasha · tempo×1.00 · tabla=True
19:41:15  mix recv: brightness=0.00 reverb=0.00
19:41:19  mix recv: brightness=0.00 reverb=0.00
19:41:22  mix recv: brightness=0.00 reverb=0.00
19:41:25  mix recv: brightness=0.00 reverb=0.00
19:41:29  mix recv: brightness=0.00 reverb=0.00
19:41:30  tanpura field: ga-sa-sa-Sa · Bhimpalasī · Sa=116.5Hz · nakshatra=Pūrvāṣāḍhā · tidx=21
19:41:30  sarangi: bowing Sa=116.5Hz
19:41:30  synth params: ga-sa-sa-Sa · Bhimpalasī · Sa=116.5Hz · nakshatra=Pūrvāṣāḍhā · tidx=21 · 6 voices · tabla · 6 bols · mudrā: Padmakosha (flowing)
19:41:30  trajectory: descending · mercury dasha · tempo×1.00 · tabla=True
19:41:32  mix recv: brightness=0.00 reverb=0.00
19:41:35  mix recv: brightness=0.00 reverb=0.00
19:41:39  mix recv: brightness=0.00 reverb=0.00
19:41:42  mix recv: brightness=0.00 reverb=0.00
19:41:44  tanpura field: ga-sa-sa-Sa · Bhimpalasī · Sa=116.5Hz · nakshatra=Pūrvāṣāḍhā · tidx=21
19:41:44  sarangi: bowing Sa=116.5Hz
19:41:44  synth params: ga-sa-sa-Sa · Bhimpalasī · Sa=116.5Hz · nakshatra=Pūrvāṣāḍhā · tidx=21 · 7 voices · tabla · 6 bols · mudrā: Padmakosha (flowing)
19:41:44  trajectory: descending · mercury dasha · tempo×1.00 · tabla=True
19:41:45  mix recv: brightness=0.00 reverb=0.00
19:41:49  mix recv: brightness=0.00 reverb=0.00
19:41:52  mix recv: brightness=0.00 reverb=0.00
19:41:55  mix recv: brightness=0.00 reverb=0.00
19:41:59  mix recv: brightness=0.00 reverb=0.00
19:42:00  tanpura field: ga-sa-sa-Sa · Bhimpalasī · Sa=116.5Hz · nakshatra=Pūrvāṣāḍhā · tidx=21
19:42:00  sarangi: bowing Sa=116.5Hz
19:42:00  synth params: ga-sa-sa-Sa · Bhimpalasī · Sa=116.5Hz · nakshatra=Pūrvāṣāḍhā · tidx=21 · 8 voices · tabla · 6 bols · mudrā: Padmakosha (flowing)
19:42:00  trajectory: descending · mercury dasha · tempo×1.00 · tabla=True
19:42:02  mix recv: brightness=0.00 reverb=0.00
19:42:05  mix recv: brightness=0.00 reverb=0.00
19:42:09  mix recv: brightness=0.00 reverb=0.00
19:42:12  mix recv: brightness=0.00 reverb=0.00
19:42:14  tanpura field: ga-sa-sa-Sa · Bhimpalasī · Sa=116.5Hz · nakshatra=Pūrvāṣāḍhā · tidx=21
19:42:14  sarangi: bowing Sa=116.5Hz
19:42:14  synth params: ga-sa-sa-Sa · Bhimpalasī · Sa=116.5Hz · nakshatra=Pūrvāṣāḍhā · tidx=21 · 6 voices · tabla · 6 bols · mudrā: Padmakosha (flowing)
19:42:14  trajectory: descending · mercury dasha · tempo×1.00 · tabla=True
19:42:15  mix recv: brightness=0.00 reverb=0.00
19:42:19  mix recv: brightness=0.00 reverb=0.00
19:42:22  mix recv: brightness=0.00 reverb=0.00
19:42:25  mix recv: brightness=0.00 reverb=0.00
19:42:29  mix recv: brightness=0.00 reverb=0.00
19:42:30  tanpura field: ga-sa-sa-Sa · Bhimpalasī · Sa=116.5Hz · nakshatra=Pūrvāṣāḍhā · tidx=21
19:42:30  sarangi: bowing Sa=116.5Hz
19:42:30  synth params: ga-sa-sa-Sa · Bhimpalasī · Sa=116.5Hz · nakshatra=Pūrvāṣāḍhā · tidx=21 · 7 voices · tabla · 6 bols · mudrā: Padmakosha (flowing)
19:42:30  trajectory: descending · mercury dasha · tempo×1.00 · tabla=True
19:42:32  mix recv: brightness=0.00 reverb=0.00
19:42:35  mix recv: brightness=0.00 reverb=0.00
19:42:39  mix recv: brightness=0.00 reverb=0.00
19:42:42  mix recv: brightness=0.00 reverb=0.00
19:42:44  tanpura field: ga-sa-sa-Sa · Bhimpalasī · Sa=116.5Hz · nakshatra=Pūrvāṣāḍhā · tidx=21
19:42:44  sarangi: bowing Sa=116.5Hz
19:42:44  synth params: ga-sa-sa-Sa · Bhimpalasī · Sa=116.5Hz · nakshatra=Pūrvāṣāḍhā · tidx=21 · 6 voices · tabla · 6 bols · mudrā: Padmakosha (flowing)
19:42:44  trajectory: descending · mercury dasha · tempo×1.00 · tabla=True
19:42:45  mix recv: brightness=0.00 reverb=0.00
19:42:49  mix recv: brightness=0.00 reverb=0.00
19:42:52  mix recv: brightness=0.00 reverb=0.00
19:42:55  mix recv: brightness=0.00 reverb=0.00
19:42:59  mix recv: brightness=0.00 reverb=0.00
19:43:01  tanpura field: ga-sa-sa-Sa · Bhimpalasī · Sa=116.5Hz · nakshatra=Pūrvāṣāḍhā · tidx=21
19:43:01  sarangi: bowing Sa=116.5Hz
19:43:01  synth params: ga-sa-sa-Sa · Bhimpalasī · Sa=116.5Hz · nakshatra=Pūrvāṣāḍhā · tidx=21 · 7 voices · tabla · 6 bols · mudrā: Padmakosha (flowing)
19:43:01  trajectory: descending · mercury dasha · tempo×1.00 · tabla=True
19:43:02  mix recv: brightness=0.00 reverb=0.00
19:43:05  mix recv: brightness=0.00 reverb=0.00
19:43:09  mix recv: brightness=0.00 reverb=0.00
19:43:12  mix recv: brightness=0.00 reverb=0.00
19:43:14  tanpura field: ga-sa-sa-Sa · Bhimpalasī · Sa=116.5Hz · nakshatra=Pūrvāṣāḍhā · tidx=21
19:43:14  sarangi: bowing Sa=116.5Hz
19:43:14  synth params: ga-sa-sa-Sa · Bhimpalasī · Sa=116.5Hz · nakshatra=Pūrvāṣāḍhā · tidx=21 · 6 voices · tabla · 6 bols · mudrā: Padmakosha (flowing)
19:43:14  trajectory: descending · mercury dasha · tempo×1.00 · tabla=True
19:43:15  mix recv: brightness=0.00 reverb=0.00
19:43:19  mix recv: brightness=0.00 reverb=0.00
19:43:22  mix recv: brightness=0.00 reverb=0.00
19:43:25  mix recv: brightness=0.00 reverb=0.00
19:43:29  mix recv: brightness=0.00 reverb=0.00
19:43:31  tanpura field: ga-sa-sa-Sa · Bhimpalasī · Sa=116.5Hz · nakshatra=Pūrvāṣāḍhā · tidx=21
19:43:31  sarangi: bowing Sa=116.5Hz
19:43:31  synth params: ga-sa-sa-Sa · Bhimpalasī · Sa=116.5Hz · nakshatra=Pūrvāṣāḍhā · tidx=21 · 8 voices · tabla · 6 bols · mudrā: Padmakosha (flowing)
19:43:31  trajectory: descending · mercury dasha · tempo×1.00 · tabla=True
19:43:32  mix recv: brightness=0.00 reverb=0.00
19:43:35  mix recv: brightness=0.00 reverb=0.00
19:43:39  mix recv: brightness=0.00 reverb=0.00
19:43:42  mix recv: brightness=0.00 reverb=0.00
19:43:44  tanpura field: ga-sa-sa-Sa · Bhimpalasī · Sa=116.5Hz · nakshatra=Pūrvāṣāḍhā · tidx=21
19:43:44  sarangi: bowing Sa=116.5Hz
19:43:44  synth params: ga-sa-sa-Sa · Bhimpalasī · Sa=116.5Hz · nakshatra=Pūrvāṣāḍhā · tidx=21 · 7 voices · tabla · 6 bols · mudrā: Padmakosha (flowing)
19:43:44  trajectory: descending · mercury dasha · tempo×1.00 · tabla=True
19:43:45  mix recv: brightness=0.00 reverb=0.00
19:43:49  mix recv: brightness=0.00 reverb=0.00
19:43:52  mix recv: brightness=0.00 reverb=0.00
19:43:55  mix recv: brightness=0.00 reverb=0.00
19:43:59  mix recv: brightness=0.00 reverb=0.00
19:44:01  tanpura field: ga-sa-sa-Sa · Bhimpalasī · Sa=116.5Hz · nakshatra=Pūrvāṣāḍhā · tidx=21
19:44:01  sarangi: bowing Sa=116.5Hz
19:44:01  synth params: ga-sa-sa-Sa · Bhimpalasī · Sa=116.5Hz · nakshatra=Pūrvāṣāḍhā · tidx=21 · 9 voices · tabla · 6 bols · mudrā: Padmakosha (flowing)
19:44:01  trajectory: descending · mercury dasha · tempo×1.00 · tabla=True
19:44:02  mix recv: brightness=0.00 reverb=0.00
19:44:05  mix recv: brightness=0.00 reverb=0.00
19:44:09  mix recv: brightness=0.00 reverb=0.00
19:44:12  mix recv: brightness=0.00 reverb=0.00
19:44:15  tanpura field: ga-sa-sa-Sa · Bhimpalasī · Sa=116.5Hz · nakshatra=Pūrvāṣāḍhā · tidx=21
19:44:15  sarangi: bowing Sa=116.5Hz
19:44:15  synth params: ga-sa-sa-Sa · Bhimpalasī · Sa=116.5Hz · nakshatra=Pūrvāṣāḍhā · tidx=21 · 7 voices · tabla · 6 bols · mudrā: Padmakosha (flowing)
19:44:15  trajectory: descending · mercury dasha · tempo×1.00 · tabla=True
19:44:15  mix recv: brightness=0.00 reverb=0.00
19:44:19  mix recv: brightness=0.00 reverb=0.00
19:44:22  mix recv: brightness=0.00 reverb=0.00
19:44:25  mix recv: brightness=0.00 reverb=0.00
19:44:29  mix recv: brightness=0.00 reverb=0.00
19:44:31  tanpura field: ga-sa-sa-Sa · Bhimpalasī · Sa=116.5Hz · nakshatra=Pūrvāṣāḍhā · tidx=21
19:44:31  sarangi: bowing Sa=116.5Hz
19:44:31  synth params: ga-sa-sa-Sa · Bhimpalasī · Sa=116.5Hz · nakshatra=Pūrvāṣāḍhā · tidx=21 · 8 voices · tabla · 6 bols · mudrā: Padmakosha (flowing)
19:44:31  trajectory: descending · mercury dasha · tempo×1.00 · tabla=True
19:44:32  mix recv: brightness=0.00 reverb=0.00
19:44:35  mix recv: brightness=0.00 reverb=0.00
19:44:39  mix recv: brightness=0.00 reverb=0.00
19:44:42  mix recv: brightness=0.00 reverb=0.00
19:44:45  tanpura field: ga-sa-sa-Sa · Bhimpalasī · Sa=116.5Hz · nakshatra=Pūrvāṣāḍhā · tidx=21
19:44:45  sarangi: bowing Sa=116.5Hz
19:44:45  synth params: ga-sa-sa-Sa · Bhimpalasī · Sa=116.5Hz · nakshatra=Pūrvāṣāḍhā · tidx=21 · 7 voices · tabla · 6 bols · mudrā: Padmakosha (flowing)
19:44:45  trajectory: descending · mercury dasha · tempo×1.00 · tabla=True
19:44:45  mix recv: brightness=0.00 reverb=0.00
19:44:49  mix recv: brightness=0.00 reverb=0.00
19:44:52  mix recv: brightness=0.00 reverb=0.00
19:44:55  mix recv: brightness=0.00 reverb=0.00
19:44:59  mix recv: brightness=0.00 reverb=0.00
19:45:01  tanpura field: ga-sa-sa-Sa · Bhimpalasī · Sa=116.5Hz · nakshatra=Pūrvāṣāḍhā · tidx=21
19:45:01  sarangi: bowing Sa=116.5Hz
19:45:01  synth params: ga-sa-sa-Sa · Bhimpalasī · Sa=116.5Hz · nakshatra=Pūrvāṣāḍhā · tidx=21 · 9 voices · tabla · 6 bols · mudrā: Padmakosha (flowing)
19:45:01  trajectory: descending · mercury dasha · tempo×1.00 · tabla=True
19:45:02  mix recv: brightness=0.00 reverb=0.00
19:45:05  mix recv: brightness=0.00 reverb=0.00
19:45:09  mix recv: brightness=0.00 reverb=0.00
19:45:12  mix recv: brightness=0.00 reverb=0.00
19:45:15  tanpura field: ga-sa-sa-Sa · Bhimpalasī · Sa=116.5Hz · nakshatra=Pūrvāṣāḍhā · tidx=21
19:45:15  sarangi: bowing Sa=116.5Hz
19:45:15  synth params: ga-sa-sa-Sa · Bhimpalasī · Sa=116.5Hz · nakshatra=Pūrvāṣāḍhā · tidx=21 · 7 voices · tabla · 6 bols · mudrā: Padmakosha (flowing)
19:45:15  trajectory: descending · mercury dasha · tempo×1.00 · tabla=True
19:45:15  mix recv: brightness=0.00 reverb=0.00
19:45:19  mix recv: brightness=0.00 reverb=0.00
19:45:22  mix recv: brightness=0.00 reverb=0.00
19:45:25  mix recv: brightness=0.00 reverb=0.00
19:45:29  mix recv: brightness=0.00 reverb=0.00
19:45:31  tanpura field: ga-sa-sa-Sa · Bhimpalasī · Sa=116.5Hz · nakshatra=Pūrvāṣāḍhā · tidx=21
19:45:31  sarangi: bowing Sa=116.5Hz
19:45:31  synth params: ga-sa-sa-Sa · Bhimpalasī · Sa=116.5Hz · nakshatra=Pūrvāṣāḍhā · tidx=21 · 6 voices · tabla · 6 bols · mudrā: Padmakosha (flowing)
19:45:31  trajectory: descending · mercury dasha · tempo×1.00 · tabla=True
19:45:32  mix recv: brightness=0.00 reverb=0.00
19:45:35  mix recv: brightness=0.00 reverb=0.00
19:45:39  mix recv: brightness=0.00 reverb=0.00
19:45:42  mix recv: brightness=0.00 reverb=0.00
19:45:45  tanpura field: ga-sa-sa-Sa · Bhimpalasī · Sa=116.5Hz · nakshatra=Pūrvāṣāḍhā · tidx=21
19:45:45  sarangi: bowing Sa=116.5Hz
19:45:45  synth params: ga-sa-sa-Sa · Bhimpalasī · Sa=116.5Hz · nakshatra=Pūrvāṣāḍhā · tidx=21 · 8 voices · tabla · 6 bols · mudrā: Padmakosha (flowing)
19:45:45  trajectory: descending · mercury dasha · tempo×1.00 · tabla=True
19:45:45  mix recv: brightness=0.00 reverb=0.00
19:45:49  mix recv: brightness=0.00 reverb=0.00
19:45:52  mix recv: brightness=0.00 reverb=0.00
19:45:55  mix recv: brightness=0.00 reverb=0.00
19:45:59  mix recv: brightness=0.00 reverb=0.00
19:46:01  tanpura field: ga-sa-sa-Sa · Bhimpalasī · Sa=116.5Hz · nakshatra=Pūrvāṣāḍhā · tidx=21
19:46:01  sarangi: bowing Sa=116.5Hz
19:46:01  synth params: ga-sa-sa-Sa · Bhimpalasī · Sa=116.5Hz · nakshatra=Pūrvāṣāḍhā · tidx=21 · 6 voices · tabla · 6 bols · mudrā: Padmakosha (flowing)
19:46:01  trajectory: descending · mercury dasha · tempo×1.00 · tabla=True
19:46:02  mix recv: brightness=0.00 reverb=0.00
19:46:05  mix recv: brightness=0.00 reverb=0.00
19:46:09  mix recv: brightness=0.00 reverb=0.00
19:46:12  mix recv: brightness=0.00 reverb=0.00
19:46:15  tanpura field: ga-sa-sa-Sa · Bhimpalasī · Sa=116.5Hz · nakshatra=Pūrvāṣāḍhā · tidx=21
19:46:15  sarangi: bowing Sa=116.5Hz
19:46:15  synth params: ga-sa-sa-Sa · Bhimpalasī · Sa=116.5Hz · nakshatra=Pūrvāṣāḍhā · tidx=21 · 9 voices · tabla · 6 bols · mudrā: Padmakosha (flowing)
19:46:15  trajectory: descending · mercury dasha · tempo×1.00 · tabla=True
19:46:15  mix recv: brightness=0.00 reverb=0.00
19:46:19  mix recv: brightness=0.00 reverb=0.00
19:46:22  mix recv: brightness=0.00 reverb=0.00
19:46:25  mix recv: brightness=0.00 reverb=0.00
19:46:29  mix recv: brightness=0.00 reverb=0.00
19:46:31  tanpura field: ga-sa-sa-Sa · Bhimpalasī · Sa=116.5Hz · nakshatra=Pūrvāṣāḍhā · tidx=21
19:46:31  sarangi: bowing Sa=116.5Hz
19:46:31  synth params: ga-sa-sa-Sa · Bhimpalasī · Sa=116.5Hz · nakshatra=Pūrvāṣāḍhā · tidx=21 · 6 voices · tabla · 6 bols · mudrā: Padmakosha (flowing)
19:46:31  trajectory: descending · mercury dasha · tempo×1.00 · tabla=True
19:46:32  mix recv: brightness=0.00 reverb=0.00
19:46:35  mix recv: brightness=0.00 reverb=0.00
19:46:39  mix recv: brightness=0.00 reverb=0.00
19:46:42  mix recv: brightness=0.00 reverb=0.00
19:46:45  tanpura field: ga-sa-sa-Sa · Bhimpalasī · Sa=116.5Hz · nakshatra=Pūrvāṣāḍhā · tidx=21
19:46:45  sarangi: bowing Sa=116.5Hz
19:46:45  synth params: ga-sa-sa-Sa · Bhimpalasī · Sa=116.5Hz · nakshatra=Pūrvāṣāḍhā · tidx=21 · 7 voices · tabla · 6 bols · mudrā: Padmakosha (flowing)
19:46:45  trajectory: descending · mercury dasha · tempo×1.00 · tabla=True
19:46:46  mix recv: brightness=0.00 reverb=0.00
19:46:49  mix recv: brightness=0.00 reverb=0.00
19:46:52  mix recv: brightness=0.00 reverb=0.00
19:46:56  mix recv: brightness=0.00 reverb=0.00
19:46:59  mix recv: brightness=0.00 reverb=0.00
19:47:02  tanpura field: ga-sa-sa-Sa · Bhimpalasī · Sa=116.5Hz · nakshatra=Pūrvāṣāḍhā · tidx=21
19:47:02  sarangi: bowing Sa=116.5Hz
19:47:02  synth params: ga-sa-sa-Sa · Bhimpalasī · Sa=116.5Hz · nakshatra=Pūrvāṣāḍhā · tidx=21 · 7 voices · tabla · 6 bols · mudrā: Padmakosha (flowing)
19:47:02  trajectory: descending · mercury dasha · tempo×1.00 · tabla=True
19:47:02  mix recv: brightness=0.00 reverb=0.00
19:47:06  mix recv: brightness=0.00 reverb=0.00
19:47:09  mix recv: brightness=0.00 reverb=0.00
19:47:12  mix recv: brightness=0.00 reverb=0.00
19:47:15  tanpura field: ga-sa-sa-Sa · Bhimpalasī · Sa=116.5Hz · nakshatra=Pūrvāṣāḍhā · tidx=21
19:47:15  sarangi: bowing Sa=116.5Hz
19:47:15  synth params: ga-sa-sa-Sa · Bhimpalasī · Sa=116.5Hz · nakshatra=Pūrvāṣāḍhā · tidx=21 · 7 voices · tabla · 6 bols · mudrā: Padmakosha (flowing)
19:47:15  trajectory: descending · mercury dasha · tempo×1.00 · tabla=True
19:47:16  mix recv: brightness=0.00 reverb=0.00
19:47:19  mix recv: brightness=0.00 reverb=0.00
19:47:22  mix recv: brightness=0.00 reverb=0.00
19:47:26  mix recv: brightness=0.00 reverb=0.00
19:47:29  mix recv: brightness=0.00 reverb=0.00
19:47:32  tanpura field: ga-sa-sa-Sa · Bhimpalasī · Sa=116.5Hz · nakshatra=Pūrvāṣāḍhā · tidx=21
19:47:32  sarangi: bowing Sa=116.5Hz
19:47:32  synth params: ga-sa-sa-Sa · Bhimpalasī · Sa=116.5Hz · nakshatra=Pūrvāṣāḍhā · tidx=21 · 9 voices · tabla · 6 bols · mudrā: Padmakosha (flowing)
19:47:32  trajectory: descending · mercury dasha · tempo×1.00 · tabla=True
19:47:32  mix recv: brightness=0.00 reverb=0.00
19:47:36  mix recv: brightness=0.00 reverb=0.00
19:47:39  mix recv: brightness=0.00 reverb=0.00
19:47:42  mix recv: brightness=0.00 reverb=0.00
19:47:45  tanpura field: ga-sa-sa-Sa · Bhimpalasī · Sa=116.5Hz · nakshatra=Pūrvāṣāḍhā · tidx=21
19:47:45  sarangi: bowing Sa=116.5Hz
19:47:45  synth params: ga-sa-sa-Sa · Bhimpalasī · Sa=116.5Hz · nakshatra=Pūrvāṣāḍhā · tidx=21 · 7 voices · tabla · 6 bols · mudrā: Padmakosha (flowing)
19:47:45  trajectory: descending · mercury dasha · tempo×1.00 · tabla=True
19:47:46  mix recv: brightness=0.00 reverb=0.00
19:47:49  mix recv: brightness=0.00 reverb=0.00
19:47:52  mix recv: brightness=0.00 reverb=0.00
19:47:56  mix recv: brightness=0.00 reverb=0.00
19:47:59  mix recv: brightness=0.00 reverb=0.00
19:48:02  tanpura field: ga-sa-sa-Sa · Bhimpalasī · Sa=116.5Hz · nakshatra=Pūrvāṣāḍhā · tidx=21
19:48:02  sarangi: bowing Sa=116.5Hz
19:48:02  synth params: ga-sa-sa-Sa · Bhimpalasī · Sa=116.5Hz · nakshatra=Pūrvāṣāḍhā · tidx=21 · 6 voices · tabla · 6 bols · mudrā: Padmakosha (flowing)
19:48:02  trajectory: descending · mercury dasha · tempo×1.00 · tabla=True
19:48:02  mix recv: brightness=0.00 reverb=0.00
19:48:05  mix recv: brightness=0.00 reverb=0.00
19:48:08  mix recv: brightness=0.00 reverb=0.00
19:48:11  mix recv: brightness=0.00 reverb=0.00
19:48:14  mix recv: brightness=0.00 reverb=0.00
19:48:15  tanpura field: ga-sa-sa-Sa · Bhimpalasī · Sa=116.5Hz · nakshatra=Pūrvāṣāḍhā · tidx=21
19:48:15  sarangi: bowing Sa=116.5Hz
19:48:15  synth params: ga-sa-sa-Sa · Bhimpalasī · Sa=116.5Hz · nakshatra=Pūrvāṣāḍhā · tidx=21 · 7 voices · tabla · 6 bols · mudrā: Padmakosha (flowing)
19:48:15  trajectory: descending · mercury dasha · tempo×1.00 · tabla=True
19:48:16  mix recv: brightness=0.00 reverb=0.00
19:48:19  mix recv: brightness=0.00 reverb=0.00
19:48:22  mix recv: brightness=0.00 reverb=0.00
19:48:25  mix recv: brightness=0.00 reverb=0.00
19:48:28  mix recv: brightness=0.00 reverb=0.00
19:48:31  mix recv: brightness=0.00 reverb=0.00
19:48:32  tanpura field: ga-sa-sa-Sa · Bhimpalasī · Sa=116.5Hz · nakshatra=Pūrvāṣāḍhā · tidx=21
19:48:32  sarangi: bowing Sa=116.5Hz
19:48:32  synth params: ga-sa-sa-Sa · Bhimpalasī · Sa=116.5Hz · nakshatra=Pūrvāṣāḍhā · tidx=21 · 6 voices · tabla · 6 bols · mudrā: Padmakosha (flowing)
19:48:32  trajectory: descending · mercury dasha · tempo×1.00 · tabla=True
19:48:34  mix recv: brightness=0.00 reverb=0.00
19:48:36  mix recv: brightness=0.00 reverb=0.00
19:48:39  mix recv: brightness=0.00 reverb=0.00
19:48:42  mix recv: brightness=0.00 reverb=0.00
19:48:45  mix recv: brightness=0.00 reverb=0.00
19:48:45  tanpura field: ga-sa-sa-Sa · Bhimpalasī · Sa=116.5Hz · nakshatra=Pūrvāṣāḍhā · tidx=21
19:48:45  sarangi: bowing Sa=116.5Hz
19:48:45  synth params: ga-sa-sa-Sa · Bhimpalasī · Sa=116.5Hz · nakshatra=Pūrvāṣāḍhā · tidx=21 · 8 voices · tabla · 6 bols · mudrā: Padmakosha (flowing)
19:48:45  trajectory: descending · mercury dasha · tempo×1.00 · tabla=True
19:48:48  mix recv: brightness=0.00 reverb=0.00
19:48:51  mix recv: brightness=0.00 reverb=0.00
19:48:54  mix recv: brightness=0.00 reverb=0.00
19:48:56  mix recv: brightness=0.00 reverb=0.00
19:48:59  mix recv: brightness=0.00 reverb=0.00
19:49:02  tanpura field: ga-sa-sa-Sa · Bhimpalasī · Sa=116.5Hz · nakshatra=Pūrvāṣāḍhā · tidx=21
19:49:02  sarangi: bowing Sa=116.5Hz
19:49:02  synth params: ga-sa-sa-Sa · Bhimpalasī · Sa=116.5Hz · nakshatra=Pūrvāṣāḍhā · tidx=21 · 6 voices · tabla · 6 bols · mudrā: Padmakosha (flowing)
19:49:02  trajectory: descending · mercury dasha · tempo×1.00 · tabla=True
19:49:02  mix recv: brightness=0.00 reverb=0.00
19:49:05  mix recv: brightness=0.00 reverb=0.00
19:49:08  mix recv: brightness=0.00 reverb=0.00
19:49:11  mix recv: brightness=0.00 reverb=0.00
19:49:14  mix recv: brightness=0.00 reverb=0.00
19:49:15  tanpura field: ga-sa-sa-Sa · Bhimpalasī · Sa=116.5Hz · nakshatra=Pūrvāṣāḍhā · tidx=21
19:49:15  sarangi: bowing Sa=116.5Hz
19:49:15  synth params: ga-sa-sa-Sa · Bhimpalasī · Sa=116.5Hz · nakshatra=Pūrvāṣāḍhā · tidx=21 · 6 voices · tabla · 6 bols · mudrā: Padmakosha (flowing)
19:49:15  trajectory: descending · mercury dasha · tempo×1.00 · tabla=True
19:49:16  mix recv: brightness=0.00 reverb=0.00
19:49:19  mix recv: brightness=0.00 reverb=0.00
19:49:22  mix recv: brightness=0.00 reverb=0.00
19:49:25  mix recv: brightness=0.00 reverb=0.00
19:49:28  mix recv: brightness=0.00 reverb=0.00
19:49:31  mix recv: brightness=0.00 reverb=0.00
19:49:32  tanpura field: ga-sa-sa-Sa · Bhimpalasī · Sa=116.5Hz · nakshatra=Pūrvāṣāḍhā · tidx=21
19:49:32  sarangi: bowing Sa=116.5Hz
19:49:32  synth params: ga-sa-sa-Sa · Bhimpalasī · Sa=116.5Hz · nakshatra=Pūrvāṣāḍhā · tidx=21 · 6 voices · tabla · 6 bols · mudrā: Padmakosha (flowing)
19:49:32  trajectory: descending · mercury dasha · tempo×1.00 · tabla=True
19:49:34  mix recv: brightness=0.00 reverb=0.00
19:49:36  mix recv: brightness=0.00 reverb=0.00
19:49:39  mix recv: brightness=0.00 reverb=0.00
19:49:42  mix recv: brightness=0.00 reverb=0.00
19:49:45  mix recv: brightness=0.00 reverb=0.00
19:49:45  tanpura field: ga-sa-sa-Sa · Bhimpalasī · Sa=116.5Hz · nakshatra=Pūrvāṣāḍhā · tidx=21
19:49:45  sarangi: bowing Sa=116.5Hz
19:49:45  synth params: ga-sa-sa-Sa · Bhimpalasī · Sa=116.5Hz · nakshatra=Pūrvāṣāḍhā · tidx=21 · 7 voices · tabla · 6 bols · mudrā: Padmakosha (flowing)
19:49:45  trajectory: descending · mercury dasha · tempo×1.00 · tabla=True
19:49:48  mix recv: brightness=0.00 reverb=0.00
19:49:51  mix recv: brightness=0.00 reverb=0.00
19:49:54  mix recv: brightness=0.00 reverb=0.00
19:49:56  mix recv: brightness=0.00 reverb=0.00
19:49:59  mix recv: brightness=0.00 reverb=0.00
19:50:02  mix recv: brightness=0.00 reverb=0.00
19:50:02  tanpura field: ga-sa-sa-Sa · Bhimpalasī · Sa=116.5Hz · nakshatra=Pūrvāṣāḍhā · tidx=21
19:50:02  sarangi: bowing Sa=116.5Hz
19:50:02  synth params: ga-sa-sa-Sa · Bhimpalasī · Sa=116.5Hz · nakshatra=Pūrvāṣāḍhā · tidx=21 · 8 voices · tabla · 6 bols · mudrā: Padmakosha (flowing)
19:50:02  trajectory: descending · mercury dasha · tempo×1.00 · tabla=True
19:50:05  mix recv: brightness=0.00 reverb=0.00
19:50:08  mix recv: brightness=0.00 reverb=0.00
19:50:11  mix recv: brightness=0.00 reverb=0.00
19:50:14  mix recv: brightness=0.00 reverb=0.00
19:50:16  tanpura field: ga-sa-sa-Sa · Bhimpalasī · Sa=116.5Hz · nakshatra=Pūrvāṣāḍhā · tidx=21
19:50:16  sarangi: bowing Sa=116.5Hz
19:50:16  synth params: ga-sa-sa-Sa · Bhimpalasī · Sa=116.5Hz · nakshatra=Pūrvāṣāḍhā · tidx=21 · 6 voices · tabla · 6 bols · mudrā: Padmakosha (flowing)
19:50:16  trajectory: descending · mercury dasha · tempo×1.00 · tabla=True
19:50:16  mix recv: brightness=0.00 reverb=0.00
19:50:19  mix recv: brightness=0.00 reverb=0.00
19:50:22  mix recv: brightness=0.00 reverb=0.00
19:50:25  mix recv: brightness=0.00 reverb=0.00
19:50:28  mix recv: brightness=0.00 reverb=0.00
19:50:31  mix recv: brightness=0.00 reverb=0.00
19:50:32  tanpura field: ga-sa-sa-Sa · Bhimpalasī · Sa=116.5Hz · nakshatra=Pūrvāṣāḍhā · tidx=21
19:50:32  sarangi: bowing Sa=116.5Hz
19:50:32  synth params: ga-sa-sa-Sa · Bhimpalasī · Sa=116.5Hz · nakshatra=Pūrvāṣāḍhā · tidx=21 · 6 voices · tabla · 6 bols · mudrā: Padmakosha (flowing)
19:50:32  trajectory: descending · mercury dasha · tempo×1.00 · tabla=True
19:50:34  mix recv: brightness=0.00 reverb=0.00
19:50:36  mix recv: brightness=0.00 reverb=0.00
19:50:39  mix recv: brightness=0.00 reverb=0.00
19:50:42  mix recv: brightness=0.00 reverb=0.00
19:50:45  mix recv: brightness=0.00 reverb=0.00
19:50:46  tanpura field: ga-sa-sa-Sa · Bhimpalasī · Sa=116.5Hz · nakshatra=Pūrvāṣāḍhā · tidx=21
19:50:46  sarangi: bowing Sa=116.5Hz
19:50:46  synth params: ga-sa-sa-Sa · Bhimpalasī · Sa=116.5Hz · nakshatra=Pūrvāṣāḍhā · tidx=21 · 6 voices · tabla · 6 bols · mudrā: Padmakosha (flowing)
19:50:46  trajectory: descending · mercury dasha · tempo×1.00 · tabla=True
19:50:48  mix recv: brightness=0.00 reverb=0.00
19:50:51  mix recv: brightness=0.00 reverb=0.00
19:50:54  mix recv: brightness=0.00 reverb=0.00
19:50:56  mix recv: brightness=0.00 reverb=0.00
19:50:59  mix recv: brightness=0.00 reverb=0.00
19:51:02  mix recv: brightness=0.00 reverb=0.00
19:51:03  tanpura field: ga-sa-sa-Sa · Bhimpalasī · Sa=116.5Hz · nakshatra=Pūrvāṣāḍhā · tidx=21
19:51:03  sarangi: bowing Sa=116.5Hz
19:51:03  synth params: ga-sa-sa-Sa · Bhimpalasī · Sa=116.5Hz · nakshatra=Pūrvāṣāḍhā · tidx=21 · 7 voices · tabla · 6 bols · mudrā: Padmakosha (flowing)
19:51:03  trajectory: descending · mercury dasha · tempo×1.00 · tabla=True
19:51:05  mix recv: brightness=0.00 reverb=0.00
19:51:08  mix recv: brightness=0.00 reverb=0.00
19:51:11  mix recv: brightness=0.00 reverb=0.00
19:51:14  mix recv: brightness=0.00 reverb=0.00
19:51:16  tanpura field: ga-sa-sa-Sa · Bhimpalasī · Sa=116.5Hz · nakshatra=Pūrvāṣāḍhā · tidx=21
19:51:16  sarangi: bowing Sa=116.5Hz
19:51:16  synth params: ga-sa-sa-Sa · Bhimpalasī · Sa=116.5Hz · nakshatra=Pūrvāṣāḍhā · tidx=21 · 6 voices · tabla · 6 bols · mudrā: Padmakosha (flowing)
19:51:16  trajectory: descending · mercury dasha · tempo×1.00 · tabla=True
19:51:16  mix recv: brightness=0.00 reverb=0.00
19:51:19  mix recv: brightness=0.00 reverb=0.00
19:51:22  mix recv: brightness=0.00 reverb=0.00
19:51:25  mix recv: brightness=0.00 reverb=0.00
19:51:28  mix recv: brightness=0.00 reverb=0.00
19:51:31  mix recv: brightness=0.00 reverb=0.00
19:51:33  tanpura field: ga-sa-sa-Sa · Bhimpalasī · Sa=116.5Hz · nakshatra=Pūrvāṣāḍhā · tidx=21
19:51:33  sarangi: bowing Sa=116.5Hz
19:51:33  synth params: ga-sa-sa-Sa · Bhimpalasī · Sa=116.5Hz · nakshatra=Pūrvāṣāḍhā · tidx=21 · 6 voices · tabla · 6 bols · mudrā: Padmakosha (flowing)
19:51:33  trajectory: descending · mercury dasha · tempo×1.00 · tabla=True
19:51:34  mix recv: brightness=0.00 reverb=0.00
19:51:36  mix recv: brightness=0.00 reverb=0.00
19:51:39  mix recv: brightness=0.00 reverb=0.00
19:51:42  mix recv: brightness=0.00 reverb=0.00
19:51:45  mix recv: brightness=0.00 reverb=0.00
19:51:46  tanpura field: ga-sa-sa-Sa · Bhimpalasī · Sa=116.5Hz · nakshatra=Pūrvāṣāḍhā · tidx=21
19:51:46  sarangi: bowing Sa=116.5Hz
19:51:46  synth params: ga-sa-sa-Sa · Bhimpalasī · Sa=116.5Hz · nakshatra=Pūrvāṣāḍhā · tidx=21 · 7 voices · tabla · 6 bols · mudrā: Padmakosha (flowing)
19:51:46  trajectory: descending · mercury dasha · tempo×1.00 · tabla=True
19:51:48  mix recv: brightness=0.00 reverb=0.00
19:51:51  mix recv: brightness=0.00 reverb=0.00
19:51:54  mix recv: brightness=0.00 reverb=0.00
19:51:56  mix recv: brightness=0.00 reverb=0.00
19:51:59  mix recv: brightness=0.00 reverb=0.00
19:52:02  mix recv: brightness=0.00 reverb=0.00
19:52:03  tanpura field: ga-sa-sa-Sa · Bhimpalasī · Sa=116.5Hz · nakshatra=Pūrvāṣāḍhā · tidx=21
19:52:03  sarangi: bowing Sa=116.5Hz
19:52:03  synth params: ga-sa-sa-Sa · Bhimpalasī · Sa=116.5Hz · nakshatra=Pūrvāṣāḍhā · tidx=21 · 9 voices · tabla · 6 bols · mudrā: Padmakosha (flowing)
19:52:03  trajectory: descending · mercury dasha · tempo×1.00 · tabla=True
19:52:05  mix recv: brightness=0.00 reverb=0.00
19:52:08  mix recv: brightness=0.00 reverb=0.00
19:52:11  mix recv: brightness=0.00 reverb=0.00
19:52:14  mix recv: brightness=0.00 reverb=0.00
19:52:16  tanpura field: ga-sa-sa-Sa · Bhimpalasī · Sa=116.5Hz · nakshatra=Pūrvāṣāḍhā · tidx=21
19:52:16  sarangi: bowing Sa=116.5Hz
19:52:16  synth params: ga-sa-sa-Sa · Bhimpalasī · Sa=116.5Hz · nakshatra=Pūrvāṣāḍhā · tidx=21 · 6 voices · tabla · 6 bols · mudrā: Padmakosha (flowing)
19:52:16  trajectory: descending · mercury dasha · tempo×1.00 · tabla=True
19:52:17  mix recv: brightness=0.00 reverb=0.00
19:52:19  mix recv: brightness=0.00 reverb=0.00
19:52:22  mix recv: brightness=0.00 reverb=0.00
19:52:25  mix recv: brightness=0.00 reverb=0.00
19:52:28  mix recv: brightness=0.00 reverb=0.00
19:52:31  mix recv: brightness=0.00 reverb=0.00
19:52:33  tanpura field: ga-sa-sa-Sa · Bhimpalasī · Sa=116.5Hz · nakshatra=Pūrvāṣāḍhā · tidx=21
19:52:33  sarangi: bowing Sa=116.5Hz
19:52:33  synth params: ga-sa-sa-Sa · Bhimpalasī · Sa=116.5Hz · nakshatra=Pūrvāṣāḍhā · tidx=21 · 6 voices · tabla · 6 bols · mudrā: Padmakosha (flowing)
19:52:33  trajectory: descending · mercury dasha · tempo×1.00 · tabla=True
19:52:34  mix recv: brightness=0.00 reverb=0.00
19:52:37  mix recv: brightness=0.00 reverb=0.00
19:52:39  mix recv: brightness=0.00 reverb=0.00
19:52:42  mix recv: brightness=0.00 reverb=0.00
19:52:45  mix recv: brightness=0.00 reverb=0.00
19:52:46  tanpura field: ga-sa-sa-Sa · Bhimpalasī · Sa=116.5Hz · nakshatra=Pūrvāṣāḍhā · tidx=21
19:52:46  sarangi: bowing Sa=116.5Hz
19:52:46  synth params: ga-sa-sa-Sa · Bhimpalasī · Sa=116.5Hz · nakshatra=Pūrvāṣāḍhā · tidx=21 · 6 voices · tabla · 6 bols · mudrā: Padmakosha (flowing)
19:52:46  trajectory: descending · mercury dasha · tempo×1.00 · tabla=True
19:52:48  mix recv: brightness=0.00 reverb=0.00
19:52:51  mix recv: brightness=0.00 reverb=0.00
19:52:54  mix recv: brightness=0.00 reverb=0.00
19:52:57  mix recv: brightness=0.00 reverb=0.00
19:52:59  mix recv: brightness=0.00 reverb=0.00
19:53:02  mix recv: brightness=0.00 reverb=0.00
19:53:03  tanpura field: ga-sa-sa-Sa · Bhimpalasī · Sa=116.5Hz · nakshatra=Pūrvāṣāḍhā · tidx=21
19:53:03  sarangi: bowing Sa=116.5Hz
19:53:03  synth params: ga-sa-sa-Sa · Bhimpalasī · Sa=116.5Hz · nakshatra=Pūrvāṣāḍhā · tidx=21 · 6 voices · tabla · 6 bols · mudrā: Padmakosha (flowing)
19:53:03  trajectory: descending · mercury dasha · tempo×1.00 · tabla=True
19:53:05  mix recv: brightness=0.00 reverb=0.00
19:53:08  mix recv: brightness=0.00 reverb=0.00
19:53:11  mix recv: brightness=0.00 reverb=0.00
19:53:14  mix recv: brightness=0.00 reverb=0.00
19:53:16  tanpura field: ga-sa-sa-Sa · Bhimpalasī · Sa=116.5Hz · nakshatra=Pūrvāṣāḍhā · tidx=21
19:53:16  sarangi: bowing Sa=116.5Hz
19:53:16  synth params: ga-sa-sa-Sa · Bhimpalasī · Sa=116.5Hz · nakshatra=Pūrvāṣāḍhā · tidx=21 · 6 voices · tabla · 6 bols · mudrā: Padmakosha (flowing)
19:53:16  trajectory: descending · mercury dasha · tempo×1.00 · tabla=True
19:53:17  mix recv: brightness=0.00 reverb=0.00
19:53:19  mix recv: brightness=0.00 reverb=0.00
19:53:22  mix recv: brightness=0.00 reverb=0.00
19:53:25  mix recv: brightness=0.00 reverb=0.00
19:53:28  mix recv: brightness=0.00 reverb=0.00
19:53:31  mix recv: brightness=0.00 reverb=0.00
19:53:33  tanpura field: ga-sa-sa-Sa · Bhimpalasī · Sa=116.5Hz · nakshatra=Pūrvāṣāḍhā · tidx=21
19:53:33  sarangi: bowing Sa=116.5Hz
19:53:33  synth params: ga-sa-sa-Sa · Bhimpalasī · Sa=116.5Hz · nakshatra=Pūrvāṣāḍhā · tidx=21 · 6 voices · tabla · 6 bols · mudrā: Padmakosha (flowing)
19:53:33  trajectory: descending · mercury dasha · tempo×1.00 · tabla=True
19:53:34  mix recv: brightness=0.00 reverb=0.00
19:53:37  mix recv: brightness=0.00 reverb=0.00
19:53:39  mix recv: brightness=0.00 reverb=0.00
19:53:42  mix recv: brightness=0.00 reverb=0.00
19:53:45  mix recv: brightness=0.00 reverb=0.00
19:53:46  tanpura field: ga-sa-sa-Sa · Bhimpalasī · Sa=116.5Hz · nakshatra=Pūrvāṣāḍhā · tidx=21
19:53:46  sarangi: bowing Sa=116.5Hz
19:53:46  synth params: ga-sa-sa-Sa · Bhimpalasī · Sa=116.5Hz · nakshatra=Pūrvāṣāḍhā · tidx=21 · 9 voices · tabla · 6 bols · mudrā: Padmakosha (flowing)
19:53:46  trajectory: descending · mercury dasha · tempo×1.00 · tabla=True
19:53:48  mix recv: brightness=0.00 reverb=0.00
19:53:51  mix recv: brightness=0.00 reverb=0.00
19:53:54  mix recv: brightness=0.00 reverb=0.00
19:53:57  mix recv: brightness=0.00 reverb=0.00
19:53:59  mix recv: brightness=0.00 reverb=0.00
19:54:02  mix recv: brightness=0.00 reverb=0.00
19:54:03  tanpura field: ga-sa-sa-Sa · Bhimpalasī · Sa=116.5Hz · nakshatra=Pūrvāṣāḍhā · tidx=21
19:54:03  sarangi: bowing Sa=116.5Hz
19:54:03  synth params: ga-sa-sa-Sa · Bhimpalasī · Sa=116.5Hz · nakshatra=Pūrvāṣāḍhā · tidx=21 · 6 voices · tabla · 6 bols · mudrā: Padmakosha (flowing)
19:54:03  trajectory: descending · mercury dasha · tempo×1.00 · tabla=True
19:54:05  mix recv: brightness=0.00 reverb=0.00
19:54:08  mix recv: brightness=0.00 reverb=0.00
19:54:11  mix recv: brightness=0.00 reverb=0.00
19:54:14  mix recv: brightness=0.00 reverb=0.00
19:54:17  mix recv: brightness=0.00 reverb=0.00
19:54:17  tanpura field: ga-sa-sa-Sa · Bhimpalasī · Sa=116.5Hz · nakshatra=Pūrvāṣāḍhā · tidx=21
19:54:17  sarangi: bowing Sa=116.5Hz
19:54:17  synth params: ga-sa-sa-Sa · Bhimpalasī · Sa=116.5Hz · nakshatra=Pūrvāṣāḍhā · tidx=21 · 8 voices · tabla · 6 bols · mudrā: Padmakosha (flowing)
19:54:17  trajectory: descending · mercury dasha · tempo×1.00 · tabla=True
19:54:19  mix recv: brightness=0.00 reverb=0.00
19:54:22  mix recv: brightness=0.00 reverb=0.00
19:54:25  mix recv: brightness=0.00 reverb=0.00
19:54:28  mix recv: brightness=0.00 reverb=0.00
19:54:31  mix recv: brightness=0.00 reverb=0.00
19:54:33  tanpura field: ga-sa-sa-Sa · Bhimpalasī · Sa=116.5Hz · nakshatra=Pūrvāṣāḍhā · tidx=21
19:54:33  sarangi: bowing Sa=116.5Hz
19:54:33  synth params: ga-sa-sa-Sa · Bhimpalasī · Sa=116.5Hz · nakshatra=Pūrvāṣāḍhā · tidx=21 · 7 voices · tabla · 6 bols · mudrā: Padmakosha (flowing)
19:54:33  trajectory: descending · mercury dasha · tempo×1.00 · tabla=True
19:54:34  mix recv: brightness=0.00 reverb=0.00
19:54:37  mix recv: brightness=0.00 reverb=0.00
19:54:39  mix recv: brightness=0.00 reverb=0.00
19:54:42  mix recv: brightness=0.00 reverb=0.00
19:54:45  mix recv: brightness=0.00 reverb=0.00
19:54:47  tanpura field: ga-sa-sa-Sa · Bhimpalasī · Sa=116.5Hz · nakshatra=Pūrvāṣāḍhā · tidx=21
19:54:47  sarangi: bowing Sa=116.5Hz
19:54:47  synth params: ga-sa-sa-Sa · Bhimpalasī · Sa=116.5Hz · nakshatra=Pūrvāṣāḍhā · tidx=21 · 7 voices · tabla · 6 bols · mudrā: Padmakosha (flowing)
19:54:47  trajectory: descending · mercury dasha · tempo×1.00 · tabla=True
19:54:48  mix recv: brightness=0.00 reverb=0.00
19:54:51  mix recv: brightness=0.00 reverb=0.00
19:54:54  mix recv: brightness=0.00 reverb=0.00
19:54:57  mix recv: brightness=0.00 reverb=0.00
19:54:59  mix recv: brightness=0.00 reverb=0.00
19:55:02  mix recv: brightness=0.00 reverb=0.00
19:55:04  tanpura field: ga-sa-sa-Sa · Bhimpalasī · Sa=116.5Hz · nakshatra=Pūrvāṣāḍhā · tidx=21
19:55:04  sarangi: bowing Sa=116.5Hz
19:55:04  synth params: ga-sa-sa-Sa · Bhimpalasī · Sa=116.5Hz · nakshatra=Pūrvāṣāḍhā · tidx=21 · 6 voices · tabla · 6 bols · mudrā: Padmakosha (flowing)
19:55:04  trajectory: descending · mercury dasha · tempo×1.00 · tabla=True
19:55:05  mix recv: brightness=0.00 reverb=0.00
19:55:08  mix recv: brightness=0.00 reverb=0.00
19:55:11  mix recv: brightness=0.00 reverb=0.00
19:55:14  mix recv: brightness=0.00 reverb=0.00
19:55:17  mix recv: brightness=0.00 reverb=0.00
19:55:17  tanpura field: ga-sa-sa-Sa · Bhimpalasī · Sa=116.5Hz · nakshatra=Pūrvāṣāḍhā · tidx=21
19:55:17  sarangi: bowing Sa=116.5Hz
19:55:17  synth params: ga-sa-sa-Sa · Bhimpalasī · Sa=116.5Hz · nakshatra=Pūrvāṣāḍhā · tidx=21 · 7 voices · tabla · 6 bols · mudrā: Padmakosha (flowing)
19:55:17  trajectory: descending · mercury dasha · tempo×1.00 · tabla=True
19:55:19  mix recv: brightness=0.00 reverb=0.00
19:55:22  mix recv: brightness=0.00 reverb=0.00
19:55:25  mix recv: brightness=0.00 reverb=0.00
19:55:28  mix recv: brightness=0.00 reverb=0.00
19:55:31  mix recv: brightness=0.00 reverb=0.00
19:55:34  tanpura field: ga-sa-sa-Sa · Bhimpalasī · Sa=116.5Hz · nakshatra=Pūrvāṣāḍhā · tidx=21
19:55:34  sarangi: bowing Sa=116.5Hz
19:55:34  synth params: ga-sa-sa-Sa · Bhimpalasī · Sa=116.5Hz · nakshatra=Pūrvāṣāḍhā · tidx=21 · 7 voices · tabla · 6 bols · mudrā: Padmakosha (flowing)
19:55:34  trajectory: descending · mercury dasha · tempo×1.00 · tabla=True
19:55:34  mix recv: brightness=0.00 reverb=0.00
19:55:37  mix recv: brightness=0.00 reverb=0.00
19:55:39  mix recv: brightness=0.00 reverb=0.00
19:55:42  mix recv: brightness=0.00 reverb=0.00
19:55:45  mix recv: brightness=0.00 reverb=0.00
19:55:47  tanpura field: ga-sa-sa-Sa · Bhimpalasī · Sa=116.5Hz · nakshatra=Pūrvāṣāḍhā · tidx=21
19:55:47  sarangi: bowing Sa=116.5Hz
19:55:47  synth params: ga-sa-sa-Sa · Bhimpalasī · Sa=116.5Hz · nakshatra=Pūrvāṣāḍhā · tidx=21 · 6 voices · tabla · 6 bols · mudrā: Padmakosha (flowing)
19:55:47  trajectory: descending · mercury dasha · tempo×1.00 · tabla=True
19:55:48  mix recv: brightness=0.00 reverb=0.00
19:55:51  mix recv: brightness=0.00 reverb=0.00
19:55:54  mix recv: brightness=0.00 reverb=0.00
19:55:57  mix recv: brightness=0.00 reverb=0.00
19:55:59  mix recv: brightness=0.00 reverb=0.00
19:56:02  mix recv: brightness=0.00 reverb=0.00
19:56:04  tanpura field: ga-sa-sa-Sa · Bhimpalasī · Sa=116.5Hz · nakshatra=Pūrvāṣāḍhā · tidx=21
19:56:04  sarangi: bowing Sa=116.5Hz
19:56:04  synth params: ga-sa-sa-Sa · Bhimpalasī · Sa=116.5Hz · nakshatra=Pūrvāṣāḍhā · tidx=21 · 6 voices · tabla · 6 bols · mudrā: Padmakosha (flowing)
19:56:04  trajectory: descending · mercury dasha · tempo×1.00 · tabla=True
19:56:05  mix recv: brightness=0.00 reverb=0.00
19:56:08  mix recv: brightness=0.00 reverb=0.00
19:56:11  mix recv: brightness=0.00 reverb=0.00
19:56:14  mix recv: brightness=0.00 reverb=0.00
19:56:17  mix recv: brightness=0.00 reverb=0.00
19:56:17  tanpura field: ga-sa-sa-Sa · Bhimpalasī · Sa=116.5Hz · nakshatra=Pūrvāṣāḍhā · tidx=21
19:56:17  sarangi: bowing Sa=116.5Hz
19:56:17  synth params: ga-sa-sa-Sa · Bhimpalasī · Sa=116.5Hz · nakshatra=Pūrvāṣāḍhā · tidx=21 · 6 voices · tabla · 6 bols · mudrā: Padmakosha (flowing)
19:56:17  trajectory: descending · mercury dasha · tempo×1.00 · tabla=True
19:56:19  mix recv: brightness=0.00 reverb=0.00
19:56:22  mix recv: brightness=0.00 reverb=0.00
19:56:25  mix recv: brightness=0.00 reverb=0.00
19:56:28  mix recv: brightness=0.00 reverb=0.00
19:56:31  mix recv: brightness=0.00 reverb=0.00
19:56:34  mix recv: brightness=0.00 reverb=0.00
19:56:34  tanpura field: ga-sa-sa-Sa · Bhimpalasī · Sa=116.5Hz · nakshatra=Pūrvāṣāḍhā · tidx=21
19:56:34  sarangi: bowing Sa=116.5Hz
19:56:34  synth params: ga-sa-sa-Sa · Bhimpalasī · Sa=116.5Hz · nakshatra=Pūrvāṣāḍhā · tidx=21 · 8 voices · tabla · 6 bols · mudrā: Padmakosha (flowing)
19:56:34  trajectory: descending · mercury dasha · tempo×1.00 · tabla=True
19:56:37  mix recv: brightness=0.00 reverb=0.00
19:56:39  mix recv: brightness=0.00 reverb=0.00
19:56:42  mix recv: brightness=0.00 reverb=0.00
19:56:45  mix recv: brightness=0.00 reverb=0.00
19:56:47  tanpura field: ga-sa-sa-Sa · Bhimpalasī · Sa=116.5Hz · nakshatra=Pūrvāṣāḍhā · tidx=21
19:56:47  sarangi: bowing Sa=116.5Hz
19:56:47  synth params: ga-sa-sa-Sa · Bhimpalasī · Sa=116.5Hz · nakshatra=Pūrvāṣāḍhā · tidx=21 · 9 voices · tabla · 6 bols · mudrā: Padmakosha (flowing)
19:56:47  trajectory: descending · mercury dasha · tempo×1.00 · tabla=True
19:56:48  mix recv: brightness=0.00 reverb=0.00
19:56:51  mix recv: brightness=0.00 reverb=0.00
19:56:54  mix recv: brightness=0.00 reverb=0.00
19:56:57  mix recv: brightness=0.00 reverb=0.00
19:56:59  mix recv: brightness=0.00 reverb=0.00
19:57:02  mix recv: brightness=0.00 reverb=0.00
19:57:04  tanpura field: ga-sa-sa-Sa · Bhimpalasī · Sa=116.5Hz · nakshatra=Pūrvāṣāḍhā · tidx=21
19:57:04  sarangi: bowing Sa=116.5Hz
19:57:04  synth params: ga-sa-sa-Sa · Bhimpalasī · Sa=116.5Hz · nakshatra=Pūrvāṣāḍhā · tidx=21 · 6 voices · tabla · 6 bols · mudrā: Padmakosha (flowing)
19:57:04  trajectory: descending · mercury dasha · tempo×1.00 · tabla=True
19:57:05  mix recv: brightness=0.00 reverb=0.00
19:57:08  mix recv: brightness=0.00 reverb=0.00
19:57:11  mix recv: brightness=0.00 reverb=0.00
19:57:14  mix recv: brightness=0.00 reverb=0.00
19:57:17  mix recv: brightness=0.00 reverb=0.00
19:57:17  tanpura field: ga-sa-sa-Sa · Bhimpalasī · Sa=116.5Hz · nakshatra=Pūrvāṣāḍhā · tidx=21
19:57:17  sarangi: bowing Sa=116.5Hz
19:57:17  synth params: ga-sa-sa-Sa · Bhimpalasī · Sa=116.5Hz · nakshatra=Pūrvāṣāḍhā · tidx=21 · 6 voices · tabla · 6 bols · mudrā: Padmakosha (flowing)
19:57:17  trajectory: descending · mercury dasha · tempo×1.00 · tabla=True
19:57:19  mix recv: brightness=0.00 reverb=0.00
19:57:22  mix recv: brightness=0.00 reverb=0.00
19:57:25  mix recv: brightness=0.00 reverb=0.00
19:57:28  mix recv: brightness=0.00 reverb=0.00
19:57:31  mix recv: brightness=0.00 reverb=0.00
19:57:34  mix recv: brightness=0.00 reverb=0.00
19:57:34  tanpura field: ga-sa-sa-Sa · Bhimpalasī · Sa=116.5Hz · nakshatra=Pūrvāṣāḍhā · tidx=21
19:57:34  sarangi: bowing Sa=116.5Hz
19:57:34  synth params: ga-sa-sa-Sa · Bhimpalasī · Sa=116.5Hz · nakshatra=Pūrvāṣāḍhā · tidx=21 · 8 voices · tabla · 6 bols · mudrā: Padmakosha (flowing)
19:57:34  trajectory: descending · mercury dasha · tempo×1.00 · tabla=True
19:57:37  mix recv: brightness=0.00 reverb=0.00
19:57:39  mix recv: brightness=0.00 reverb=0.00
19:57:42  mix recv: brightness=0.00 reverb=0.00
19:57:45  mix recv: brightness=0.00 reverb=0.00
19:57:47  tanpura field: ga-sa-sa-Sa · Bhimpalasī · Sa=116.5Hz · nakshatra=Pūrvāṣāḍhā · tidx=21
19:57:47  sarangi: bowing Sa=116.5Hz
19:57:47  synth params: ga-sa-sa-Sa · Bhimpalasī · Sa=116.5Hz · nakshatra=Pūrvāṣāḍhā · tidx=21 · 6 voices · tabla · 6 bols · mudrā: Padmakosha (flowing)
19:57:47  trajectory: descending · mercury dasha · tempo×1.00 · tabla=True
19:57:48  mix recv: brightness=0.00 reverb=0.00
19:57:51  mix recv: brightness=0.00 reverb=0.00
19:57:54  mix recv: brightness=0.00 reverb=0.00
19:57:57  mix recv: brightness=0.00 reverb=0.00
19:57:59  mix recv: brightness=0.00 reverb=0.00
19:58:02  mix recv: brightness=0.00 reverb=0.00
19:58:04  tanpura field: ga-sa-sa-Sa · Bhimpalasī · Sa=116.5Hz · nakshatra=Pūrvāṣāḍhā · tidx=21
19:58:04  sarangi: bowing Sa=116.5Hz
19:58:04  synth params: ga-sa-sa-Sa · Bhimpalasī · Sa=116.5Hz · nakshatra=Pūrvāṣāḍhā · tidx=21 · 6 voices · tabla · 6 bols · mudrā: Padmakosha (flowing)
19:58:04  trajectory: descending · mercury dasha · tempo×1.00 · tabla=True
19:58:05  mix recv: brightness=0.00 reverb=0.00
19:58:08  mix recv: brightness=0.00 reverb=0.00
19:58:11  mix recv: brightness=0.00 reverb=0.00
19:58:14  mix recv: brightness=0.00 reverb=0.00
19:58:17  mix recv: brightness=0.00 reverb=0.00
19:58:17  tanpura field: ga-sa-sa-Sa · Bhimpalasī · Sa=116.5Hz · nakshatra=Pūrvāṣāḍhā · tidx=21
19:58:17  sarangi: bowing Sa=116.5Hz
19:58:17  synth params: ga-sa-sa-Sa · Bhimpalasī · Sa=116.5Hz · nakshatra=Pūrvāṣāḍhā · tidx=21 · 6 voices · tabla · 6 bols · mudrā: Padmakosha (flowing)
19:58:17  trajectory: descending · mercury dasha · tempo×1.00 · tabla=True
19:58:19  mix recv: brightness=0.00 reverb=0.00
19:58:22  mix recv: brightness=0.00 reverb=0.00
19:58:25  mix recv: brightness=0.00 reverb=0.00
19:58:28  mix recv: brightness=0.00 reverb=0.00
19:58:31  mix recv: brightness=0.00 reverb=0.00
19:58:34  mix recv: brightness=0.00 reverb=0.00
19:58:34  tanpura field: ga-sa-sa-Sa · Bhimpalasī · Sa=116.5Hz · nakshatra=Pūrvāṣāḍhā · tidx=21
19:58:34  sarangi: bowing Sa=116.5Hz
19:58:34  synth params: ga-sa-sa-Sa · Bhimpalasī · Sa=116.5Hz · nakshatra=Pūrvāṣāḍhā · tidx=21 · 7 voices · tabla · 6 bols · mudrā: Padmakosha (flowing)
19:58:34  trajectory: descending · mercury dasha · tempo×1.00 · tabla=True
19:58:37  mix recv: brightness=0.00 reverb=0.00
19:58:39  mix recv: brightness=0.00 reverb=0.00
19:58:42  mix recv: brightness=0.00 reverb=0.00
19:58:45  mix recv: brightness=0.00 reverb=0.00
19:58:47  tanpura field: ga-sa-sa-Sa · Bhimpalasī · Sa=116.5Hz · nakshatra=Pūrvāṣāḍhā · tidx=21
19:58:47  sarangi: bowing Sa=116.5Hz
19:58:47  synth params: ga-sa-sa-Sa · Bhimpalasī · Sa=116.5Hz · nakshatra=Pūrvāṣāḍhā · tidx=21 · 9 voices · tabla · 6 bols · mudrā: Padmakosha (flowing)
19:58:47  trajectory: descending · mercury dasha · tempo×1.00 · tabla=True
19:58:48  mix recv: brightness=0.00 reverb=0.00
19:58:51  mix recv: brightness=0.00 reverb=0.00
19:58:54  mix recv: brightness=0.00 reverb=0.00
19:58:57  mix recv: brightness=0.00 reverb=0.00
19:58:59  mix recv: brightness=0.00 reverb=0.00
19:59:02  mix recv: brightness=0.00 reverb=0.00
19:59:04  tanpura field: ga-sa-sa-Sa · Bhimpalasī · Sa=116.5Hz · nakshatra=Pūrvāṣāḍhā · tidx=21
19:59:04  sarangi: bowing Sa=116.5Hz
19:59:04  synth params: ga-sa-sa-Sa · Bhimpalasī · Sa=116.5Hz · nakshatra=Pūrvāṣāḍhā · tidx=21 · 6 voices · tabla · 6 bols · mudrā: Padmakosha (flowing)
19:59:04  trajectory: descending · mercury dasha · tempo×1.00 · tabla=True
19:59:05  mix recv: brightness=0.00 reverb=0.00
19:59:08  mix recv: brightness=0.00 reverb=0.00
19:59:11  mix recv: brightness=0.00 reverb=0.00
19:59:14  mix recv: brightness=0.00 reverb=0.00
19:59:17  mix recv: brightness=0.00 reverb=0.00
19:59:17  tanpura field: ga-sa-sa-Sa · Bhimpalasī · Sa=116.5Hz · nakshatra=Pūrvāṣāḍhā · tidx=21
19:59:17  sarangi: bowing Sa=116.5Hz
19:59:17  synth params: ga-sa-sa-Sa · Bhimpalasī · Sa=116.5Hz · nakshatra=Pūrvāṣāḍhā · tidx=21 · 6 voices · tabla · 6 bols · mudrā: Padmakosha (flowing)
19:59:17  trajectory: descending · mercury dasha · tempo×1.00 · tabla=True
19:59:19  mix recv: brightness=0.00 reverb=0.00
19:59:22  mix recv: brightness=0.00 reverb=0.00
19:59:25  mix recv: brightness=0.00 reverb=0.00
19:59:28  mix recv: brightness=0.00 reverb=0.00
19:59:31  mix recv: brightness=0.00 reverb=0.00
19:59:34  mix recv: brightness=0.00 reverb=0.00
19:59:34  tanpura field: ga-sa-sa-Sa · Bhimpalasī · Sa=116.5Hz · nakshatra=Pūrvāṣāḍhā · tidx=21
19:59:34  sarangi: bowing Sa=116.5Hz
19:59:34  synth params: ga-sa-sa-Sa · Bhimpalasī · Sa=116.5Hz · nakshatra=Pūrvāṣāḍhā · tidx=21 · 6 voices · tabla · 6 bols · mudrā: Padmakosha (flowing)
19:59:34  trajectory: descending · mercury dasha · tempo×1.00 · tabla=True
19:59:37  mix recv: brightness=0.00 reverb=0.00
19:59:39  mix recv: brightness=0.00 reverb=0.00
19:59:42  mix recv: brightness=0.00 reverb=0.00
19:59:45  mix recv: brightness=0.00 reverb=0.00
19:59:48  tanpura field: ga-sa-sa-Sa · Bhimpalasī · Sa=116.5Hz · nakshatra=Pūrvāṣāḍhā · tidx=21
19:59:48  sarangi: bowing Sa=116.5Hz
19:59:48  synth params: ga-sa-sa-Sa · Bhimpalasī · Sa=116.5Hz · nakshatra=Pūrvāṣāḍhā · tidx=21 · 6 voices · tabla · 6 bols · mudrā: Padmakosha (flowing)
19:59:48  trajectory: descending · mercury dasha · tempo×1.00 · tabla=True
19:59:48  mix recv: brightness=0.00 reverb=0.00
19:59:51  mix recv: brightness=0.00 reverb=0.00
19:59:54  mix recv: brightness=0.00 reverb=0.00
19:59:57  mix recv: brightness=0.00 reverb=0.00
19:59:59  mix recv: brightness=0.00 reverb=0.00
20:00:02  mix recv: brightness=0.00 reverb=0.00
20:00:05  tanpura field: ga-sa-sa-Sa · Bhimpalasī · Sa=116.5Hz · nakshatra=Pūrvāṣāḍhā · tidx=21
20:00:05  sarangi: bowing Sa=116.5Hz
20:00:05  synth params: ga-sa-sa-Sa · Bhimpalasī · Sa=116.5Hz · nakshatra=Pūrvāṣāḍhā · tidx=21 · 6 voices · tabla · 6 bols · mudrā: Padmakosha (flowing)
20:00:05  trajectory: descending · mercury dasha · tempo×1.00 · tabla=True
20:00:05  mix recv: brightness=0.00 reverb=0.00
20:00:08  mix recv: brightness=0.00 reverb=0.00
20:00:11  mix recv: brightness=0.00 reverb=0.00
20:00:14  mix recv: brightness=0.00 reverb=0.00
20:00:17  mix recv: brightness=0.00 reverb=0.00
20:00:18  tanpura field: ga-sa-sa-Sa · Bhimpalasī · Sa=116.5Hz · nakshatra=Pūrvāṣāḍhā · tidx=21
20:00:18  sarangi: bowing Sa=116.5Hz
20:00:18  synth params: ga-sa-sa-Sa · Bhimpalasī · Sa=116.5Hz · nakshatra=Pūrvāṣāḍhā · tidx=21 · 7 voices · tabla · 6 bols · mudrā: Padmakosha (flowing)
20:00:18  trajectory: descending · mercury dasha · tempo×1.00 · tabla=True
20:00:19  mix recv: brightness=0.00 reverb=0.00
20:00:22  mix recv: brightness=0.00 reverb=0.00
20:00:25  mix recv: brightness=0.00 reverb=0.00
20:00:28  mix recv: brightness=0.00 reverb=0.00
20:00:31  mix recv: brightness=0.00 reverb=0.00
20:00:34  mix recv: brightness=0.00 reverb=0.00
20:00:35  tanpura field: ga-sa-sa-Sa · Bhimpalasī · Sa=116.5Hz · nakshatra=Pūrvāṣāḍhā · tidx=21
20:00:35  sarangi: bowing Sa=116.5Hz
20:00:35  synth params: ga-sa-sa-Sa · Bhimpalasī · Sa=116.5Hz · nakshatra=Pūrvāṣāḍhā · tidx=21 · 6 voices · tabla · 6 bols · mudrā: Padmakosha (flowing)
20:00:35  trajectory: descending · mercury dasha · tempo×1.00 · tabla=True
20:00:37  mix recv: brightness=0.00 reverb=0.00
20:00:39  mix recv: brightness=0.00 reverb=0.00
20:00:42  mix recv: brightness=0.00 reverb=0.00
20:00:45  mix recv: brightness=0.00 reverb=0.00
20:00:48  tanpura field: ga-sa-sa-Sa · Bhimpalasī · Sa=116.5Hz · nakshatra=Pūrvāṣāḍhā · tidx=21
20:00:48  sarangi: bowing Sa=116.5Hz
20:00:48  synth params: ga-sa-sa-Sa · Bhimpalasī · Sa=116.5Hz · nakshatra=Pūrvāṣāḍhā · tidx=21 · 6 voices · tabla · 6 bols · mudrā: Padmakosha (flowing)
20:00:48  trajectory: descending · mercury dasha · tempo×1.00 · tabla=True
20:00:48  mix recv: brightness=0.00 reverb=0.00
20:00:51  mix recv: brightness=0.00 reverb=0.00
20:00:54  mix recv: brightness=0.00 reverb=0.00
20:00:57  mix recv: brightness=0.00 reverb=0.00
20:00:59  mix recv: brightness=0.00 reverb=0.00
20:01:02  mix recv: brightness=0.00 reverb=0.00
20:01:05  tanpura field: ga-sa-sa-Sa · Bhimpalasī · Sa=116.5Hz · nakshatra=Pūrvāṣāḍhā · tidx=21
20:01:05  sarangi: bowing Sa=116.5Hz
20:01:05  synth params: ga-sa-sa-Sa · Bhimpalasī · Sa=116.5Hz · nakshatra=Pūrvāṣāḍhā · tidx=21 · 9 voices · tabla · 6 bols · mudrā: Padmakosha (flowing)
20:01:05  trajectory: descending · mercury dasha · tempo×1.00 · tabla=True
20:01:05  mix recv: brightness=0.00 reverb=0.00
20:01:08  mix recv: brightness=0.00 reverb=0.00
20:01:11  mix recv: brightness=0.00 reverb=0.00
20:01:14  mix recv: brightness=0.00 reverb=0.00
20:01:17  mix recv: brightness=0.00 reverb=0.00
20:01:18  tanpura field: ga-sa-sa-Sa · Bhimpalasī · Sa=116.5Hz · nakshatra=Pūrvāṣāḍhā · tidx=21
20:01:18  sarangi: bowing Sa=116.5Hz
20:01:18  synth params: ga-sa-sa-Sa · Bhimpalasī · Sa=116.5Hz · nakshatra=Pūrvāṣāḍhā · tidx=21 · 7 voices · tabla · 6 bols · mudrā: Padmakosha (flowing)
20:01:18  trajectory: descending · mercury dasha · tempo×1.00 · tabla=True
20:01:19  mix recv: brightness=0.00 reverb=0.00
20:01:22  mix recv: brightness=0.00 reverb=0.00
20:01:25  mix recv: brightness=0.00 reverb=0.00
20:01:28  mix recv: brightness=0.00 reverb=0.00
20:01:31  mix recv: brightness=0.00 reverb=0.00
20:01:34  mix recv: brightness=0.00 reverb=0.00
20:01:35  tanpura field: ga-sa-sa-Sa · Bhimpalasī · Sa=116.5Hz · nakshatra=Pūrvāṣāḍhā · tidx=21
20:01:35  sarangi: bowing Sa=116.5Hz
20:01:35  synth params: ga-sa-sa-Sa · Bhimpalasī · Sa=116.5Hz · nakshatra=Pūrvāṣāḍhā · tidx=21 · 7 voices · tabla · 6 bols · mudrā: Padmakosha (flowing)
20:01:35  trajectory: descending · mercury dasha · tempo×1.00 · tabla=True
20:01:37  mix recv: brightness=0.00 reverb=0.00
20:01:39  mix recv: brightness=0.00 reverb=0.00
20:01:42  mix recv: brightness=0.00 reverb=0.00
20:01:45  mix recv: brightness=0.00 reverb=0.00
20:01:48  mix recv: brightness=0.00 reverb=0.00
20:01:48  tanpura field: ga-sa-sa-Sa · Bhimpalasī · Sa=116.5Hz · nakshatra=Pūrvāṣāḍhā · tidx=21
20:01:48  sarangi: bowing Sa=116.5Hz
20:01:48  synth params: ga-sa-sa-Sa · Bhimpalasī · Sa=116.5Hz · nakshatra=Pūrvāṣāḍhā · tidx=21 · 6 voices · tabla · 6 bols · mudrā: Padmakosha (flowing)
20:01:48  trajectory: descending · mercury dasha · tempo×1.00 · tabla=True
20:01:51  mix recv: brightness=0.00 reverb=0.00
20:01:54  mix recv: brightness=0.00 reverb=0.00
20:01:57  mix recv: brightness=0.00 reverb=0.00
20:01:59  mix recv: brightness=0.00 reverb=0.00
20:02:02  mix recv: brightness=0.00 reverb=0.00
20:02:05  tanpura field: ga-sa-sa-Sa · Bhimpalasī · Sa=116.5Hz · nakshatra=Pūrvāṣāḍhā · tidx=21
20:02:05  sarangi: bowing Sa=116.5Hz
20:02:05  synth params: ga-sa-sa-Sa · Bhimpalasī · Sa=116.5Hz · nakshatra=Pūrvāṣāḍhā · tidx=21 · 6 voices · tabla · 6 bols · mudrā: Padmakosha (flowing)
20:02:05  trajectory: descending · mercury dasha · tempo×1.00 · tabla=True
20:02:05  mix recv: brightness=0.00 reverb=0.00
20:02:08  mix recv: brightness=0.00 reverb=0.00
20:02:11  mix recv: brightness=0.00 reverb=0.00
20:02:14  mix recv: brightness=0.00 reverb=0.00
20:02:17  mix recv: brightness=0.00 reverb=0.00
20:02:18  tanpura field: ga-sa-sa-Sa · Bhimpalasī · Sa=116.5Hz · nakshatra=Pūrvāṣāḍhā · tidx=21
20:02:18  sarangi: bowing Sa=116.5Hz
20:02:18  synth params: ga-sa-sa-Sa · Bhimpalasī · Sa=116.5Hz · nakshatra=Pūrvāṣāḍhā · tidx=21 · 6 voices · tabla · 6 bols · mudrā: Padmakosha (flowing)
20:02:18  trajectory: descending · mercury dasha · tempo×1.00 · tabla=True
20:02:19  mix recv: brightness=0.00 reverb=0.00
20:02:22  mix recv: brightness=0.00 reverb=0.00
20:02:25  mix recv: brightness=0.00 reverb=0.00
20:02:28  mix recv: brightness=0.00 reverb=0.00
20:02:31  mix recv: brightness=0.00 reverb=0.00
20:02:34  mix recv: brightness=0.00 reverb=0.00
20:02:35  tanpura field: ga-sa-sa-Sa · Bhimpalasī · Sa=116.5Hz · nakshatra=Pūrvāṣāḍhā · tidx=21
20:02:35  sarangi: bowing Sa=116.5Hz
20:02:35  synth params: ga-sa-sa-Sa · Bhimpalasī · Sa=116.5Hz · nakshatra=Pūrvāṣāḍhā · tidx=21 · 6 voices · tabla · 6 bols · mudrā: Padmakosha (flowing)
20:02:35  trajectory: descending · mercury dasha · tempo×1.00 · tabla=True
20:02:37  mix recv: brightness=0.00 reverb=0.00
20:02:39  mix recv: brightness=0.00 reverb=0.00
20:02:42  mix recv: brightness=0.00 reverb=0.00
20:02:45  mix recv: brightness=0.00 reverb=0.00
20:02:48  mix recv: brightness=0.00 reverb=0.00
20:02:48  tanpura field: ga-sa-sa-Sa · Bhimpalasī · Sa=116.5Hz · nakshatra=Pūrvāṣāḍhā · tidx=21
20:02:48  sarangi: bowing Sa=116.5Hz
20:02:48  synth params: ga-sa-sa-Sa · Bhimpalasī · Sa=116.5Hz · nakshatra=Pūrvāṣāḍhā · tidx=21 · 9 voices · tabla · 6 bols · mudrā: Padmakosha (flowing)
20:02:48  trajectory: descending · mercury dasha · tempo×1.00 · tabla=True
20:02:51  mix recv: brightness=0.00 reverb=0.00
20:02:54  mix recv: brightness=0.00 reverb=0.00
20:02:57  mix recv: brightness=0.00 reverb=0.00
20:02:59  mix recv: brightness=0.00 reverb=0.00
20:03:02  mix recv: brightness=0.00 reverb=0.00
20:03:05  mix recv: brightness=0.00 reverb=0.00
20:03:05  tanpura field: ga-sa-sa-Sa · Bhimpalasī · Sa=116.5Hz · nakshatra=Pūrvāṣāḍhā · tidx=21
20:03:05  sarangi: bowing Sa=116.5Hz
20:03:05  synth params: ga-sa-sa-Sa · Bhimpalasī · Sa=116.5Hz · nakshatra=Pūrvāṣāḍhā · tidx=21 · 6 voices · tabla · 6 bols · mudrā: Padmakosha (flowing)
20:03:05  trajectory: descending · mercury dasha · tempo×1.00 · tabla=True
20:03:08  mix recv: brightness=0.00 reverb=0.00
20:03:11  mix recv: brightness=0.00 reverb=0.00
20:03:14  mix recv: brightness=0.00 reverb=0.00
20:03:17  mix recv: brightness=0.00 reverb=0.00
20:03:18  tanpura field: ga-sa-sa-Sa · Bhimpalasī · Sa=116.5Hz · nakshatra=Pūrvāṣāḍhā · tidx=21
20:03:18  sarangi: bowing Sa=116.5Hz
20:03:18  synth params: ga-sa-sa-Sa · Bhimpalasī · Sa=116.5Hz · nakshatra=Pūrvāṣāḍhā · tidx=21 · 6 voices · tabla · 6 bols · mudrā: Padmakosha (flowing)
20:03:18  trajectory: descending · mercury dasha · tempo×1.00 · tabla=True
20:03:19  mix recv: brightness=0.00 reverb=0.00
20:03:22  mix recv: brightness=0.00 reverb=0.00
20:03:25  mix recv: brightness=0.00 reverb=0.00
20:03:28  mix recv: brightness=0.00 reverb=0.00
20:03:31  mix recv: brightness=0.00 reverb=0.00
20:03:34  mix recv: brightness=0.00 reverb=0.00
20:03:35  tanpura field: ga-sa-sa-Sa · Bhimpalasī · Sa=116.5Hz · nakshatra=Pūrvāṣāḍhā · tidx=21
20:03:35  sarangi: bowing Sa=116.5Hz
20:03:35  synth params: ga-sa-sa-Sa · Bhimpalasī · Sa=116.5Hz · nakshatra=Pūrvāṣāḍhā · tidx=21 · 9 voices · tabla · 6 bols · mudrā: Padmakosha (flowing)
20:03:35  trajectory: descending · mercury dasha · tempo×1.00 · tabla=True
20:03:37  mix recv: brightness=0.00 reverb=0.00
20:03:39  mix recv: brightness=0.00 reverb=0.00
20:03:42  mix recv: brightness=0.00 reverb=0.00
20:03:45  mix recv: brightness=0.00 reverb=0.00
20:03:48  mix recv: brightness=0.00 reverb=0.00
20:03:49  tanpura field: ga-sa-sa-Sa · Bhimpalasī · Sa=116.5Hz · nakshatra=Pūrvāṣāḍhā · tidx=21
20:03:49  sarangi: bowing Sa=116.5Hz
20:03:49  synth params: ga-sa-sa-Sa · Bhimpalasī · Sa=116.5Hz · nakshatra=Pūrvāṣāḍhā · tidx=21 · 8 voices · tabla · 6 bols · mudrā: Padmakosha (flowing)
20:03:49  trajectory: descending · mercury dasha · tempo×1.00 · tabla=True
20:03:51  mix recv: brightness=0.00 reverb=0.00
20:03:54  mix recv: brightness=0.00 reverb=0.00
20:03:57  mix recv: brightness=0.00 reverb=0.00
20:03:59  mix recv: brightness=0.00 reverb=0.00
20:04:02  mix recv: brightness=0.00 reverb=0.00
20:04:05  mix recv: brightness=0.00 reverb=0.00
20:04:06  tanpura field: ga-sa-sa-Sa · Bhimpalasī · Sa=116.5Hz · nakshatra=Pūrvāṣāḍhā · tidx=21
20:04:06  sarangi: bowing Sa=116.5Hz
20:04:06  synth params: ga-sa-sa-Sa · Bhimpalasī · Sa=116.5Hz · nakshatra=Pūrvāṣāḍhā · tidx=21 · 6 voices · tabla · 6 bols · mudrā: Padmakosha (flowing)
20:04:06  trajectory: descending · mercury dasha · tempo×1.00 · tabla=True
20:04:08  mix recv: brightness=0.00 reverb=0.00
20:04:11  mix recv: brightness=0.00 reverb=0.00
20:04:14  mix recv: brightness=0.00 reverb=0.00
20:04:17  mix recv: brightness=0.00 reverb=0.00
20:04:19  tanpura field: ga-sa-sa-Sa · Bhimpalasī · Sa=116.5Hz · nakshatra=Pūrvāṣāḍhā · tidx=21
20:04:19  sarangi: bowing Sa=116.5Hz
20:04:19  synth params: ga-sa-sa-Sa · Bhimpalasī · Sa=116.5Hz · nakshatra=Pūrvāṣāḍhā · tidx=21 · 8 voices · tabla · 6 bols · mudrā: Padmakosha (flowing)
20:04:19  trajectory: descending · mercury dasha · tempo×1.00 · tabla=True
20:04:19  mix recv: brightness=0.00 reverb=0.00
20:04:22  mix recv: brightness=0.00 reverb=0.00
20:04:25  mix recv: brightness=0.00 reverb=0.00
20:04:28  mix recv: brightness=0.00 reverb=0.00
20:04:31  mix recv: brightness=0.00 reverb=0.00
20:04:34  mix recv: brightness=0.00 reverb=0.00
20:04:36  tanpura field: ga-sa-sa-Sa · Bhimpalasī · Sa=116.5Hz · nakshatra=Pūrvāṣāḍhā · tidx=21
20:04:36  sarangi: bowing Sa=116.5Hz
20:04:36  synth params: ga-sa-sa-Sa · Bhimpalasī · Sa=116.5Hz · nakshatra=Pūrvāṣāḍhā · tidx=21 · 6 voices · tabla · 6 bols · mudrā: Padmakosha (flowing)
20:04:36  trajectory: descending · mercury dasha · tempo×1.00 · tabla=True
20:04:37  mix recv: brightness=0.00 reverb=0.00
20:04:39  mix recv: brightness=0.00 reverb=0.00
20:04:42  mix recv: brightness=0.00 reverb=0.00
20:04:45  mix recv: brightness=0.00 reverb=0.00
20:04:48  mix recv: brightness=0.00 reverb=0.00
20:04:49  tanpura field: ga-sa-sa-Sa · Bhimpalasī · Sa=116.5Hz · nakshatra=Pūrvāṣāḍhā · tidx=21
20:04:49  sarangi: bowing Sa=116.5Hz
20:04:49  synth params: ga-sa-sa-Sa · Bhimpalasī · Sa=116.5Hz · nakshatra=Pūrvāṣāḍhā · tidx=21 · 6 voices · tabla · 6 bols · mudrā: Padmakosha (flowing)
20:04:49  trajectory: descending · mercury dasha · tempo×1.00 · tabla=True
20:04:51  mix recv: brightness=0.00 reverb=0.00
20:04:54  mix recv: brightness=0.00 reverb=0.00
20:04:57  mix recv: brightness=0.00 reverb=0.00
20:04:59  mix recv: brightness=0.00 reverb=0.00
20:05:02  mix recv: brightness=0.00 reverb=0.00
20:05:05  mix recv: brightness=0.00 reverb=0.00
20:05:06  tanpura field: ga-sa-sa-Sa · Bhimpalasī · Sa=116.5Hz · nakshatra=Pūrvāṣāḍhā · tidx=21
20:05:06  sarangi: bowing Sa=116.5Hz
20:05:06  synth params: ga-sa-sa-Sa · Bhimpalasī · Sa=116.5Hz · nakshatra=Pūrvāṣāḍhā · tidx=21 · 8 voices · tabla · 6 bols · mudrā: Padmakosha (flowing)
20:05:06  trajectory: descending · mercury dasha · tempo×1.00 · tabla=True
20:05:08  mix recv: brightness=0.00 reverb=0.00
20:05:11  mix recv: brightness=0.00 reverb=0.00
20:05:14  mix recv: brightness=0.00 reverb=0.00
20:05:17  mix recv: brightness=0.00 reverb=0.00
20:05:19  tanpura field: ga-sa-sa-Sa · Bhimpalasī · Sa=116.5Hz · nakshatra=Pūrvāṣāḍhā · tidx=21
20:05:19  sarangi: bowing Sa=116.5Hz
20:05:19  synth params: ga-sa-sa-Sa · Bhimpalasī · Sa=116.5Hz · nakshatra=Pūrvāṣāḍhā · tidx=21 · 9 voices · tabla · 6 bols · mudrā: Padmakosha (flowing)
20:05:19  trajectory: descending · mercury dasha · tempo×1.00 · tabla=True
20:05:19  mix recv: brightness=0.00 reverb=0.00
20:05:22  mix recv: brightness=0.00 reverb=0.00
20:05:25  mix recv: brightness=0.00 reverb=0.00
20:05:28  mix recv: brightness=0.00 reverb=0.00
20:05:31  mix recv: brightness=0.00 reverb=0.00
20:05:34  mix recv: brightness=0.00 reverb=0.00
20:05:36  tanpura field: ga-sa-sa-Sa · Bhimpalasī · Sa=116.5Hz · nakshatra=Pūrvāṣāḍhā · tidx=21
20:05:36  sarangi: bowing Sa=116.5Hz
20:05:36  synth params: ga-sa-sa-Sa · Bhimpalasī · Sa=116.5Hz · nakshatra=Pūrvāṣāḍhā · tidx=21 · 6 voices · tabla · 6 bols · mudrā: Padmakosha (flowing)
20:05:36  trajectory: descending · mercury dasha · tempo×1.00 · tabla=True
20:05:37  mix recv: brightness=0.00 reverb=0.00
20:05:39  mix recv: brightness=0.00 reverb=0.00
20:05:42  mix recv: brightness=0.00 reverb=0.00
20:05:45  mix recv: brightness=0.00 reverb=0.00
20:05:48  mix recv: brightness=0.00 reverb=0.00
20:05:49  tanpura field: ga-sa-sa-Sa · Bhimpalasī · Sa=116.5Hz · nakshatra=Pūrvāṣāḍhā · tidx=21
20:05:49  sarangi: bowing Sa=116.5Hz
20:05:49  synth params: ga-sa-sa-Sa · Bhimpalasī · Sa=116.5Hz · nakshatra=Pūrvāṣāḍhā · tidx=21 · 6 voices · tabla · 6 bols · mudrā: Padmakosha (flowing)
20:05:49  trajectory: descending · mercury dasha · tempo×1.00 · tabla=True
20:05:51  mix recv: brightness=0.00 reverb=0.00
20:05:54  mix recv: brightness=0.00 reverb=0.00
20:05:57  mix recv: brightness=0.00 reverb=0.00
20:05:59  mix recv: brightness=0.00 reverb=0.00
20:06:02  mix recv: brightness=0.00 reverb=0.00
20:06:05  mix recv: brightness=0.00 reverb=0.00
20:06:06  tanpura field: ga-sa-sa-Sa · Bhimpalasī · Sa=116.5Hz · nakshatra=Pūrvāṣāḍhā · tidx=21
20:06:06  sarangi: bowing Sa=116.5Hz
20:06:06  synth params: ga-sa-sa-Sa · Bhimpalasī · Sa=116.5Hz · nakshatra=Pūrvāṣāḍhā · tidx=21 · 6 voices · tabla · 6 bols · mudrā: Padmakosha (flowing)
20:06:06  trajectory: descending · mercury dasha · tempo×1.00 · tabla=True
20:06:08  mix recv: brightness=0.00 reverb=0.00
20:06:11  mix recv: brightness=0.00 reverb=0.00
20:06:14  mix recv: brightness=0.00 reverb=0.00
20:06:17  mix recv: brightness=0.00 reverb=0.00
20:06:19  tanpura field: ga-sa-sa-Sa · Bhimpalasī · Sa=116.5Hz · nakshatra=Pūrvāṣāḍhā · tidx=21
20:06:19  sarangi: bowing Sa=116.5Hz
20:06:19  synth params: ga-sa-sa-Sa · Bhimpalasī · Sa=116.5Hz · nakshatra=Pūrvāṣāḍhā · tidx=21 · 6 voices · tabla · 6 bols · mudrā: Padmakosha (flowing)
20:06:19  trajectory: descending · mercury dasha · tempo×1.00 · tabla=True
20:06:19  mix recv: brightness=0.00 reverb=0.00
20:06:22  mix recv: brightness=0.00 reverb=0.00
20:06:25  mix recv: brightness=0.00 reverb=0.00
20:06:28  mix recv: brightness=0.00 reverb=0.00
20:06:31  mix recv: brightness=0.00 reverb=0.00
20:06:34  mix recv: brightness=0.00 reverb=0.00
20:06:36  tanpura field: ga-sa-sa-Sa · Bhimpalasī · Sa=116.5Hz · nakshatra=Pūrvāṣāḍhā · tidx=21
20:06:36  sarangi: bowing Sa=116.5Hz
20:06:36  synth params: ga-sa-sa-Sa · Bhimpalasī · Sa=116.5Hz · nakshatra=Pūrvāṣāḍhā · tidx=21 · 9 voices · tabla · 6 bols · mudrā: Padmakosha (flowing)
20:06:36  trajectory: descending · mercury dasha · tempo×1.00 · tabla=True
20:06:37  mix recv: brightness=0.00 reverb=0.00
20:06:39  mix recv: brightness=0.00 reverb=0.00
20:06:42  mix recv: brightness=0.00 reverb=0.00
20:06:45  mix recv: brightness=0.00 reverb=0.00
20:06:48  mix recv: brightness=0.00 reverb=0.00
20:06:49  tanpura field: ga-sa-sa-Sa · Bhimpalasī · Sa=116.5Hz · nakshatra=Pūrvāṣāḍhā · tidx=21
20:06:49  sarangi: bowing Sa=116.5Hz
20:06:49  synth params: ga-sa-sa-Sa · Bhimpalasī · Sa=116.5Hz · nakshatra=Pūrvāṣāḍhā · tidx=21 · 6 voices · tabla · 6 bols · mudrā: Padmakosha (flowing)
20:06:49  trajectory: descending · mercury dasha · tempo×1.00 · tabla=True
20:06:51  mix recv: brightness=0.00 reverb=0.00
20:06:54  mix recv: brightness=0.00 reverb=0.00
20:06:57  mix recv: brightness=0.00 reverb=0.00
20:06:59  mix recv: brightness=0.00 reverb=0.00
20:07:02  mix recv: brightness=0.00 reverb=0.00
20:07:05  mix recv: brightness=0.00 reverb=0.00
20:07:06  tanpura field: ga-sa-sa-Sa · Bhimpalasī · Sa=116.5Hz · nakshatra=Pūrvāṣāḍhā · tidx=21
20:07:06  sarangi: bowing Sa=116.5Hz
20:07:06  synth params: ga-sa-sa-Sa · Bhimpalasī · Sa=116.5Hz · nakshatra=Pūrvāṣāḍhā · tidx=21 · 9 voices · tabla · 6 bols · mudrā: Padmakosha (flowing)
20:07:06  trajectory: descending · mercury dasha · tempo×1.00 · tabla=True
20:07:08  mix recv: brightness=0.00 reverb=0.00
20:07:11  mix recv: brightness=0.00 reverb=0.00
20:07:14  mix recv: brightness=0.00 reverb=0.00
20:07:17  mix recv: brightness=0.00 reverb=0.00
20:07:19  tanpura field: ga-sa-sa-Sa · Bhimpalasī · Sa=116.5Hz · nakshatra=Pūrvāṣāḍhā · tidx=21
20:07:19  sarangi: bowing Sa=116.5Hz
20:07:19  synth params: ga-sa-sa-Sa · Bhimpalasī · Sa=116.5Hz · nakshatra=Pūrvāṣāḍhā · tidx=21 · 7 voices · tabla · 6 bols · mudrā: Padmakosha (flowing)
20:07:19  trajectory: descending · mercury dasha · tempo×1.00 · tabla=True
20:07:19  mix recv: brightness=0.00 reverb=0.00
20:07:22  mix recv: brightness=0.00 reverb=0.00
20:07:25  mix recv: brightness=0.00 reverb=0.00
20:07:28  mix recv: brightness=0.00 reverb=0.00
20:07:31  mix recv: brightness=0.00 reverb=0.00
20:07:34  mix recv: brightness=0.00 reverb=0.00
20:07:36  tanpura field: ga-sa-sa-Sa · Bhimpalasī · Sa=116.5Hz · nakshatra=Pūrvāṣāḍhā · tidx=21
20:07:36  sarangi: bowing Sa=116.5Hz
20:07:36  synth params: ga-sa-sa-Sa · Bhimpalasī · Sa=116.5Hz · nakshatra=Pūrvāṣāḍhā · tidx=21 · 6 voices · tabla · 6 bols · mudrā: Padmakosha (flowing)
20:07:36  trajectory: descending · mercury dasha · tempo×1.00 · tabla=True
20:07:37  mix recv: brightness=0.00 reverb=0.00
20:07:40  mix recv: brightness=0.00 reverb=0.00
20:07:42  mix recv: brightness=0.00 reverb=0.00
20:07:45  mix recv: brightness=0.00 reverb=0.00
20:07:48  mix recv: brightness=0.00 reverb=0.00
20:07:49  tanpura field: ga-sa-sa-Sa · Bhimpalasī · Sa=116.5Hz · nakshatra=Pūrvāṣāḍhā · tidx=21
20:07:49  sarangi: bowing Sa=116.5Hz
20:07:49  synth params: ga-sa-sa-Sa · Bhimpalasī · Sa=116.5Hz · nakshatra=Pūrvāṣāḍhā · tidx=21 · 6 voices · tabla · 6 bols · mudrā: Padmakosha (flowing)
20:07:49  trajectory: descending · mercury dasha · tempo×1.00 · tabla=True
20:07:51  mix recv: brightness=0.00 reverb=0.00
20:07:54  mix recv: brightness=0.00 reverb=0.00
20:07:57  mix recv: brightness=0.00 reverb=0.00
20:08:00  mix recv: brightness=0.00 reverb=0.00
20:08:02  mix recv: brightness=0.00 reverb=0.00
20:08:05  mix recv: brightness=0.00 reverb=0.00
20:08:07  tanpura field: ga-sa-sa-Sa · Bhimpalasī · Sa=116.5Hz · nakshatra=Pūrvāṣāḍhā · tidx=21
20:08:07  sarangi: bowing Sa=116.5Hz
20:08:07  synth params: ga-sa-sa-Sa · Bhimpalasī · Sa=116.5Hz · nakshatra=Pūrvāṣāḍhā · tidx=21 · 7 voices · tabla · 6 bols · mudrā: Padmakosha (flowing)
20:08:07  trajectory: descending · mercury dasha · tempo×1.00 · tabla=True
20:08:08  mix recv: brightness=0.00 reverb=0.00
20:08:11  mix recv: brightness=0.00 reverb=0.00
20:08:14  mix recv: brightness=0.00 reverb=0.00
20:08:17  mix recv: brightness=0.00 reverb=0.00
20:08:20  mix recv: brightness=0.00 reverb=0.00
20:08:20  tanpura field: ga-sa-sa-Sa · Bhimpalasī · Sa=116.5Hz · nakshatra=Pūrvāṣāḍhā · tidx=21
20:08:20  sarangi: bowing Sa=116.5Hz
20:08:20  synth params: ga-sa-sa-Sa · Bhimpalasī · Sa=116.5Hz · nakshatra=Pūrvāṣāḍhā · tidx=21 · 6 voices · tabla · 6 bols · mudrā: Padmakosha (flowing)
20:08:20  trajectory: descending · mercury dasha · tempo×1.00 · tabla=True
20:08:22  mix recv: brightness=0.00 reverb=0.00
20:08:25  mix recv: brightness=0.00 reverb=0.00
20:08:28  mix recv: brightness=0.00 reverb=0.00
20:08:31  mix recv: brightness=0.00 reverb=0.00
20:08:34  mix recv: brightness=0.00 reverb=0.00
20:08:37  tanpura field: ga-sa-sa-Sa · Bhimpalasī · Sa=116.5Hz · nakshatra=Pūrvāṣāḍhā · tidx=21
20:08:37  sarangi: bowing Sa=116.5Hz
20:08:37  synth params: ga-sa-sa-Sa · Bhimpalasī · Sa=116.5Hz · nakshatra=Pūrvāṣāḍhā · tidx=21 · 6 voices · tabla · 6 bols · mudrā: Padmakosha (flowing)
20:08:37  trajectory: descending · mercury dasha · tempo×1.00 · tabla=True
20:08:37  mix recv: brightness=0.00 reverb=0.00
20:08:40  mix recv: brightness=0.00 reverb=0.00
20:08:42  mix recv: brightness=0.00 reverb=0.00
20:08:45  mix recv: brightness=0.00 reverb=0.00
20:08:48  mix recv: brightness=0.00 reverb=0.00
20:08:50  tanpura field: ga-sa-sa-Sa · Bhimpalasī · Sa=116.5Hz · nakshatra=Pūrvāṣāḍhā · tidx=21
20:08:50  sarangi: bowing Sa=116.5Hz
20:08:50  synth params: ga-sa-sa-Sa · Bhimpalasī · Sa=116.5Hz · nakshatra=Pūrvāṣāḍhā · tidx=21 · 9 voices · tabla · 6 bols · mudrā: Padmakosha (flowing)
20:08:50  trajectory: descending · mercury dasha · tempo×1.00 · tabla=True
20:08:51  mix recv: brightness=0.00 reverb=0.00
20:08:54  mix recv: brightness=0.00 reverb=0.00
20:08:57  mix recv: brightness=0.00 reverb=0.00
20:09:00  mix recv: brightness=0.00 reverb=0.00
20:09:02  mix recv: brightness=0.00 reverb=0.00
20:09:05  mix recv: brightness=0.00 reverb=0.00
20:09:07  tanpura field: ga-sa-sa-Sa · Bhimpalasī · Sa=116.5Hz · nakshatra=Pūrvāṣāḍhā · tidx=21
20:09:07  sarangi: bowing Sa=116.5Hz
20:09:07  synth params: ga-sa-sa-Sa · Bhimpalasī · Sa=116.5Hz · nakshatra=Pūrvāṣāḍhā · tidx=21 · 6 voices · tabla · 6 bols · mudrā: Padmakosha (flowing)
20:09:07  trajectory: descending · mercury dasha · tempo×1.00 · tabla=True
20:09:08  mix recv: brightness=0.00 reverb=0.00
20:09:11  mix recv: brightness=0.00 reverb=0.00
20:09:14  mix recv: brightness=0.00 reverb=0.00
20:09:17  mix recv: brightness=0.00 reverb=0.00
20:09:20  mix recv: brightness=0.00 reverb=0.00
20:09:20  tanpura field: ga-sa-sa-Sa · Bhimpalasī · Sa=116.5Hz · nakshatra=Pūrvāṣāḍhā · tidx=21
20:09:20  sarangi: bowing Sa=116.5Hz
20:09:20  synth params: ga-sa-sa-Sa · Bhimpalasī · Sa=116.5Hz · nakshatra=Pūrvāṣāḍhā · tidx=21 · 6 voices · tabla · 6 bols · mudrā: Padmakosha (flowing)
20:09:20  trajectory: descending · mercury dasha · tempo×1.00 · tabla=True
20:09:22  mix recv: brightness=0.00 reverb=0.00
20:09:25  mix recv: brightness=0.00 reverb=0.00
20:09:28  mix recv: brightness=0.00 reverb=0.00
20:09:31  mix recv: brightness=0.00 reverb=0.00
20:09:34  mix recv: brightness=0.00 reverb=0.00
20:09:37  mix recv: brightness=0.00 reverb=0.00
20:09:37  tanpura field: ga-sa-sa-Sa · Bhimpalasī · Sa=116.5Hz · nakshatra=Pūrvāṣāḍhā · tidx=21
20:09:37  sarangi: bowing Sa=116.5Hz
20:09:37  synth params: ga-sa-sa-Sa · Bhimpalasī · Sa=116.5Hz · nakshatra=Pūrvāṣāḍhā · tidx=21 · 6 voices · tabla · 6 bols · mudrā: Padmakosha (flowing)
20:09:37  trajectory: descending · mercury dasha · tempo×1.00 · tabla=True
20:09:40  mix recv: brightness=0.00 reverb=0.00
20:09:42  mix recv: brightness=0.00 reverb=0.00
20:09:45  mix recv: brightness=0.00 reverb=0.00
20:09:48  mix recv: brightness=0.00 reverb=0.00
20:09:50  tanpura field: ga-sa-sa-Sa · Bhimpalasī · Sa=116.5Hz · nakshatra=Pūrvāṣāḍhā · tidx=21
20:09:50  sarangi: bowing Sa=116.5Hz
20:09:50  synth params: ga-sa-sa-Sa · Bhimpalasī · Sa=116.5Hz · nakshatra=Pūrvāṣāḍhā · tidx=21 · 6 voices · tabla · 6 bols · mudrā: Padmakosha (flowing)
20:09:50  trajectory: descending · mercury dasha · tempo×1.00 · tabla=True
20:09:51  mix recv: brightness=0.00 reverb=0.00
20:09:54  mix recv: brightness=0.00 reverb=0.00
20:09:57  mix recv: brightness=0.00 reverb=0.00
20:10:00  mix recv: brightness=0.00 reverb=0.00
20:10:02  mix recv: brightness=0.00 reverb=0.00
20:10:05  mix recv: brightness=0.00 reverb=0.00
20:10:07  tanpura field: ga-sa-sa-Sa · Bhimpalasī · Sa=116.5Hz · nakshatra=Pūrvāṣāḍhā · tidx=21
20:10:07  sarangi: bowing Sa=116.5Hz
20:10:07  synth params: ga-sa-sa-Sa · Bhimpalasī · Sa=116.5Hz · nakshatra=Pūrvāṣāḍhā · tidx=21 · 7 voices · tabla · 6 bols · mudrā: Padmakosha (flowing)
20:10:07  trajectory: descending · mercury dasha · tempo×1.00 · tabla=True
20:10:08  mix recv: brightness=0.00 reverb=0.00
20:10:11  mix recv: brightness=0.00 reverb=0.00
20:10:14  mix recv: brightness=0.00 reverb=0.00
20:10:17  mix recv: brightness=0.00 reverb=0.00
20:10:20  mix recv: brightness=0.00 reverb=0.00
20:10:20  tanpura field: ga-sa-sa-Sa · Bhimpalasī · Sa=116.5Hz · nakshatra=Pūrvāṣāḍhā · tidx=21
20:10:20  sarangi: bowing Sa=116.5Hz
20:10:20  synth params: ga-sa-sa-Sa · Bhimpalasī · Sa=116.5Hz · nakshatra=Pūrvāṣāḍhā · tidx=21 · 6 voices · tabla · 6 bols · mudrā: Padmakosha (flowing)
20:10:20  trajectory: descending · mercury dasha · tempo×1.00 · tabla=True
20:10:22  mix recv: brightness=0.00 reverb=0.00
20:10:25  mix recv: brightness=0.00 reverb=0.00
20:10:28  mix recv: brightness=0.00 reverb=0.00
20:10:31  mix recv: brightness=0.00 reverb=0.00
20:10:34  mix recv: brightness=0.00 reverb=0.00
20:10:37  mix recv: brightness=0.00 reverb=0.00
20:10:37  tanpura field: ga-sa-sa-Sa · Bhimpalasī · Sa=116.5Hz · nakshatra=Pūrvāṣāḍhā · tidx=21
20:10:37  sarangi: bowing Sa=116.5Hz
20:10:37  synth params: ga-sa-sa-Sa · Bhimpalasī · Sa=116.5Hz · nakshatra=Pūrvāṣāḍhā · tidx=21 · 9 voices · tabla · 6 bols · mudrā: Padmakosha (flowing)
20:10:37  trajectory: descending · mercury dasha · tempo×1.00 · tabla=True
20:10:40  mix recv: brightness=0.00 reverb=0.00
20:10:42  mix recv: brightness=0.00 reverb=0.00
20:10:45  mix recv: brightness=0.00 reverb=0.00
20:10:48  mix recv: brightness=0.00 reverb=0.00
20:10:50  tanpura field: ga-sa-sa-Sa · Bhimpalasī · Sa=116.5Hz · nakshatra=Pūrvāṣāḍhā · tidx=21
20:10:50  sarangi: bowing Sa=116.5Hz
20:10:50  synth params: ga-sa-sa-Sa · Bhimpalasī · Sa=116.5Hz · nakshatra=Pūrvāṣāḍhā · tidx=21 · 7 voices · tabla · 6 bols · mudrā: Padmakosha (flowing)
20:10:50  trajectory: descending · mercury dasha · tempo×1.00 · tabla=True
20:10:51  mix recv: brightness=0.00 reverb=0.00
20:10:54  mix recv: brightness=0.00 reverb=0.00
20:10:57  mix recv: brightness=0.00 reverb=0.00
20:11:00  mix recv: brightness=0.00 reverb=0.00
20:11:02  mix recv: brightness=0.00 reverb=0.00
20:11:05  mix recv: brightness=0.00 reverb=0.00
20:11:07  tanpura field: ga-sa-sa-Sa · Bhimpalasī · Sa=116.5Hz · nakshatra=Pūrvāṣāḍhā · tidx=21
20:11:07  sarangi: bowing Sa=116.5Hz
20:11:07  synth params: ga-sa-sa-Sa · Bhimpalasī · Sa=116.5Hz · nakshatra=Pūrvāṣāḍhā · tidx=21 · 7 voices · tabla · 6 bols · mudrā: Padmakosha (flowing)
20:11:07  trajectory: descending · mercury dasha · tempo×1.00 · tabla=True
20:11:08  mix recv: brightness=0.00 reverb=0.00
20:11:11  mix recv: brightness=0.00 reverb=0.00
20:11:14  mix recv: brightness=0.00 reverb=0.00
20:11:17  mix recv: brightness=0.00 reverb=0.00
20:11:20  mix recv: brightness=0.00 reverb=0.00
20:11:20  tanpura field: ga-sa-sa-Sa · Bhimpalasī · Sa=116.5Hz · nakshatra=Pūrvāṣāḍhā · tidx=21
20:11:20  sarangi: bowing Sa=116.5Hz
20:11:20  synth params: ga-sa-sa-Sa · Bhimpalasī · Sa=116.5Hz · nakshatra=Pūrvāṣāḍhā · tidx=21 · 6 voices · tabla · 6 bols · mudrā: Padmakosha (flowing)
20:11:20  trajectory: descending · mercury dasha · tempo×1.00 · tabla=True
20:11:22  mix recv: brightness=0.00 reverb=0.00
20:11:25  mix recv: brightness=0.00 reverb=0.00
20:11:28  mix recv: brightness=0.00 reverb=0.00
20:11:31  mix recv: brightness=0.00 reverb=0.00
20:11:34  mix recv: brightness=0.00 reverb=0.00
20:11:37  mix recv: brightness=0.00 reverb=0.00
20:11:37  tanpura field: ga-sa-sa-Sa · Bhimpalasī · Sa=116.5Hz · nakshatra=Pūrvāṣāḍhā · tidx=21
20:11:37  sarangi: bowing Sa=116.5Hz
20:11:37  synth params: ga-sa-sa-Sa · Bhimpalasī · Sa=116.5Hz · nakshatra=Pūrvāṣāḍhā · tidx=21 · 9 voices · tabla · 6 bols · mudrā: Padmakosha (flowing)
20:11:37  trajectory: descending · mercury dasha · tempo×1.00 · tabla=True
20:11:40  mix recv: brightness=0.00 reverb=0.00
20:11:42  mix recv: brightness=0.00 reverb=0.00
20:11:45  mix recv: brightness=0.00 reverb=0.00
20:11:48  mix recv: brightness=0.00 reverb=0.00
20:11:50  tanpura field: ga-sa-sa-Sa · Bhimpalasī · Sa=116.5Hz · nakshatra=Pūrvāṣāḍhā · tidx=21
20:11:50  sarangi: bowing Sa=116.5Hz
20:11:50  synth params: ga-sa-sa-Sa · Bhimpalasī · Sa=116.5Hz · nakshatra=Pūrvāṣāḍhā · tidx=21 · 8 voices · tabla · 6 bols · mudrā: Padmakosha (flowing)
20:11:50  trajectory: descending · mercury dasha · tempo×1.00 · tabla=True
20:11:51  mix recv: brightness=0.00 reverb=0.00
20:11:54  mix recv: brightness=0.00 reverb=0.00
20:11:57  mix recv: brightness=0.00 reverb=0.00
20:12:00  mix recv: brightness=0.00 reverb=0.00
20:12:02  mix recv: brightness=0.00 reverb=0.00
20:12:05  mix recv: brightness=0.00 reverb=0.00
20:12:07  tanpura field: ga-sa-sa-Sa · Bhimpalasī · Sa=116.5Hz · nakshatra=Pūrvāṣāḍhā · tidx=21
20:12:07  sarangi: bowing Sa=116.5Hz
20:12:07  synth params: ga-sa-sa-Sa · Bhimpalasī · Sa=116.5Hz · nakshatra=Pūrvāṣāḍhā · tidx=21 · 7 voices · tabla · 6 bols · mudrā: Padmakosha (flowing)
20:12:07  trajectory: descending · mercury dasha · tempo×1.00 · tabla=True
20:12:08  mix recv: brightness=0.00 reverb=0.00
20:12:11  mix recv: brightness=0.00 reverb=0.00
20:12:14  mix recv: brightness=0.00 reverb=0.00
20:12:17  mix recv: brightness=0.00 reverb=0.00
20:12:20  mix recv: brightness=0.00 reverb=0.00
20:12:21  tanpura field: ga-sa-sa-Sa · Bhimpalasī · Sa=116.5Hz · nakshatra=Pūrvāṣāḍhā · tidx=21
20:12:21  sarangi: bowing Sa=116.5Hz
20:12:21  synth params: ga-sa-sa-Sa · Bhimpalasī · Sa=116.5Hz · nakshatra=Pūrvāṣāḍhā · tidx=21 · 7 voices · tabla · 6 bols · mudrā: Padmakosha (flowing)
20:12:21  trajectory: descending · mercury dasha · tempo×1.00 · tabla=True
20:12:22  mix recv: brightness=0.00 reverb=0.00
20:12:25  mix recv: brightness=0.00 reverb=0.00
20:12:28  mix recv: brightness=0.00 reverb=0.00
20:12:31  mix recv: brightness=0.00 reverb=0.00
20:12:34  mix recv: brightness=0.00 reverb=0.00
20:12:37  mix recv: brightness=0.00 reverb=0.00
20:12:37  tanpura field: ga-sa-sa-Sa · Bhimpalasī · Sa=116.5Hz · nakshatra=Pūrvāṣāḍhā · tidx=21
20:12:37  sarangi: bowing Sa=116.5Hz
20:12:37  synth params: ga-sa-sa-Sa · Bhimpalasī · Sa=116.5Hz · nakshatra=Pūrvāṣāḍhā · tidx=21 · 6 voices · tabla · 6 bols · mudrā: Padmakosha (flowing)
20:12:37  trajectory: descending · mercury dasha · tempo×1.00 · tabla=True
20:12:40  mix recv: brightness=0.00 reverb=0.00
20:12:42  mix recv: brightness=0.00 reverb=0.00
20:12:45  mix recv: brightness=0.00 reverb=0.00
20:12:48  mix recv: brightness=0.00 reverb=0.00
20:12:51  tanpura field: ga-sa-sa-Sa · Bhimpalasī · Sa=116.5Hz · nakshatra=Pūrvāṣāḍhā · tidx=21
20:12:51  sarangi: bowing Sa=116.5Hz
20:12:51  synth params: ga-sa-sa-Sa · Bhimpalasī · Sa=116.5Hz · nakshatra=Pūrvāṣāḍhā · tidx=21 · 6 voices · tabla · 6 bols · mudrā: Padmakosha (flowing)
20:12:51  trajectory: descending · mercury dasha · tempo×1.00 · tabla=True
20:12:51  mix recv: brightness=0.00 reverb=0.00
20:12:54  mix recv: brightness=0.00 reverb=0.00
20:12:57  mix recv: brightness=0.00 reverb=0.00
20:13:00  mix recv: brightness=0.00 reverb=0.00
20:13:02  mix recv: brightness=0.00 reverb=0.00
20:13:05  mix recv: brightness=0.00 reverb=0.00
20:13:08  tanpura field: ga-sa-sa-Sa · Bhimpalasī · Sa=116.5Hz · nakshatra=Pūrvāṣāḍhā · tidx=21
20:13:08  sarangi: bowing Sa=116.5Hz
20:13:08  synth params: ga-sa-sa-Sa · Bhimpalasī · Sa=116.5Hz · nakshatra=Pūrvāṣāḍhā · tidx=21 · 6 voices · tabla · 6 bols · mudrā: Padmakosha (flowing)
20:13:08  trajectory: descending · mercury dasha · tempo×1.00 · tabla=True
20:13:08  mix recv: brightness=0.00 reverb=0.00
20:13:11  mix recv: brightness=0.00 reverb=0.00
20:13:14  mix recv: brightness=0.00 reverb=0.00
20:13:17  mix recv: brightness=0.00 reverb=0.00
20:13:20  mix recv: brightness=0.00 reverb=0.00
20:13:21  tanpura field: ga-sa-sa-Sa · Bhimpalasī · Sa=116.5Hz · nakshatra=Pūrvāṣāḍhā · tidx=21
20:13:21  sarangi: bowing Sa=116.5Hz
20:13:21  synth params: ga-sa-sa-Sa · Bhimpalasī · Sa=116.5Hz · nakshatra=Pūrvāṣāḍhā · tidx=21 · 7 voices · tabla · 6 bols · mudrā: Padmakosha (flowing)
20:13:21  trajectory: descending · mercury dasha · tempo×1.00 · tabla=True
20:13:22  mix recv: brightness=0.00 reverb=0.00
20:13:25  mix recv: brightness=0.00 reverb=0.00
20:13:28  mix recv: brightness=0.00 reverb=0.00
20:13:31  mix recv: brightness=0.00 reverb=0.00
20:13:34  mix recv: brightness=0.00 reverb=0.00
20:13:37  mix recv: brightness=0.00 reverb=0.00
20:13:38  tanpura field: ga-sa-sa-Sa · Bhimpalasī · Sa=116.5Hz · nakshatra=Pūrvāṣāḍhā · tidx=21
20:13:38  sarangi: bowing Sa=116.5Hz
20:13:38  synth params: ga-sa-sa-Sa · Bhimpalasī · Sa=116.5Hz · nakshatra=Pūrvāṣāḍhā · tidx=21 · 7 voices · tabla · 6 bols · mudrā: Padmakosha (flowing)
20:13:38  trajectory: descending · mercury dasha · tempo×1.00 · tabla=True
20:13:40  mix recv: brightness=0.00 reverb=0.00
20:13:42  mix recv: brightness=0.00 reverb=0.00
20:13:45  mix recv: brightness=0.00 reverb=0.00
20:13:48  mix recv: brightness=0.00 reverb=0.00
20:13:51  mix recv: brightness=0.00 reverb=0.00
20:13:51  tanpura field: ga-sa-sa-Sa · Bhimpalasī · Sa=116.5Hz · nakshatra=Pūrvāṣāḍhā · tidx=21
20:13:51  sarangi: bowing Sa=116.5Hz
20:13:51  synth params: ga-sa-sa-Sa · Bhimpalasī · Sa=116.5Hz · nakshatra=Pūrvāṣāḍhā · tidx=21 · 6 voices · tabla · 6 bols · mudrā: Padmakosha (flowing)
20:13:51  trajectory: descending · mercury dasha · tempo×1.00 · tabla=True
20:13:54  mix recv: brightness=0.00 reverb=0.00
20:13:57  mix recv: brightness=0.00 reverb=0.00
20:14:00  mix recv: brightness=0.00 reverb=0.00
20:14:02  mix recv: brightness=0.00 reverb=0.00
20:14:05  mix recv: brightness=0.00 reverb=0.00
20:14:08  tanpura field: ga-sa-sa-Sa · Bhimpalasī · Sa=116.5Hz · nakshatra=Pūrvāṣāḍhā · tidx=21
20:14:08  sarangi: bowing Sa=116.5Hz
20:14:08  synth params: ga-sa-sa-Sa · Bhimpalasī · Sa=116.5Hz · nakshatra=Pūrvāṣāḍhā · tidx=21 · 9 voices · tabla · 6 bols · mudrā: Padmakosha (flowing)
20:14:08  trajectory: descending · mercury dasha · tempo×1.00 · tabla=True
20:14:08  mix recv: brightness=0.00 reverb=0.00
20:14:11  mix recv: brightness=0.00 reverb=0.00
20:14:14  mix recv: brightness=0.00 reverb=0.00
20:14:17  mix recv: brightness=0.00 reverb=0.00
20:14:20  mix recv: brightness=0.00 reverb=0.00
20:14:21  tanpura field: ga-sa-sa-Sa · Bhimpalasī · Sa=116.5Hz · nakshatra=Pūrvāṣāḍhā · tidx=21
20:14:21  sarangi: bowing Sa=116.5Hz
20:14:21  synth params: ga-sa-sa-Sa · Bhimpalasī · Sa=116.5Hz · nakshatra=Pūrvāṣāḍhā · tidx=21 · 8 voices · tabla · 6 bols · mudrā: Padmakosha (flowing)
20:14:21  trajectory: descending · mercury dasha · tempo×1.00 · tabla=True
20:14:22  mix recv: brightness=0.00 reverb=0.00
20:14:25  mix recv: brightness=0.00 reverb=0.00
20:14:28  mix recv: brightness=0.00 reverb=0.00
20:14:31  mix recv: brightness=0.00 reverb=0.00
20:14:34  mix recv: brightness=0.00 reverb=0.00
20:14:37  mix recv: brightness=0.00 reverb=0.00
20:14:38  tanpura field: ga-sa-sa-Sa · Bhimpalasī · Sa=116.5Hz · nakshatra=Pūrvāṣāḍhā · tidx=21
20:14:38  sarangi: bowing Sa=116.5Hz
20:14:38  synth params: ga-sa-sa-Sa · Bhimpalasī · Sa=116.5Hz · nakshatra=Pūrvāṣāḍhā · tidx=21 · 9 voices · tabla · 6 bols · mudrā: Padmakosha (flowing)
20:14:38  trajectory: descending · mercury dasha · tempo×1.00 · tabla=True
20:14:40  mix recv: brightness=0.00 reverb=0.00
20:14:42  mix recv: brightness=0.00 reverb=0.00
20:14:45  mix recv: brightness=0.00 reverb=0.00
20:14:48  mix recv: brightness=0.00 reverb=0.00
20:14:51  mix recv: brightness=0.00 reverb=0.00
20:14:51  tanpura field: ga-sa-sa-Sa · Bhimpalasī · Sa=116.5Hz · nakshatra=Pūrvāṣāḍhā · tidx=21
20:14:51  sarangi: bowing Sa=116.5Hz
20:14:51  synth params: ga-sa-sa-Sa · Bhimpalasī · Sa=116.5Hz · nakshatra=Pūrvāṣāḍhā · tidx=21 · 6 voices · tabla · 6 bols · mudrā: Padmakosha (flowing)
20:14:51  trajectory: descending · mercury dasha · tempo×1.00 · tabla=True
20:14:54  mix recv: brightness=0.00 reverb=0.00
20:14:57  mix recv: brightness=0.00 reverb=0.00
20:15:00  mix recv: brightness=0.00 reverb=0.00
20:15:02  mix recv: brightness=0.00 reverb=0.00
20:15:05  mix recv: brightness=0.00 reverb=0.00
20:15:08  tanpura field: ga-sa-sa-Sa · Bhimpalasī · Sa=116.5Hz · nakshatra=Pūrvāṣāḍhā · tidx=21
20:15:08  sarangi: bowing Sa=116.5Hz
20:15:08  synth params: ga-sa-sa-Sa · Bhimpalasī · Sa=116.5Hz · nakshatra=Pūrvāṣāḍhā · tidx=21 · 8 voices · tabla · 6 bols · mudrā: Padmakosha (flowing)
20:15:08  trajectory: descending · mercury dasha · tempo×1.00 · tabla=True
20:15:08  mix recv: brightness=0.00 reverb=0.00
20:15:11  mix recv: brightness=0.00 reverb=0.00
20:15:14  mix recv: brightness=0.00 reverb=0.00
20:15:17  mix recv: brightness=0.00 reverb=0.00
20:15:20  mix recv: brightness=0.00 reverb=0.00
20:15:21  tanpura field: ga-sa-sa-Sa · Bhimpalasī · Sa=116.5Hz · nakshatra=Pūrvāṣāḍhā · tidx=21
20:15:21  sarangi: bowing Sa=116.5Hz
20:15:21  synth params: ga-sa-sa-Sa · Bhimpalasī · Sa=116.5Hz · nakshatra=Pūrvāṣāḍhā · tidx=21 · 6 voices · tabla · 6 bols · mudrā: Padmakosha (flowing)
20:15:21  trajectory: descending · mercury dasha · tempo×1.00 · tabla=True
20:15:22  mix recv: brightness=0.00 reverb=0.00
20:15:25  mix recv: brightness=0.00 reverb=0.00
20:15:28  mix recv: brightness=0.00 reverb=0.00
20:15:31  mix recv: brightness=0.00 reverb=0.00
20:15:34  mix recv: brightness=0.00 reverb=0.00
20:15:37  mix recv: brightness=0.00 reverb=0.00
20:15:38  tanpura field: ga-sa-sa-Sa · Bhimpalasī · Sa=116.5Hz · nakshatra=Pūrvāṣāḍhā · tidx=21
20:15:38  sarangi: bowing Sa=116.5Hz
20:15:38  synth params: ga-sa-sa-Sa · Bhimpalasī · Sa=116.5Hz · nakshatra=Pūrvāṣāḍhā · tidx=21 · 7 voices · tabla · 6 bols · mudrā: Padmakosha (flowing)
20:15:38  trajectory: descending · mercury dasha · tempo×1.00 · tabla=True
20:15:40  mix recv: brightness=0.00 reverb=0.00
20:15:42  mix recv: brightness=0.00 reverb=0.00
20:15:45  mix recv: brightness=0.00 reverb=0.00
20:15:48  mix recv: brightness=0.00 reverb=0.00
20:15:51  mix recv: brightness=0.00 reverb=0.00
20:15:51  tanpura field: ga-sa-sa-Sa · Bhimpalasī · Sa=116.5Hz · nakshatra=Pūrvāṣāḍhā · tidx=21
20:15:51  sarangi: bowing Sa=116.5Hz
20:15:51  synth params: ga-sa-sa-Sa · Bhimpalasī · Sa=116.5Hz · nakshatra=Pūrvāṣāḍhā · tidx=21 · 6 voices · tabla · 6 bols · mudrā: Padmakosha (flowing)
20:15:51  trajectory: descending · mercury dasha · tempo×1.00 · tabla=True
20:15:54  mix recv: brightness=0.00 reverb=0.00
20:15:57  mix recv: brightness=0.00 reverb=0.00
20:16:00  mix recv: brightness=0.00 reverb=0.00
20:16:02  mix recv: brightness=0.00 reverb=0.00
20:16:05  mix recv: brightness=0.00 reverb=0.00
20:16:08  mix recv: brightness=0.00 reverb=0.00
20:16:08  tanpura field: ga-sa-sa-Sa · Bhimpalasī · Sa=116.5Hz · nakshatra=Pūrvāṣāḍhā · tidx=21
20:16:08  sarangi: bowing Sa=116.5Hz
20:16:08  synth params: ga-sa-sa-Sa · Bhimpalasī · Sa=116.5Hz · nakshatra=Pūrvāṣāḍhā · tidx=21 · 6 voices · tabla · 6 bols · mudrā: Padmakosha (flowing)
20:16:08  trajectory: descending · mercury dasha · tempo×1.00 · tabla=True
20:16:11  mix recv: brightness=0.00 reverb=0.00
20:16:14  mix recv: brightness=0.00 reverb=0.00
20:16:17  mix recv: brightness=0.00 reverb=0.00
20:16:20  mix recv: brightness=0.00 reverb=0.00
20:16:22  tanpura field: ga-sa-sa-Sa · Bhimpalasī · Sa=116.5Hz · nakshatra=Pūrvāṣāḍhā · tidx=21
20:16:22  sarangi: bowing Sa=116.5Hz
20:16:22  synth params: ga-sa-sa-Sa · Bhimpalasī · Sa=116.5Hz · nakshatra=Pūrvāṣāḍhā · tidx=21 · 6 voices · tabla · 6 bols · mudrā: Padmakosha (flowing)
20:16:22  trajectory: descending · mercury dasha · tempo×1.00 · tabla=True
20:16:22  mix recv: brightness=0.00 reverb=0.00
20:16:25  mix recv: brightness=0.00 reverb=0.00
20:16:28  mix recv: brightness=0.00 reverb=0.00
20:16:31  mix recv: brightness=0.00 reverb=0.00
20:16:34  mix recv: brightness=0.00 reverb=0.00
20:16:37  mix recv: brightness=0.00 reverb=0.00
20:16:38  tanpura field: ga-sa-sa-Sa · Bhimpalasī · Sa=116.5Hz · nakshatra=Pūrvāṣāḍhā · tidx=21
20:16:38  sarangi: bowing Sa=116.5Hz
20:16:38  synth params: ga-sa-sa-Sa · Bhimpalasī · Sa=116.5Hz · nakshatra=Pūrvāṣāḍhā · tidx=21 · 7 voices · tabla · 6 bols · mudrā: Padmakosha (flowing)
20:16:38  trajectory: descending · mercury dasha · tempo×1.00 · tabla=True
20:16:40  mix recv: brightness=0.00 reverb=0.00
20:16:42  mix recv: brightness=0.00 reverb=0.00
20:16:45  mix recv: brightness=0.00 reverb=0.00
20:16:48  mix recv: brightness=0.00 reverb=0.00
20:16:51  mix recv: brightness=0.00 reverb=0.00
20:16:52  tanpura field: ga-sa-sa-Sa · Bhimpalasī · Sa=116.5Hz · nakshatra=Pūrvāṣāḍhā · tidx=21
20:16:52  sarangi: bowing Sa=116.5Hz
20:16:52  synth params: ga-sa-sa-Sa · Bhimpalasī · Sa=116.5Hz · nakshatra=Pūrvāṣāḍhā · tidx=21 · 7 voices · tabla · 6 bols · mudrā: Padmakosha (flowing)
20:16:52  trajectory: descending · mercury dasha · tempo×1.00 · tabla=True
20:16:54  mix recv: brightness=0.00 reverb=0.00
20:16:57  mix recv: brightness=0.00 reverb=0.00
20:17:00  mix recv: brightness=0.00 reverb=0.00
20:17:02  mix recv: brightness=0.00 reverb=0.00
20:17:05  mix recv: brightness=0.00 reverb=0.00
20:17:08  mix recv: brightness=0.00 reverb=0.00
20:17:08  tanpura field: ga-sa-sa-Sa · Bhimpalasī · Sa=116.5Hz · nakshatra=Pūrvāṣāḍhā · tidx=21
20:17:08  sarangi: bowing Sa=116.5Hz
20:17:08  synth params: ga-sa-sa-Sa · Bhimpalasī · Sa=116.5Hz · nakshatra=Pūrvāṣāḍhā · tidx=21 · 6 voices · tabla · 6 bols · mudrā: Padmakosha (flowing)
20:17:08  trajectory: descending · mercury dasha · tempo×1.00 · tabla=True
20:17:11  mix recv: brightness=0.00 reverb=0.00
20:17:14  mix recv: brightness=0.00 reverb=0.00
20:17:17  mix recv: brightness=0.00 reverb=0.00
20:17:20  mix recv: brightness=0.00 reverb=0.00
20:17:22  tanpura field: ga-sa-sa-Sa · Bhimpalasī · Sa=116.5Hz · nakshatra=Pūrvāṣāḍhā · tidx=21
20:17:22  sarangi: bowing Sa=116.5Hz
20:17:22  synth params: ga-sa-sa-Sa · Bhimpalasī · Sa=116.5Hz · nakshatra=Pūrvāṣāḍhā · tidx=21 · 6 voices · tabla · 6 bols · mudrā: Padmakosha (flowing)
20:17:22  trajectory: descending · mercury dasha · tempo×1.00 · tabla=True
20:17:22  mix recv: brightness=0.00 reverb=0.00
20:17:25  mix recv: brightness=0.00 reverb=0.00
20:17:28  mix recv: brightness=0.00 reverb=0.00
20:17:31  mix recv: brightness=0.00 reverb=0.00
20:17:34  mix recv: brightness=0.00 reverb=0.00
20:17:37  mix recv: brightness=0.00 reverb=0.00
20:17:38  tanpura field: ga-sa-sa-Sa · Bhimpalasī · Sa=116.5Hz · nakshatra=Pūrvāṣāḍhā · tidx=21
20:17:38  sarangi: bowing Sa=116.5Hz
20:17:38  synth params: ga-sa-sa-Sa · Bhimpalasī · Sa=116.5Hz · nakshatra=Pūrvāṣāḍhā · tidx=21 · 7 voices · tabla · 6 bols · mudrā: Padmakosha (flowing)
20:17:38  trajectory: descending · mercury dasha · tempo×1.00 · tabla=True
20:17:40  mix recv: brightness=0.00 reverb=0.00
20:17:42  mix recv: brightness=0.00 reverb=0.00
20:17:45  mix recv: brightness=0.00 reverb=0.00
20:17:48  mix recv: brightness=0.00 reverb=0.00
20:17:51  mix recv: brightness=0.00 reverb=0.00
20:17:52  tanpura field: ga-sa-sa-Sa · Bhimpalasī · Sa=116.5Hz · nakshatra=Pūrvāṣāḍhā · tidx=21
20:17:52  sarangi: bowing Sa=116.5Hz
20:17:52  synth params: ga-sa-sa-Sa · Bhimpalasī · Sa=116.5Hz · nakshatra=Pūrvāṣāḍhā · tidx=21 · 7 voices · tabla · 6 bols · mudrā: Padmakosha (flowing)
20:17:52  trajectory: descending · mercury dasha · tempo×1.00 · tabla=True
20:17:54  mix recv: brightness=0.00 reverb=0.00
20:17:57  mix recv: brightness=0.00 reverb=0.00
20:18:00  mix recv: brightness=0.00 reverb=0.00
20:18:02  mix recv: brightness=0.00 reverb=0.00
20:18:05  mix recv: brightness=0.00 reverb=0.00
20:18:08  mix recv: brightness=0.00 reverb=0.00
20:18:09  tanpura field: ga-sa-sa-Sa · Bhimpalasī · Sa=116.5Hz · nakshatra=Pūrvāṣāḍhā · tidx=21
20:18:09  sarangi: bowing Sa=116.5Hz
20:18:09  synth params: ga-sa-sa-Sa · Bhimpalasī · Sa=116.5Hz · nakshatra=Pūrvāṣāḍhā · tidx=21 · 8 voices · tabla · 6 bols · mudrā: Padmakosha (flowing)
20:18:09  trajectory: descending · mercury dasha · tempo×1.00 · tabla=True
20:18:11  mix recv: brightness=0.00 reverb=0.00
20:18:14  mix recv: brightness=0.00 reverb=0.00
20:18:17  mix recv: brightness=0.00 reverb=0.00
20:18:20  mix recv: brightness=0.00 reverb=0.00
20:18:22  tanpura field: ga-sa-sa-Sa · Bhimpalasī · Sa=116.5Hz · nakshatra=Pūrvāṣāḍhā · tidx=21
20:18:22  sarangi: bowing Sa=116.5Hz
20:18:22  synth params: ga-sa-sa-Sa · Bhimpalasī · Sa=116.5Hz · nakshatra=Pūrvāṣāḍhā · tidx=21 · 8 voices · tabla · 6 bols · mudrā: Padmakosha (flowing)
20:18:22  trajectory: descending · mercury dasha · tempo×1.00 · tabla=True
20:18:22  mix recv: brightness=0.00 reverb=0.00
20:18:25  mix recv: brightness=0.00 reverb=0.00
20:18:28  mix recv: brightness=0.00 reverb=0.00
20:18:31  mix recv: brightness=0.00 reverb=0.00
20:18:34  mix recv: brightness=0.00 reverb=0.00
20:18:37  mix recv: brightness=0.00 reverb=0.00
20:18:39  tanpura field: ga-sa-sa-Sa · Bhimpalasī · Sa=116.5Hz · nakshatra=Pūrvāṣāḍhā · tidx=21
20:18:39  sarangi: bowing Sa=116.5Hz
20:18:39  synth params: ga-sa-sa-Sa · Bhimpalasī · Sa=116.5Hz · nakshatra=Pūrvāṣāḍhā · tidx=21 · 7 voices · tabla · 6 bols · mudrā: Padmakosha (flowing)
20:18:39  trajectory: descending · mercury dasha · tempo×1.00 · tabla=True
20:18:40  mix recv: brightness=0.00 reverb=0.00
20:18:42  mix recv: brightness=0.00 reverb=0.00
20:18:45  mix recv: brightness=0.00 reverb=0.00
20:18:48  mix recv: brightness=0.00 reverb=0.00
20:18:51  mix recv: brightness=0.00 reverb=0.00
20:18:52  tanpura field: ga-sa-sa-Sa · Bhimpalasī · Sa=116.5Hz · nakshatra=Pūrvāṣāḍhā · tidx=21
20:18:52  sarangi: bowing Sa=116.5Hz
20:18:52  synth params: ga-sa-sa-Sa · Bhimpalasī · Sa=116.5Hz · nakshatra=Pūrvāṣāḍhā · tidx=21 · 6 voices · tabla · 6 bols · mudrā: Padmakosha (flowing)
20:18:52  trajectory: descending · mercury dasha · tempo×1.00 · tabla=True
20:18:54  mix recv: brightness=0.00 reverb=0.00
20:18:57  mix recv: brightness=0.00 reverb=0.00
20:19:00  mix recv: brightness=0.00 reverb=0.00
20:19:02  mix recv: brightness=0.00 reverb=0.00
20:19:05  mix recv: brightness=0.00 reverb=0.00
20:19:08  mix recv: brightness=0.00 reverb=0.00
20:19:09  tanpura field: ga-sa-sa-Sa · Bhimpalasī · Sa=116.5Hz · nakshatra=Pūrvāṣāḍhā · tidx=21
20:19:09  sarangi: bowing Sa=116.5Hz
20:19:09  synth params: ga-sa-sa-Sa · Bhimpalasī · Sa=116.5Hz · nakshatra=Pūrvāṣāḍhā · tidx=21 · 8 voices · tabla · 6 bols · mudrā: Padmakosha (flowing)
20:19:09  trajectory: descending · mercury dasha · tempo×1.00 · tabla=True
20:19:11  mix recv: brightness=0.00 reverb=0.00
20:19:14  mix recv: brightness=0.00 reverb=0.00
20:19:17  mix recv: brightness=0.00 reverb=0.00
20:19:20  mix recv: brightness=0.00 reverb=0.00
20:19:22  tanpura field: ga-sa-sa-Sa · Bhimpalasī · Sa=116.5Hz · nakshatra=Pūrvāṣāḍhā · tidx=21
20:19:22  sarangi: bowing Sa=116.5Hz
20:19:22  synth params: ga-sa-sa-Sa · Bhimpalasī · Sa=116.5Hz · nakshatra=Pūrvāṣāḍhā · tidx=21 · 7 voices · tabla · 6 bols · mudrā: Padmakosha (flowing)
20:19:22  trajectory: descending · mercury dasha · tempo×1.00 · tabla=True
20:19:22  mix recv: brightness=0.00 reverb=0.00
20:19:25  mix recv: brightness=0.00 reverb=0.00
20:19:28  mix recv: brightness=0.00 reverb=0.00
20:19:31  mix recv: brightness=0.00 reverb=0.00
20:19:34  mix recv: brightness=0.00 reverb=0.00
20:19:37  mix recv: brightness=0.00 reverb=0.00
20:19:39  tanpura field: ga-sa-sa-Sa · Bhimpalasī · Sa=116.5Hz · nakshatra=Pūrvāṣāḍhā · tidx=21
20:19:39  sarangi: bowing Sa=116.5Hz
20:19:39  synth params: ga-sa-sa-Sa · Bhimpalasī · Sa=116.5Hz · nakshatra=Pūrvāṣāḍhā · tidx=21 · 6 voices · tabla · 6 bols · mudrā: Padmakosha (flowing)
20:19:39  trajectory: descending · mercury dasha · tempo×1.00 · tabla=True
20:19:40  mix recv: brightness=0.00 reverb=0.00
20:19:42  mix recv: brightness=0.00 reverb=0.00
20:19:45  mix recv: brightness=0.00 reverb=0.00
20:19:48  mix recv: brightness=0.00 reverb=0.00
20:19:51  mix recv: brightness=0.00 reverb=0.00
20:19:52  tanpura field: ga-sa-sa-Sa · Bhimpalasī · Sa=116.5Hz · nakshatra=Pūrvāṣāḍhā · tidx=21
20:19:52  sarangi: bowing Sa=116.5Hz
20:19:52  synth params: ga-sa-sa-Sa · Bhimpalasī · Sa=116.5Hz · nakshatra=Pūrvāṣāḍhā · tidx=21 · 7 voices · tabla · 6 bols · mudrā: Padmakosha (flowing)
20:19:52  trajectory: descending · mercury dasha · tempo×1.00 · tabla=True
20:19:54  mix recv: brightness=0.00 reverb=0.00
20:19:57  mix recv: brightness=0.00 reverb=0.00
20:20:00  mix recv: brightness=0.00 reverb=0.00
20:20:02  mix recv: brightness=0.00 reverb=0.00
20:20:05  mix recv: brightness=0.00 reverb=0.00
20:20:08  mix recv: brightness=0.00 reverb=0.00
20:20:09  tanpura field: ga-sa-sa-Sa · Bhimpalasī · Sa=116.5Hz · nakshatra=Pūrvāṣāḍhā · tidx=21
20:20:09  sarangi: bowing Sa=116.5Hz
20:20:09  synth params: ga-sa-sa-Sa · Bhimpalasī · Sa=116.5Hz · nakshatra=Pūrvāṣāḍhā · tidx=21 · 7 voices · tabla · 6 bols · mudrā: Padmakosha (flowing)
20:20:09  trajectory: descending · mercury dasha · tempo×1.00 · tabla=True
20:20:11  mix recv: brightness=0.00 reverb=0.00
20:20:14  mix recv: brightness=0.00 reverb=0.00
20:20:17  mix recv: brightness=0.00 reverb=0.00
20:20:20  mix recv: brightness=0.00 reverb=0.00
20:20:22  mix recv: brightness=0.00 reverb=0.00
20:20:23  tanpura field: ga-sa-sa-Sa · Bhimpalasī · Sa=116.5Hz · nakshatra=Pūrvāṣāḍhā · tidx=21
20:20:23  sarangi: bowing Sa=116.5Hz
20:20:23  synth params: ga-sa-sa-Sa · Bhimpalasī · Sa=116.5Hz · nakshatra=Pūrvāṣāḍhā · tidx=21 · 7 voices · tabla · 6 bols · mudrā: Padmakosha (flowing)
20:20:23  trajectory: descending · mercury dasha · tempo×1.00 · tabla=True
20:20:25  mix recv: brightness=0.00 reverb=0.00
20:20:28  mix recv: brightness=0.00 reverb=0.00
20:20:31  mix recv: brightness=0.00 reverb=0.00
20:20:34  mix recv: brightness=0.00 reverb=0.00
20:20:37  mix recv: brightness=0.00 reverb=0.00
20:20:39  tanpura field: ga-sa-sa-Sa · Bhimpalasī · Sa=116.5Hz · nakshatra=Pūrvāṣāḍhā · tidx=21
20:20:39  sarangi: bowing Sa=116.5Hz
20:20:39  synth params: ga-sa-sa-Sa · Bhimpalasī · Sa=116.5Hz · nakshatra=Pūrvāṣāḍhā · tidx=21 · 9 voices · tabla · 6 bols · mudrā: Padmakosha (flowing)
20:20:39  trajectory: descending · mercury dasha · tempo×1.00 · tabla=True
20:20:40  mix recv: brightness=0.00 reverb=0.00
20:20:42  mix recv: brightness=0.00 reverb=0.00
20:20:45  mix recv: brightness=0.00 reverb=0.00
20:20:48  mix recv: brightness=0.00 reverb=0.00
20:20:51  mix recv: brightness=0.00 reverb=0.00
20:20:53  tanpura field: ga-sa-sa-Sa · Bhimpalasī · Sa=116.5Hz · nakshatra=Pūrvāṣāḍhā · tidx=21
20:20:53  sarangi: bowing Sa=116.5Hz
20:20:53  synth params: ga-sa-sa-Sa · Bhimpalasī · Sa=116.5Hz · nakshatra=Pūrvāṣāḍhā · tidx=21 · 9 voices · tabla · 6 bols · mudrā: Padmakosha (flowing)
20:20:53  trajectory: descending · mercury dasha · tempo×1.00 · tabla=True
20:20:54  mix recv: brightness=0.00 reverb=0.00
20:20:57  mix recv: brightness=0.00 reverb=0.00
20:21:00  mix recv: brightness=0.00 reverb=0.00
20:21:02  mix recv: brightness=0.00 reverb=0.00
20:21:05  mix recv: brightness=0.00 reverb=0.00
20:21:08  mix recv: brightness=0.00 reverb=0.00
20:21:09  tanpura field: ga-sa-sa-Sa · Bhimpalasī · Sa=116.5Hz · nakshatra=Pūrvāṣāḍhā · tidx=21
20:21:09  sarangi: bowing Sa=116.5Hz
20:21:09  synth params: ga-sa-sa-Sa · Bhimpalasī · Sa=116.5Hz · nakshatra=Pūrvāṣāḍhā · tidx=21 · 6 voices · tabla · 6 bols · mudrā: Padmakosha (flowing)
20:21:09  trajectory: descending · mercury dasha · tempo×1.00 · tabla=True
20:21:11  mix recv: brightness=0.00 reverb=0.00
20:21:14  mix recv: brightness=0.00 reverb=0.00
20:21:17  mix recv: brightness=0.00 reverb=0.00
20:21:20  mix recv: brightness=0.00 reverb=0.00
20:21:23  mix recv: brightness=0.00 reverb=0.00
20:21:23  tanpura field: ga-sa-sa-Sa · Bhimpalasī · Sa=116.5Hz · nakshatra=Pūrvāṣāḍhā · tidx=21
20:21:23  sarangi: bowing Sa=116.5Hz
20:21:23  synth params: ga-sa-sa-Sa · Bhimpalasī · Sa=116.5Hz · nakshatra=Pūrvāṣāḍhā · tidx=21 · 6 voices · tabla · 6 bols · mudrā: Padmakosha (flowing)
20:21:23  trajectory: descending · mercury dasha · tempo×1.00 · tabla=True
20:21:25  mix recv: brightness=0.00 reverb=0.00
20:21:28  mix recv: brightness=0.00 reverb=0.00
20:21:31  mix recv: brightness=0.00 reverb=0.00
20:21:34  mix recv: brightness=0.00 reverb=0.00
20:21:37  mix recv: brightness=0.00 reverb=0.00
20:21:39  tanpura field: ga-sa-sa-Sa · Bhimpalasī · Sa=116.5Hz · nakshatra=Pūrvāṣāḍhā · tidx=21
20:21:39  sarangi: bowing Sa=116.5Hz
20:21:39  synth params: ga-sa-sa-Sa · Bhimpalasī · Sa=116.5Hz · nakshatra=Pūrvāṣāḍhā · tidx=21 · 8 voices · tabla · 6 bols · mudrā: Padmakosha (flowing)
20:21:39  trajectory: descending · mercury dasha · tempo×1.00 · tabla=True
20:21:40  mix recv: brightness=0.00 reverb=0.00
20:21:43  mix recv: brightness=0.00 reverb=0.00
20:21:45  mix recv: brightness=0.00 reverb=0.00
20:21:48  mix recv: brightness=0.00 reverb=0.00
20:21:51  mix recv: brightness=0.00 reverb=0.00
20:21:53  tanpura field: ga-sa-sa-Sa · Bhimpalasī · Sa=116.5Hz · nakshatra=Pūrvāṣāḍhā · tidx=21
20:21:53  sarangi: bowing Sa=116.5Hz
20:21:53  synth params: ga-sa-sa-Sa · Bhimpalasī · Sa=116.5Hz · nakshatra=Pūrvāṣāḍhā · tidx=21 · 6 voices · tabla · 6 bols · mudrā: Padmakosha (flowing)
20:21:53  trajectory: descending · mercury dasha · tempo×1.00 · tabla=True
20:21:54  mix recv: brightness=0.00 reverb=0.00
20:21:57  mix recv: brightness=0.00 reverb=0.00
20:22:00  mix recv: brightness=0.00 reverb=0.00
20:22:03  mix recv: brightness=0.00 reverb=0.00
20:22:05  mix recv: brightness=0.00 reverb=0.00
20:22:08  mix recv: brightness=0.00 reverb=0.00
20:22:10  tanpura field: ga-sa-sa-Sa · Bhimpalasī · Sa=116.5Hz · nakshatra=Pūrvāṣāḍhā · tidx=21
20:22:10  sarangi: bowing Sa=116.5Hz
20:22:10  synth params: ga-sa-sa-Sa · Bhimpalasī · Sa=116.5Hz · nakshatra=Pūrvāṣāḍhā · tidx=21 · 6 voices · tabla · 6 bols · mudrā: Padmakosha (flowing)
20:22:10  trajectory: descending · mercury dasha · tempo×1.00 · tabla=True
20:22:11  mix recv: brightness=0.00 reverb=0.00
20:22:14  mix recv: brightness=0.00 reverb=0.00
20:22:17  mix recv: brightness=0.00 reverb=0.00
20:22:20  mix recv: brightness=0.00 reverb=0.00
20:22:23  mix recv: brightness=0.00 reverb=0.00
20:22:23  tanpura field: ga-sa-sa-Sa · Bhimpalasī · Sa=116.5Hz · nakshatra=Pūrvāṣāḍhā · tidx=21
20:22:23  sarangi: bowing Sa=116.5Hz
20:22:23  synth params: ga-sa-sa-Sa · Bhimpalasī · Sa=116.5Hz · nakshatra=Pūrvāṣāḍhā · tidx=21 · 7 voices · tabla · 6 bols · mudrā: Padmakosha (flowing)
20:22:23  trajectory: descending · mercury dasha · tempo×1.00 · tabla=True
20:22:25  mix recv: brightness=0.00 reverb=0.00
20:22:28  mix recv: brightness=0.00 reverb=0.00
20:22:31  mix recv: brightness=0.00 reverb=0.00
20:22:34  mix recv: brightness=0.00 reverb=0.00
20:22:37  mix recv: brightness=0.00 reverb=0.00
20:22:40  mix recv: brightness=0.00 reverb=0.00
20:22:40  tanpura field: ga-sa-sa-Sa · Bhimpalasī · Sa=116.5Hz · nakshatra=Pūrvāṣāḍhā · tidx=21
20:22:40  sarangi: bowing Sa=116.5Hz
20:22:40  synth params: ga-sa-sa-Sa · Bhimpalasī · Sa=116.5Hz · nakshatra=Pūrvāṣāḍhā · tidx=21 · 7 voices · tabla · 6 bols · mudrā: Padmakosha (flowing)
20:22:40  trajectory: descending · mercury dasha · tempo×1.00 · tabla=True
20:22:43  mix recv: brightness=0.00 reverb=0.00
20:22:45  mix recv: brightness=0.00 reverb=0.00
20:22:48  mix recv: brightness=0.00 reverb=0.00
20:22:51  mix recv: brightness=0.00 reverb=0.00
20:22:53  tanpura field: ga-sa-sa-Sa · Bhimpalasī · Sa=116.5Hz · nakshatra=Pūrvāṣāḍhā · tidx=21
20:22:53  sarangi: bowing Sa=116.5Hz
20:22:53  synth params: ga-sa-sa-Sa · Bhimpalasī · Sa=116.5Hz · nakshatra=Pūrvāṣāḍhā · tidx=21 · 9 voices · tabla · 6 bols · mudrā: Padmakosha (flowing)
20:22:53  trajectory: descending · mercury dasha · tempo×1.00 · tabla=True
20:22:54  mix recv: brightness=0.00 reverb=0.00
20:22:57  mix recv: brightness=0.00 reverb=0.00
20:23:00  mix recv: brightness=0.00 reverb=0.00
20:23:03  mix recv: brightness=0.00 reverb=0.00
20:23:05  mix recv: brightness=0.00 reverb=0.00
20:23:08  mix recv: brightness=0.00 reverb=0.00
20:23:10  tanpura field: ga-sa-sa-Sa · Bhimpalasī · Sa=116.5Hz · nakshatra=Pūrvāṣāḍhā · tidx=21
20:23:10  sarangi: bowing Sa=116.5Hz
20:23:10  synth params: ga-sa-sa-Sa · Bhimpalasī · Sa=116.5Hz · nakshatra=Pūrvāṣāḍhā · tidx=21 · 7 voices · tabla · 6 bols · mudrā: Padmakosha (flowing)
20:23:10  trajectory: descending · mercury dasha · tempo×1.00 · tabla=True
20:23:11  mix recv: brightness=0.00 reverb=0.00
20:23:14  mix recv: brightness=0.00 reverb=0.00
20:23:17  mix recv: brightness=0.00 reverb=0.00
20:23:20  mix recv: brightness=0.00 reverb=0.00
20:23:23  mix recv: brightness=0.00 reverb=0.00
20:23:23  tanpura field: ga-sa-sa-Sa · Bhimpalasī · Sa=116.5Hz · nakshatra=Pūrvāṣāḍhā · tidx=21
20:23:23  sarangi: bowing Sa=116.5Hz
20:23:23  synth params: ga-sa-sa-Sa · Bhimpalasī · Sa=116.5Hz · nakshatra=Pūrvāṣāḍhā · tidx=21 · 6 voices · tabla · 6 bols · mudrā: Padmakosha (flowing)
20:23:23  trajectory: descending · mercury dasha · tempo×1.00 · tabla=True
20:23:25  mix recv: brightness=0.00 reverb=0.00
20:23:28  mix recv: brightness=0.00 reverb=0.00
20:23:31  mix recv: brightness=0.00 reverb=0.00
20:23:34  mix recv: brightness=0.00 reverb=0.00
20:23:37  mix recv: brightness=0.00 reverb=0.00
20:23:40  mix recv: brightness=0.00 reverb=0.00
20:23:40  tanpura field: ga-sa-sa-Sa · Bhimpalasī · Sa=116.5Hz · nakshatra=Pūrvāṣāḍhā · tidx=21
20:23:40  sarangi: bowing Sa=116.5Hz
20:23:40  synth params: ga-sa-sa-Sa · Bhimpalasī · Sa=116.5Hz · nakshatra=Pūrvāṣāḍhā · tidx=21 · 8 voices · tabla · 6 bols · mudrā: Padmakosha (flowing)
20:23:40  trajectory: descending · mercury dasha · tempo×1.00 · tabla=True
20:23:43  mix recv: brightness=0.00 reverb=0.00
20:23:45  mix recv: brightness=0.00 reverb=0.00
20:23:48  mix recv: brightness=0.00 reverb=0.00
20:23:51  mix recv: brightness=0.00 reverb=0.00
20:23:54  tanpura field: ga-sa-sa-Sa · Bhimpalasī · Sa=116.5Hz · nakshatra=Pūrvāṣāḍhā · tidx=21
20:23:54  sarangi: bowing Sa=116.5Hz
20:23:54  synth params: ga-sa-sa-Sa · Bhimpalasī · Sa=116.5Hz · nakshatra=Pūrvāṣāḍhā · tidx=21 · 7 voices · tabla · 6 bols · mudrā: Padmakosha (flowing)
20:23:54  trajectory: descending · mercury dasha · tempo×1.00 · tabla=True
20:23:54  mix recv: brightness=0.00 reverb=0.00
20:23:57  mix recv: brightness=0.00 reverb=0.00
20:24:00  mix recv: brightness=0.00 reverb=0.00
20:24:03  mix recv: brightness=0.00 reverb=0.00
20:24:05  mix recv: brightness=0.00 reverb=0.00
20:24:08  mix recv: brightness=0.00 reverb=0.00
20:24:10  tanpura field: ga-sa-sa-Sa · Bhimpalasī · Sa=116.5Hz · nakshatra=Pūrvāṣāḍhā · tidx=21
20:24:10  sarangi: bowing Sa=116.5Hz
20:24:10  synth params: ga-sa-sa-Sa · Bhimpalasī · Sa=116.5Hz · nakshatra=Pūrvāṣāḍhā · tidx=21 · 6 voices · tabla · 6 bols · mudrā: Padmakosha (flowing)
20:24:10  trajectory: descending · mercury dasha · tempo×1.00 · tabla=True
20:24:11  mix recv: brightness=0.00 reverb=0.00
20:24:14  mix recv: brightness=0.00 reverb=0.00
20:24:17  mix recv: brightness=0.00 reverb=0.00
20:24:20  mix recv: brightness=0.00 reverb=0.00
20:24:23  mix recv: brightness=0.00 reverb=0.00
20:24:24  tanpura field: ga-sa-sa-Sa · Bhimpalasī · Sa=116.5Hz · nakshatra=Pūrvāṣāḍhā · tidx=21
20:24:24  sarangi: bowing Sa=116.5Hz
20:24:24  synth params: ga-sa-sa-Sa · Bhimpalasī · Sa=116.5Hz · nakshatra=Pūrvāṣāḍhā · tidx=21 · 6 voices · tabla · 6 bols · mudrā: Padmakosha (flowing)
20:24:24  trajectory: descending · mercury dasha · tempo×1.00 · tabla=True
20:24:25  mix recv: brightness=0.00 reverb=0.00
20:24:28  mix recv: brightness=0.00 reverb=0.00
20:24:31  mix recv: brightness=0.00 reverb=0.00
20:24:34  mix recv: brightness=0.00 reverb=0.00
20:24:37  mix recv: brightness=0.00 reverb=0.00
20:24:40  mix recv: brightness=0.00 reverb=0.00
20:24:40  tanpura field: ga-sa-sa-Sa · Bhimpalasī · Sa=116.5Hz · nakshatra=Pūrvāṣāḍhā · tidx=21
20:24:40  sarangi: bowing Sa=116.5Hz
20:24:40  synth params: ga-sa-sa-Sa · Bhimpalasī · Sa=116.5Hz · nakshatra=Pūrvāṣāḍhā · tidx=21 · 6 voices · tabla · 6 bols · mudrā: Padmakosha (flowing)
20:24:40  trajectory: descending · mercury dasha · tempo×1.00 · tabla=True
20:24:43  mix recv: brightness=0.00 reverb=0.00
20:24:45  mix recv: brightness=0.00 reverb=0.00
20:24:48  mix recv: brightness=0.00 reverb=0.00
20:24:51  mix recv: brightness=0.00 reverb=0.00
20:24:54  tanpura field: ga-sa-sa-Sa · Bhimpalasī · Sa=116.5Hz · nakshatra=Pūrvāṣāḍhā · tidx=21
20:24:54  sarangi: bowing Sa=116.5Hz
20:24:54  synth params: ga-sa-sa-Sa · Bhimpalasī · Sa=116.5Hz · nakshatra=Pūrvāṣāḍhā · tidx=21 · 6 voices · tabla · 6 bols · mudrā: Padmakosha (flowing)
20:24:54  trajectory: descending · mercury dasha · tempo×1.00 · tabla=True
20:24:54  mix recv: brightness=0.00 reverb=0.00
20:24:57  mix recv: brightness=0.00 reverb=0.00
20:25:00  mix recv: brightness=0.00 reverb=0.00
20:25:03  mix recv: brightness=0.00 reverb=0.00
20:25:05  mix recv: brightness=0.00 reverb=0.00
20:25:08  mix recv: brightness=0.00 reverb=0.00
20:25:10  tanpura field: ga-sa-sa-Sa · Bhimpalasī · Sa=116.5Hz · nakshatra=Pūrvāṣāḍhā · tidx=21
20:25:10  sarangi: bowing Sa=116.5Hz
20:25:10  synth params: ga-sa-sa-Sa · Bhimpalasī · Sa=116.5Hz · nakshatra=Pūrvāṣāḍhā · tidx=21 · 7 voices · tabla · 6 bols · mudrā: Padmakosha (flowing)
20:25:10  trajectory: descending · mercury dasha · tempo×1.00 · tabla=True
20:25:11  mix recv: brightness=0.00 reverb=0.00
20:25:14  mix recv: brightness=0.00 reverb=0.00
20:25:17  mix recv: brightness=0.00 reverb=0.00
20:25:20  mix recv: brightness=0.00 reverb=0.00
20:25:23  mix recv: brightness=0.00 reverb=0.00
20:25:24  tanpura field: ga-sa-sa-Sa · Bhimpalasī · Sa=116.5Hz · nakshatra=Pūrvāṣāḍhā · tidx=21
20:25:24  sarangi: bowing Sa=116.5Hz
20:25:24  synth params: ga-sa-sa-Sa · Bhimpalasī · Sa=116.5Hz · nakshatra=Pūrvāṣāḍhā · tidx=21 · 7 voices · tabla · 6 bols · mudrā: Padmakosha (flowing)
20:25:24  trajectory: descending · mercury dasha · tempo×1.00 · tabla=True
20:25:25  mix recv: brightness=0.00 reverb=0.00
20:25:28  mix recv: brightness=0.00 reverb=0.00
20:25:31  mix recv: brightness=0.00 reverb=0.00
20:25:34  mix recv: brightness=0.00 reverb=0.00
20:25:37  mix recv: brightness=0.00 reverb=0.00
20:25:40  mix recv: brightness=0.00 reverb=0.00
20:25:41  tanpura field: ga-sa-sa-Sa · Bhimpalasī · Sa=116.5Hz · nakshatra=Pūrvāṣāḍhā · tidx=21
20:25:41  sarangi: bowing Sa=116.5Hz
20:25:41  synth params: ga-sa-sa-Sa · Bhimpalasī · Sa=116.5Hz · nakshatra=Pūrvāṣāḍhā · tidx=21 · 7 voices · tabla · 6 bols · mudrā: Padmakosha (flowing)
20:25:41  trajectory: descending · mercury dasha · tempo×1.00 · tabla=True
20:25:43  mix recv: brightness=0.00 reverb=0.00
20:25:45  mix recv: brightness=0.00 reverb=0.00
20:25:48  mix recv: brightness=0.00 reverb=0.00
20:25:51  mix recv: brightness=0.00 reverb=0.00
20:25:54  tanpura field: ga-sa-sa-Sa · Bhimpalasī · Sa=116.5Hz · nakshatra=Pūrvāṣāḍhā · tidx=21
20:25:54  sarangi: bowing Sa=116.5Hz
20:25:54  synth params: ga-sa-sa-Sa · Bhimpalasī · Sa=116.5Hz · nakshatra=Pūrvāṣāḍhā · tidx=21 · 7 voices · tabla · 6 bols · mudrā: Padmakosha (flowing)
20:25:54  trajectory: descending · mercury dasha · tempo×1.00 · tabla=True
20:25:54  mix recv: brightness=0.00 reverb=0.00
20:25:57  mix recv: brightness=0.00 reverb=0.00
20:26:00  mix recv: brightness=0.00 reverb=0.00
20:26:03  mix recv: brightness=0.00 reverb=0.00
20:26:05  mix recv: brightness=0.00 reverb=0.00
20:26:08  mix recv: brightness=0.00 reverb=0.00
20:26:11  tanpura field: ga-sa-sa-Sa · Bhimpalasī · Sa=116.5Hz · nakshatra=Pūrvāṣāḍhā · tidx=21
20:26:11  sarangi: bowing Sa=116.5Hz
20:26:11  synth params: ga-sa-sa-Sa · Bhimpalasī · Sa=116.5Hz · nakshatra=Pūrvāṣāḍhā · tidx=21 · 6 voices · tabla · 6 bols · mudrā: Padmakosha (flowing)
20:26:11  trajectory: descending · mercury dasha · tempo×1.00 · tabla=True
20:26:11  mix recv: brightness=0.00 reverb=0.00
20:26:14  mix recv: brightness=0.00 reverb=0.00
20:26:17  mix recv: brightness=0.00 reverb=0.00
20:26:20  mix recv: brightness=0.00 reverb=0.00
20:26:23  mix recv: brightness=0.00 reverb=0.00
20:26:24  tanpura field: ga-sa-sa-Sa · Bhimpalasī · Sa=116.5Hz · nakshatra=Pūrvāṣāḍhā · tidx=21
20:26:24  sarangi: bowing Sa=116.5Hz
20:26:24  synth params: ga-sa-sa-Sa · Bhimpalasī · Sa=116.5Hz · nakshatra=Pūrvāṣāḍhā · tidx=21 · 7 voices · tabla · 6 bols · mudrā: Padmakosha (flowing)
20:26:24  trajectory: descending · mercury dasha · tempo×1.00 · tabla=True
20:26:25  mix recv: brightness=0.00 reverb=0.00
20:26:28  mix recv: brightness=0.00 reverb=0.00
20:26:31  mix recv: brightness=0.00 reverb=0.00
20:26:34  mix recv: brightness=0.00 reverb=0.00
20:26:37  mix recv: brightness=0.00 reverb=0.00
20:26:40  mix recv: brightness=0.00 reverb=0.00
20:26:41  tanpura field: ga-sa-sa-Sa · Bhimpalasī · Sa=116.5Hz · nakshatra=Pūrvāṣāḍhā · tidx=21
20:26:41  sarangi: bowing Sa=116.5Hz
20:26:41  synth params: ga-sa-sa-Sa · Bhimpalasī · Sa=116.5Hz · nakshatra=Pūrvāṣāḍhā · tidx=21 · 6 voices · tabla · 6 bols · mudrā: Padmakosha (flowing)
20:26:41  trajectory: descending · mercury dasha · tempo×1.00 · tabla=True
20:26:43  mix recv: brightness=0.00 reverb=0.00
20:26:45  mix recv: brightness=0.00 reverb=0.00
20:26:48  mix recv: brightness=0.00 reverb=0.00
20:26:51  mix recv: brightness=0.00 reverb=0.00
20:26:54  mix recv: brightness=0.00 reverb=0.00
20:26:54  tanpura field: ga-sa-sa-Sa · Bhimpalasī · Sa=116.5Hz · nakshatra=Pūrvāṣāḍhā · tidx=21
20:26:54  sarangi: bowing Sa=116.5Hz
20:26:54  synth params: ga-sa-sa-Sa · Bhimpalasī · Sa=116.5Hz · nakshatra=Pūrvāṣāḍhā · tidx=21 · 6 voices · tabla · 6 bols · mudrā: Padmakosha (flowing)
20:26:54  trajectory: descending · mercury dasha · tempo×1.00 · tabla=True
20:26:57  mix recv: brightness=0.00 reverb=0.00
20:27:00  mix recv: brightness=0.00 reverb=0.00
20:27:03  mix recv: brightness=0.00 reverb=0.00
20:27:05  mix recv: brightness=0.00 reverb=0.00
20:27:08  mix recv: brightness=0.00 reverb=0.00
20:27:11  tanpura field: ga-sa-sa-Sa · Bhimpalasī · Sa=116.5Hz · nakshatra=Pūrvāṣāḍhā · tidx=21
20:27:11  sarangi: bowing Sa=116.5Hz
20:27:11  synth params: ga-sa-sa-Sa · Bhimpalasī · Sa=116.5Hz · nakshatra=Pūrvāṣāḍhā · tidx=21 · 6 voices · tabla · 6 bols · mudrā: Padmakosha (flowing)
20:27:11  trajectory: descending · mercury dasha · tempo×1.00 · tabla=True
20:27:11  mix recv: brightness=0.00 reverb=0.00
20:27:14  mix recv: brightness=0.00 reverb=0.00
20:27:17  mix recv: brightness=0.00 reverb=0.00
20:27:20  mix recv: brightness=0.00 reverb=0.00
20:27:23  mix recv: brightness=0.00 reverb=0.00
20:27:24  tanpura field: ga-sa-sa-Sa · Bhimpalasī · Sa=116.5Hz · nakshatra=Pūrvāṣāḍhā · tidx=21
20:27:24  sarangi: bowing Sa=116.5Hz
20:27:24  synth params: ga-sa-sa-Sa · Bhimpalasī · Sa=116.5Hz · nakshatra=Pūrvāṣāḍhā · tidx=21 · 7 voices · tabla · 6 bols · mudrā: Padmakosha (flowing)
20:27:24  trajectory: descending · mercury dasha · tempo×1.00 · tabla=True
20:27:25  mix recv: brightness=0.00 reverb=0.00
20:27:28  mix recv: brightness=0.00 reverb=0.00
20:27:31  mix recv: brightness=0.00 reverb=0.00
20:27:34  mix recv: brightness=0.00 reverb=0.00
20:27:37  mix recv: brightness=0.00 reverb=0.00
20:27:40  mix recv: brightness=0.00 reverb=0.00
20:27:41  tanpura field: ga-sa-sa-Sa · Bhimpalasī · Sa=116.5Hz · nakshatra=Pūrvāṣāḍhā · tidx=21
20:27:41  sarangi: bowing Sa=116.5Hz
20:27:41  synth params: ga-sa-sa-Sa · Bhimpalasī · Sa=116.5Hz · nakshatra=Pūrvāṣāḍhā · tidx=21 · 9 voices · tabla · 6 bols · mudrā: Padmakosha (flowing)
20:27:41  trajectory: descending · mercury dasha · tempo×1.00 · tabla=True
20:27:43  mix recv: brightness=0.00 reverb=0.00
20:27:45  mix recv: brightness=0.00 reverb=0.00
20:27:48  mix recv: brightness=0.00 reverb=0.00
20:27:51  mix recv: brightness=0.00 reverb=0.00
20:27:54  mix recv: brightness=0.00 reverb=0.00
20:27:54  tanpura field: ga-sa-sa-Sa · Bhimpalasī · Sa=116.5Hz · nakshatra=Pūrvāṣāḍhā · tidx=21
20:27:54  sarangi: bowing Sa=116.5Hz
20:27:54  synth params: ga-sa-sa-Sa · Bhimpalasī · Sa=116.5Hz · nakshatra=Pūrvāṣāḍhā · tidx=21 · 6 voices · tabla · 6 bols · mudrā: Padmakosha (flowing)
20:27:54  trajectory: descending · mercury dasha · tempo×1.00 · tabla=True
20:27:57  mix recv: brightness=0.00 reverb=0.00
20:28:00  mix recv: brightness=0.00 reverb=0.00
20:28:03  mix recv: brightness=0.00 reverb=0.00
20:28:05  mix recv: brightness=0.00 reverb=0.00
20:28:08  mix recv: brightness=0.00 reverb=0.00
20:28:11  tanpura field: ga-sa-sa-Sa · Bhimpalasī · Sa=116.5Hz · nakshatra=Pūrvāṣāḍhā · tidx=21
20:28:11  sarangi: bowing Sa=116.5Hz
20:28:11  synth params: ga-sa-sa-Sa · Bhimpalasī · Sa=116.5Hz · nakshatra=Pūrvāṣāḍhā · tidx=21 · 6 voices · tabla · 6 bols · mudrā: Padmakosha (flowing)
20:28:11  trajectory: descending · mercury dasha · tempo×1.00 · tabla=True
20:28:11  mix recv: brightness=0.00 reverb=0.00
20:28:14  mix recv: brightness=0.00 reverb=0.00
20:28:17  mix recv: brightness=0.00 reverb=0.00
20:28:20  mix recv: brightness=0.00 reverb=0.00
20:28:23  mix recv: brightness=0.00 reverb=0.00
20:28:24  tanpura field: ga-sa-sa-Sa · Bhimpalasī · Sa=116.5Hz · nakshatra=Pūrvāṣāḍhā · tidx=21
20:28:24  sarangi: bowing Sa=116.5Hz
20:28:24  synth params: ga-sa-sa-Sa · Bhimpalasī · Sa=116.5Hz · nakshatra=Pūrvāṣāḍhā · tidx=21 · 6 voices · tabla · 6 bols · mudrā: Padmakosha (flowing)
20:28:24  trajectory: descending · mercury dasha · tempo×1.00 · tabla=True
20:28:25  mix recv: brightness=0.00 reverb=0.00
20:28:28  mix recv: brightness=0.00 reverb=0.00
20:28:31  mix recv: brightness=0.00 reverb=0.00
20:28:34  mix recv: brightness=0.00 reverb=0.00
20:28:37  mix recv: brightness=0.00 reverb=0.00
20:28:40  mix recv: brightness=0.00 reverb=0.00
20:28:41  tanpura field: ga-sa-sa-Sa · Bhimpalasī · Sa=116.5Hz · nakshatra=Pūrvāṣāḍhā · tidx=21
20:28:41  sarangi: bowing Sa=116.5Hz
20:28:41  synth params: ga-sa-sa-Sa · Bhimpalasī · Sa=116.5Hz · nakshatra=Pūrvāṣāḍhā · tidx=21 · 7 voices · tabla · 6 bols · mudrā: Padmakosha (flowing)
20:28:41  trajectory: descending · mercury dasha · tempo×1.00 · tabla=True
20:28:43  mix recv: brightness=0.00 reverb=0.00
20:28:45  mix recv: brightness=0.00 reverb=0.00
20:28:48  mix recv: brightness=0.00 reverb=0.00
20:28:51  mix recv: brightness=0.00 reverb=0.00
20:28:54  mix recv: brightness=0.00 reverb=0.00
20:28:55  tanpura field: ga-sa-sa-Sa · Bhimpalasī · Sa=116.5Hz · nakshatra=Pūrvāṣāḍhā · tidx=21
20:28:55  sarangi: bowing Sa=116.5Hz
20:28:55  synth params: ga-sa-sa-Sa · Bhimpalasī · Sa=116.5Hz · nakshatra=Pūrvāṣāḍhā · tidx=21 · 6 voices · tabla · 6 bols · mudrā: Padmakosha (flowing)
20:28:55  trajectory: descending · mercury dasha · tempo×1.00 · tabla=True
20:28:57  mix recv: brightness=0.00 reverb=0.00
20:29:00  mix recv: brightness=0.00 reverb=0.00
20:29:03  mix recv: brightness=0.00 reverb=0.00
20:29:05  mix recv: brightness=0.00 reverb=0.00
20:29:08  mix recv: brightness=0.00 reverb=0.00
20:29:11  mix recv: brightness=0.00 reverb=0.00
20:29:11  tanpura field: ga-sa-sa-Sa · Bhimpalasī · Sa=116.5Hz · nakshatra=Pūrvāṣāḍhā · tidx=21
20:29:11  sarangi: bowing Sa=116.5Hz
20:29:11  synth params: ga-sa-sa-Sa · Bhimpalasī · Sa=116.5Hz · nakshatra=Pūrvāṣāḍhā · tidx=21 · 8 voices · tabla · 6 bols · mudrā: Padmakosha (flowing)
20:29:11  trajectory: descending · mercury dasha · tempo×1.00 · tabla=True
20:29:14  mix recv: brightness=0.00 reverb=0.00
20:29:17  mix recv: brightness=0.00 reverb=0.00
20:29:20  mix recv: brightness=0.00 reverb=0.00
20:29:23  mix recv: brightness=0.00 reverb=0.00
20:29:25  tanpura field: ga-sa-sa-Sa · Bhimpalasī · Sa=116.5Hz · nakshatra=Pūrvāṣāḍhā · tidx=21
20:29:25  sarangi: bowing Sa=116.5Hz
20:29:25  synth params: ga-sa-sa-Sa · Bhimpalasī · Sa=116.5Hz · nakshatra=Pūrvāṣāḍhā · tidx=21 · 6 voices · tabla · 6 bols · mudrā: Padmakosha (flowing)
20:29:25  trajectory: descending · mercury dasha · tempo×1.00 · tabla=True
20:29:25  mix recv: brightness=0.00 reverb=0.00
20:29:28  mix recv: brightness=0.00 reverb=0.00
20:29:31  mix recv: brightness=0.00 reverb=0.00
20:29:34  mix recv: brightness=0.00 reverb=0.00
20:29:37  mix recv: brightness=0.00 reverb=0.00
20:29:40  mix recv: brightness=0.00 reverb=0.00
20:29:41  tanpura field: ga-sa-sa-Sa · Bhimpalasī · Sa=116.5Hz · nakshatra=Pūrvāṣāḍhā · tidx=21
20:29:41  sarangi: bowing Sa=116.5Hz
20:29:41  synth params: ga-sa-sa-Sa · Bhimpalasī · Sa=116.5Hz · nakshatra=Pūrvāṣāḍhā · tidx=21 · 6 voices · tabla · 6 bols · mudrā: Padmakosha (flowing)
20:29:41  trajectory: descending · mercury dasha · tempo×1.00 · tabla=True
20:29:43  mix recv: brightness=0.00 reverb=0.00
20:29:45  mix recv: brightness=0.00 reverb=0.00
20:29:48  mix recv: brightness=0.00 reverb=0.00
20:29:51  mix recv: brightness=0.00 reverb=0.00
20:29:54  mix recv: brightness=0.00 reverb=0.00
20:29:55  tanpura field: ga-sa-sa-Sa · Bhimpalasī · Sa=116.5Hz · nakshatra=Pūrvāṣāḍhā · tidx=21
20:29:55  sarangi: bowing Sa=116.5Hz
20:29:55  synth params: ga-sa-sa-Sa · Bhimpalasī · Sa=116.5Hz · nakshatra=Pūrvāṣāḍhā · tidx=21 · 6 voices · tabla · 6 bols · mudrā: Padmakosha (flowing)
20:29:55  trajectory: descending · mercury dasha · tempo×1.00 · tabla=True
20:29:57  mix recv: brightness=0.00 reverb=0.00
20:30:00  mix recv: brightness=0.00 reverb=0.00
20:30:03  mix recv: brightness=0.00 reverb=0.00
20:30:05  mix recv: brightness=0.00 reverb=0.00
20:30:08  mix recv: brightness=0.00 reverb=0.00
20:30:11  mix recv: brightness=0.00 reverb=0.00
20:30:12  tanpura field: ga-sa-sa-Sa · Bhimpalasī · Sa=116.5Hz · nakshatra=Pūrvāṣāḍhā · tidx=21
20:30:12  sarangi: bowing Sa=116.5Hz
20:30:12  synth params: ga-sa-sa-Sa · Bhimpalasī · Sa=116.5Hz · nakshatra=Pūrvāṣāḍhā · tidx=21 · 6 voices · tabla · 6 bols · mudrā: Padmakosha (flowing)
20:30:12  trajectory: descending · mercury dasha · tempo×1.00 · tabla=True
20:30:14  mix recv: brightness=0.00 reverb=0.00
20:30:17  mix recv: brightness=0.00 reverb=0.00
20:30:20  mix recv: brightness=0.00 reverb=0.00
20:30:23  mix recv: brightness=0.00 reverb=0.00
20:30:25  tanpura field: ga-sa-sa-Sa · Bhimpalasī · Sa=116.5Hz · nakshatra=Pūrvāṣāḍhā · tidx=21
20:30:25  sarangi: bowing Sa=116.5Hz
20:30:25  synth params: ga-sa-sa-Sa · Bhimpalasī · Sa=116.5Hz · nakshatra=Pūrvāṣāḍhā · tidx=21 · 6 voices · tabla · 6 bols · mudrā: Padmakosha (flowing)
20:30:25  trajectory: descending · mercury dasha · tempo×1.00 · tabla=True
20:30:25  mix recv: brightness=0.00 reverb=0.00
20:30:28  mix recv: brightness=0.00 reverb=0.00
20:30:31  mix recv: brightness=0.00 reverb=0.00
20:30:34  mix recv: brightness=0.00 reverb=0.00
20:30:37  mix recv: brightness=0.00 reverb=0.00
20:30:40  mix recv: brightness=0.00 reverb=0.00
20:30:42  tanpura field: ga-sa-sa-Sa · Bhimpalasī · Sa=116.5Hz · nakshatra=Pūrvāṣāḍhā · tidx=21
20:30:42  sarangi: bowing Sa=116.5Hz
20:30:42  synth params: ga-sa-sa-Sa · Bhimpalasī · Sa=116.5Hz · nakshatra=Pūrvāṣāḍhā · tidx=21 · 9 voices · tabla · 6 bols · mudrā: Padmakosha (flowing)
20:30:42  trajectory: descending · mercury dasha · tempo×1.00 · tabla=True
20:30:43  mix recv: brightness=0.00 reverb=0.00
20:30:45  mix recv: brightness=0.00 reverb=0.00
20:30:48  mix recv: brightness=0.00 reverb=0.00
20:30:51  mix recv: brightness=0.00 reverb=0.00
20:30:54  mix recv: brightness=0.00 reverb=0.00
20:30:55  tanpura field: ga-sa-sa-Sa · Bhimpalasī · Sa=116.5Hz · nakshatra=Pūrvāṣāḍhā · tidx=21
20:30:55  sarangi: bowing Sa=116.5Hz
20:30:55  synth params: ga-sa-sa-Sa · Bhimpalasī · Sa=116.5Hz · nakshatra=Pūrvāṣāḍhā · tidx=21 · 9 voices · tabla · 6 bols · mudrā: Padmakosha (flowing)
20:30:55  trajectory: descending · mercury dasha · tempo×1.00 · tabla=True
20:30:57  mix recv: brightness=0.00 reverb=0.00
20:31:00  mix recv: brightness=0.00 reverb=0.00
20:31:03  mix recv: brightness=0.00 reverb=0.00
20:31:05  mix recv: brightness=0.00 reverb=0.00
20:31:08  mix recv: brightness=0.00 reverb=0.00
20:31:11  mix recv: brightness=0.00 reverb=0.00
20:31:12  tanpura field: ga-sa-sa-Sa · Bhimpalasī · Sa=116.5Hz · nakshatra=Pūrvāṣāḍhā · tidx=21
20:31:12  sarangi: bowing Sa=116.5Hz
20:31:12  synth params: ga-sa-sa-Sa · Bhimpalasī · Sa=116.5Hz · nakshatra=Pūrvāṣāḍhā · tidx=21 · 7 voices · tabla · 6 bols · mudrā: Padmakosha (flowing)
20:31:12  trajectory: descending · mercury dasha · tempo×1.00 · tabla=True
20:31:14  mix recv: brightness=0.00 reverb=0.00
20:31:17  mix recv: brightness=0.00 reverb=0.00
20:31:20  mix recv: brightness=0.00 reverb=0.00
20:31:23  mix recv: brightness=0.00 reverb=0.00
20:31:25  tanpura field: ga-sa-sa-Sa · Bhimpalasī · Sa=116.5Hz · nakshatra=Pūrvāṣāḍhā · tidx=21
20:31:25  sarangi: bowing Sa=116.5Hz
20:31:25  synth params: ga-sa-sa-Sa · Bhimpalasī · Sa=116.5Hz · nakshatra=Pūrvāṣāḍhā · tidx=21 · 6 voices · tabla · 6 bols · mudrā: Padmakosha (flowing)
20:31:25  trajectory: descending · mercury dasha · tempo×1.00 · tabla=True
20:31:25  mix recv: brightness=0.00 reverb=0.00
20:31:28  mix recv: brightness=0.00 reverb=0.00
20:31:31  mix recv: brightness=0.00 reverb=0.00
20:31:34  mix recv: brightness=0.00 reverb=0.00
20:31:37  mix recv: brightness=0.00 reverb=0.00
20:31:40  mix recv: brightness=0.00 reverb=0.00
20:31:42  tanpura field: ga-sa-sa-Sa · Bhimpalasī · Sa=116.5Hz · nakshatra=Pūrvāṣāḍhā · tidx=21
20:31:42  sarangi: bowing Sa=116.5Hz
20:31:42  synth params: ga-sa-sa-Sa · Bhimpalasī · Sa=116.5Hz · nakshatra=Pūrvāṣāḍhā · tidx=21 · 6 voices · tabla · 6 bols · mudrā: Padmakosha (flowing)
20:31:42  trajectory: descending · mercury dasha · tempo×1.00 · tabla=True
20:31:43  mix recv: brightness=0.00 reverb=0.00
20:31:45  mix recv: brightness=0.00 reverb=0.00
20:31:48  mix recv: brightness=0.00 reverb=0.00
20:31:51  mix recv: brightness=0.00 reverb=0.00
20:31:54  mix recv: brightness=0.00 reverb=0.00
20:31:55  tanpura field: ga-sa-sa-Sa · Bhimpalasī · Sa=116.5Hz · nakshatra=Pūrvāṣāḍhā · tidx=21
20:31:55  sarangi: bowing Sa=116.5Hz
20:31:55  synth params: ga-sa-sa-Sa · Bhimpalasī · Sa=116.5Hz · nakshatra=Pūrvāṣāḍhā · tidx=21 · 7 voices · tabla · 6 bols · mudrā: Padmakosha (flowing)
20:31:55  trajectory: descending · mercury dasha · tempo×1.00 · tabla=True
20:31:57  mix recv: brightness=0.00 reverb=0.00
20:32:00  mix recv: brightness=0.00 reverb=0.00
20:32:03  mix recv: brightness=0.00 reverb=0.00
20:32:05  mix recv: brightness=0.00 reverb=0.00
20:32:08  mix recv: brightness=0.00 reverb=0.00
20:32:11  mix recv: brightness=0.00 reverb=0.00
20:32:12  tanpura field: ga-sa-sa-Sa · Bhimpalasī · Sa=116.5Hz · nakshatra=Pūrvāṣāḍhā · tidx=21
20:32:12  sarangi: bowing Sa=116.5Hz
20:32:12  synth params: ga-sa-sa-Sa · Bhimpalasī · Sa=116.5Hz · nakshatra=Pūrvāṣāḍhā · tidx=21 · 8 voices · tabla · 6 bols · mudrā: Padmakosha (flowing)
20:32:12  trajectory: descending · mercury dasha · tempo×1.00 · tabla=True
20:32:14  mix recv: brightness=0.00 reverb=0.00
20:32:17  mix recv: brightness=0.00 reverb=0.00
20:32:20  mix recv: brightness=0.00 reverb=0.00
20:32:23  mix recv: brightness=0.00 reverb=0.00
20:32:25  tanpura field: ga-sa-sa-Sa · Bhimpalasī · Sa=116.5Hz · nakshatra=Pūrvāṣāḍhā · tidx=21
20:32:25  sarangi: bowing Sa=116.5Hz
20:32:25  synth params: ga-sa-sa-Sa · Bhimpalasī · Sa=116.5Hz · nakshatra=Pūrvāṣāḍhā · tidx=21 · 6 voices · tabla · 6 bols · mudrā: Padmakosha (flowing)
20:32:25  trajectory: descending · mercury dasha · tempo×1.00 · tabla=True
20:32:25  mix recv: brightness=0.00 reverb=0.00
20:32:28  mix recv: brightness=0.00 reverb=0.00
20:32:31  mix recv: brightness=0.00 reverb=0.00
20:32:34  mix recv: brightness=0.00 reverb=0.00
20:32:37  mix recv: brightness=0.00 reverb=0.00
20:32:40  mix recv: brightness=0.00 reverb=0.00
20:32:42  tanpura field: ga-sa-sa-Sa · Bhimpalasī · Sa=116.5Hz · nakshatra=Pūrvāṣāḍhā · tidx=21
20:32:42  sarangi: bowing Sa=116.5Hz
20:32:42  synth params: ga-sa-sa-Sa · Bhimpalasī · Sa=116.5Hz · nakshatra=Pūrvāṣāḍhā · tidx=21 · 7 voices · tabla · 6 bols · mudrā: Padmakosha (flowing)
20:32:42  trajectory: descending · mercury dasha · tempo×1.00 · tabla=True
20:32:43  mix recv: brightness=0.00 reverb=0.00
20:32:45  mix recv: brightness=0.00 reverb=0.00
20:32:48  mix recv: brightness=0.00 reverb=0.00
20:32:51  mix recv: brightness=0.00 reverb=0.00
20:32:54  mix recv: brightness=0.00 reverb=0.00
20:32:55  tanpura field: ga-sa-sa-Sa · Bhimpalasī · Sa=116.5Hz · nakshatra=Pūrvāṣāḍhā · tidx=21
20:32:55  sarangi: bowing Sa=116.5Hz
20:32:55  synth params: ga-sa-sa-Sa · Bhimpalasī · Sa=116.5Hz · nakshatra=Pūrvāṣāḍhā · tidx=21 · 7 voices · tabla · 6 bols · mudrā: Padmakosha (flowing)
20:32:55  trajectory: descending · mercury dasha · tempo×1.00 · tabla=True
20:32:57  mix recv: brightness=0.00 reverb=0.00
20:33:00  mix recv: brightness=0.00 reverb=0.00
20:33:03  mix recv: brightness=0.00 reverb=0.00
20:33:05  mix recv: brightness=0.00 reverb=0.00
20:33:08  mix recv: brightness=0.00 reverb=0.00
20:33:11  mix recv: brightness=0.00 reverb=0.00
20:33:12  tanpura field: ga-sa-sa-Sa · Bhimpalasī · Sa=116.5Hz · nakshatra=Pūrvāṣāḍhā · tidx=21
20:33:12  sarangi: bowing Sa=116.5Hz
20:33:12  synth params: ga-sa-sa-Sa · Bhimpalasī · Sa=116.5Hz · nakshatra=Pūrvāṣāḍhā · tidx=21 · 6 voices · tabla · 6 bols · mudrā: Padmakosha (flowing)
20:33:12  trajectory: descending · mercury dasha · tempo×1.00 · tabla=True
20:33:14  mix recv: brightness=0.00 reverb=0.00
20:33:17  mix recv: brightness=0.00 reverb=0.00
20:33:20  mix recv: brightness=0.00 reverb=0.00
20:33:23  mix recv: brightness=0.00 reverb=0.00
20:33:25  tanpura field: ga-sa-sa-Sa · Bhimpalasī · Sa=116.5Hz · nakshatra=Pūrvāṣāḍhā · tidx=21
20:33:25  sarangi: bowing Sa=116.5Hz
20:33:25  synth params: ga-sa-sa-Sa · Bhimpalasī · Sa=116.5Hz · nakshatra=Pūrvāṣāḍhā · tidx=21 · 6 voices · tabla · 6 bols · mudrā: Padmakosha (flowing)
20:33:25  trajectory: descending · mercury dasha · tempo×1.00 · tabla=True
20:33:25  mix recv: brightness=0.00 reverb=0.00
20:33:28  mix recv: brightness=0.00 reverb=0.00
20:33:31  mix recv: brightness=0.00 reverb=0.00
20:33:34  mix recv: brightness=0.00 reverb=0.00
20:33:37  mix recv: brightness=0.00 reverb=0.00
20:33:40  mix recv: brightness=0.00 reverb=0.00
20:33:42  tanpura field: ga-sa-sa-Sa · Bhimpalasī · Sa=116.5Hz · nakshatra=Pūrvāṣāḍhā · tidx=21
20:33:42  sarangi: bowing Sa=116.5Hz
20:33:42  synth params: ga-sa-sa-Sa · Bhimpalasī · Sa=116.5Hz · nakshatra=Pūrvāṣāḍhā · tidx=21 · 7 voices · tabla · 6 bols · mudrā: Padmakosha (flowing)
20:33:42  trajectory: descending · mercury dasha · tempo×1.00 · tabla=True
20:33:43  mix recv: brightness=0.00 reverb=0.00
20:33:46  mix recv: brightness=0.00 reverb=0.00
20:33:48  mix recv: brightness=0.00 reverb=0.00
20:33:51  mix recv: brightness=0.00 reverb=0.00
20:33:54  mix recv: brightness=0.00 reverb=0.00
20:33:56  tanpura field: ga-sa-sa-Sa · Bhimpalasī · Sa=116.5Hz · nakshatra=Pūrvāṣāḍhā · tidx=21
20:33:56  sarangi: bowing Sa=116.5Hz
20:33:56  synth params: ga-sa-sa-Sa · Bhimpalasī · Sa=116.5Hz · nakshatra=Pūrvāṣāḍhā · tidx=21 · 7 voices · tabla · 6 bols · mudrā: Padmakosha (flowing)
20:33:56  trajectory: descending · mercury dasha · tempo×1.00 · tabla=True
20:33:57  mix recv: brightness=0.00 reverb=0.00
20:34:00  mix recv: brightness=0.00 reverb=0.00
20:34:03  mix recv: brightness=0.00 reverb=0.00
20:34:06  mix recv: brightness=0.00 reverb=0.00
20:34:08  mix recv: brightness=0.00 reverb=0.00
20:34:11  mix recv: brightness=0.00 reverb=0.00
20:34:12  tanpura field: ga-sa-sa-Sa · Bhimpalasī · Sa=116.5Hz · nakshatra=Pūrvāṣāḍhā · tidx=21
20:34:12  sarangi: bowing Sa=116.5Hz
20:34:12  synth params: ga-sa-sa-Sa · Bhimpalasī · Sa=116.5Hz · nakshatra=Pūrvāṣāḍhā · tidx=21 · 9 voices · tabla · 6 bols · mudrā: Padmakosha (flowing)
20:34:12  trajectory: descending · mercury dasha · tempo×1.00 · tabla=True
20:34:14  mix recv: brightness=0.00 reverb=0.00
20:34:17  mix recv: brightness=0.00 reverb=0.00
20:34:20  mix recv: brightness=0.00 reverb=0.00
20:34:23  mix recv: brightness=0.00 reverb=0.00
20:34:26  mix recv: brightness=0.00 reverb=0.00
20:34:26  tanpura field: ga-sa-sa-Sa · Bhimpalasī · Sa=116.5Hz · nakshatra=Pūrvāṣāḍhā · tidx=21
20:34:26  sarangi: bowing Sa=116.5Hz
20:34:26  synth params: ga-sa-sa-Sa · Bhimpalasī · Sa=116.5Hz · nakshatra=Pūrvāṣāḍhā · tidx=21 · 6 voices · tabla · 6 bols · mudrā: Padmakosha (flowing)
20:34:26  trajectory: descending · mercury dasha · tempo×1.00 · tabla=True
20:34:28  mix recv: brightness=0.00 reverb=0.00
20:34:31  mix recv: brightness=0.00 reverb=0.00
20:34:34  mix recv: brightness=0.00 reverb=0.00
20:34:37  mix recv: brightness=0.00 reverb=0.00
20:34:40  mix recv: brightness=0.00 reverb=0.00
20:34:42  tanpura field: ga-sa-sa-Sa · Bhimpalasī · Sa=116.5Hz · nakshatra=Pūrvāṣāḍhā · tidx=21
20:34:42  sarangi: bowing Sa=116.5Hz
20:34:42  synth params: ga-sa-sa-Sa · Bhimpalasī · Sa=116.5Hz · nakshatra=Pūrvāṣāḍhā · tidx=21 · 6 voices · tabla · 6 bols · mudrā: Padmakosha (flowing)
20:34:42  trajectory: descending · mercury dasha · tempo×1.00 · tabla=True
20:34:43  mix recv: brightness=0.00 reverb=0.00
20:34:46  mix recv: brightness=0.00 reverb=0.00
20:34:48  mix recv: brightness=0.00 reverb=0.00
20:34:51  mix recv: brightness=0.00 reverb=0.00
20:34:54  mix recv: brightness=0.00 reverb=0.00
20:34:56  tanpura field: ga-sa-sa-Sa · Bhimpalasī · Sa=116.5Hz · nakshatra=Pūrvāṣāḍhā · tidx=21
20:34:56  sarangi: bowing Sa=116.5Hz
20:34:56  synth params: ga-sa-sa-Sa · Bhimpalasī · Sa=116.5Hz · nakshatra=Pūrvāṣāḍhā · tidx=21 · 7 voices · tabla · 6 bols · mudrā: Padmakosha (flowing)
20:34:56  trajectory: descending · mercury dasha · tempo×1.00 · tabla=True
20:34:57  mix recv: brightness=0.00 reverb=0.00
20:35:00  mix recv: brightness=0.00 reverb=0.00
20:35:03  mix recv: brightness=0.00 reverb=0.00
20:35:06  mix recv: brightness=0.00 reverb=0.00
20:35:08  mix recv: brightness=0.00 reverb=0.00
20:35:11  mix recv: brightness=0.00 reverb=0.00
20:35:13  tanpura field: ga-sa-sa-Sa · Bhimpalasī · Sa=116.5Hz · nakshatra=Pūrvāṣāḍhā · tidx=21
20:35:13  sarangi: bowing Sa=116.5Hz
20:35:13  synth params: ga-sa-sa-Sa · Bhimpalasī · Sa=116.5Hz · nakshatra=Pūrvāṣāḍhā · tidx=21 · 8 voices · tabla · 6 bols · mudrā: Padmakosha (flowing)
20:35:13  trajectory: descending · mercury dasha · tempo×1.00 · tabla=True
20:35:14  mix recv: brightness=0.00 reverb=0.00
20:35:17  mix recv: brightness=0.00 reverb=0.00
20:35:20  mix recv: brightness=0.00 reverb=0.00
20:35:23  mix recv: brightness=0.00 reverb=0.00
20:35:26  mix recv: brightness=0.00 reverb=0.00
20:35:26  tanpura field: ga-sa-sa-Sa · Bhimpalasī · Sa=116.5Hz · nakshatra=Pūrvāṣāḍhā · tidx=21
20:35:26  sarangi: bowing Sa=116.5Hz
20:35:26  synth params: ga-sa-sa-Sa · Bhimpalasī · Sa=116.5Hz · nakshatra=Pūrvāṣāḍhā · tidx=21 · 7 voices · tabla · 6 bols · mudrā: Padmakosha (flowing)
20:35:26  trajectory: descending · mercury dasha · tempo×1.00 · tabla=True
20:35:28  mix recv: brightness=0.00 reverb=0.00
20:35:31  mix recv: brightness=0.00 reverb=0.00
20:35:34  mix recv: brightness=0.00 reverb=0.00
20:35:37  mix recv: brightness=0.00 reverb=0.00
20:35:40  mix recv: brightness=0.00 reverb=0.00
20:35:43  tanpura field: ga-sa-sa-Sa · Bhimpalasī · Sa=116.5Hz · nakshatra=Pūrvāṣāḍhā · tidx=21
20:35:43  sarangi: bowing Sa=116.5Hz
20:35:43  synth params: ga-sa-sa-Sa · Bhimpalasī · Sa=116.5Hz · nakshatra=Pūrvāṣāḍhā · tidx=21 · 7 voices · tabla · 6 bols · mudrā: Padmakosha (flowing)
20:35:43  trajectory: descending · mercury dasha · tempo×1.00 · tabla=True
20:35:43  mix recv: brightness=0.00 reverb=0.00
20:35:46  mix recv: brightness=0.00 reverb=0.00
20:35:48  mix recv: brightness=0.00 reverb=0.00
20:35:51  mix recv: brightness=0.00 reverb=0.00
20:35:54  mix recv: brightness=0.00 reverb=0.00
20:35:56  tanpura field: ga-sa-sa-Sa · Bhimpalasī · Sa=116.5Hz · nakshatra=Pūrvāṣāḍhā · tidx=21
20:35:56  sarangi: bowing Sa=116.5Hz
20:35:56  synth params: ga-sa-sa-Sa · Bhimpalasī · Sa=116.5Hz · nakshatra=Pūrvāṣāḍhā · tidx=21 · 6 voices · tabla · 6 bols · mudrā: Padmakosha (flowing)
20:35:56  trajectory: descending · mercury dasha · tempo×1.00 · tabla=True
20:35:57  mix recv: brightness=0.00 reverb=0.00
20:36:00  mix recv: brightness=0.00 reverb=0.00
20:36:03  mix recv: brightness=0.00 reverb=0.00
20:36:06  mix recv: brightness=0.00 reverb=0.00
20:36:08  mix recv: brightness=0.00 reverb=0.00
20:36:11  mix recv: brightness=0.00 reverb=0.00
20:36:13  tanpura field: ga-sa-sa-Sa · Bhimpalasī · Sa=116.5Hz · nakshatra=Pūrvāṣāḍhā · tidx=21
20:36:13  sarangi: bowing Sa=116.5Hz
20:36:13  synth params: ga-sa-sa-Sa · Bhimpalasī · Sa=116.5Hz · nakshatra=Pūrvāṣāḍhā · tidx=21 · 6 voices · tabla · 6 bols · mudrā: Padmakosha (flowing)
20:36:13  trajectory: descending · mercury dasha · tempo×1.00 · tabla=True
20:36:14  mix recv: brightness=0.00 reverb=0.00
20:36:17  mix recv: brightness=0.00 reverb=0.00
20:36:20  mix recv: brightness=0.00 reverb=0.00
20:36:23  mix recv: brightness=0.00 reverb=0.00
20:36:26  mix recv: brightness=0.00 reverb=0.00
20:36:26  tanpura field: ga-sa-sa-Sa · Bhimpalasī · Sa=116.5Hz · nakshatra=Pūrvāṣāḍhā · tidx=21
20:36:26  sarangi: bowing Sa=116.5Hz
20:36:26  synth params: ga-sa-sa-Sa · Bhimpalasī · Sa=116.5Hz · nakshatra=Pūrvāṣāḍhā · tidx=21 · 6 voices · tabla · 6 bols · mudrā: Padmakosha (flowing)
20:36:26  trajectory: descending · mercury dasha · tempo×1.00 · tabla=True
20:36:28  mix recv: brightness=0.00 reverb=0.00
20:36:31  mix recv: brightness=0.00 reverb=0.00
20:36:34  mix recv: brightness=0.00 reverb=0.00
20:36:37  mix recv: brightness=0.00 reverb=0.00
20:36:40  mix recv: brightness=0.00 reverb=0.00
20:36:43  mix recv: brightness=0.00 reverb=0.00
20:36:43  tanpura field: ga-sa-sa-Sa · Bhimpalasī · Sa=116.5Hz · nakshatra=Pūrvāṣāḍhā · tidx=21
20:36:43  sarangi: bowing Sa=116.5Hz
20:36:43  synth params: ga-sa-sa-Sa · Bhimpalasī · Sa=116.5Hz · nakshatra=Pūrvāṣāḍhā · tidx=21 · 6 voices · tabla · 6 bols · mudrā: Padmakosha (flowing)
20:36:43  trajectory: descending · mercury dasha · tempo×1.00 · tabla=True
20:36:46  mix recv: brightness=0.00 reverb=0.00
20:36:48  mix recv: brightness=0.00 reverb=0.00
20:36:51  mix recv: brightness=0.00 reverb=0.00
20:36:54  mix recv: brightness=0.00 reverb=0.00
20:36:56  tanpura field: ga-sa-sa-Sa · Bhimpalasī · Sa=116.5Hz · nakshatra=Pūrvāṣāḍhā · tidx=21
20:36:56  sarangi: bowing Sa=116.5Hz
20:36:56  synth params: ga-sa-sa-Sa · Bhimpalasī · Sa=116.5Hz · nakshatra=Pūrvāṣāḍhā · tidx=21 · 7 voices · tabla · 6 bols · mudrā: Padmakosha (flowing)
20:36:56  trajectory: descending · mercury dasha · tempo×1.00 · tabla=True
20:36:57  mix recv: brightness=0.00 reverb=0.00
20:37:00  mix recv: brightness=0.00 reverb=0.00
20:37:03  mix recv: brightness=0.00 reverb=0.00
20:37:06  mix recv: brightness=0.00 reverb=0.00
20:37:08  mix recv: brightness=0.00 reverb=0.00
20:37:11  mix recv: brightness=0.00 reverb=0.00
20:37:13  tanpura field: ga-sa-sa-Sa · Bhimpalasī · Sa=116.5Hz · nakshatra=Pūrvāṣāḍhā · tidx=21
20:37:13  sarangi: bowing Sa=116.5Hz
20:37:13  synth params: ga-sa-sa-Sa · Bhimpalasī · Sa=116.5Hz · nakshatra=Pūrvāṣāḍhā · tidx=21 · 7 voices · tabla · 6 bols · mudrā: Padmakosha (flowing)
20:37:13  trajectory: descending · mercury dasha · tempo×1.00 · tabla=True
20:37:14  mix recv: brightness=0.00 reverb=0.00
20:37:17  mix recv: brightness=0.00 reverb=0.00
20:37:20  mix recv: brightness=0.00 reverb=0.00
20:37:23  mix recv: brightness=0.00 reverb=0.00
20:37:26  mix recv: brightness=0.00 reverb=0.00
20:37:27  tanpura field: ga-sa-sa-Sa · Bhimpalasī · Sa=116.5Hz · nakshatra=Pūrvāṣāḍhā · tidx=21
20:37:27  sarangi: bowing Sa=116.5Hz
20:37:27  synth params: ga-sa-sa-Sa · Bhimpalasī · Sa=116.5Hz · nakshatra=Pūrvāṣāḍhā · tidx=21 · 7 voices · tabla · 6 bols · mudrā: Padmakosha (flowing)
20:37:27  trajectory: descending · mercury dasha · tempo×1.00 · tabla=True
20:37:28  mix recv: brightness=0.00 reverb=0.00
20:37:31  mix recv: brightness=0.00 reverb=0.00
20:37:34  mix recv: brightness=0.00 reverb=0.00
20:37:37  mix recv: brightness=0.00 reverb=0.00
20:37:40  mix recv: brightness=0.00 reverb=0.00
20:37:43  mix recv: brightness=0.00 reverb=0.00
20:37:43  tanpura field: ga-sa-sa-Sa · Bhimpalasī · Sa=116.5Hz · nakshatra=Pūrvāṣāḍhā · tidx=21
20:37:43  sarangi: bowing Sa=116.5Hz
20:37:43  synth params: ga-sa-sa-Sa · Bhimpalasī · Sa=116.5Hz · nakshatra=Pūrvāṣāḍhā · tidx=21 · 6 voices · tabla · 6 bols · mudrā: Padmakosha (flowing)
20:37:43  trajectory: descending · mercury dasha · tempo×1.00 · tabla=True
20:37:46  mix recv: brightness=0.00 reverb=0.00
20:37:48  mix recv: brightness=0.00 reverb=0.00
20:37:51  mix recv: brightness=0.00 reverb=0.00
20:37:54  mix recv: brightness=0.00 reverb=0.00
20:37:57  tanpura field: ga-sa-sa-Sa · Bhimpalasī · Sa=116.5Hz · nakshatra=Pūrvāṣāḍhā · tidx=21
20:37:57  sarangi: bowing Sa=116.5Hz
20:37:57  synth params: ga-sa-sa-Sa · Bhimpalasī · Sa=116.5Hz · nakshatra=Pūrvāṣāḍhā · tidx=21 · 7 voices · tabla · 6 bols · mudrā: Padmakosha (flowing)
20:37:57  trajectory: descending · mercury dasha · tempo×1.00 · tabla=True
20:37:57  mix recv: brightness=0.00 reverb=0.00
20:38:00  mix recv: brightness=0.00 reverb=0.00
20:38:03  mix recv: brightness=0.00 reverb=0.00
20:38:06  mix recv: brightness=0.00 reverb=0.00
20:38:08  mix recv: brightness=0.00 reverb=0.00
20:38:11  mix recv: brightness=0.00 reverb=0.00
20:38:13  tanpura field: ga-sa-sa-Sa · Bhimpalasī · Sa=116.5Hz · nakshatra=Pūrvāṣāḍhā · tidx=21
20:38:13  sarangi: bowing Sa=116.5Hz
20:38:13  synth params: ga-sa-sa-Sa · Bhimpalasī · Sa=116.5Hz · nakshatra=Pūrvāṣāḍhā · tidx=21 · 8 voices · tabla · 6 bols · mudrā: Padmakosha (flowing)
20:38:13  trajectory: descending · mercury dasha · tempo×1.00 · tabla=True
20:38:14  mix recv: brightness=0.00 reverb=0.00
20:38:17  mix recv: brightness=0.00 reverb=0.00
20:38:20  mix recv: brightness=0.00 reverb=0.00
20:38:23  mix recv: brightness=0.00 reverb=0.00
20:38:26  mix recv: brightness=0.00 reverb=0.00
20:38:27  tanpura field: ga-sa-sa-Sa · Bhimpalasī · Sa=116.5Hz · nakshatra=Pūrvāṣāḍhā · tidx=21
20:38:27  sarangi: bowing Sa=116.5Hz
20:38:27  synth params: ga-sa-sa-Sa · Bhimpalasī · Sa=116.5Hz · nakshatra=Pūrvāṣāḍhā · tidx=21 · 6 voices · tabla · 6 bols · mudrā: Padmakosha (flowing)
20:38:27  trajectory: descending · mercury dasha · tempo×1.00 · tabla=True
20:38:28  mix recv: brightness=0.00 reverb=0.00
20:38:31  mix recv: brightness=0.00 reverb=0.00
20:38:34  mix recv: brightness=0.00 reverb=0.00
20:38:37  mix recv: brightness=0.00 reverb=0.00
20:38:40  mix recv: brightness=0.00 reverb=0.00
20:38:43  mix recv: brightness=0.00 reverb=0.00
20:38:43  tanpura field: ga-sa-sa-Sa · Bhimpalasī · Sa=116.5Hz · nakshatra=Pūrvāṣāḍhā · tidx=21
20:38:43  sarangi: bowing Sa=116.5Hz
20:38:43  synth params: ga-sa-sa-Sa · Bhimpalasī · Sa=116.5Hz · nakshatra=Pūrvāṣāḍhā · tidx=21 · 7 voices · tabla · 6 bols · mudrā: Padmakosha (flowing)
20:38:43  trajectory: descending · mercury dasha · tempo×1.00 · tabla=True
20:38:46  mix recv: brightness=0.00 reverb=0.00
20:38:48  mix recv: brightness=0.00 reverb=0.00
20:38:51  mix recv: brightness=0.00 reverb=0.00
20:38:54  mix recv: brightness=0.00 reverb=0.00
20:38:57  mix recv: brightness=0.00 reverb=0.00
20:38:57  tanpura field: ga-sa-sa-Sa · Bhimpalasī · Sa=116.5Hz · nakshatra=Pūrvāṣāḍhā · tidx=21
20:38:57  sarangi: bowing Sa=116.5Hz
20:38:57  synth params: ga-sa-sa-Sa · Bhimpalasī · Sa=116.5Hz · nakshatra=Pūrvāṣāḍhā · tidx=21 · 8 voices · tabla · 6 bols · mudrā: Padmakosha (flowing)
20:38:57  trajectory: descending · mercury dasha · tempo×1.00 · tabla=True
20:39:00  mix recv: brightness=0.00 reverb=0.00
20:39:03  mix recv: brightness=0.00 reverb=0.00
20:39:06  mix recv: brightness=0.00 reverb=0.00
20:39:08  mix recv: brightness=0.00 reverb=0.00
20:39:11  mix recv: brightness=0.00 reverb=0.00
20:39:14  tanpura field: ga-sa-sa-Sa · Bhimpalasī · Sa=116.5Hz · nakshatra=Pūrvāṣāḍhā · tidx=21
20:39:14  sarangi: bowing Sa=116.5Hz
20:39:14  synth params: ga-sa-sa-Sa · Bhimpalasī · Sa=116.5Hz · nakshatra=Pūrvāṣāḍhā · tidx=21 · 6 voices · tabla · 6 bols · mudrā: Padmakosha (flowing)
20:39:14  trajectory: descending · mercury dasha · tempo×1.00 · tabla=True
20:39:14  mix recv: brightness=0.00 reverb=0.00
20:39:17  mix recv: brightness=0.00 reverb=0.00
20:39:20  mix recv: brightness=0.00 reverb=0.00
20:39:23  mix recv: brightness=0.00 reverb=0.00
20:39:26  mix recv: brightness=0.00 reverb=0.00
20:39:27  tanpura field: ga-sa-sa-Sa · Bhimpalasī · Sa=116.5Hz · nakshatra=Pūrvāṣāḍhā · tidx=21
20:39:27  sarangi: bowing Sa=116.5Hz
20:39:27  synth params: ga-sa-sa-Sa · Bhimpalasī · Sa=116.5Hz · nakshatra=Pūrvāṣāḍhā · tidx=21 · 7 voices · tabla · 6 bols · mudrā: Padmakosha (flowing)
20:39:27  trajectory: descending · mercury dasha · tempo×1.00 · tabla=True
20:39:28  mix recv: brightness=0.00 reverb=0.00
20:39:31  mix recv: brightness=0.00 reverb=0.00
20:39:34  mix recv: brightness=0.00 reverb=0.00
20:39:37  mix recv: brightness=0.00 reverb=0.00
20:39:40  mix recv: brightness=0.00 reverb=0.00
20:39:43  mix recv: brightness=0.00 reverb=0.00
20:39:44  tanpura field: ga-sa-sa-Sa · Bhimpalasī · Sa=116.5Hz · nakshatra=Pūrvāṣāḍhā · tidx=21
20:39:44  sarangi: bowing Sa=116.5Hz
20:39:44  synth params: ga-sa-sa-Sa · Bhimpalasī · Sa=116.5Hz · nakshatra=Pūrvāṣāḍhā · tidx=21 · 6 voices · tabla · 6 bols · mudrā: Padmakosha (flowing)
20:39:44  trajectory: descending · mercury dasha · tempo×1.00 · tabla=True
20:39:46  mix recv: brightness=0.00 reverb=0.00
20:39:48  mix recv: brightness=0.00 reverb=0.00
20:39:51  mix recv: brightness=0.00 reverb=0.00
20:39:54  mix recv: brightness=0.00 reverb=0.00
20:39:57  mix recv: brightness=0.00 reverb=0.00
20:39:57  tanpura field: ga-sa-sa-Sa · Bhimpalasī · Sa=116.5Hz · nakshatra=Pūrvāṣāḍhā · tidx=21
20:39:57  sarangi: bowing Sa=116.5Hz
20:39:57  synth params: ga-sa-sa-Sa · Bhimpalasī · Sa=116.5Hz · nakshatra=Pūrvāṣāḍhā · tidx=21 · 7 voices · tabla · 6 bols · mudrā: Padmakosha (flowing)
20:39:57  trajectory: descending · mercury dasha · tempo×1.00 · tabla=True
20:40:00  mix recv: brightness=0.00 reverb=0.00
20:40:03  mix recv: brightness=0.00 reverb=0.00
20:40:06  mix recv: brightness=0.00 reverb=0.00
20:40:08  mix recv: brightness=0.00 reverb=0.00
20:40:11  mix recv: brightness=0.00 reverb=0.00
20:40:14  tanpura field: ga-sa-sa-Sa · Bhimpalasī · Sa=116.5Hz · nakshatra=Pūrvāṣāḍhā · tidx=21
20:40:14  sarangi: bowing Sa=116.5Hz
20:40:14  synth params: ga-sa-sa-Sa · Bhimpalasī · Sa=116.5Hz · nakshatra=Pūrvāṣāḍhā · tidx=21 · 6 voices · tabla · 6 bols · mudrā: Padmakosha (flowing)
20:40:14  trajectory: descending · mercury dasha · tempo×1.00 · tabla=True
20:40:14  mix recv: brightness=0.00 reverb=0.00
20:40:17  mix recv: brightness=0.00 reverb=0.00
20:40:20  mix recv: brightness=0.00 reverb=0.00
20:40:23  mix recv: brightness=0.00 reverb=0.00
20:40:26  mix recv: brightness=0.00 reverb=0.00
20:40:27  tanpura field: ga-sa-sa-Sa · Bhimpalasī · Sa=116.5Hz · nakshatra=Pūrvāṣāḍhā · tidx=21
20:40:27  sarangi: bowing Sa=116.5Hz
20:40:27  synth params: ga-sa-sa-Sa · Bhimpalasī · Sa=116.5Hz · nakshatra=Pūrvāṣāḍhā · tidx=21 · 6 voices · tabla · 6 bols · mudrā: Padmakosha (flowing)
20:40:27  trajectory: descending · mercury dasha · tempo×1.00 · tabla=True
20:40:28  mix recv: brightness=0.00 reverb=0.00
20:40:31  mix recv: brightness=0.00 reverb=0.00
20:40:34  mix recv: brightness=0.00 reverb=0.00
20:40:37  mix recv: brightness=0.00 reverb=0.00
20:40:40  mix recv: brightness=0.00 reverb=0.00
20:40:43  mix recv: brightness=0.00 reverb=0.00
20:40:44  tanpura field: ga-sa-sa-Sa · Bhimpalasī · Sa=116.5Hz · nakshatra=Pūrvāṣāḍhā · tidx=21
20:40:44  sarangi: bowing Sa=116.5Hz
20:40:44  synth params: ga-sa-sa-Sa · Bhimpalasī · Sa=116.5Hz · nakshatra=Pūrvāṣāḍhā · tidx=21 · 6 voices · tabla · 6 bols · mudrā: Padmakosha (flowing)
20:40:44  trajectory: descending · mercury dasha · tempo×1.00 · tabla=True
20:40:46  mix recv: brightness=0.00 reverb=0.00
20:40:48  mix recv: brightness=0.00 reverb=0.00
20:40:51  mix recv: brightness=0.00 reverb=0.00
20:40:54  mix recv: brightness=0.00 reverb=0.00
20:40:57  mix recv: brightness=0.00 reverb=0.00
20:40:58  tanpura field: ga-sa-sa-Sa · Bhimpalasī · Sa=116.5Hz · nakshatra=Pūrvāṣāḍhā · tidx=21
20:40:58  sarangi: bowing Sa=116.5Hz
20:40:58  synth params: ga-sa-sa-Sa · Bhimpalasī · Sa=116.5Hz · nakshatra=Pūrvāṣāḍhā · tidx=21 · 8 voices · tabla · 6 bols · mudrā: Padmakosha (flowing)
20:40:58  trajectory: descending · mercury dasha · tempo×1.00 · tabla=True
20:41:00  mix recv: brightness=0.00 reverb=0.00
20:41:03  mix recv: brightness=0.00 reverb=0.00
20:41:06  mix recv: brightness=0.00 reverb=0.00
20:41:09  mix recv: brightness=0.00 reverb=0.00
20:41:11  mix recv: brightness=0.00 reverb=0.00
20:41:14  tanpura field: ga-sa-sa-Sa · Bhimpalasī · Sa=116.5Hz · nakshatra=Pūrvāṣāḍhā · tidx=21
20:41:14  sarangi: bowing Sa=116.5Hz
20:41:14  synth params: ga-sa-sa-Sa · Bhimpalasī · Sa=116.5Hz · nakshatra=Pūrvāṣāḍhā · tidx=21 · 6 voices · tabla · 6 bols · mudrā: Padmakosha (flowing)
20:41:14  trajectory: descending · mercury dasha · tempo×1.00 · tabla=True
20:41:14  mix recv: brightness=0.00 reverb=0.00
20:41:17  mix recv: brightness=0.00 reverb=0.00
20:41:20  mix recv: brightness=0.00 reverb=0.00
20:41:23  mix recv: brightness=0.00 reverb=0.00
20:41:26  mix recv: brightness=0.00 reverb=0.00
20:41:28  tanpura field: ga-sa-sa-Sa · Bhimpalasī · Sa=116.5Hz · nakshatra=Pūrvāṣāḍhā · tidx=21
20:41:28  sarangi: bowing Sa=116.5Hz
20:41:28  synth params: ga-sa-sa-Sa · Bhimpalasī · Sa=116.5Hz · nakshatra=Pūrvāṣāḍhā · tidx=21 · 8 voices · tabla · 6 bols · mudrā: Padmakosha (flowing)
20:41:28  trajectory: descending · mercury dasha · tempo×1.00 · tabla=True
20:41:29  mix recv: brightness=0.00 reverb=0.00
20:41:31  mix recv: brightness=0.00 reverb=0.00
20:41:34  mix recv: brightness=0.00 reverb=0.00
20:41:37  mix recv: brightness=0.00 reverb=0.00
20:41:40  mix recv: brightness=0.00 reverb=0.00
20:41:43  mix recv: brightness=0.00 reverb=0.00
20:41:44  tanpura field: ga-sa-sa-Sa · Bhimpalasī · Sa=116.5Hz · nakshatra=Pūrvāṣāḍhā · tidx=21
20:41:44  sarangi: bowing Sa=116.5Hz
20:41:44  synth params: ga-sa-sa-Sa · Bhimpalasī · Sa=116.5Hz · nakshatra=Pūrvāṣāḍhā · tidx=21 · 7 voices · tabla · 6 bols · mudrā: Padmakosha (flowing)
20:41:44  trajectory: descending · mercury dasha · tempo×1.00 · tabla=True
20:41:46  mix recv: brightness=0.00 reverb=0.00
20:41:49  mix recv: brightness=0.00 reverb=0.00
20:41:51  mix recv: brightness=0.00 reverb=0.00
20:41:54  mix recv: brightness=0.00 reverb=0.00
20:41:57  mix recv: brightness=0.00 reverb=0.00
20:41:58  tanpura field: ga-sa-sa-Sa · Bhimpalasī · Sa=116.5Hz · nakshatra=Pūrvāṣāḍhā · tidx=21
20:41:58  sarangi: bowing Sa=116.5Hz
20:41:58  synth params: ga-sa-sa-Sa · Bhimpalasī · Sa=116.5Hz · nakshatra=Pūrvāṣāḍhā · tidx=21 · 8 voices · tabla · 6 bols · mudrā: Padmakosha (flowing)
20:41:58  trajectory: descending · mercury dasha · tempo×1.00 · tabla=True
20:42:00  mix recv: brightness=0.00 reverb=0.00
20:42:03  mix recv: brightness=0.00 reverb=0.00
20:42:06  mix recv: brightness=0.00 reverb=0.00
20:42:09  mix recv: brightness=0.00 reverb=0.00
20:42:11  mix recv: brightness=0.00 reverb=0.00
20:42:14  mix recv: brightness=0.00 reverb=0.00
20:42:14  tanpura field: ga-sa-sa-Sa · Bhimpalasī · Sa=116.5Hz · nakshatra=Pūrvāṣāḍhā · tidx=21
20:42:14  sarangi: bowing Sa=116.5Hz
20:42:14  synth params: ga-sa-sa-Sa · Bhimpalasī · Sa=116.5Hz · nakshatra=Pūrvāṣāḍhā · tidx=21 · 8 voices · tabla · 6 bols · mudrā: Padmakosha (flowing)
20:42:14  trajectory: descending · mercury dasha · tempo×1.00 · tabla=True
20:42:17  mix recv: brightness=0.00 reverb=0.00
20:42:20  mix recv: brightness=0.00 reverb=0.00
20:42:23  mix recv: brightness=0.00 reverb=0.00
20:42:26  mix recv: brightness=0.00 reverb=0.00
20:42:28  tanpura field: ga-sa-sa-Sa · Bhimpalasī · Sa=116.5Hz · nakshatra=Pūrvāṣāḍhā · tidx=21
20:42:28  sarangi: bowing Sa=116.5Hz
20:42:28  synth params: ga-sa-sa-Sa · Bhimpalasī · Sa=116.5Hz · nakshatra=Pūrvāṣāḍhā · tidx=21 · 7 voices · tabla · 6 bols · mudrā: Padmakosha (flowing)
20:42:28  trajectory: descending · mercury dasha · tempo×1.00 · tabla=True
20:42:29  mix recv: brightness=0.00 reverb=0.00
20:42:31  mix recv: brightness=0.00 reverb=0.00
20:42:34  mix recv: brightness=0.00 reverb=0.00
20:42:37  mix recv: brightness=0.00 reverb=0.00
20:42:40  mix recv: brightness=0.00 reverb=0.00
20:42:43  mix recv: brightness=0.00 reverb=0.00
20:42:45  tanpura field: ga-sa-sa-Sa · Bhimpalasī · Sa=116.5Hz · nakshatra=Pūrvāṣāḍhā · tidx=21
20:42:45  sarangi: bowing Sa=116.5Hz
20:42:45  synth params: ga-sa-sa-Sa · Bhimpalasī · Sa=116.5Hz · nakshatra=Pūrvāṣāḍhā · tidx=21 · 6 voices · tabla · 6 bols · mudrā: Padmakosha (flowing)
20:42:45  trajectory: descending · mercury dasha · tempo×1.00 · tabla=True
20:42:46  mix recv: brightness=0.00 reverb=0.00
20:42:49  mix recv: brightness=0.00 reverb=0.00
20:42:51  mix recv: brightness=0.00 reverb=0.00
20:42:54  mix recv: brightness=0.00 reverb=0.00
20:42:57  mix recv: brightness=0.00 reverb=0.00
20:42:58  tanpura field: ga-sa-sa-Sa · Bhimpalasī · Sa=116.5Hz · nakshatra=Pūrvāṣāḍhā · tidx=21
20:42:58  sarangi: bowing Sa=116.5Hz
20:42:58  synth params: ga-sa-sa-Sa · Bhimpalasī · Sa=116.5Hz · nakshatra=Pūrvāṣāḍhā · tidx=21 · 6 voices · tabla · 6 bols · mudrā: Padmakosha (flowing)
20:42:58  trajectory: descending · mercury dasha · tempo×1.00 · tabla=True
20:43:00  mix recv: brightness=0.00 reverb=0.00
20:43:03  mix recv: brightness=0.00 reverb=0.00
20:43:06  mix recv: brightness=0.00 reverb=0.00
20:43:09  mix recv: brightness=0.00 reverb=0.00
20:43:11  mix recv: brightness=0.00 reverb=0.00
20:43:14  mix recv: brightness=0.00 reverb=0.00
20:43:15  tanpura field: ga-sa-sa-Sa · Bhimpalasī · Sa=116.5Hz · nakshatra=Pūrvāṣāḍhā · tidx=21
20:43:15  sarangi: bowing Sa=116.5Hz
20:43:15  synth params: ga-sa-sa-Sa · Bhimpalasī · Sa=116.5Hz · nakshatra=Pūrvāṣāḍhā · tidx=21 · 6 voices · tabla · 6 bols · mudrā: Padmakosha (flowing)
20:43:15  trajectory: descending · mercury dasha · tempo×1.00 · tabla=True
20:43:17  mix recv: brightness=0.00 reverb=0.00
20:43:20  mix recv: brightness=0.00 reverb=0.00
20:43:23  mix recv: brightness=0.00 reverb=0.00
20:43:26  mix recv: brightness=0.00 reverb=0.00
20:43:28  tanpura field: ga-sa-sa-Sa · Bhimpalasī · Sa=116.5Hz · nakshatra=Pūrvāṣāḍhā · tidx=21
20:43:28  sarangi: bowing Sa=116.5Hz
20:43:28  synth params: ga-sa-sa-Sa · Bhimpalasī · Sa=116.5Hz · nakshatra=Pūrvāṣāḍhā · tidx=21 · 7 voices · tabla · 6 bols · mudrā: Padmakosha (flowing)
20:43:28  trajectory: descending · mercury dasha · tempo×1.00 · tabla=True
20:43:29  mix recv: brightness=0.00 reverb=0.00
20:43:31  mix recv: brightness=0.00 reverb=0.00
20:43:34  mix recv: brightness=0.00 reverb=0.00
20:43:37  mix recv: brightness=0.00 reverb=0.00
20:43:40  mix recv: brightness=0.00 reverb=0.00
20:43:43  mix recv: brightness=0.00 reverb=0.00
20:43:45  tanpura field: ga-sa-sa-Sa · Bhimpalasī · Sa=116.5Hz · nakshatra=Pūrvāṣāḍhā · tidx=21
20:43:45  sarangi: bowing Sa=116.5Hz
20:43:45  synth params: ga-sa-sa-Sa · Bhimpalasī · Sa=116.5Hz · nakshatra=Pūrvāṣāḍhā · tidx=21 · 6 voices · tabla · 6 bols · mudrā: Padmakosha (flowing)
20:43:45  trajectory: descending · mercury dasha · tempo×1.00 · tabla=True
20:43:46  mix recv: brightness=0.00 reverb=0.00
20:43:49  mix recv: brightness=0.00 reverb=0.00
20:43:51  mix recv: brightness=0.00 reverb=0.00
20:43:54  mix recv: brightness=0.00 reverb=0.00
20:43:57  mix recv: brightness=0.00 reverb=0.00
20:43:58  tanpura field: ga-sa-sa-Sa · Bhimpalasī · Sa=116.5Hz · nakshatra=Pūrvāṣāḍhā · tidx=21
20:43:58  sarangi: bowing Sa=116.5Hz
20:43:58  synth params: ga-sa-sa-Sa · Bhimpalasī · Sa=116.5Hz · nakshatra=Pūrvāṣāḍhā · tidx=21 · 7 voices · tabla · 6 bols · mudrā: Padmakosha (flowing)
20:43:58  trajectory: descending · mercury dasha · tempo×1.00 · tabla=True
20:44:00  mix recv: brightness=0.00 reverb=0.00
20:44:03  mix recv: brightness=0.00 reverb=0.00
20:44:06  mix recv: brightness=0.00 reverb=0.00
20:44:09  mix recv: brightness=0.00 reverb=0.00
20:44:11  mix recv: brightness=0.00 reverb=0.00
20:44:14  mix recv: brightness=0.00 reverb=0.00
20:44:15  tanpura field: ga-sa-sa-Sa · Bhimpalasī · Sa=116.5Hz · nakshatra=Pūrvāṣāḍhā · tidx=21
20:44:15  sarangi: bowing Sa=116.5Hz
20:44:15  synth params: ga-sa-sa-Sa · Bhimpalasī · Sa=116.5Hz · nakshatra=Pūrvāṣāḍhā · tidx=21 · 6 voices · tabla · 6 bols · mudrā: Padmakosha (flowing)
20:44:15  trajectory: descending · mercury dasha · tempo×1.00 · tabla=True
20:44:17  mix recv: brightness=0.00 reverb=0.00
20:44:20  mix recv: brightness=0.00 reverb=0.00
20:44:23  mix recv: brightness=0.00 reverb=0.00
20:44:26  mix recv: brightness=0.00 reverb=0.00
20:44:29  mix recv: brightness=0.00 reverb=0.00
20:44:29  tanpura field: ga-sa-sa-Sa · Bhimpalasī · Sa=116.5Hz · nakshatra=Pūrvāṣāḍhā · tidx=21
20:44:29  sarangi: bowing Sa=116.5Hz
20:44:29  synth params: ga-sa-sa-Sa · Bhimpalasī · Sa=116.5Hz · nakshatra=Pūrvāṣāḍhā · tidx=21 · 6 voices · tabla · 6 bols · mudrā: Padmakosha (flowing)
20:44:29  trajectory: descending · mercury dasha · tempo×1.00 · tabla=True
20:44:31  mix recv: brightness=0.00 reverb=0.00
20:44:34  mix recv: brightness=0.00 reverb=0.00
20:44:37  mix recv: brightness=0.00 reverb=0.00
20:44:40  mix recv: brightness=0.00 reverb=0.00
20:44:43  mix recv: brightness=0.00 reverb=0.00
20:44:45  tanpura field: ga-sa-sa-Sa · Bhimpalasī · Sa=116.5Hz · nakshatra=Pūrvāṣāḍhā · tidx=21
20:44:45  sarangi: bowing Sa=116.5Hz
20:44:45  synth params: ga-sa-sa-Sa · Bhimpalasī · Sa=116.5Hz · nakshatra=Pūrvāṣāḍhā · tidx=21 · 9 voices · tabla · 6 bols · mudrā: Padmakosha (flowing)
20:44:45  trajectory: descending · mercury dasha · tempo×1.00 · tabla=True
20:44:46  mix recv: brightness=0.00 reverb=0.00
20:44:49  mix recv: brightness=0.00 reverb=0.00
20:44:51  mix recv: brightness=0.00 reverb=0.00
20:44:54  mix recv: brightness=0.00 reverb=0.00
20:44:57  mix recv: brightness=0.00 reverb=0.00
20:44:59  tanpura field: ga-sa-sa-Sa · Bhimpalasī · Sa=116.5Hz · nakshatra=Pūrvāṣāḍhā · tidx=21
20:44:59  sarangi: bowing Sa=116.5Hz
20:44:59  synth params: ga-sa-sa-Sa · Bhimpalasī · Sa=116.5Hz · nakshatra=Pūrvāṣāḍhā · tidx=21 · 6 voices · tabla · 6 bols · mudrā: Padmakosha (flowing)
20:44:59  trajectory: descending · mercury dasha · tempo×1.00 · tabla=True
20:45:00  mix recv: brightness=0.00 reverb=0.00
20:45:03  mix recv: brightness=0.00 reverb=0.00
20:45:06  mix recv: brightness=0.00 reverb=0.00
20:45:09  mix recv: brightness=0.00 reverb=0.00
20:45:11  mix recv: brightness=0.00 reverb=0.00
20:45:14  mix recv: brightness=0.00 reverb=0.00
20:45:15  tanpura field: ga-sa-sa-Sa · Bhimpalasī · Sa=116.5Hz · nakshatra=Pūrvāṣāḍhā · tidx=21
20:45:15  sarangi: bowing Sa=116.5Hz
20:45:15  synth params: ga-sa-sa-Sa · Bhimpalasī · Sa=116.5Hz · nakshatra=Pūrvāṣāḍhā · tidx=21 · 8 voices · tabla · 6 bols · mudrā: Padmakosha (flowing)
20:45:15  trajectory: descending · mercury dasha · tempo×1.00 · tabla=True
20:45:17  mix recv: brightness=0.00 reverb=0.00
20:45:20  mix recv: brightness=0.00 reverb=0.00
20:45:23  mix recv: brightness=0.00 reverb=0.00
20:45:26  mix recv: brightness=0.00 reverb=0.00
20:45:29  mix recv: brightness=0.00 reverb=0.00
20:45:29  tanpura field: ga-sa-sa-Sa · Bhimpalasī · Sa=116.5Hz · nakshatra=Pūrvāṣāḍhā · tidx=21
20:45:29  sarangi: bowing Sa=116.5Hz
20:45:29  synth params: ga-sa-sa-Sa · Bhimpalasī · Sa=116.5Hz · nakshatra=Pūrvāṣāḍhā · tidx=21 · 8 voices · tabla · 6 bols · mudrā: Padmakosha (flowing)
20:45:29  trajectory: descending · mercury dasha · tempo×1.00 · tabla=True
20:45:31  mix recv: brightness=0.00 reverb=0.00
20:45:34  mix recv: brightness=0.00 reverb=0.00
20:45:37  mix recv: brightness=0.00 reverb=0.00
20:45:40  mix recv: brightness=0.00 reverb=0.00
20:45:43  mix recv: brightness=0.00 reverb=0.00
20:45:45  tanpura field: ga-sa-sa-Sa · Bhimpalasī · Sa=116.5Hz · nakshatra=Pūrvāṣāḍhā · tidx=21
20:45:45  sarangi: bowing Sa=116.5Hz
20:45:45  synth params: ga-sa-sa-Sa · Bhimpalasī · Sa=116.5Hz · nakshatra=Pūrvāṣāḍhā · tidx=21 · 6 voices · tabla · 6 bols · mudrā: Padmakosha (flowing)
20:45:45  trajectory: descending · mercury dasha · tempo×1.00 · tabla=True
20:45:46  mix recv: brightness=0.00 reverb=0.00
20:45:49  mix recv: brightness=0.00 reverb=0.00
20:45:51  mix recv: brightness=0.00 reverb=0.00
20:45:54  mix recv: brightness=0.00 reverb=0.00
20:45:57  mix recv: brightness=0.00 reverb=0.00
20:45:59  tanpura field: ga-sa-sa-Sa · Bhimpalasī · Sa=116.5Hz · nakshatra=Pūrvāṣāḍhā · tidx=21
20:45:59  sarangi: bowing Sa=116.5Hz
20:45:59  synth params: ga-sa-sa-Sa · Bhimpalasī · Sa=116.5Hz · nakshatra=Pūrvāṣāḍhā · tidx=21 · 7 voices · tabla · 6 bols · mudrā: Padmakosha (flowing)
20:45:59  trajectory: descending · mercury dasha · tempo×1.00 · tabla=True
20:46:00  mix recv: brightness=0.00 reverb=0.00
20:46:03  mix recv: brightness=0.00 reverb=0.00
20:46:06  mix recv: brightness=0.00 reverb=0.00
20:46:09  mix recv: brightness=0.00 reverb=0.00
20:46:11  mix recv: brightness=0.00 reverb=0.00
20:46:14  mix recv: brightness=0.00 reverb=0.00
20:46:16  tanpura field: ga-sa-sa-Sa · Bhimpalasī · Sa=116.5Hz · nakshatra=Pūrvāṣāḍhā · tidx=21
20:46:16  sarangi: bowing Sa=116.5Hz
20:46:16  synth params: ga-sa-sa-Sa · Bhimpalasī · Sa=116.5Hz · nakshatra=Pūrvāṣāḍhā · tidx=21 · 7 voices · tabla · 6 bols · mudrā: Padmakosha (flowing)
20:46:16  trajectory: descending · mercury dasha · tempo×1.00 · tabla=True
20:46:17  mix recv: brightness=0.00 reverb=0.00
20:46:20  mix recv: brightness=0.00 reverb=0.00
20:46:23  mix recv: brightness=0.00 reverb=0.00
20:46:26  mix recv: brightness=0.00 reverb=0.00
20:46:29  mix recv: brightness=0.00 reverb=0.00
20:46:29  tanpura field: ga-sa-sa-Sa · Bhimpalasī · Sa=116.5Hz · nakshatra=Pūrvāṣāḍhā · tidx=21
20:46:29  sarangi: bowing Sa=116.5Hz
20:46:29  synth params: ga-sa-sa-Sa · Bhimpalasī · Sa=116.5Hz · nakshatra=Pūrvāṣāḍhā · tidx=21 · 7 voices · tabla · 6 bols · mudrā: Padmakosha (flowing)
20:46:29  trajectory: descending · mercury dasha · tempo×1.00 · tabla=True
20:46:31  mix recv: brightness=0.00 reverb=0.00
20:46:34  mix recv: brightness=0.00 reverb=0.00
20:46:37  mix recv: brightness=0.00 reverb=0.00
20:46:40  mix recv: brightness=0.00 reverb=0.00
20:46:43  mix recv: brightness=0.00 reverb=0.00
20:46:46  tanpura field: ga-sa-sa-Sa · Bhimpalasī · Sa=116.5Hz · nakshatra=Pūrvāṣāḍhā · tidx=21
20:46:46  sarangi: bowing Sa=116.5Hz
20:46:46  synth params: ga-sa-sa-Sa · Bhimpalasī · Sa=116.5Hz · nakshatra=Pūrvāṣāḍhā · tidx=21 · 7 voices · tabla · 6 bols · mudrā: Padmakosha (flowing)
20:46:46  trajectory: descending · mercury dasha · tempo×1.00 · tabla=True
20:46:46  mix recv: brightness=0.00 reverb=0.00
20:46:49  mix recv: brightness=0.00 reverb=0.00
20:46:51  mix recv: brightness=0.00 reverb=0.00
20:46:54  mix recv: brightness=0.00 reverb=0.00
20:46:57  mix recv: brightness=0.00 reverb=0.00
20:46:59  tanpura field: ga-sa-sa-Sa · Bhimpalasī · Sa=116.5Hz · nakshatra=Pūrvāṣāḍhā · tidx=21
20:46:59  sarangi: bowing Sa=116.5Hz
20:46:59  synth params: ga-sa-sa-Sa · Bhimpalasī · Sa=116.5Hz · nakshatra=Pūrvāṣāḍhā · tidx=21 · 6 voices · tabla · 6 bols · mudrā: Padmakosha (flowing)
20:46:59  trajectory: descending · mercury dasha · tempo×1.00 · tabla=True
20:47:00  mix recv: brightness=0.00 reverb=0.00
20:47:03  mix recv: brightness=0.00 reverb=0.00
20:47:06  mix recv: brightness=0.00 reverb=0.00
20:47:09  mix recv: brightness=0.00 reverb=0.00
20:47:11  mix recv: brightness=0.00 reverb=0.00
20:47:14  mix recv: brightness=0.00 reverb=0.00
20:47:16  tanpura field: ga-sa-sa-Sa · Bhimpalasī · Sa=116.5Hz · nakshatra=Pūrvāṣāḍhā · tidx=21
20:47:16  sarangi: bowing Sa=116.5Hz
20:47:16  synth params: ga-sa-sa-Sa · Bhimpalasī · Sa=116.5Hz · nakshatra=Pūrvāṣāḍhā · tidx=21 · 7 voices · tabla · 6 bols · mudrā: Padmakosha (flowing)
20:47:16  trajectory: descending · mercury dasha · tempo×1.00 · tabla=True
20:47:17  mix recv: brightness=0.00 reverb=0.00
20:47:20  mix recv: brightness=0.00 reverb=0.00
20:47:23  mix recv: brightness=0.00 reverb=0.00
20:47:26  mix recv: brightness=0.00 reverb=0.00
20:47:29  mix recv: brightness=0.00 reverb=0.00
20:47:30  tanpura field: ga-sa-sa-Sa · Bhimpalasī · Sa=116.5Hz · nakshatra=Pūrvāṣāḍhā · tidx=21
20:47:30  sarangi: bowing Sa=116.5Hz
20:47:30  synth params: ga-sa-sa-Sa · Bhimpalasī · Sa=116.5Hz · nakshatra=Pūrvāṣāḍhā · tidx=21 · 8 voices · tabla · 6 bols · mudrā: Padmakosha (flowing)
20:47:30  trajectory: descending · mercury dasha · tempo×1.00 · tabla=True
20:47:31  mix recv: brightness=0.00 reverb=0.00
20:47:34  mix recv: brightness=0.00 reverb=0.00
20:47:37  mix recv: brightness=0.00 reverb=0.00
20:47:40  mix recv: brightness=0.00 reverb=0.00
20:47:43  mix recv: brightness=0.00 reverb=0.00
20:47:46  mix recv: brightness=0.00 reverb=0.00
20:47:46  tanpura field: ga-sa-sa-Sa · Bhimpalasī · Sa=116.5Hz · nakshatra=Pūrvāṣāḍhā · tidx=21
20:47:46  sarangi: bowing Sa=116.5Hz
20:47:46  synth params: ga-sa-sa-Sa · Bhimpalasī · Sa=116.5Hz · nakshatra=Pūrvāṣāḍhā · tidx=21 · 9 voices · tabla · 6 bols · mudrā: Padmakosha (flowing)
20:47:46  trajectory: descending · mercury dasha · tempo×1.00 · tabla=True
20:47:49  mix recv: brightness=0.00 reverb=0.00
20:47:51  mix recv: brightness=0.00 reverb=0.00
20:47:54  mix recv: brightness=0.00 reverb=0.00
20:47:57  mix recv: brightness=0.00 reverb=0.00
20:48:00  tanpura field: ga-sa-sa-Sa · Bhimpalasī · Sa=116.5Hz · nakshatra=Pūrvāṣāḍhā · tidx=21
20:48:00  sarangi: bowing Sa=116.5Hz
20:48:00  synth params: ga-sa-sa-Sa · Bhimpalasī · Sa=116.5Hz · nakshatra=Pūrvāṣāḍhā · tidx=21 · 7 voices · tabla · 6 bols · mudrā: Padmakosha (flowing)
20:48:00  trajectory: descending · mercury dasha · tempo×1.00 · tabla=True
20:48:00  mix recv: brightness=0.00 reverb=0.00
20:48:03  mix recv: brightness=0.00 reverb=0.00
20:48:06  mix recv: brightness=0.00 reverb=0.00
20:48:09  mix recv: brightness=0.00 reverb=0.00
20:48:11  mix recv: brightness=0.00 reverb=0.00
20:48:14  mix recv: brightness=0.00 reverb=0.00
20:48:16  tanpura field: ga-sa-sa-Sa · Bhimpalasī · Sa=116.5Hz · nakshatra=Pūrvāṣāḍhā · tidx=21
20:48:16  sarangi: bowing Sa=116.5Hz
20:48:16  synth params: ga-sa-sa-Sa · Bhimpalasī · Sa=116.5Hz · nakshatra=Pūrvāṣāḍhā · tidx=21 · 6 voices · tabla · 6 bols · mudrā: Padmakosha (flowing)
20:48:16  trajectory: descending · mercury dasha · tempo×1.00 · tabla=True
20:48:17  mix recv: brightness=0.00 reverb=0.00
20:48:20  mix recv: brightness=0.00 reverb=0.00
20:48:23  mix recv: brightness=0.00 reverb=0.00
20:48:26  mix recv: brightness=0.00 reverb=0.00
20:48:29  mix recv: brightness=0.00 reverb=0.00
20:48:30  tanpura field: ga-sa-sa-Sa · Bhimpalasī · Sa=116.5Hz · nakshatra=Pūrvāṣāḍhā · tidx=21
20:48:30  sarangi: bowing Sa=116.5Hz
20:48:30  synth params: ga-sa-sa-Sa · Bhimpalasī · Sa=116.5Hz · nakshatra=Pūrvāṣāḍhā · tidx=21 · 7 voices · tabla · 6 bols · mudrā: Padmakosha (flowing)
20:48:30  trajectory: descending · mercury dasha · tempo×1.00 · tabla=True
20:48:31  mix recv: brightness=0.00 reverb=0.00
20:48:34  mix recv: brightness=0.00 reverb=0.00
20:48:37  mix recv: brightness=0.00 reverb=0.00
20:48:40  mix recv: brightness=0.00 reverb=0.00
20:48:43  mix recv: brightness=0.00 reverb=0.00
20:48:46  mix recv: brightness=0.00 reverb=0.00
20:48:46  tanpura field: ga-sa-sa-Sa · Bhimpalasī · Sa=116.5Hz · nakshatra=Pūrvāṣāḍhā · tidx=21
20:48:46  sarangi: bowing Sa=116.5Hz
20:48:46  synth params: ga-sa-sa-Sa · Bhimpalasī · Sa=116.5Hz · nakshatra=Pūrvāṣāḍhā · tidx=21 · 7 voices · tabla · 6 bols · mudrā: Padmakosha (flowing)
20:48:46  trajectory: descending · mercury dasha · tempo×1.00 · tabla=True
20:48:49  mix recv: brightness=0.00 reverb=0.00
20:48:51  mix recv: brightness=0.00 reverb=0.00
20:48:54  mix recv: brightness=0.00 reverb=0.00
20:48:57  mix recv: brightness=0.00 reverb=0.00
20:49:00  tanpura field: ga-sa-sa-Sa · Bhimpalasī · Sa=116.5Hz · nakshatra=Pūrvāṣāḍhā · tidx=21
20:49:00  sarangi: bowing Sa=116.5Hz
20:49:00  synth params: ga-sa-sa-Sa · Bhimpalasī · Sa=116.5Hz · nakshatra=Pūrvāṣāḍhā · tidx=21 · 6 voices · tabla · 6 bols · mudrā: Padmakosha (flowing)
20:49:00  trajectory: descending · mercury dasha · tempo×1.00 · tabla=True
20:49:00  mix recv: brightness=0.00 reverb=0.00
20:49:03  mix recv: brightness=0.00 reverb=0.00
20:49:06  mix recv: brightness=0.00 reverb=0.00
20:49:09  mix recv: brightness=0.00 reverb=0.00
20:49:11  mix recv: brightness=0.00 reverb=0.00
20:49:14  mix recv: brightness=0.00 reverb=0.00
20:49:16  tanpura field: ga-sa-sa-Sa · Bhimpalasī · Sa=116.5Hz · nakshatra=Pūrvāṣāḍhā · tidx=21
20:49:16  sarangi: bowing Sa=116.5Hz
20:49:16  synth params: ga-sa-sa-Sa · Bhimpalasī · Sa=116.5Hz · nakshatra=Pūrvāṣāḍhā · tidx=21 · 6 voices · tabla · 6 bols · mudrā: Padmakosha (flowing)
20:49:16  trajectory: descending · mercury dasha · tempo×1.00 · tabla=True
20:49:17  mix recv: brightness=0.00 reverb=0.00
20:49:20  mix recv: brightness=0.00 reverb=0.00
20:49:23  mix recv: brightness=0.00 reverb=0.00
20:49:26  mix recv: brightness=0.00 reverb=0.00
20:49:29  mix recv: brightness=0.00 reverb=0.00
20:49:30  tanpura field: ga-sa-sa-Sa · Bhimpalasī · Sa=116.5Hz · nakshatra=Pūrvāṣāḍhā · tidx=21
20:49:30  sarangi: bowing Sa=116.5Hz
20:49:30  synth params: ga-sa-sa-Sa · Bhimpalasī · Sa=116.5Hz · nakshatra=Pūrvāṣāḍhā · tidx=21 · 6 voices · tabla · 6 bols · mudrā: Padmakosha (flowing)
20:49:30  trajectory: descending · mercury dasha · tempo×1.00 · tabla=True
20:49:32  mix recv: brightness=0.00 reverb=0.00
20:49:34  mix recv: brightness=0.00 reverb=0.00
20:49:37  mix recv: brightness=0.00 reverb=0.00
20:49:40  mix recv: brightness=0.00 reverb=0.00
20:49:43  mix recv: brightness=0.00 reverb=0.00
20:49:46  mix recv: brightness=0.00 reverb=0.00
20:49:47  tanpura field: ga-sa-sa-Sa · Bhimpalasī · Sa=116.5Hz · nakshatra=Pūrvāṣāḍhā · tidx=21
20:49:47  sarangi: bowing Sa=116.5Hz
20:49:47  synth params: ga-sa-sa-Sa · Bhimpalasī · Sa=116.5Hz · nakshatra=Pūrvāṣāḍhā · tidx=21 · 6 voices · tabla · 6 bols · mudrā: Padmakosha (flowing)
20:49:47  trajectory: descending · mercury dasha · tempo×1.00 · tabla=True
20:49:49  mix recv: brightness=0.00 reverb=0.00
20:49:52  mix recv: brightness=0.00 reverb=0.00
20:49:54  mix recv: brightness=0.00 reverb=0.00
20:49:57  mix recv: brightness=0.00 reverb=0.00
20:50:00  mix recv: brightness=0.00 reverb=0.00
20:50:00  tanpura field: ga-sa-sa-Sa · Bhimpalasī · Sa=116.5Hz · nakshatra=Pūrvāṣāḍhā · tidx=21
20:50:00  sarangi: bowing Sa=116.5Hz
20:50:00  synth params: ga-sa-sa-Sa · Bhimpalasī · Sa=116.5Hz · nakshatra=Pūrvāṣāḍhā · tidx=21 · 7 voices · tabla · 6 bols · mudrā: Padmakosha (flowing)
20:50:00  trajectory: descending · mercury dasha · tempo×1.00 · tabla=True
20:50:03  mix recv: brightness=0.00 reverb=0.00
20:50:06  mix recv: brightness=0.00 reverb=0.00
20:50:09  mix recv: brightness=0.00 reverb=0.00
20:50:12  mix recv: brightness=0.00 reverb=0.00
20:50:14  mix recv: brightness=0.00 reverb=0.00
20:50:17  tanpura field: ga-sa-sa-Sa · Bhimpalasī · Sa=116.5Hz · nakshatra=Pūrvāṣāḍhā · tidx=21
20:50:17  sarangi: bowing Sa=116.5Hz
20:50:17  synth params: ga-sa-sa-Sa · Bhimpalasī · Sa=116.5Hz · nakshatra=Pūrvāṣāḍhā · tidx=21 · 7 voices · tabla · 6 bols · mudrā: Padmakosha (flowing)
20:50:17  trajectory: descending · mercury dasha · tempo×1.00 · tabla=True
20:50:17  mix recv: brightness=0.00 reverb=0.00
20:50:20  mix recv: brightness=0.00 reverb=0.00
20:50:23  mix recv: brightness=0.00 reverb=0.00
20:50:26  mix recv: brightness=0.00 reverb=0.00
20:50:29  mix recv: brightness=0.00 reverb=0.00
20:50:30  tanpura field: ga-sa-sa-Sa · Bhimpalasī · Sa=116.5Hz · nakshatra=Pūrvāṣāḍhā · tidx=21
20:50:30  sarangi: bowing Sa=116.5Hz
20:50:30  synth params: ga-sa-sa-Sa · Bhimpalasī · Sa=116.5Hz · nakshatra=Pūrvāṣāḍhā · tidx=21 · 8 voices · tabla · 6 bols · mudrā: Padmakosha (flowing)
20:50:30  trajectory: descending · mercury dasha · tempo×1.00 · tabla=True
20:50:32  mix recv: brightness=0.00 reverb=0.00
20:50:34  mix recv: brightness=0.00 reverb=0.00
20:50:37  mix recv: brightness=0.00 reverb=0.00
20:50:40  mix recv: brightness=0.00 reverb=0.00
20:50:43  mix recv: brightness=0.00 reverb=0.00
20:50:46  mix recv: brightness=0.00 reverb=0.00
20:50:47  tanpura field: ga-sa-sa-Sa · Bhimpalasī · Sa=116.5Hz · nakshatra=Pūrvāṣāḍhā · tidx=21
20:50:47  sarangi: bowing Sa=116.5Hz
20:50:47  synth params: ga-sa-sa-Sa · Bhimpalasī · Sa=116.5Hz · nakshatra=Pūrvāṣāḍhā · tidx=21 · 7 voices · tabla · 6 bols · mudrā: Padmakosha (flowing)
20:50:47  trajectory: descending · mercury dasha · tempo×1.00 · tabla=True
20:50:49  mix recv: brightness=0.00 reverb=0.00
20:50:52  mix recv: brightness=0.00 reverb=0.00
20:50:54  mix recv: brightness=0.00 reverb=0.00
20:50:57  mix recv: brightness=0.00 reverb=0.00
20:51:00  mix recv: brightness=0.00 reverb=0.00
20:51:00  tanpura field: ga-sa-sa-Sa · Bhimpalasī · Sa=116.5Hz · nakshatra=Pūrvāṣāḍhā · tidx=21
20:51:00  sarangi: bowing Sa=116.5Hz
20:51:00  synth params: ga-sa-sa-Sa · Bhimpalasī · Sa=116.5Hz · nakshatra=Pūrvāṣāḍhā · tidx=21 · 6 voices · tabla · 6 bols · mudrā: Padmakosha (flowing)
20:51:00  trajectory: descending · mercury dasha · tempo×1.00 · tabla=True
20:51:03  mix recv: brightness=0.00 reverb=0.00
20:51:06  mix recv: brightness=0.00 reverb=0.00
20:51:09  mix recv: brightness=0.00 reverb=0.00
20:51:12  mix recv: brightness=0.00 reverb=0.00
20:51:14  mix recv: brightness=0.00 reverb=0.00
20:51:17  tanpura field: ga-sa-sa-Sa · Bhimpalasī · Sa=116.5Hz · nakshatra=Pūrvāṣāḍhā · tidx=21
20:51:17  sarangi: bowing Sa=116.5Hz
20:51:17  synth params: ga-sa-sa-Sa · Bhimpalasī · Sa=116.5Hz · nakshatra=Pūrvāṣāḍhā · tidx=21 · 6 voices · tabla · 6 bols · mudrā: Padmakosha (flowing)
20:51:17  trajectory: descending · mercury dasha · tempo×1.00 · tabla=True
20:51:17  mix recv: brightness=0.00 reverb=0.00
20:51:20  mix recv: brightness=0.00 reverb=0.00
20:51:23  mix recv: brightness=0.00 reverb=0.00
20:51:26  mix recv: brightness=0.00 reverb=0.00
20:51:29  mix recv: brightness=0.00 reverb=0.00
20:51:31  tanpura field: ga-sa-sa-Sa · Bhimpalasī · Sa=116.5Hz · nakshatra=Pūrvāṣāḍhā · tidx=21
20:51:31  sarangi: bowing Sa=116.5Hz
20:51:31  synth params: ga-sa-sa-Sa · Bhimpalasī · Sa=116.5Hz · nakshatra=Pūrvāṣāḍhā · tidx=21 · 6 voices · tabla · 6 bols · mudrā: Padmakosha (flowing)
20:51:31  trajectory: descending · mercury dasha · tempo×1.00 · tabla=True
20:51:32  mix recv: brightness=0.00 reverb=0.00
20:51:34  mix recv: brightness=0.00 reverb=0.00
20:51:37  mix recv: brightness=0.00 reverb=0.00
20:51:40  mix recv: brightness=0.00 reverb=0.00
20:51:43  mix recv: brightness=0.00 reverb=0.00
20:51:46  mix recv: brightness=0.00 reverb=0.00
20:51:47  tanpura field: ga-sa-sa-Sa · Bhimpalasī · Sa=116.5Hz · nakshatra=Pūrvāṣāḍhā · tidx=21
20:51:47  sarangi: bowing Sa=116.5Hz
20:51:47  synth params: ga-sa-sa-Sa · Bhimpalasī · Sa=116.5Hz · nakshatra=Pūrvāṣāḍhā · tidx=21 · 6 voices · tabla · 6 bols · mudrā: Padmakosha (flowing)
20:51:47  trajectory: descending · mercury dasha · tempo×1.00 · tabla=True
20:51:49  mix recv: brightness=0.00 reverb=0.00
20:51:52  mix recv: brightness=0.00 reverb=0.00
20:51:54  mix recv: brightness=0.00 reverb=0.00
20:51:57  mix recv: brightness=0.00 reverb=0.00
20:52:00  mix recv: brightness=0.00 reverb=0.00
20:52:01  tanpura field: ga-sa-sa-Sa · Bhimpalasī · Sa=116.5Hz · nakshatra=Pūrvāṣāḍhā · tidx=21
20:52:01  sarangi: bowing Sa=116.5Hz
20:52:01  synth params: ga-sa-sa-Sa · Bhimpalasī · Sa=116.5Hz · nakshatra=Pūrvāṣāḍhā · tidx=21 · 8 voices · tabla · 6 bols · mudrā: Padmakosha (flowing)
20:52:01  trajectory: descending · mercury dasha · tempo×1.00 · tabla=True
20:52:03  mix recv: brightness=0.00 reverb=0.00
20:52:06  mix recv: brightness=0.00 reverb=0.00
20:52:09  mix recv: brightness=0.00 reverb=0.00
20:52:12  mix recv: brightness=0.00 reverb=0.00
20:52:14  mix recv: brightness=0.00 reverb=0.00
20:52:17  tanpura field: ga-sa-sa-Sa · Bhimpalasī · Sa=116.5Hz · nakshatra=Pūrvāṣāḍhā · tidx=21
20:52:17  sarangi: bowing Sa=116.5Hz
20:52:17  synth params: ga-sa-sa-Sa · Bhimpalasī · Sa=116.5Hz · nakshatra=Pūrvāṣāḍhā · tidx=21 · 6 voices · tabla · 6 bols · mudrā: Padmakosha (flowing)
20:52:17  trajectory: descending · mercury dasha · tempo×1.00 · tabla=True
20:52:17  mix recv: brightness=0.00 reverb=0.00
20:52:20  mix recv: brightness=0.00 reverb=0.00
20:52:23  mix recv: brightness=0.00 reverb=0.00
20:52:26  mix recv: brightness=0.00 reverb=0.00
20:52:29  mix recv: brightness=0.00 reverb=0.00
20:52:31  tanpura field: ga-sa-sa-Sa · Bhimpalasī · Sa=116.5Hz · nakshatra=Pūrvāṣāḍhā · tidx=21
20:52:31  sarangi: bowing Sa=116.5Hz
20:52:31  synth params: ga-sa-sa-Sa · Bhimpalasī · Sa=116.5Hz · nakshatra=Pūrvāṣāḍhā · tidx=21 · 9 voices · tabla · 6 bols · mudrā: Padmakosha (flowing)
20:52:31  trajectory: descending · mercury dasha · tempo×1.00 · tabla=True
20:52:32  mix recv: brightness=0.00 reverb=0.00
20:52:34  mix recv: brightness=0.00 reverb=0.00
20:52:37  mix recv: brightness=0.00 reverb=0.00
20:52:40  mix recv: brightness=0.00 reverb=0.00
20:52:43  mix recv: brightness=0.00 reverb=0.00
20:52:46  mix recv: brightness=0.00 reverb=0.00
20:52:47  tanpura field: ga-sa-sa-Sa · Bhimpalasī · Sa=116.5Hz · nakshatra=Pūrvāṣāḍhā · tidx=21
20:52:47  sarangi: bowing Sa=116.5Hz
20:52:47  synth params: ga-sa-sa-Sa · Bhimpalasī · Sa=116.5Hz · nakshatra=Pūrvāṣāḍhā · tidx=21 · 6 voices · tabla · 6 bols · mudrā: Padmakosha (flowing)
20:52:47  trajectory: descending · mercury dasha · tempo×1.00 · tabla=True
20:52:49  mix recv: brightness=0.00 reverb=0.00
20:52:52  mix recv: brightness=0.00 reverb=0.00
20:52:54  mix recv: brightness=0.00 reverb=0.00
20:52:57  mix recv: brightness=0.00 reverb=0.00
20:53:00  mix recv: brightness=0.00 reverb=0.00
20:53:01  tanpura field: ga-sa-sa-Sa · Bhimpalasī · Sa=116.5Hz · nakshatra=Pūrvāṣāḍhā · tidx=21
20:53:01  sarangi: bowing Sa=116.5Hz
20:53:01  synth params: ga-sa-sa-Sa · Bhimpalasī · Sa=116.5Hz · nakshatra=Pūrvāṣāḍhā · tidx=21 · 7 voices · tabla · 6 bols · mudrā: Padmakosha (flowing)
20:53:01  trajectory: descending · mercury dasha · tempo×1.00 · tabla=True
20:53:03  mix recv: brightness=0.00 reverb=0.00
20:53:06  mix recv: brightness=0.00 reverb=0.00
20:53:09  mix recv: brightness=0.00 reverb=0.00
20:53:12  mix recv: brightness=0.00 reverb=0.00
20:53:14  mix recv: brightness=0.00 reverb=0.00
20:53:17  mix recv: brightness=0.00 reverb=0.00
20:53:17  tanpura field: ga-sa-sa-Sa · Bhimpalasī · Sa=116.5Hz · nakshatra=Pūrvāṣāḍhā · tidx=21
20:53:17  sarangi: bowing Sa=116.5Hz
20:53:17  synth params: ga-sa-sa-Sa · Bhimpalasī · Sa=116.5Hz · nakshatra=Pūrvāṣāḍhā · tidx=21 · 6 voices · tabla · 6 bols · mudrā: Padmakosha (flowing)
20:53:17  trajectory: descending · mercury dasha · tempo×1.00 · tabla=True
20:53:20  mix recv: brightness=0.00 reverb=0.00
20:53:23  mix recv: brightness=0.00 reverb=0.00
20:53:26  mix recv: brightness=0.00 reverb=0.00
20:53:29  mix recv: brightness=0.00 reverb=0.00
20:53:31  tanpura field: ga-sa-sa-Sa · Bhimpalasī · Sa=116.5Hz · nakshatra=Pūrvāṣāḍhā · tidx=21
20:53:31  sarangi: bowing Sa=116.5Hz
20:53:31  synth params: ga-sa-sa-Sa · Bhimpalasī · Sa=116.5Hz · nakshatra=Pūrvāṣāḍhā · tidx=21 · 8 voices · tabla · 6 bols · mudrā: Padmakosha (flowing)
20:53:31  trajectory: descending · mercury dasha · tempo×1.00 · tabla=True
20:53:32  mix recv: brightness=0.00 reverb=0.00
20:53:34  mix recv: brightness=0.00 reverb=0.00
20:53:37  mix recv: brightness=0.00 reverb=0.00
20:53:40  mix recv: brightness=0.00 reverb=0.00
20:53:43  mix recv: brightness=0.00 reverb=0.00
20:53:46  mix recv: brightness=0.00 reverb=0.00
20:53:47  tanpura field: ga-sa-sa-Sa · Bhimpalasī · Sa=116.5Hz · nakshatra=Pūrvāṣāḍhā · tidx=21
20:53:47  sarangi: bowing Sa=116.5Hz
20:53:47  synth params: ga-sa-sa-Sa · Bhimpalasī · Sa=116.5Hz · nakshatra=Pūrvāṣāḍhā · tidx=21 · 8 voices · tabla · 6 bols · mudrā: Padmakosha (flowing)
20:53:47  trajectory: descending · mercury dasha · tempo×1.00 · tabla=True
20:53:49  mix recv: brightness=0.00 reverb=0.00
20:53:52  mix recv: brightness=0.00 reverb=0.00
20:53:54  mix recv: brightness=0.00 reverb=0.00
20:53:57  mix recv: brightness=0.00 reverb=0.00
20:54:00  mix recv: brightness=0.00 reverb=0.00
20:54:01  tanpura field: ga-sa-sa-Sa · Bhimpalasī · Sa=116.5Hz · nakshatra=Pūrvāṣāḍhā · tidx=21
20:54:01  sarangi: bowing Sa=116.5Hz
20:54:01  synth params: ga-sa-sa-Sa · Bhimpalasī · Sa=116.5Hz · nakshatra=Pūrvāṣāḍhā · tidx=21 · 6 voices · tabla · 6 bols · mudrā: Padmakosha (flowing)
20:54:01  trajectory: descending · mercury dasha · tempo×1.00 · tabla=True
20:54:03  mix recv: brightness=0.00 reverb=0.00
20:54:06  mix recv: brightness=0.00 reverb=0.00
20:54:09  mix recv: brightness=0.00 reverb=0.00
20:54:12  mix recv: brightness=0.00 reverb=0.00
20:54:14  mix recv: brightness=0.00 reverb=0.00
20:54:17  mix recv: brightness=0.00 reverb=0.00
20:54:18  tanpura field: ga-sa-sa-Sa · Bhimpalasī · Sa=116.5Hz · nakshatra=Pūrvāṣāḍhā · tidx=21
20:54:18  sarangi: bowing Sa=116.5Hz
20:54:18  synth params: ga-sa-sa-Sa · Bhimpalasī · Sa=116.5Hz · nakshatra=Pūrvāṣāḍhā · tidx=21 · 6 voices · tabla · 6 bols · mudrā: Padmakosha (flowing)
20:54:18  trajectory: descending · mercury dasha · tempo×1.00 · tabla=True
20:54:20  mix recv: brightness=0.00 reverb=0.00
20:54:23  mix recv: brightness=0.00 reverb=0.00
20:54:26  mix recv: brightness=0.00 reverb=0.00
20:54:29  mix recv: brightness=0.00 reverb=0.00
20:54:31  tanpura field: ga-sa-sa-Sa · Bhimpalasī · Sa=116.5Hz · nakshatra=Pūrvāṣāḍhā · tidx=21
20:54:31  sarangi: bowing Sa=116.5Hz
20:54:31  synth params: ga-sa-sa-Sa · Bhimpalasī · Sa=116.5Hz · nakshatra=Pūrvāṣāḍhā · tidx=21 · 9 voices · tabla · 6 bols · mudrā: Padmakosha (flowing)
20:54:31  trajectory: descending · mercury dasha · tempo×1.00 · tabla=True
20:54:32  mix recv: brightness=0.00 reverb=0.00
20:54:34  mix recv: brightness=0.00 reverb=0.00
20:54:37  mix recv: brightness=0.00 reverb=0.00
20:54:40  mix recv: brightness=0.00 reverb=0.00
20:54:43  mix recv: brightness=0.00 reverb=0.00
20:54:46  mix recv: brightness=0.00 reverb=0.00
20:54:48  tanpura field: ga-sa-sa-Sa · Bhimpalasī · Sa=116.5Hz · nakshatra=Pūrvāṣāḍhā · tidx=21
20:54:48  sarangi: bowing Sa=116.5Hz
20:54:48  synth params: ga-sa-sa-Sa · Bhimpalasī · Sa=116.5Hz · nakshatra=Pūrvāṣāḍhā · tidx=21 · 6 voices · tabla · 6 bols · mudrā: Padmakosha (flowing)
20:54:48  trajectory: descending · mercury dasha · tempo×1.00 · tabla=True
20:54:49  mix recv: brightness=0.00 reverb=0.00
20:54:52  mix recv: brightness=0.00 reverb=0.00
20:54:54  mix recv: brightness=0.00 reverb=0.00
20:54:57  mix recv: brightness=0.00 reverb=0.00
20:55:00  mix recv: brightness=0.00 reverb=0.00
20:55:01  tanpura field: ga-sa-sa-Sa · Bhimpalasī · Sa=116.5Hz · nakshatra=Pūrvāṣāḍhā · tidx=21
20:55:01  sarangi: bowing Sa=116.5Hz
20:55:01  synth params: ga-sa-sa-Sa · Bhimpalasī · Sa=116.5Hz · nakshatra=Pūrvāṣāḍhā · tidx=21 · 9 voices · tabla · 6 bols · mudrā: Padmakosha (flowing)
20:55:01  trajectory: descending · mercury dasha · tempo×1.00 · tabla=True
20:55:03  mix recv: brightness=0.00 reverb=0.00
20:55:06  mix recv: brightness=0.00 reverb=0.00
20:55:09  mix recv: brightness=0.00 reverb=0.00
20:55:12  mix recv: brightness=0.00 reverb=0.00
20:55:14  mix recv: brightness=0.00 reverb=0.00
20:55:17  mix recv: brightness=0.00 reverb=0.00
20:55:18  tanpura field: ga-sa-sa-Sa · Bhimpalasī · Sa=116.5Hz · nakshatra=Pūrvāṣāḍhā · tidx=21
20:55:18  sarangi: bowing Sa=116.5Hz
20:55:18  synth params: ga-sa-sa-Sa · Bhimpalasī · Sa=116.5Hz · nakshatra=Pūrvāṣāḍhā · tidx=21 · 7 voices · tabla · 6 bols · mudrā: Padmakosha (flowing)
20:55:18  trajectory: descending · mercury dasha · tempo×1.00 · tabla=True
20:55:20  mix recv: brightness=0.00 reverb=0.00
20:55:23  mix recv: brightness=0.00 reverb=0.00
20:55:26  mix recv: brightness=0.00 reverb=0.00
20:55:29  mix recv: brightness=0.00 reverb=0.00
20:55:31  tanpura field: ga-sa-sa-Sa · Bhimpalasī · Sa=116.5Hz · nakshatra=Pūrvāṣāḍhā · tidx=21
20:55:31  sarangi: bowing Sa=116.5Hz
20:55:31  synth params: ga-sa-sa-Sa · Bhimpalasī · Sa=116.5Hz · nakshatra=Pūrvāṣāḍhā · tidx=21 · 9 voices · tabla · 6 bols · mudrā: Padmakosha (flowing)
20:55:31  trajectory: descending · mercury dasha · tempo×1.00 · tabla=True
20:55:32  mix recv: brightness=0.00 reverb=0.00
20:55:34  mix recv: brightness=0.00 reverb=0.00
20:55:37  mix recv: brightness=0.00 reverb=0.00
20:55:40  mix recv: brightness=0.00 reverb=0.00
20:55:43  mix recv: brightness=0.00 reverb=0.00
20:55:46  mix recv: brightness=0.00 reverb=0.00
20:55:48  tanpura field: ga-sa-sa-Sa · Bhimpalasī · Sa=116.5Hz · nakshatra=Pūrvāṣāḍhā · tidx=21
20:55:48  sarangi: bowing Sa=116.5Hz
20:55:48  synth params: ga-sa-sa-Sa · Bhimpalasī · Sa=116.5Hz · nakshatra=Pūrvāṣāḍhā · tidx=21 · 7 voices · tabla · 6 bols · mudrā: Padmakosha (flowing)
20:55:48  trajectory: descending · mercury dasha · tempo×1.00 · tabla=True
20:55:49  mix recv: brightness=0.00 reverb=0.00
20:55:52  mix recv: brightness=0.00 reverb=0.00
20:55:54  mix recv: brightness=0.00 reverb=0.00
20:55:57  mix recv: brightness=0.00 reverb=0.00
20:56:00  mix recv: brightness=0.00 reverb=0.00
20:56:02  tanpura field: ga-sa-sa-Sa · Bhimpalasī · Sa=116.5Hz · nakshatra=Pūrvāṣāḍhā · tidx=21
20:56:02  sarangi: bowing Sa=116.5Hz
20:56:02  synth params: ga-sa-sa-Sa · Bhimpalasī · Sa=116.5Hz · nakshatra=Pūrvāṣāḍhā · tidx=21 · 7 voices · tabla · 6 bols · mudrā: Padmakosha (flowing)
20:56:02  trajectory: descending · mercury dasha · tempo×1.00 · tabla=True
20:56:03  mix recv: brightness=0.00 reverb=0.00
20:56:06  mix recv: brightness=0.00 reverb=0.00
20:56:09  mix recv: brightness=0.00 reverb=0.00
20:56:12  mix recv: brightness=0.00 reverb=0.00
20:56:14  mix recv: brightness=0.00 reverb=0.00
20:56:17  mix recv: brightness=0.00 reverb=0.00
20:56:18  tanpura field: ga-sa-sa-Sa · Bhimpalasī · Sa=116.5Hz · nakshatra=Pūrvāṣāḍhā · tidx=21
20:56:18  sarangi: bowing Sa=116.5Hz
20:56:18  synth params: ga-sa-sa-Sa · Bhimpalasī · Sa=116.5Hz · nakshatra=Pūrvāṣāḍhā · tidx=21 · 8 voices · tabla · 6 bols · mudrā: Padmakosha (flowing)
20:56:18  trajectory: descending · mercury dasha · tempo×1.00 · tabla=True
20:56:20  mix recv: brightness=0.00 reverb=0.00
20:56:23  mix recv: brightness=0.00 reverb=0.00
20:56:26  mix recv: brightness=0.00 reverb=0.00
20:56:29  mix recv: brightness=0.00 reverb=0.00
20:56:32  mix recv: brightness=0.00 reverb=0.00
20:56:32  tanpura field: ga-sa-sa-Sa · Bhimpalasī · Sa=116.5Hz · nakshatra=Pūrvāṣāḍhā · tidx=21
20:56:32  sarangi: bowing Sa=116.5Hz
20:56:32  synth params: ga-sa-sa-Sa · Bhimpalasī · Sa=116.5Hz · nakshatra=Pūrvāṣāḍhā · tidx=21 · 6 voices · tabla · 6 bols · mudrā: Padmakosha (flowing)
20:56:32  trajectory: descending · mercury dasha · tempo×1.00 · tabla=True
20:56:34  mix recv: brightness=0.00 reverb=0.00
20:56:37  mix recv: brightness=0.00 reverb=0.00
20:56:40  mix recv: brightness=0.00 reverb=0.00
20:56:43  mix recv: brightness=0.00 reverb=0.00
20:56:46  mix recv: brightness=0.00 reverb=0.00
20:56:48  tanpura field: ga-sa-sa-Sa · Bhimpalasī · Sa=116.5Hz · nakshatra=Pūrvāṣāḍhā · tidx=21
20:56:48  sarangi: bowing Sa=116.5Hz
20:56:48  synth params: ga-sa-sa-Sa · Bhimpalasī · Sa=116.5Hz · nakshatra=Pūrvāṣāḍhā · tidx=21 · 7 voices · tabla · 6 bols · mudrā: Padmakosha (flowing)
20:56:48  trajectory: descending · mercury dasha · tempo×1.00 · tabla=True
20:56:49  mix recv: brightness=0.00 reverb=0.00
20:56:52  mix recv: brightness=0.00 reverb=0.00
20:56:54  mix recv: brightness=0.00 reverb=0.00
20:56:57  mix recv: brightness=0.00 reverb=0.00
20:57:00  mix recv: brightness=0.00 reverb=0.00
20:57:02  tanpura field: ga-sa-sa-Sa · Bhimpalasī · Sa=116.5Hz · nakshatra=Pūrvāṣāḍhā · tidx=21
20:57:02  sarangi: bowing Sa=116.5Hz
20:57:02  synth params: ga-sa-sa-Sa · Bhimpalasī · Sa=116.5Hz · nakshatra=Pūrvāṣāḍhā · tidx=21 · 6 voices · tabla · 6 bols · mudrā: Padmakosha (flowing)
20:57:02  trajectory: descending · mercury dasha · tempo×1.00 · tabla=True
20:57:03  mix recv: brightness=0.00 reverb=0.00
20:57:06  mix recv: brightness=0.00 reverb=0.00
20:57:09  mix recv: brightness=0.00 reverb=0.00
20:57:12  mix recv: brightness=0.00 reverb=0.00
20:57:14  mix recv: brightness=0.00 reverb=0.00
20:57:17  mix recv: brightness=0.00 reverb=0.00
20:57:18  tanpura field: ga-sa-sa-Sa · Bhimpalasī · Sa=116.5Hz · nakshatra=Pūrvāṣāḍhā · tidx=21
20:57:18  sarangi: bowing Sa=116.5Hz
20:57:18  synth params: ga-sa-sa-Sa · Bhimpalasī · Sa=116.5Hz · nakshatra=Pūrvāṣāḍhā · tidx=21 · 6 voices · tabla · 6 bols · mudrā: Padmakosha (flowing)
20:57:18  trajectory: descending · mercury dasha · tempo×1.00 · tabla=True
20:57:20  mix recv: brightness=0.00 reverb=0.00
20:57:23  mix recv: brightness=0.00 reverb=0.00
20:57:26  mix recv: brightness=0.00 reverb=0.00
20:57:29  mix recv: brightness=0.00 reverb=0.00
20:57:32  mix recv: brightness=0.00 reverb=0.00
20:57:32  tanpura field: ga-sa-sa-Sa · Bhimpalasī · Sa=116.5Hz · nakshatra=Pūrvāṣāḍhā · tidx=21
20:57:32  sarangi: bowing Sa=116.5Hz
20:57:32  synth params: ga-sa-sa-Sa · Bhimpalasī · Sa=116.5Hz · nakshatra=Pūrvāṣāḍhā · tidx=21 · 6 voices · tabla · 6 bols · mudrā: Padmakosha (flowing)
20:57:32  trajectory: descending · mercury dasha · tempo×1.00 · tabla=True
20:57:34  mix recv: brightness=0.00 reverb=0.00
20:57:37  mix recv: brightness=0.00 reverb=0.00
20:57:40  mix recv: brightness=0.00 reverb=0.00
20:57:43  mix recv: brightness=0.00 reverb=0.00
20:57:46  mix recv: brightness=0.00 reverb=0.00
20:57:48  tanpura field: ga-sa-sa-Sa · Bhimpalasī · Sa=116.5Hz · nakshatra=Pūrvāṣāḍhā · tidx=21
20:57:48  sarangi: bowing Sa=116.5Hz
20:57:48  synth params: ga-sa-sa-Sa · Bhimpalasī · Sa=116.5Hz · nakshatra=Pūrvāṣāḍhā · tidx=21 · 7 voices · tabla · 6 bols · mudrā: Padmakosha (flowing)
20:57:48  trajectory: descending · mercury dasha · tempo×1.00 · tabla=True
20:57:49  mix recv: brightness=0.00 reverb=0.00
20:57:52  mix recv: brightness=0.00 reverb=0.00
20:57:54  mix recv: brightness=0.00 reverb=0.00
20:57:57  mix recv: brightness=0.00 reverb=0.00
20:58:00  mix recv: brightness=0.00 reverb=0.00
20:58:02  tanpura field: ga-sa-sa-Sa · Bhimpalasī · Sa=116.5Hz · nakshatra=Pūrvāṣāḍhā · tidx=21
20:58:02  sarangi: bowing Sa=116.5Hz
20:58:02  synth params: ga-sa-sa-Sa · Bhimpalasī · Sa=116.5Hz · nakshatra=Pūrvāṣāḍhā · tidx=21 · 7 voices · tabla · 6 bols · mudrā: Padmakosha (flowing)
20:58:02  trajectory: descending · mercury dasha · tempo×1.00 · tabla=True
20:58:03  mix recv: brightness=0.00 reverb=0.00
20:58:06  mix recv: brightness=0.00 reverb=0.00
20:58:09  mix recv: brightness=0.00 reverb=0.00
20:58:12  mix recv: brightness=0.00 reverb=0.00
20:58:14  mix recv: brightness=0.00 reverb=0.00
20:58:17  mix recv: brightness=0.00 reverb=0.00
20:58:18  tanpura field: ga-sa-sa-Sa · Bhimpalasī · Sa=116.5Hz · nakshatra=Pūrvāṣāḍhā · tidx=21
20:58:18  sarangi: bowing Sa=116.5Hz
20:58:18  synth params: ga-sa-sa-Sa · Bhimpalasī · Sa=116.5Hz · nakshatra=Pūrvāṣāḍhā · tidx=21 · 7 voices · tabla · 6 bols · mudrā: Padmakosha (flowing)
20:58:18  trajectory: descending · mercury dasha · tempo×1.00 · tabla=True
20:58:20  mix recv: brightness=0.00 reverb=0.00
20:58:23  mix recv: brightness=0.00 reverb=0.00
20:58:26  mix recv: brightness=0.00 reverb=0.00
20:58:29  mix recv: brightness=0.00 reverb=0.00
20:58:32  mix recv: brightness=0.00 reverb=0.00
20:58:32  tanpura field: ga-sa-sa-Sa · Bhimpalasī · Sa=116.5Hz · nakshatra=Pūrvāṣāḍhā · tidx=21
20:58:32  sarangi: bowing Sa=116.5Hz
20:58:32  synth params: ga-sa-sa-Sa · Bhimpalasī · Sa=116.5Hz · nakshatra=Pūrvāṣāḍhā · tidx=21 · 6 voices · tabla · 6 bols · mudrā: Padmakosha (flowing)
20:58:32  trajectory: descending · mercury dasha · tempo×1.00 · tabla=True
20:58:34  mix recv: brightness=0.00 reverb=0.00
20:58:37  mix recv: brightness=0.00 reverb=0.00
20:58:40  mix recv: brightness=0.00 reverb=0.00
20:58:43  mix recv: brightness=0.00 reverb=0.00
20:58:46  mix recv: brightness=0.00 reverb=0.00
20:58:49  tanpura field: ga-sa-sa-Sa · Bhimpalasī · Sa=116.5Hz · nakshatra=Pūrvāṣāḍhā · tidx=21
20:58:49  sarangi: bowing Sa=116.5Hz
20:58:49  synth params: ga-sa-sa-Sa · Bhimpalasī · Sa=116.5Hz · nakshatra=Pūrvāṣāḍhā · tidx=21 · 6 voices · tabla · 6 bols · mudrā: Padmakosha (flowing)
20:58:49  trajectory: descending · mercury dasha · tempo×1.00 · tabla=True
20:58:49  mix recv: brightness=0.00 reverb=0.00
20:58:52  mix recv: brightness=0.00 reverb=0.00
20:58:54  mix recv: brightness=0.00 reverb=0.00
20:58:57  mix recv: brightness=0.00 reverb=0.00
20:59:00  mix recv: brightness=0.00 reverb=0.00
20:59:02  tanpura field: ga-sa-sa-Sa · Bhimpalasī · Sa=116.5Hz · nakshatra=Pūrvāṣāḍhā · tidx=21
20:59:02  sarangi: bowing Sa=116.5Hz
20:59:02  synth params: ga-sa-sa-Sa · Bhimpalasī · Sa=116.5Hz · nakshatra=Pūrvāṣāḍhā · tidx=21 · 9 voices · tabla · 6 bols · mudrā: Padmakosha (flowing)
20:59:02  trajectory: descending · mercury dasha · tempo×1.00 · tabla=True
20:59:03  mix recv: brightness=0.00 reverb=0.00
20:59:06  mix recv: brightness=0.00 reverb=0.00
20:59:09  mix recv: brightness=0.00 reverb=0.00
20:59:12  mix recv: brightness=0.00 reverb=0.00
20:59:14  mix recv: brightness=0.00 reverb=0.00
20:59:17  mix recv: brightness=0.00 reverb=0.00
20:59:19  tanpura field: ga-sa-sa-Sa · Bhimpalasī · Sa=116.5Hz · nakshatra=Pūrvāṣāḍhā · tidx=21
20:59:19  sarangi: bowing Sa=116.5Hz
20:59:19  synth params: ga-sa-sa-Sa · Bhimpalasī · Sa=116.5Hz · nakshatra=Pūrvāṣāḍhā · tidx=21 · 6 voices · tabla · 6 bols · mudrā: Padmakosha (flowing)
20:59:19  trajectory: descending · mercury dasha · tempo×1.00 · tabla=True
20:59:20  mix recv: brightness=0.00 reverb=0.00
20:59:23  mix recv: brightness=0.00 reverb=0.00
20:59:26  mix recv: brightness=0.00 reverb=0.00
20:59:29  mix recv: brightness=0.00 reverb=0.00
20:59:32  mix recv: brightness=0.00 reverb=0.00
20:59:32  tanpura field: ga-sa-sa-Sa · Bhimpalasī · Sa=116.5Hz · nakshatra=Pūrvāṣāḍhā · tidx=21
20:59:32  sarangi: bowing Sa=116.5Hz
20:59:32  synth params: ga-sa-sa-Sa · Bhimpalasī · Sa=116.5Hz · nakshatra=Pūrvāṣāḍhā · tidx=21 · 6 voices · tabla · 6 bols · mudrā: Padmakosha (flowing)
20:59:32  trajectory: descending · mercury dasha · tempo×1.00 · tabla=True
20:59:34  mix recv: brightness=0.00 reverb=0.00
20:59:37  mix recv: brightness=0.00 reverb=0.00
20:59:40  mix recv: brightness=0.00 reverb=0.00
20:59:43  mix recv: brightness=0.00 reverb=0.00
20:59:46  mix recv: brightness=0.00 reverb=0.00
20:59:49  mix recv: brightness=0.00 reverb=0.00
20:59:49  tanpura field: ga-sa-sa-Sa · Bhimpalasī · Sa=116.5Hz · nakshatra=Pūrvāṣāḍhā · tidx=21
20:59:49  sarangi: bowing Sa=116.5Hz
20:59:49  synth params: ga-sa-sa-Sa · Bhimpalasī · Sa=116.5Hz · nakshatra=Pūrvāṣāḍhā · tidx=21 · 6 voices · tabla · 6 bols · mudrā: Padmakosha (flowing)
20:59:49  trajectory: descending · mercury dasha · tempo×1.00 · tabla=True
20:59:52  mix recv: brightness=0.00 reverb=0.00
20:59:54  mix recv: brightness=0.00 reverb=0.00
20:59:57  mix recv: brightness=0.00 reverb=0.00
21:00:00  mix recv: brightness=0.00 reverb=0.00
21:00:03  tanpura field: ga-sa-sa-Sa · Bhimpalasī · Sa=116.5Hz · nakshatra=Pūrvāṣāḍhā · tidx=21
21:00:03  sarangi: bowing Sa=116.5Hz
21:00:03  synth params: ga-sa-sa-Sa · Bhimpalasī · Sa=116.5Hz · nakshatra=Pūrvāṣāḍhā · tidx=21 · 7 voices · tabla · 6 bols · mudrā: Padmakosha (flowing)
21:00:03  trajectory: descending · mercury dasha · tempo×1.00 · tabla=True
21:00:03  mix recv: brightness=0.00 reverb=0.00
21:00:06  mix recv: brightness=0.00 reverb=0.00
21:00:09  mix recv: brightness=0.00 reverb=0.00
21:00:12  mix recv: brightness=0.00 reverb=0.00
21:00:14  mix recv: brightness=0.00 reverb=0.00
21:00:17  mix recv: brightness=0.00 reverb=0.00
21:00:19  tanpura field: ga-sa-sa-Sa · Bhimpalasī · Sa=116.5Hz · nakshatra=Pūrvāṣāḍhā · tidx=21
21:00:19  sarangi: bowing Sa=116.5Hz
21:00:19  synth params: ga-sa-sa-Sa · Bhimpalasī · Sa=116.5Hz · nakshatra=Pūrvāṣāḍhā · tidx=21 · 6 voices · tabla · 6 bols · mudrā: Padmakosha (flowing)
21:00:19  trajectory: descending · mercury dasha · tempo×1.00 · tabla=True
21:00:20  mix recv: brightness=0.00 reverb=0.00
21:00:23  mix recv: brightness=0.00 reverb=0.00
21:00:26  mix recv: brightness=0.00 reverb=0.00
21:00:29  mix recv: brightness=0.00 reverb=0.00
21:00:32  mix recv: brightness=0.00 reverb=0.00
21:00:33  tanpura field: ga-sa-sa-Sa · Bhimpalasī · Sa=116.5Hz · nakshatra=Pūrvāṣāḍhā · tidx=21
21:00:33  sarangi: bowing Sa=116.5Hz
21:00:33  synth params: ga-sa-sa-Sa · Bhimpalasī · Sa=116.5Hz · nakshatra=Pūrvāṣāḍhā · tidx=21 · 7 voices · tabla · 6 bols · mudrā: Padmakosha (flowing)
21:00:33  trajectory: descending · mercury dasha · tempo×1.00 · tabla=True
21:00:34  mix recv: brightness=0.00 reverb=0.00
21:00:37  mix recv: brightness=0.00 reverb=0.00
21:00:40  mix recv: brightness=0.00 reverb=0.00
21:00:43  mix recv: brightness=0.00 reverb=0.00
21:00:46  mix recv: brightness=0.00 reverb=0.00
21:00:49  mix recv: brightness=0.00 reverb=0.00
21:00:49  tanpura field: ga-sa-sa-Sa · Bhimpalasī · Sa=116.5Hz · nakshatra=Pūrvāṣāḍhā · tidx=21
21:00:49  sarangi: bowing Sa=116.5Hz
21:00:49  synth params: ga-sa-sa-Sa · Bhimpalasī · Sa=116.5Hz · nakshatra=Pūrvāṣāḍhā · tidx=21 · 6 voices · tabla · 6 bols · mudrā: Padmakosha (flowing)
21:00:49  trajectory: descending · mercury dasha · tempo×1.00 · tabla=True
21:00:52  mix recv: brightness=0.00 reverb=0.00
21:00:54  mix recv: brightness=0.00 reverb=0.00
21:00:57  mix recv: brightness=0.00 reverb=0.00
21:01:00  mix recv: brightness=0.00 reverb=0.00
21:01:03  tanpura field: ga-sa-sa-Sa · Bhimpalasī · Sa=116.5Hz · nakshatra=Pūrvāṣāḍhā · tidx=21
21:01:03  sarangi: bowing Sa=116.5Hz
21:01:03  synth params: ga-sa-sa-Sa · Bhimpalasī · Sa=116.5Hz · nakshatra=Pūrvāṣāḍhā · tidx=21 · 8 voices · tabla · 6 bols · mudrā: Padmakosha (flowing)
21:01:03  trajectory: descending · mercury dasha · tempo×1.00 · tabla=True
21:01:03  mix recv: brightness=0.00 reverb=0.00
21:01:07  mix recv: brightness=0.00 reverb=0.00
21:01:12  mix recv: brightness=0.00 reverb=0.00
21:01:16  mix recv: brightness=0.00 reverb=0.00
21:01:19  tanpura field: ga-sa-sa-Sa · Bhimpalasī · Sa=116.5Hz · nakshatra=Pūrvāṣāḍhā · tidx=21
21:01:19  sarangi: bowing Sa=116.5Hz
21:01:19  synth params: ga-sa-sa-Sa · Bhimpalasī · Sa=116.5Hz · nakshatra=Pūrvāṣāḍhā · tidx=21 · 6 voices · tabla · 6 bols · mudrā: Padmakosha (flowing)
21:01:19  trajectory: descending · mercury dasha · tempo×1.00 · tabla=True
21:01:20  mix recv: brightness=0.00 reverb=0.00
21:01:24  mix recv: brightness=0.00 reverb=0.00
21:01:29  mix recv: brightness=0.00 reverb=0.00
21:01:33  tanpura field: ga-sa-sa-Sa · Bhimpalasī · Sa=116.5Hz · nakshatra=Pūrvāṣāḍhā · tidx=21
21:01:33  sarangi: bowing Sa=116.5Hz
21:01:33  synth params: ga-sa-sa-Sa · Bhimpalasī · Sa=116.5Hz · nakshatra=Pūrvāṣāḍhā · tidx=21 · 7 voices · tabla · 6 bols · mudrā: Padmakosha (flowing)
21:01:33  trajectory: descending · mercury dasha · tempo×1.00 · tabla=True
21:01:33  mix recv: brightness=0.00 reverb=0.00
21:01:37  mix recv: brightness=0.00 reverb=0.00
21:01:42  mix recv: brightness=0.00 reverb=0.00
21:01:46  mix recv: brightness=0.00 reverb=0.00
21:01:49  tanpura field: ga-sa-sa-Sa · Bhimpalasī · Sa=116.5Hz · nakshatra=Pūrvāṣāḍhā · tidx=21
21:01:49  sarangi: bowing Sa=116.5Hz
21:01:49  synth params: ga-sa-sa-Sa · Bhimpalasī · Sa=116.5Hz · nakshatra=Pūrvāṣāḍhā · tidx=21 · 6 voices · tabla · 6 bols · mudrā: Padmakosha (flowing)
21:01:49  trajectory: descending · mercury dasha · tempo×1.00 · tabla=True
21:01:50  mix recv: brightness=0.00 reverb=0.00
21:01:54  mix recv: brightness=0.00 reverb=0.00
21:01:59  mix recv: brightness=0.00 reverb=0.00
21:02:03  mix recv: brightness=0.00 reverb=0.00
21:02:03  tanpura field: ga-sa-sa-Sa · Bhimpalasī · Sa=116.5Hz · nakshatra=Pūrvāṣāḍhā · tidx=21
21:02:03  sarangi: bowing Sa=116.5Hz
21:02:03  synth params: ga-sa-sa-Sa · Bhimpalasī · Sa=116.5Hz · nakshatra=Pūrvāṣāḍhā · tidx=21 · 9 voices · tabla · 6 bols · mudrā: Padmakosha (flowing)
21:02:03  trajectory: descending · mercury dasha · tempo×1.00 · tabla=True
21:02:07  mix recv: brightness=0.00 reverb=0.00
21:02:12  mix recv: brightness=0.00 reverb=0.00
21:02:16  mix recv: brightness=0.00 reverb=0.00
21:02:19  tanpura field: ga-sa-sa-Sa · Bhimpalasī · Sa=116.5Hz · nakshatra=Pūrvāṣāḍhā · tidx=21
21:02:19  sarangi: bowing Sa=116.5Hz
21:02:19  synth params: ga-sa-sa-Sa · Bhimpalasī · Sa=116.5Hz · nakshatra=Pūrvāṣāḍhā · tidx=21 · 7 voices · tabla · 6 bols · mudrā: Padmakosha (flowing)
21:02:19  trajectory: descending · mercury dasha · tempo×1.00 · tabla=True
21:02:20  mix recv: brightness=0.00 reverb=0.00
21:02:24  mix recv: brightness=0.00 reverb=0.00
21:02:29  mix recv: brightness=0.00 reverb=0.00
21:02:33  mix recv: brightness=0.00 reverb=0.00
21:02:33  tanpura field: ga-sa-sa-Sa · Bhimpalasī · Sa=116.5Hz · nakshatra=Pūrvāṣāḍhā · tidx=21
21:02:33  sarangi: bowing Sa=116.5Hz
21:02:33  synth params: ga-sa-sa-Sa · Bhimpalasī · Sa=116.5Hz · nakshatra=Pūrvāṣāḍhā · tidx=21 · 6 voices · tabla · 6 bols · mudrā: Padmakosha (flowing)
21:02:33  trajectory: descending · mercury dasha · tempo×1.00 · tabla=True
21:02:37  mix recv: brightness=0.00 reverb=0.00
21:02:42  mix recv: brightness=0.00 reverb=0.00
21:02:46  mix recv: brightness=0.00 reverb=0.00
21:02:49  tanpura field: ga-sa-sa-Sa · Bhimpalasī · Sa=116.5Hz · nakshatra=Pūrvāṣāḍhā · tidx=21
21:02:49  sarangi: bowing Sa=116.5Hz
21:02:49  synth params: ga-sa-sa-Sa · Bhimpalasī · Sa=116.5Hz · nakshatra=Pūrvāṣāḍhā · tidx=21 · 8 voices · tabla · 6 bols · mudrā: Padmakosha (flowing)
21:02:49  trajectory: descending · mercury dasha · tempo×1.00 · tabla=True
21:02:50  mix recv: brightness=0.00 reverb=0.00
21:02:54  mix recv: brightness=0.00 reverb=0.00
21:02:59  mix recv: brightness=0.00 reverb=0.00
21:03:03  mix recv: brightness=0.00 reverb=0.00
21:03:03  tanpura field: ga-sa-sa-Sa · Bhimpalasī · Sa=116.5Hz · nakshatra=Pūrvāṣāḍhā · tidx=21
21:03:03  sarangi: bowing Sa=116.5Hz
21:03:03  synth params: ga-sa-sa-Sa · Bhimpalasī · Sa=116.5Hz · nakshatra=Pūrvāṣāḍhā · tidx=21 · 6 voices · tabla · 6 bols · mudrā: Padmakosha (flowing)
21:03:03  trajectory: descending · mercury dasha · tempo×1.00 · tabla=True
21:03:07  mix recv: brightness=0.00 reverb=0.00
21:03:12  mix recv: brightness=0.00 reverb=0.00
21:03:16  mix recv: brightness=0.00 reverb=0.00
21:03:19  tanpura field: ga-sa-sa-Sa · Bhimpalasī · Sa=116.5Hz · nakshatra=Pūrvāṣāḍhā · tidx=21
21:03:19  sarangi: bowing Sa=116.5Hz
21:03:19  synth params: ga-sa-sa-Sa · Bhimpalasī · Sa=116.5Hz · nakshatra=Pūrvāṣāḍhā · tidx=21 · 9 voices · tabla · 6 bols · mudrā: Padmakosha (flowing)
21:03:19  trajectory: descending · mercury dasha · tempo×1.00 · tabla=True
21:03:20  mix recv: brightness=0.00 reverb=0.00
21:03:24  mix recv: brightness=0.00 reverb=0.00
21:03:29  mix recv: brightness=0.00 reverb=0.00
21:03:33  mix recv: brightness=0.00 reverb=0.00
21:03:33  tanpura field: ga-sa-sa-Sa · Bhimpalasī · Sa=116.5Hz · nakshatra=Pūrvāṣāḍhā · tidx=21
21:03:33  sarangi: bowing Sa=116.5Hz
21:03:33  synth params: ga-sa-sa-Sa · Bhimpalasī · Sa=116.5Hz · nakshatra=Pūrvāṣāḍhā · tidx=21 · 6 voices · tabla · 6 bols · mudrā: Padmakosha (flowing)
21:03:33  trajectory: descending · mercury dasha · tempo×1.00 · tabla=True
21:03:37  mix recv: brightness=0.00 reverb=0.00
21:03:42  mix recv: brightness=0.00 reverb=0.00
21:03:46  mix recv: brightness=0.00 reverb=0.00
21:03:50  tanpura field: ga-sa-sa-Sa · Bhimpalasī · Sa=116.5Hz · nakshatra=Pūrvāṣāḍhā · tidx=21
21:03:50  sarangi: bowing Sa=116.5Hz
21:03:50  synth params: ga-sa-sa-Sa · Bhimpalasī · Sa=116.5Hz · nakshatra=Pūrvāṣāḍhā · tidx=21 · 8 voices · tabla · 6 bols · mudrā: Padmakosha (flowing)
21:03:50  trajectory: descending · mercury dasha · tempo×1.00 · tabla=True
21:03:50  mix recv: brightness=0.00 reverb=0.00
21:03:54  mix recv: brightness=0.00 reverb=0.00
21:03:59  mix recv: brightness=0.00 reverb=0.00
21:04:03  mix recv: brightness=0.00 reverb=0.00
21:04:03  tanpura field: ga-sa-sa-Sa · Bhimpalasī · Sa=116.5Hz · nakshatra=Pūrvāṣāḍhā · tidx=21
21:04:03  sarangi: bowing Sa=116.5Hz
21:04:03  synth params: ga-sa-sa-Sa · Bhimpalasī · Sa=116.5Hz · nakshatra=Pūrvāṣāḍhā · tidx=21 · 6 voices · tabla · 6 bols · mudrā: Padmakosha (flowing)
21:04:03  trajectory: descending · mercury dasha · tempo×1.00 · tabla=True
21:04:07  mix recv: brightness=0.00 reverb=0.00
21:04:12  mix recv: brightness=0.00 reverb=0.00
21:04:16  mix recv: brightness=0.00 reverb=0.00
21:04:20  tanpura field: ga-sa-sa-Sa · Bhimpalasī · Sa=116.5Hz · nakshatra=Pūrvāṣāḍhā · tidx=21
21:04:20  sarangi: bowing Sa=116.5Hz
21:04:20  synth params: ga-sa-sa-Sa · Bhimpalasī · Sa=116.5Hz · nakshatra=Pūrvāṣāḍhā · tidx=21 · 6 voices · tabla · 6 bols · mudrā: Padmakosha (flowing)
21:04:20  trajectory: descending · mercury dasha · tempo×1.00 · tabla=True
21:04:20  mix recv: brightness=0.00 reverb=0.00
21:04:24  mix recv: brightness=0.00 reverb=0.00
21:04:29  mix recv: brightness=0.00 reverb=0.00
21:04:33  mix recv: brightness=0.00 reverb=0.00
21:04:33  tanpura field: ga-sa-sa-Sa · Bhimpalasī · Sa=116.5Hz · nakshatra=Pūrvāṣāḍhā · tidx=21
21:04:33  sarangi: bowing Sa=116.5Hz
21:04:33  synth params: ga-sa-sa-Sa · Bhimpalasī · Sa=116.5Hz · nakshatra=Pūrvāṣāḍhā · tidx=21 · 6 voices · tabla · 6 bols · mudrā: Padmakosha (flowing)
21:04:33  trajectory: descending · mercury dasha · tempo×1.00 · tabla=True
21:04:37  mix recv: brightness=0.00 reverb=0.00
21:04:42  mix recv: brightness=0.00 reverb=0.00
21:04:46  mix recv: brightness=0.00 reverb=0.00
21:04:50  tanpura field: ga-sa-sa-Sa · Bhimpalasī · Sa=116.5Hz · nakshatra=Pūrvāṣāḍhā · tidx=21
21:04:50  sarangi: bowing Sa=116.5Hz
21:04:50  synth params: ga-sa-sa-Sa · Bhimpalasī · Sa=116.5Hz · nakshatra=Pūrvāṣāḍhā · tidx=21 · 6 voices · tabla · 6 bols · mudrā: Padmakosha (flowing)
21:04:50  trajectory: descending · mercury dasha · tempo×1.00 · tabla=True
21:04:50  mix recv: brightness=0.00 reverb=0.00
21:04:54  mix recv: brightness=0.00 reverb=0.00
21:04:59  mix recv: brightness=0.00 reverb=0.00
21:05:03  mix recv: brightness=0.00 reverb=0.00
21:05:03  tanpura field: ga-sa-sa-Sa · Bhimpalasī · Sa=116.5Hz · nakshatra=Pūrvāṣāḍhā · tidx=21
21:05:03  sarangi: bowing Sa=116.5Hz
21:05:03  synth params: ga-sa-sa-Sa · Bhimpalasī · Sa=116.5Hz · nakshatra=Pūrvāṣāḍhā · tidx=21 · 9 voices · tabla · 6 bols · mudrā: Padmakosha (flowing)
21:05:03  trajectory: descending · mercury dasha · tempo×1.00 · tabla=True
21:05:07  mix recv: brightness=0.00 reverb=0.00
21:05:12  mix recv: brightness=0.00 reverb=0.00
21:05:16  mix recv: brightness=0.00 reverb=0.00
21:05:20  tanpura field: ga-sa-sa-Sa · Bhimpalasī · Sa=116.5Hz · nakshatra=Pūrvāṣāḍhā · tidx=21
21:05:20  sarangi: bowing Sa=116.5Hz
21:05:20  synth params: ga-sa-sa-Sa · Bhimpalasī · Sa=116.5Hz · nakshatra=Pūrvāṣāḍhā · tidx=21 · 6 voices · tabla · 6 bols · mudrā: Padmakosha (flowing)
21:05:20  trajectory: descending · mercury dasha · tempo×1.00 · tabla=True
21:05:20  mix recv: brightness=0.00 reverb=0.00
21:05:24  mix recv: brightness=0.00 reverb=0.00
21:05:29  mix recv: brightness=0.00 reverb=0.00
21:05:33  mix recv: brightness=0.00 reverb=0.00
21:05:33  tanpura field: ga-sa-sa-Sa · Bhimpalasī · Sa=116.5Hz · nakshatra=Pūrvāṣāḍhā · tidx=21
21:05:33  sarangi: bowing Sa=116.5Hz
21:05:33  synth params: ga-sa-sa-Sa · Bhimpalasī · Sa=116.5Hz · nakshatra=Pūrvāṣāḍhā · tidx=21 · 6 voices · tabla · 6 bols · mudrā: Padmakosha (flowing)
21:05:33  trajectory: descending · mercury dasha · tempo×1.00 · tabla=True
21:05:37  mix recv: brightness=0.00 reverb=0.00
21:05:42  mix recv: brightness=0.00 reverb=0.00
21:05:46  mix recv: brightness=0.00 reverb=0.00
21:05:50  tanpura field: ga-sa-sa-Sa · Bhimpalasī · Sa=116.5Hz · nakshatra=Pūrvāṣāḍhā · tidx=21
21:05:50  sarangi: bowing Sa=116.5Hz
21:05:50  synth params: ga-sa-sa-Sa · Bhimpalasī · Sa=116.5Hz · nakshatra=Pūrvāṣāḍhā · tidx=21 · 6 voices · tabla · 6 bols · mudrā: Padmakosha (flowing)
21:05:50  trajectory: descending · mercury dasha · tempo×1.00 · tabla=True
21:05:50  mix recv: brightness=0.00 reverb=0.00
21:05:54  mix recv: brightness=0.00 reverb=0.00
21:05:59  mix recv: brightness=0.00 reverb=0.00
21:06:03  mix recv: brightness=0.00 reverb=0.00
21:06:04  tanpura field: ga-sa-sa-Sa · Bhimpalasī · Sa=116.5Hz · nakshatra=Pūrvāṣāḍhā · tidx=21
21:06:04  sarangi: bowing Sa=116.5Hz
21:06:04  synth params: ga-sa-sa-Sa · Bhimpalasī · Sa=116.5Hz · nakshatra=Pūrvāṣāḍhā · tidx=21 · 6 voices · tabla · 6 bols · mudrā: Padmakosha (flowing)
21:06:04  trajectory: descending · mercury dasha · tempo×1.00 · tabla=True
21:06:07  mix recv: brightness=0.00 reverb=0.00
21:06:12  mix recv: brightness=0.00 reverb=0.00
21:06:16  mix recv: brightness=0.00 reverb=0.00
21:06:20  tanpura field: ga-sa-sa-Sa · Bhimpalasī · Sa=116.5Hz · nakshatra=Pūrvāṣāḍhā · tidx=21
21:06:20  sarangi: bowing Sa=116.5Hz
21:06:20  synth params: ga-sa-sa-Sa · Bhimpalasī · Sa=116.5Hz · nakshatra=Pūrvāṣāḍhā · tidx=21 · 6 voices · tabla · 6 bols · mudrā: Padmakosha (flowing)
21:06:20  trajectory: descending · mercury dasha · tempo×1.00 · tabla=True
21:06:20  mix recv: brightness=0.00 reverb=0.00
21:06:24  mix recv: brightness=0.00 reverb=0.00
21:06:29  mix recv: brightness=0.00 reverb=0.00
21:06:33  mix recv: brightness=0.00 reverb=0.00
21:06:34  tanpura field: ga-sa-sa-Sa · Bhimpalasī · Sa=116.5Hz · nakshatra=Pūrvāṣāḍhā · tidx=21
21:06:34  sarangi: bowing Sa=116.5Hz
21:06:34  synth params: ga-sa-sa-Sa · Bhimpalasī · Sa=116.5Hz · nakshatra=Pūrvāṣāḍhā · tidx=21 · 9 voices · tabla · 6 bols · mudrā: Padmakosha (flowing)
21:06:34  trajectory: descending · mercury dasha · tempo×1.00 · tabla=True
21:06:37  mix recv: brightness=0.00 reverb=0.00
21:06:42  mix recv: brightness=0.00 reverb=0.00
21:06:46  mix recv: brightness=0.00 reverb=0.00
21:06:50  tanpura field: ga-sa-sa-Sa · Bhimpalasī · Sa=116.5Hz · nakshatra=Pūrvāṣāḍhā · tidx=21
21:06:50  sarangi: bowing Sa=116.5Hz
21:06:50  synth params: ga-sa-sa-Sa · Bhimpalasī · Sa=116.5Hz · nakshatra=Pūrvāṣāḍhā · tidx=21 · 7 voices · tabla · 6 bols · mudrā: Padmakosha (flowing)
21:06:50  trajectory: descending · mercury dasha · tempo×1.00 · tabla=True
21:06:50  mix recv: brightness=0.00 reverb=0.00
21:06:54  mix recv: brightness=0.00 reverb=0.00
21:06:59  mix recv: brightness=0.00 reverb=0.00
21:07:03  mix recv: brightness=0.00 reverb=0.00
21:07:04  tanpura field: ga-sa-sa-Sa · Bhimpalasī · Sa=116.5Hz · nakshatra=Pūrvāṣāḍhā · tidx=21
21:07:04  sarangi: bowing Sa=116.5Hz
21:07:04  synth params: ga-sa-sa-Sa · Bhimpalasī · Sa=116.5Hz · nakshatra=Pūrvāṣāḍhā · tidx=21 · 6 voices · tabla · 6 bols · mudrā: Padmakosha (flowing)
21:07:04  trajectory: descending · mercury dasha · tempo×1.00 · tabla=True
21:07:07  mix recv: brightness=0.00 reverb=0.00
21:07:12  mix recv: brightness=0.00 reverb=0.00
21:07:16  mix recv: brightness=0.00 reverb=0.00
21:07:20  tanpura field: ga-sa-sa-Sa · Bhimpalasī · Sa=116.5Hz · nakshatra=Pūrvāṣāḍhā · tidx=21
21:07:20  sarangi: bowing Sa=116.5Hz
21:07:20  synth params: ga-sa-sa-Sa · Bhimpalasī · Sa=116.5Hz · nakshatra=Pūrvāṣāḍhā · tidx=21 · 8 voices · tabla · 6 bols · mudrā: Padmakosha (flowing)
21:07:20  trajectory: descending · mercury dasha · tempo×1.00 · tabla=True
21:07:20  mix recv: brightness=0.00 reverb=0.00
21:07:25  mix recv: brightness=0.00 reverb=0.00
21:07:29  mix recv: brightness=0.00 reverb=0.00
21:07:33  mix recv: brightness=0.00 reverb=0.00
21:07:34  tanpura field: ga-sa-sa-Sa · Bhimpalasī · Sa=116.5Hz · nakshatra=Pūrvāṣāḍhā · tidx=21
21:07:34  sarangi: bowing Sa=116.5Hz
21:07:34  synth params: ga-sa-sa-Sa · Bhimpalasī · Sa=116.5Hz · nakshatra=Pūrvāṣāḍhā · tidx=21 · 6 voices · tabla · 6 bols · mudrā: Padmakosha (flowing)
21:07:34  trajectory: descending · mercury dasha · tempo×1.00 · tabla=True
21:07:37  mix recv: brightness=0.00 reverb=0.00
21:07:42  mix recv: brightness=0.00 reverb=0.00
21:07:46  mix recv: brightness=0.00 reverb=0.00
21:07:50  tanpura field: ga-sa-sa-Sa · Bhimpalasī · Sa=116.5Hz · nakshatra=Pūrvāṣāḍhā · tidx=21
21:07:50  sarangi: bowing Sa=116.5Hz
21:07:50  synth params: ga-sa-sa-Sa · Bhimpalasī · Sa=116.5Hz · nakshatra=Pūrvāṣāḍhā · tidx=21 · 6 voices · tabla · 6 bols · mudrā: Padmakosha (flowing)
21:07:50  trajectory: descending · mercury dasha · tempo×1.00 · tabla=True
21:07:50  mix recv: brightness=0.00 reverb=0.00
21:07:55  mix recv: brightness=0.00 reverb=0.00
21:07:59  mix recv: brightness=0.00 reverb=0.00
21:08:03  mix recv: brightness=0.00 reverb=0.00
21:08:04  tanpura field: ga-sa-sa-Sa · Bhimpalasī · Sa=116.5Hz · nakshatra=Pūrvāṣāḍhā · tidx=21
21:08:04  sarangi: bowing Sa=116.5Hz
21:08:04  synth params: ga-sa-sa-Sa · Bhimpalasī · Sa=116.5Hz · nakshatra=Pūrvāṣāḍhā · tidx=21 · 8 voices · tabla · 6 bols · mudrā: Padmakosha (flowing)
21:08:04  trajectory: descending · mercury dasha · tempo×1.00 · tabla=True
21:08:07  mix recv: brightness=0.00 reverb=0.00
21:08:12  mix recv: brightness=0.00 reverb=0.00
21:08:16  mix recv: brightness=0.00 reverb=0.00
21:08:20  tanpura field: ga-sa-sa-Sa · Bhimpalasī · Sa=116.5Hz · nakshatra=Pūrvāṣāḍhā · tidx=21
21:08:20  sarangi: bowing Sa=116.5Hz
21:08:20  synth params: ga-sa-sa-Sa · Bhimpalasī · Sa=116.5Hz · nakshatra=Pūrvāṣāḍhā · tidx=21 · 7 voices · tabla · 6 bols · mudrā: Padmakosha (flowing)
21:08:20  trajectory: descending · mercury dasha · tempo×1.00 · tabla=True
21:08:20  mix recv: brightness=0.00 reverb=0.00
21:08:25  mix recv: brightness=0.00 reverb=0.00
21:08:29  mix recv: brightness=0.00 reverb=0.00
21:08:33  mix recv: brightness=0.00 reverb=0.00
21:08:34  tanpura field: ga-sa-sa-Sa · Bhimpalasī · Sa=116.5Hz · nakshatra=Pūrvāṣāḍhā · tidx=21
21:08:34  sarangi: bowing Sa=116.5Hz
21:08:34  synth params: ga-sa-sa-Sa · Bhimpalasī · Sa=116.5Hz · nakshatra=Pūrvāṣāḍhā · tidx=21 · 9 voices · tabla · 6 bols · mudrā: Padmakosha (flowing)
21:08:34  trajectory: descending · mercury dasha · tempo×1.00 · tabla=True
21:08:37  mix recv: brightness=0.00 reverb=0.00
21:08:42  mix recv: brightness=0.00 reverb=0.00
21:08:46  mix recv: brightness=0.00 reverb=0.00
21:08:50  mix recv: brightness=0.00 reverb=0.00
21:08:50  tanpura field: ga-sa-sa-Sa · Bhimpalasī · Sa=116.5Hz · nakshatra=Pūrvāṣāḍhā · tidx=21
21:08:50  sarangi: bowing Sa=116.5Hz
21:08:50  synth params: ga-sa-sa-Sa · Bhimpalasī · Sa=116.5Hz · nakshatra=Pūrvāṣāḍhā · tidx=21 · 6 voices · tabla · 6 bols · mudrā: Padmakosha (flowing)
21:08:50  trajectory: descending · mercury dasha · tempo×1.00 · tabla=True
21:08:55  mix recv: brightness=0.00 reverb=0.00
21:08:59  mix recv: brightness=0.00 reverb=0.00
21:09:03  mix recv: brightness=0.00 reverb=0.00
21:09:04  tanpura field: ga-sa-sa-Sa · Bhimpalasī · Sa=116.5Hz · nakshatra=Pūrvāṣāḍhā · tidx=21
21:09:04  sarangi: bowing Sa=116.5Hz
21:09:04  synth params: ga-sa-sa-Sa · Bhimpalasī · Sa=116.5Hz · nakshatra=Pūrvāṣāḍhā · tidx=21 · 7 voices · tabla · 6 bols · mudrā: Padmakosha (flowing)
21:09:04  trajectory: descending · mercury dasha · tempo×1.00 · tabla=True
21:09:07  mix recv: brightness=0.00 reverb=0.00
21:09:12  mix recv: brightness=0.00 reverb=0.00
21:09:16  mix recv: brightness=0.00 reverb=0.00
21:09:20  mix recv: brightness=0.00 reverb=0.00
21:09:20  tanpura field: ga-sa-sa-Sa · Bhimpalasī · Sa=116.5Hz · nakshatra=Pūrvāṣāḍhā · tidx=21
21:09:20  sarangi: bowing Sa=116.5Hz
21:09:20  synth params: ga-sa-sa-Sa · Bhimpalasī · Sa=116.5Hz · nakshatra=Pūrvāṣāḍhā · tidx=21 · 6 voices · tabla · 6 bols · mudrā: Padmakosha (flowing)
21:09:20  trajectory: descending · mercury dasha · tempo×1.00 · tabla=True
21:09:25  mix recv: brightness=0.00 reverb=0.00
21:09:29  mix recv: brightness=0.00 reverb=0.00
21:09:33  mix recv: brightness=0.00 reverb=0.00
21:09:34  tanpura field: ga-sa-sa-Sa · Bhimpalasī · Sa=116.5Hz · nakshatra=Pūrvāṣāḍhā · tidx=21
21:09:34  sarangi: bowing Sa=116.5Hz
21:09:34  synth params: ga-sa-sa-Sa · Bhimpalasī · Sa=116.5Hz · nakshatra=Pūrvāṣāḍhā · tidx=21 · 7 voices · tabla · 6 bols · mudrā: Padmakosha (flowing)
21:09:34  trajectory: descending · mercury dasha · tempo×1.00 · tabla=True
21:09:37  mix recv: brightness=0.00 reverb=0.00
21:09:42  mix recv: brightness=0.00 reverb=0.00
21:09:46  mix recv: brightness=0.00 reverb=0.00
21:09:50  mix recv: brightness=0.00 reverb=0.00
21:09:51  tanpura field: ga-sa-sa-Sa · Bhimpalasī · Sa=116.5Hz · nakshatra=Pūrvāṣāḍhā · tidx=21
21:09:51  sarangi: bowing Sa=116.5Hz
21:09:51  synth params: ga-sa-sa-Sa · Bhimpalasī · Sa=116.5Hz · nakshatra=Pūrvāṣāḍhā · tidx=21 · 6 voices · tabla · 6 bols · mudrā: Padmakosha (flowing)
21:09:51  trajectory: descending · mercury dasha · tempo×1.00 · tabla=True
21:09:55  mix recv: brightness=0.00 reverb=0.00
21:09:59  mix recv: brightness=0.00 reverb=0.00
21:10:03  mix recv: brightness=0.00 reverb=0.00
21:10:04  tanpura field: ga-sa-sa-Sa · Bhimpalasī · Sa=116.5Hz · nakshatra=Pūrvāṣāḍhā · tidx=21
21:10:04  sarangi: bowing Sa=116.5Hz
21:10:04  synth params: ga-sa-sa-Sa · Bhimpalasī · Sa=116.5Hz · nakshatra=Pūrvāṣāḍhā · tidx=21 · 6 voices · tabla · 6 bols · mudrā: Padmakosha (flowing)
21:10:04  trajectory: descending · mercury dasha · tempo×1.00 · tabla=True
21:10:07  mix recv: brightness=0.00 reverb=0.00
21:10:12  mix recv: brightness=0.00 reverb=0.00
21:10:16  mix recv: brightness=0.00 reverb=0.00
21:10:20  mix recv: brightness=0.00 reverb=0.00
21:10:21  tanpura field: ga-sa-sa-Sa · Bhimpalasī · Sa=116.5Hz · nakshatra=Pūrvāṣāḍhā · tidx=21
21:10:21  sarangi: bowing Sa=116.5Hz
21:10:21  synth params: ga-sa-sa-Sa · Bhimpalasī · Sa=116.5Hz · nakshatra=Pūrvāṣāḍhā · tidx=21 · 6 voices · tabla · 6 bols · mudrā: Padmakosha (flowing)
21:10:21  trajectory: descending · mercury dasha · tempo×1.00 · tabla=True
21:10:25  mix recv: brightness=0.00 reverb=0.00
21:10:29  mix recv: brightness=0.00 reverb=0.00
21:10:33  mix recv: brightness=0.00 reverb=0.00
21:10:34  tanpura field: ga-sa-sa-Sa · Bhimpalasī · Sa=116.5Hz · nakshatra=Pūrvāṣāḍhā · tidx=21
21:10:34  sarangi: bowing Sa=116.5Hz
21:10:34  synth params: ga-sa-sa-Sa · Bhimpalasī · Sa=116.5Hz · nakshatra=Pūrvāṣāḍhā · tidx=21 · 6 voices · tabla · 6 bols · mudrā: Padmakosha (flowing)
21:10:34  trajectory: descending · mercury dasha · tempo×1.00 · tabla=True
21:10:37  mix recv: brightness=0.00 reverb=0.00
21:10:42  mix recv: brightness=0.00 reverb=0.00
21:10:46  mix recv: brightness=0.00 reverb=0.00
21:10:50  mix recv: brightness=0.00 reverb=0.00
21:10:51  tanpura field: ga-sa-sa-Sa · Bhimpalasī · Sa=116.5Hz · nakshatra=Pūrvāṣāḍhā · tidx=21
21:10:51  sarangi: bowing Sa=116.5Hz
21:10:51  synth params: ga-sa-sa-Sa · Bhimpalasī · Sa=116.5Hz · nakshatra=Pūrvāṣāḍhā · tidx=21 · 8 voices · tabla · 6 bols · mudrā: Padmakosha (flowing)
21:10:51  trajectory: descending · mercury dasha · tempo×1.00 · tabla=True
21:10:55  mix recv: brightness=0.00 reverb=0.00
21:10:59  mix recv: brightness=0.00 reverb=0.00
21:11:03  mix recv: brightness=0.00 reverb=0.00
21:11:05  tanpura field: ga-sa-sa-Sa · Bhimpalasī · Sa=116.5Hz · nakshatra=Pūrvāṣāḍhā · tidx=21
21:11:05  sarangi: bowing Sa=116.5Hz
21:11:05  synth params: ga-sa-sa-Sa · Bhimpalasī · Sa=116.5Hz · nakshatra=Pūrvāṣāḍhā · tidx=21 · 6 voices · tabla · 6 bols · mudrā: Padmakosha (flowing)
21:11:05  trajectory: descending · mercury dasha · tempo×1.00 · tabla=True
21:11:07  mix recv: brightness=0.00 reverb=0.00
21:11:12  mix recv: brightness=0.00 reverb=0.00
21:11:16  mix recv: brightness=0.00 reverb=0.00
21:11:20  mix recv: brightness=0.00 reverb=0.00
21:11:21  tanpura field: ga-sa-sa-Sa · Bhimpalasī · Sa=116.5Hz · nakshatra=Pūrvāṣāḍhā · tidx=21
21:11:21  sarangi: bowing Sa=116.5Hz
21:11:21  synth params: ga-sa-sa-Sa · Bhimpalasī · Sa=116.5Hz · nakshatra=Pūrvāṣāḍhā · tidx=21 · 8 voices · tabla · 6 bols · mudrā: Padmakosha (flowing)
21:11:21  trajectory: descending · mercury dasha · tempo×1.00 · tabla=True
21:11:25  mix recv: brightness=0.00 reverb=0.00
21:11:29  mix recv: brightness=0.00 reverb=0.00
21:11:33  mix recv: brightness=0.00 reverb=0.00
21:11:35  tanpura field: ga-sa-sa-Sa · Bhimpalasī · Sa=116.5Hz · nakshatra=Pūrvāṣāḍhā · tidx=21
21:11:35  sarangi: bowing Sa=116.5Hz
21:11:35  synth params: ga-sa-sa-Sa · Bhimpalasī · Sa=116.5Hz · nakshatra=Pūrvāṣāḍhā · tidx=21 · 7 voices · tabla · 6 bols · mudrā: Padmakosha (flowing)
21:11:35  trajectory: descending · mercury dasha · tempo×1.00 · tabla=True
21:11:37  mix recv: brightness=0.00 reverb=0.00
21:11:42  mix recv: brightness=0.00 reverb=0.00
21:11:46  mix recv: brightness=0.00 reverb=0.00
21:11:50  mix recv: brightness=0.00 reverb=0.00
21:11:51  tanpura field: ga-sa-sa-Sa · Bhimpalasī · Sa=116.5Hz · nakshatra=Pūrvāṣāḍhā · tidx=21
21:11:51  sarangi: bowing Sa=116.5Hz
21:11:51  synth params: ga-sa-sa-Sa · Bhimpalasī · Sa=116.5Hz · nakshatra=Pūrvāṣāḍhā · tidx=21 · 7 voices · tabla · 6 bols · mudrā: Padmakosha (flowing)
21:11:51  trajectory: descending · mercury dasha · tempo×1.00 · tabla=True
21:11:55  mix recv: brightness=0.00 reverb=0.00
21:11:59  mix recv: brightness=0.00 reverb=0.00
21:12:03  mix recv: brightness=0.00 reverb=0.00
21:12:05  tanpura field: ga-sa-sa-Sa · Bhimpalasī · Sa=116.5Hz · nakshatra=Pūrvāṣāḍhā · tidx=21
21:12:05  sarangi: bowing Sa=116.5Hz
21:12:05  synth params: ga-sa-sa-Sa · Bhimpalasī · Sa=116.5Hz · nakshatra=Pūrvāṣāḍhā · tidx=21 · 7 voices · tabla · 6 bols · mudrā: Padmakosha (flowing)
21:12:05  trajectory: descending · mercury dasha · tempo×1.00 · tabla=True
21:12:07  mix recv: brightness=0.00 reverb=0.00
21:12:12  mix recv: brightness=0.00 reverb=0.00
21:12:16  mix recv: brightness=0.00 reverb=0.00
21:12:20  mix recv: brightness=0.00 reverb=0.00
21:12:21  tanpura field: ga-sa-sa-Sa · Bhimpalasī · Sa=116.5Hz · nakshatra=Pūrvāṣāḍhā · tidx=21
21:12:21  sarangi: bowing Sa=116.5Hz
21:12:21  synth params: ga-sa-sa-Sa · Bhimpalasī · Sa=116.5Hz · nakshatra=Pūrvāṣāḍhā · tidx=21 · 6 voices · tabla · 6 bols · mudrā: Padmakosha (flowing)
21:12:21  trajectory: descending · mercury dasha · tempo×1.00 · tabla=True
21:12:25  mix recv: brightness=0.00 reverb=0.00
21:12:29  mix recv: brightness=0.00 reverb=0.00
21:12:33  mix recv: brightness=0.00 reverb=0.00
21:12:35  tanpura field: ga-sa-sa-Sa · Bhimpalasī · Sa=116.5Hz · nakshatra=Pūrvāṣāḍhā · tidx=21
21:12:35  sarangi: bowing Sa=116.5Hz
21:12:35  synth params: ga-sa-sa-Sa · Bhimpalasī · Sa=116.5Hz · nakshatra=Pūrvāṣāḍhā · tidx=21 · 6 voices · tabla · 6 bols · mudrā: Padmakosha (flowing)
21:12:35  trajectory: descending · mercury dasha · tempo×1.00 · tabla=True
21:12:37  mix recv: brightness=0.00 reverb=0.00
21:12:42  mix recv: brightness=0.00 reverb=0.00
21:12:46  mix recv: brightness=0.00 reverb=0.00
21:12:50  mix recv: brightness=0.00 reverb=0.00
21:12:51  tanpura field: ga-sa-sa-Sa · Bhimpalasī · Sa=116.5Hz · nakshatra=Pūrvāṣāḍhā · tidx=21
21:12:51  sarangi: bowing Sa=116.5Hz
21:12:51  synth params: ga-sa-sa-Sa · Bhimpalasī · Sa=116.5Hz · nakshatra=Pūrvāṣāḍhā · tidx=21 · 7 voices · tabla · 6 bols · mudrā: Padmakosha (flowing)
21:12:51  trajectory: descending · mercury dasha · tempo×1.00 · tabla=True
21:12:55  mix recv: brightness=0.00 reverb=0.00
21:12:59  mix recv: brightness=0.00 reverb=0.00
21:13:03  mix recv: brightness=0.00 reverb=0.00
21:13:05  tanpura field: ga-sa-sa-Sa · Bhimpalasī · Sa=116.5Hz · nakshatra=Pūrvāṣāḍhā · tidx=21
21:13:05  sarangi: bowing Sa=116.5Hz
21:13:05  synth params: ga-sa-sa-Sa · Bhimpalasī · Sa=116.5Hz · nakshatra=Pūrvāṣāḍhā · tidx=21 · 7 voices · tabla · 6 bols · mudrā: Padmakosha (flowing)
21:13:05  trajectory: descending · mercury dasha · tempo×1.00 · tabla=True
21:13:07  mix recv: brightness=0.00 reverb=0.00
21:13:12  mix recv: brightness=0.00 reverb=0.00
21:13:16  mix recv: brightness=0.00 reverb=0.00
21:13:20  mix recv: brightness=0.00 reverb=0.00
21:13:22  tanpura field: ga-sa-sa-Sa · Bhimpalasī · Sa=116.5Hz · nakshatra=Pūrvāṣāḍhā · tidx=21
21:13:22  sarangi: bowing Sa=116.5Hz
21:13:22  synth params: ga-sa-sa-Sa · Bhimpalasī · Sa=116.5Hz · nakshatra=Pūrvāṣāḍhā · tidx=21 · 6 voices · tabla · 6 bols · mudrā: Padmakosha (flowing)
21:13:22  trajectory: descending · mercury dasha · tempo×1.00 · tabla=True
21:13:25  mix recv: brightness=0.00 reverb=0.00
21:13:29  mix recv: brightness=0.00 reverb=0.00
21:13:33  mix recv: brightness=0.00 reverb=0.00
21:13:35  tanpura field: ga-sa-sa-Sa · Bhimpalasī · Sa=116.5Hz · nakshatra=Pūrvāṣāḍhā · tidx=21
21:13:35  sarangi: bowing Sa=116.5Hz
21:13:35  synth params: ga-sa-sa-Sa · Bhimpalasī · Sa=116.5Hz · nakshatra=Pūrvāṣāḍhā · tidx=21 · 6 voices · tabla · 6 bols · mudrā: Padmakosha (flowing)
21:13:35  trajectory: descending · mercury dasha · tempo×1.00 · tabla=True
21:13:37  mix recv: brightness=0.00 reverb=0.00
21:13:42  mix recv: brightness=0.00 reverb=0.00
21:13:46  mix recv: brightness=0.00 reverb=0.00
21:13:50  mix recv: brightness=0.00 reverb=0.00
21:13:52  tanpura field: ga-sa-sa-Sa · Bhimpalasī · Sa=116.5Hz · nakshatra=Pūrvāṣāḍhā · tidx=21
21:13:52  sarangi: bowing Sa=116.5Hz
21:13:52  synth params: ga-sa-sa-Sa · Bhimpalasī · Sa=116.5Hz · nakshatra=Pūrvāṣāḍhā · tidx=21 · 6 voices · tabla · 6 bols · mudrā: Padmakosha (flowing)
21:13:52  trajectory: descending · mercury dasha · tempo×1.00 · tabla=True
21:13:55  mix recv: brightness=0.00 reverb=0.00
21:13:59  mix recv: brightness=0.00 reverb=0.00
21:14:03  mix recv: brightness=0.00 reverb=0.00
21:14:05  tanpura field: ga-sa-sa-Sa · Bhimpalasī · Sa=116.5Hz · nakshatra=Pūrvāṣāḍhā · tidx=21
21:14:05  sarangi: bowing Sa=116.5Hz
21:14:05  synth params: ga-sa-sa-Sa · Bhimpalasī · Sa=116.5Hz · nakshatra=Pūrvāṣāḍhā · tidx=21 · 8 voices · tabla · 6 bols · mudrā: Padmakosha (flowing)
21:14:05  trajectory: descending · mercury dasha · tempo×1.00 · tabla=True
21:14:07  mix recv: brightness=0.00 reverb=0.00
21:14:12  mix recv: brightness=0.00 reverb=0.00
21:14:16  mix recv: brightness=0.00 reverb=0.00
21:14:20  mix recv: brightness=0.00 reverb=0.00
21:14:22  tanpura field: ga-sa-sa-Sa · Bhimpalasī · Sa=116.5Hz · nakshatra=Pūrvāṣāḍhā · tidx=21
21:14:22  sarangi: bowing Sa=116.5Hz
21:14:22  synth params: ga-sa-sa-Sa · Bhimpalasī · Sa=116.5Hz · nakshatra=Pūrvāṣāḍhā · tidx=21 · 6 voices · tabla · 6 bols · mudrā: Padmakosha (flowing)
21:14:22  trajectory: descending · mercury dasha · tempo×1.00 · tabla=True
21:14:25  mix recv: brightness=0.00 reverb=0.00
21:14:29  mix recv: brightness=0.00 reverb=0.00
21:14:33  mix recv: brightness=0.00 reverb=0.00
21:14:35  tanpura field: ga-sa-sa-Sa · Bhimpalasī · Sa=116.5Hz · nakshatra=Pūrvāṣāḍhā · tidx=21
21:14:35  sarangi: bowing Sa=116.5Hz
21:14:35  synth params: ga-sa-sa-Sa · Bhimpalasī · Sa=116.5Hz · nakshatra=Pūrvāṣāḍhā · tidx=21 · 6 voices · tabla · 6 bols · mudrā: Padmakosha (flowing)
21:14:35  trajectory: descending · mercury dasha · tempo×1.00 · tabla=True
21:14:37  mix recv: brightness=0.00 reverb=0.00
21:14:42  mix recv: brightness=0.00 reverb=0.00
21:14:46  mix recv: brightness=0.00 reverb=0.00
21:14:50  mix recv: brightness=0.00 reverb=0.00
21:14:52  tanpura field: ga-sa-sa-Sa · Bhimpalasī · Sa=116.5Hz · nakshatra=Pūrvāṣāḍhā · tidx=21
21:14:52  sarangi: bowing Sa=116.5Hz
21:14:52  synth params: ga-sa-sa-Sa · Bhimpalasī · Sa=116.5Hz · nakshatra=Pūrvāṣāḍhā · tidx=21 · 7 voices · tabla · 6 bols · mudrā: Padmakosha (flowing)
21:14:52  trajectory: descending · mercury dasha · tempo×1.00 · tabla=True
21:14:55  mix recv: brightness=0.00 reverb=0.00
21:14:59  mix recv: brightness=0.00 reverb=0.00
21:15:03  mix recv: brightness=0.00 reverb=0.00
21:15:06  tanpura field: ga-sa-sa-Sa · Bhimpalasī · Sa=116.5Hz · nakshatra=Pūrvāṣāḍhā · tidx=21
21:15:06  sarangi: bowing Sa=116.5Hz
21:15:06  synth params: ga-sa-sa-Sa · Bhimpalasī · Sa=116.5Hz · nakshatra=Pūrvāṣāḍhā · tidx=21 · 7 voices · tabla · 6 bols · mudrā: Padmakosha (flowing)
21:15:06  trajectory: descending · mercury dasha · tempo×1.00 · tabla=True
21:15:07  mix recv: brightness=0.00 reverb=0.00
21:15:12  mix recv: brightness=0.00 reverb=0.00
21:15:16  mix recv: brightness=0.00 reverb=0.00
21:15:20  mix recv: brightness=0.00 reverb=0.00
21:15:22  tanpura field: ga-sa-sa-Sa · Bhimpalasī · Sa=116.5Hz · nakshatra=Pūrvāṣāḍhā · tidx=21
21:15:22  sarangi: bowing Sa=116.5Hz
21:15:22  synth params: ga-sa-sa-Sa · Bhimpalasī · Sa=116.5Hz · nakshatra=Pūrvāṣāḍhā · tidx=21 · 7 voices · tabla · 6 bols · mudrā: Padmakosha (flowing)
21:15:22  trajectory: descending · mercury dasha · tempo×1.00 · tabla=True
21:15:25  mix recv: brightness=0.00 reverb=0.00
21:15:29  mix recv: brightness=0.00 reverb=0.00
21:15:33  mix recv: brightness=0.00 reverb=0.00
21:15:36  tanpura field: ga-sa-sa-Sa · Bhimpalasī · Sa=116.5Hz · nakshatra=Pūrvāṣāḍhā · tidx=21
21:15:36  sarangi: bowing Sa=116.5Hz
21:15:36  synth params: ga-sa-sa-Sa · Bhimpalasī · Sa=116.5Hz · nakshatra=Pūrvāṣāḍhā · tidx=21 · 6 voices · tabla · 6 bols · mudrā: Padmakosha (flowing)
21:15:36  trajectory: descending · mercury dasha · tempo×1.00 · tabla=True
21:15:37  mix recv: brightness=0.00 reverb=0.00
21:15:42  mix recv: brightness=0.00 reverb=0.00
21:15:46  mix recv: brightness=0.00 reverb=0.00
21:15:50  mix recv: brightness=0.00 reverb=0.00
21:15:52  tanpura field: ga-sa-sa-Sa · Bhimpalasī · Sa=116.5Hz · nakshatra=Pūrvāṣāḍhā · tidx=21
21:15:52  sarangi: bowing Sa=116.5Hz
21:15:52  synth params: ga-sa-sa-Sa · Bhimpalasī · Sa=116.5Hz · nakshatra=Pūrvāṣāḍhā · tidx=21 · 7 voices · tabla · 6 bols · mudrā: Padmakosha (flowing)
21:15:52  trajectory: descending · mercury dasha · tempo×1.00 · tabla=True
21:15:55  mix recv: brightness=0.00 reverb=0.00
21:15:59  mix recv: brightness=0.00 reverb=0.00
21:16:03  mix recv: brightness=0.00 reverb=0.00
21:16:06  tanpura field: ga-sa-sa-Sa · Bhimpalasī · Sa=116.5Hz · nakshatra=Pūrvāṣāḍhā · tidx=21
21:16:06  sarangi: bowing Sa=116.5Hz
21:16:06  synth params: ga-sa-sa-Sa · Bhimpalasī · Sa=116.5Hz · nakshatra=Pūrvāṣāḍhā · tidx=21 · 9 voices · tabla · 6 bols · mudrā: Padmakosha (flowing)
21:16:06  trajectory: descending · mercury dasha · tempo×1.00 · tabla=True
21:16:07  mix recv: brightness=0.00 reverb=0.00
21:16:12  mix recv: brightness=0.00 reverb=0.00
21:16:16  mix recv: brightness=0.00 reverb=0.00
21:16:20  mix recv: brightness=0.00 reverb=0.00
21:16:22  tanpura field: ga-sa-sa-Sa · Bhimpalasī · Sa=116.5Hz · nakshatra=Pūrvāṣāḍhā · tidx=21
21:16:22  sarangi: bowing Sa=116.5Hz
21:16:22  synth params: ga-sa-sa-Sa · Bhimpalasī · Sa=116.5Hz · nakshatra=Pūrvāṣāḍhā · tidx=21 · 9 voices · tabla · 6 bols · mudrā: Padmakosha (flowing)
21:16:22  trajectory: descending · mercury dasha · tempo×1.00 · tabla=True
21:16:25  mix recv: brightness=0.00 reverb=0.00
21:16:29  mix recv: brightness=0.00 reverb=0.00
21:16:33  mix recv: brightness=0.00 reverb=0.00
21:16:36  tanpura field: ga-sa-sa-Sa · Bhimpalasī · Sa=116.5Hz · nakshatra=Pūrvāṣāḍhā · tidx=21
21:16:36  sarangi: bowing Sa=116.5Hz
21:16:36  synth params: ga-sa-sa-Sa · Bhimpalasī · Sa=116.5Hz · nakshatra=Pūrvāṣāḍhā · tidx=21 · 8 voices · tabla · 6 bols · mudrā: Padmakosha (flowing)
21:16:36  trajectory: descending · mercury dasha · tempo×1.00 · tabla=True
21:16:37  mix recv: brightness=0.00 reverb=0.00
21:16:42  mix recv: brightness=0.00 reverb=0.00
21:16:46  mix recv: brightness=0.00 reverb=0.00
21:16:50  mix recv: brightness=0.00 reverb=0.00
21:16:52  tanpura field: ga-sa-sa-Sa · Bhimpalasī · Sa=116.5Hz · nakshatra=Pūrvāṣāḍhā · tidx=21
21:16:52  sarangi: bowing Sa=116.5Hz
21:16:52  synth params: ga-sa-sa-Sa · Bhimpalasī · Sa=116.5Hz · nakshatra=Pūrvāṣāḍhā · tidx=21 · 7 voices · tabla · 6 bols · mudrā: Padmakosha (flowing)
21:16:52  trajectory: descending · mercury dasha · tempo×1.00 · tabla=True
21:16:55  mix recv: brightness=0.00 reverb=0.00
21:16:59  mix recv: brightness=0.00 reverb=0.00
21:17:03  mix recv: brightness=0.00 reverb=0.00
21:17:06  tanpura field: ga-sa-sa-Sa · Bhimpalasī · Sa=116.5Hz · nakshatra=Pūrvāṣāḍhā · tidx=21
21:17:06  sarangi: bowing Sa=116.5Hz
21:17:06  synth params: ga-sa-sa-Sa · Bhimpalasī · Sa=116.5Hz · nakshatra=Pūrvāṣāḍhā · tidx=21 · 8 voices · tabla · 6 bols · mudrā: Padmakosha (flowing)
21:17:06  trajectory: descending · mercury dasha · tempo×1.00 · tabla=True
21:17:07  mix recv: brightness=0.00 reverb=0.00
21:17:12  mix recv: brightness=0.00 reverb=0.00
21:17:16  mix recv: brightness=0.00 reverb=0.00
21:17:20  mix recv: brightness=0.00 reverb=0.00
21:17:23  tanpura field: ga-sa-sa-Sa · Bhimpalasī · Sa=116.5Hz · nakshatra=Pūrvāṣāḍhā · tidx=21
21:17:23  sarangi: bowing Sa=116.5Hz
21:17:23  synth params: ga-sa-sa-Sa · Bhimpalasī · Sa=116.5Hz · nakshatra=Pūrvāṣāḍhā · tidx=21 · 6 voices · tabla · 6 bols · mudrā: Padmakosha (flowing)
21:17:23  trajectory: descending · mercury dasha · tempo×1.00 · tabla=True
21:17:25  mix recv: brightness=0.00 reverb=0.00
21:17:29  mix recv: brightness=0.00 reverb=0.00
21:17:33  mix recv: brightness=0.00 reverb=0.00
21:17:36  tanpura field: ga-sa-sa-Sa · Bhimpalasī · Sa=116.5Hz · nakshatra=Pūrvāṣāḍhā · tidx=21
21:17:36  sarangi: bowing Sa=116.5Hz
21:17:36  synth params: ga-sa-sa-Sa · Bhimpalasī · Sa=116.5Hz · nakshatra=Pūrvāṣāḍhā · tidx=21 · 6 voices · tabla · 6 bols · mudrā: Padmakosha (flowing)
21:17:36  trajectory: descending · mercury dasha · tempo×1.00 · tabla=True
21:17:37  mix recv: brightness=0.00 reverb=0.00
21:17:42  mix recv: brightness=0.00 reverb=0.00
21:17:46  mix recv: brightness=0.00 reverb=0.00
21:17:50  mix recv: brightness=0.00 reverb=0.00
21:17:53  tanpura field: ga-sa-sa-Sa · Bhimpalasī · Sa=116.5Hz · nakshatra=Pūrvāṣāḍhā · tidx=21
21:17:53  sarangi: bowing Sa=116.5Hz
21:17:53  synth params: ga-sa-sa-Sa · Bhimpalasī · Sa=116.5Hz · nakshatra=Pūrvāṣāḍhā · tidx=21 · 7 voices · tabla · 6 bols · mudrā: Padmakosha (flowing)
21:17:53  trajectory: descending · mercury dasha · tempo×1.00 · tabla=True
21:17:55  mix recv: brightness=0.00 reverb=0.00
21:17:59  mix recv: brightness=0.00 reverb=0.00
21:18:03  mix recv: brightness=0.00 reverb=0.00
21:18:06  tanpura field: ga-sa-sa-Sa · Bhimpalasī · Sa=116.5Hz · nakshatra=Pūrvāṣāḍhā · tidx=21
21:18:06  sarangi: bowing Sa=116.5Hz
21:18:06  synth params: ga-sa-sa-Sa · Bhimpalasī · Sa=116.5Hz · nakshatra=Pūrvāṣāḍhā · tidx=21 · 6 voices · tabla · 6 bols · mudrā: Padmakosha (flowing)
21:18:06  trajectory: descending · mercury dasha · tempo×1.00 · tabla=True
21:18:07  mix recv: brightness=0.00 reverb=0.00
21:18:12  mix recv: brightness=0.00 reverb=0.00
21:18:16  mix recv: brightness=0.00 reverb=0.00
21:18:20  mix recv: brightness=0.00 reverb=0.00
21:18:23  tanpura field: ga-sa-sa-Sa · Bhimpalasī · Sa=116.5Hz · nakshatra=Pūrvāṣāḍhā · tidx=21
21:18:23  sarangi: bowing Sa=116.5Hz
21:18:23  synth params: ga-sa-sa-Sa · Bhimpalasī · Sa=116.5Hz · nakshatra=Pūrvāṣāḍhā · tidx=21 · 7 voices · tabla · 6 bols · mudrā: Padmakosha (flowing)
21:18:23  trajectory: descending · mercury dasha · tempo×1.00 · tabla=True
21:18:25  mix recv: brightness=0.00 reverb=0.00
21:18:29  mix recv: brightness=0.00 reverb=0.00
21:18:33  mix recv: brightness=0.00 reverb=0.00
21:18:36  tanpura field: ga-sa-sa-Sa · Bhimpalasī · Sa=116.5Hz · nakshatra=Pūrvāṣāḍhā · tidx=21
21:18:36  sarangi: bowing Sa=116.5Hz
21:18:36  synth params: ga-sa-sa-Sa · Bhimpalasī · Sa=116.5Hz · nakshatra=Pūrvāṣāḍhā · tidx=21 · 9 voices · tabla · 6 bols · mudrā: Padmakosha (flowing)
21:18:36  trajectory: descending · mercury dasha · tempo×1.00 · tabla=True
21:18:37  mix recv: brightness=0.00 reverb=0.00
21:18:42  mix recv: brightness=0.00 reverb=0.00
21:18:46  mix recv: brightness=0.00 reverb=0.00
21:18:50  mix recv: brightness=0.00 reverb=0.00
21:18:53  tanpura field: ga-sa-sa-Sa · Bhimpalasī · Sa=116.5Hz · nakshatra=Pūrvāṣāḍhā · tidx=21
21:18:53  sarangi: bowing Sa=116.5Hz
21:18:53  synth params: ga-sa-sa-Sa · Bhimpalasī · Sa=116.5Hz · nakshatra=Pūrvāṣāḍhā · tidx=21 · 6 voices · tabla · 6 bols · mudrā: Padmakosha (flowing)
21:18:53  trajectory: descending · mercury dasha · tempo×1.00 · tabla=True
21:18:55  mix recv: brightness=0.00 reverb=0.00
21:18:59  mix recv: brightness=0.00 reverb=0.00
21:19:03  mix recv: brightness=0.00 reverb=0.00
21:19:06  tanpura field: ga-sa-sa-Sa · Bhimpalasī · Sa=116.5Hz · nakshatra=Pūrvāṣāḍhā · tidx=21
21:19:06  sarangi: bowing Sa=116.5Hz
21:19:06  synth params: ga-sa-sa-Sa · Bhimpalasī · Sa=116.5Hz · nakshatra=Pūrvāṣāḍhā · tidx=21 · 7 voices · tabla · 6 bols · mudrā: Padmakosha (flowing)
21:19:06  trajectory: descending · mercury dasha · tempo×1.00 · tabla=True
21:19:07  mix recv: brightness=0.00 reverb=0.00
21:19:12  mix recv: brightness=0.00 reverb=0.00
21:19:16  mix recv: brightness=0.00 reverb=0.00
21:19:20  mix recv: brightness=0.00 reverb=0.00
21:19:23  tanpura field: ga-sa-sa-Sa · Bhimpalasī · Sa=116.5Hz · nakshatra=Pūrvāṣāḍhā · tidx=21
21:19:23  sarangi: bowing Sa=116.5Hz
21:19:23  synth params: ga-sa-sa-Sa · Bhimpalasī · Sa=116.5Hz · nakshatra=Pūrvāṣāḍhā · tidx=21 · 9 voices · tabla · 6 bols · mudrā: Padmakosha (flowing)
21:19:23  trajectory: descending · mercury dasha · tempo×1.00 · tabla=True
21:19:25  mix recv: brightness=0.00 reverb=0.00
21:19:29  mix recv: brightness=0.00 reverb=0.00
21:19:33  mix recv: brightness=0.00 reverb=0.00
21:19:37  tanpura field: ga-sa-sa-Sa · Bhimpalasī · Sa=116.5Hz · nakshatra=Pūrvāṣāḍhā · tidx=21
21:19:37  sarangi: bowing Sa=116.5Hz
21:19:37  synth params: ga-sa-sa-Sa · Bhimpalasī · Sa=116.5Hz · nakshatra=Pūrvāṣāḍhā · tidx=21 · 9 voices · tabla · 6 bols · mudrā: Padmakosha (flowing)
21:19:37  trajectory: descending · mercury dasha · tempo×1.00 · tabla=True
21:19:37  mix recv: brightness=0.00 reverb=0.00
21:19:42  mix recv: brightness=0.00 reverb=0.00
21:19:46  mix recv: brightness=0.00 reverb=0.00
21:19:50  mix recv: brightness=0.00 reverb=0.00
21:19:53  tanpura field: ga-sa-sa-Sa · Bhimpalasī · Sa=116.5Hz · nakshatra=Pūrvāṣāḍhā · tidx=21
21:19:53  sarangi: bowing Sa=116.5Hz
21:19:53  synth params: ga-sa-sa-Sa · Bhimpalasī · Sa=116.5Hz · nakshatra=Pūrvāṣāḍhā · tidx=21 · 9 voices · tabla · 6 bols · mudrā: Padmakosha (flowing)
21:19:53  trajectory: descending · mercury dasha · tempo×1.00 · tabla=True
21:19:55  mix recv: brightness=0.00 reverb=0.00
21:19:59  mix recv: brightness=0.00 reverb=0.00
21:20:03  mix recv: brightness=0.00 reverb=0.00
21:20:07  tanpura field: ga-sa-sa-Sa · Bhimpalasī · Sa=116.5Hz · nakshatra=Pūrvāṣāḍhā · tidx=21
21:20:07  sarangi: bowing Sa=116.5Hz
21:20:07  synth params: ga-sa-sa-Sa · Bhimpalasī · Sa=116.5Hz · nakshatra=Pūrvāṣāḍhā · tidx=21 · 6 voices · tabla · 6 bols · mudrā: Padmakosha (flowing)
21:20:07  trajectory: descending · mercury dasha · tempo×1.00 · tabla=True
21:20:07  mix recv: brightness=0.00 reverb=0.00
21:20:12  mix recv: brightness=0.00 reverb=0.00
21:20:16  mix recv: brightness=0.00 reverb=0.00
21:20:20  mix recv: brightness=0.00 reverb=0.00
21:20:23  tanpura field: ga-sa-sa-Sa · Bhimpalasī · Sa=116.5Hz · nakshatra=Pūrvāṣāḍhā · tidx=21
21:20:23  sarangi: bowing Sa=116.5Hz
21:20:23  synth params: ga-sa-sa-Sa · Bhimpalasī · Sa=116.5Hz · nakshatra=Pūrvāṣāḍhā · tidx=21 · 7 voices · tabla · 6 bols · mudrā: Padmakosha (flowing)
21:20:23  trajectory: descending · mercury dasha · tempo×1.00 · tabla=True
21:20:25  mix recv: brightness=0.00 reverb=0.00
21:20:29  mix recv: brightness=0.00 reverb=0.00
21:20:33  mix recv: brightness=0.00 reverb=0.00
21:20:37  tanpura field: ga-sa-sa-Sa · Bhimpalasī · Sa=116.5Hz · nakshatra=Pūrvāṣāḍhā · tidx=21
21:20:37  sarangi: bowing Sa=116.5Hz
21:20:37  synth params: ga-sa-sa-Sa · Bhimpalasī · Sa=116.5Hz · nakshatra=Pūrvāṣāḍhā · tidx=21 · 8 voices · tabla · 6 bols · mudrā: Padmakosha (flowing)
21:20:37  trajectory: descending · mercury dasha · tempo×1.00 · tabla=True
21:20:37  mix recv: brightness=0.00 reverb=0.00
21:20:42  mix recv: brightness=0.00 reverb=0.00
21:20:46  mix recv: brightness=0.00 reverb=0.00
21:20:50  mix recv: brightness=0.00 reverb=0.00
21:20:54  tanpura field: ga-sa-sa-Sa · Bhimpalasī · Sa=116.5Hz · nakshatra=Pūrvāṣāḍhā · tidx=21
21:20:54  sarangi: bowing Sa=116.5Hz
21:20:54  synth params: ga-sa-sa-Sa · Bhimpalasī · Sa=116.5Hz · nakshatra=Pūrvāṣāḍhā · tidx=21 · 7 voices · tabla · 6 bols · mudrā: Padmakosha (flowing)
21:20:54  trajectory: descending · mercury dasha · tempo×1.00 · tabla=True
21:20:55  mix recv: brightness=0.00 reverb=0.00
21:20:59  mix recv: brightness=0.00 reverb=0.00
21:21:03  mix recv: brightness=0.00 reverb=0.00
21:21:07  tanpura field: ga-sa-sa-Sa · Bhimpalasī · Sa=116.5Hz · nakshatra=Pūrvāṣāḍhā · tidx=21
21:21:07  sarangi: bowing Sa=116.5Hz
21:21:07  synth params: ga-sa-sa-Sa · Bhimpalasī · Sa=116.5Hz · nakshatra=Pūrvāṣāḍhā · tidx=21 · 8 voices · tabla · 6 bols · mudrā: Padmakosha (flowing)
21:21:07  trajectory: descending · mercury dasha · tempo×1.00 · tabla=True
21:21:07  mix recv: brightness=0.00 reverb=0.00
21:21:12  mix recv: brightness=0.00 reverb=0.00
21:21:16  mix recv: brightness=0.00 reverb=0.00
21:21:20  mix recv: brightness=0.00 reverb=0.00
21:21:24  tanpura field: ga-sa-sa-Sa · Bhimpalasī · Sa=116.5Hz · nakshatra=Pūrvāṣāḍhā · tidx=21
21:21:24  sarangi: bowing Sa=116.5Hz
21:21:24  synth params: ga-sa-sa-Sa · Bhimpalasī · Sa=116.5Hz · nakshatra=Pūrvāṣāḍhā · tidx=21 · 6 voices · tabla · 6 bols · mudrā: Padmakosha (flowing)
21:21:24  trajectory: descending · mercury dasha · tempo×1.00 · tabla=True
21:21:25  mix recv: brightness=0.00 reverb=0.00
21:21:29  mix recv: brightness=0.00 reverb=0.00
21:21:33  mix recv: brightness=0.00 reverb=0.00
21:21:37  tanpura field: ga-sa-sa-Sa · Bhimpalasī · Sa=116.5Hz · nakshatra=Pūrvāṣāḍhā · tidx=21
21:21:37  sarangi: bowing Sa=116.5Hz
21:21:37  synth params: ga-sa-sa-Sa · Bhimpalasī · Sa=116.5Hz · nakshatra=Pūrvāṣāḍhā · tidx=21 · 7 voices · tabla · 6 bols · mudrā: Padmakosha (flowing)
21:21:37  trajectory: descending · mercury dasha · tempo×1.00 · tabla=True
21:21:37  mix recv: brightness=0.00 reverb=0.00
21:21:42  mix recv: brightness=0.00 reverb=0.00
21:21:46  mix recv: brightness=0.00 reverb=0.00
21:21:50  mix recv: brightness=0.00 reverb=0.00
21:21:54  tanpura field: ga-sa-sa-Sa · Bhimpalasī · Sa=116.5Hz · nakshatra=Pūrvāṣāḍhā · tidx=21
21:21:54  sarangi: bowing Sa=116.5Hz
21:21:54  synth params: ga-sa-sa-Sa · Bhimpalasī · Sa=116.5Hz · nakshatra=Pūrvāṣāḍhā · tidx=21 · 8 voices · tabla · 6 bols · mudrā: Padmakosha (flowing)
21:21:54  trajectory: descending · mercury dasha · tempo×1.00 · tabla=True
21:21:55  mix recv: brightness=0.00 reverb=0.00
21:21:59  mix recv: brightness=0.00 reverb=0.00
21:22:03  mix recv: brightness=0.00 reverb=0.00
21:22:07  tanpura field: ga-sa-sa-Sa · Bhimpalasī · Sa=116.5Hz · nakshatra=Pūrvāṣāḍhā · tidx=21
21:22:07  sarangi: bowing Sa=116.5Hz
21:22:07  synth params: ga-sa-sa-Sa · Bhimpalasī · Sa=116.5Hz · nakshatra=Pūrvāṣāḍhā · tidx=21 · 6 voices · tabla · 6 bols · mudrā: Padmakosha (flowing)
21:22:07  trajectory: descending · mercury dasha · tempo×1.00 · tabla=True
21:22:07  mix recv: brightness=0.00 reverb=0.00
21:22:12  mix recv: brightness=0.00 reverb=0.00
21:22:16  mix recv: brightness=0.00 reverb=0.00
21:22:20  mix recv: brightness=0.00 reverb=0.00
21:22:24  tanpura field: ga-sa-sa-Sa · Bhimpalasī · Sa=116.5Hz · nakshatra=Pūrvāṣāḍhā · tidx=21
21:22:24  sarangi: bowing Sa=116.5Hz
21:22:24  synth params: ga-sa-sa-Sa · Bhimpalasī · Sa=116.5Hz · nakshatra=Pūrvāṣāḍhā · tidx=21 · 8 voices · tabla · 6 bols · mudrā: Padmakosha (flowing)
21:22:24  trajectory: descending · mercury dasha · tempo×1.00 · tabla=True
21:22:25  mix recv: brightness=0.00 reverb=0.00
21:22:29  mix recv: brightness=0.00 reverb=0.00
21:22:33  mix recv: brightness=0.00 reverb=0.00
21:22:37  mix recv: brightness=0.00 reverb=0.00
21:22:38  tanpura field: ga-sa-sa-Sa · Bhimpalasī · Sa=116.5Hz · nakshatra=Pūrvāṣāḍhā · tidx=21
21:22:38  sarangi: bowing Sa=116.5Hz
21:22:38  synth params: ga-sa-sa-Sa · Bhimpalasī · Sa=116.5Hz · nakshatra=Pūrvāṣāḍhā · tidx=21 · 8 voices · tabla · 6 bols · mudrā: Padmakosha (flowing)
21:22:38  trajectory: descending · mercury dasha · tempo×1.00 · tabla=True
21:22:42  mix recv: brightness=0.00 reverb=0.00
21:22:46  mix recv: brightness=0.00 reverb=0.00
21:22:50  mix recv: brightness=0.00 reverb=0.00
21:22:54  tanpura field: ga-sa-sa-Sa · Bhimpalasī · Sa=116.5Hz · nakshatra=Pūrvāṣāḍhā · tidx=21
21:22:54  sarangi: bowing Sa=116.5Hz
21:22:54  synth params: ga-sa-sa-Sa · Bhimpalasī · Sa=116.5Hz · nakshatra=Pūrvāṣāḍhā · tidx=21 · 6 voices · tabla · 6 bols · mudrā: Padmakosha (flowing)
21:22:54  trajectory: descending · mercury dasha · tempo×1.00 · tabla=True
21:22:55  mix recv: brightness=0.00 reverb=0.00
21:22:59  mix recv: brightness=0.00 reverb=0.00
21:23:03  mix recv: brightness=0.00 reverb=0.00
21:23:07  mix recv: brightness=0.00 reverb=0.00
21:23:08  tanpura field: ga-sa-sa-Sa · Bhimpalasī · Sa=116.5Hz · nakshatra=Pūrvāṣāḍhā · tidx=21
21:23:08  sarangi: bowing Sa=116.5Hz
21:23:08  synth params: ga-sa-sa-Sa · Bhimpalasī · Sa=116.5Hz · nakshatra=Pūrvāṣāḍhā · tidx=21 · 6 voices · tabla · 6 bols · mudrā: Padmakosha (flowing)
21:23:08  trajectory: descending · mercury dasha · tempo×1.00 · tabla=True
21:23:12  mix recv: brightness=0.00 reverb=0.00
21:23:16  mix recv: brightness=0.00 reverb=0.00
21:23:20  mix recv: brightness=0.00 reverb=0.00
21:23:24  tanpura field: ga-sa-sa-Sa · Bhimpalasī · Sa=116.5Hz · nakshatra=Pūrvāṣāḍhā · tidx=21
21:23:24  sarangi: bowing Sa=116.5Hz
21:23:24  synth params: ga-sa-sa-Sa · Bhimpalasī · Sa=116.5Hz · nakshatra=Pūrvāṣāḍhā · tidx=21 · 6 voices · tabla · 6 bols · mudrā: Padmakosha (flowing)
21:23:24  trajectory: descending · mercury dasha · tempo×1.00 · tabla=True
21:23:25  mix recv: brightness=0.00 reverb=0.00
21:23:29  mix recv: brightness=0.00 reverb=0.00
21:23:33  mix recv: brightness=0.00 reverb=0.00
21:23:37  mix recv: brightness=0.00 reverb=0.00
21:23:38  tanpura field: ga-sa-sa-Sa · Bhimpalasī · Sa=116.5Hz · nakshatra=Pūrvāṣāḍhā · tidx=21
21:23:38  sarangi: bowing Sa=116.5Hz
21:23:38  synth params: ga-sa-sa-Sa · Bhimpalasī · Sa=116.5Hz · nakshatra=Pūrvāṣāḍhā · tidx=21 · 6 voices · tabla · 6 bols · mudrā: Padmakosha (flowing)
21:23:38  trajectory: descending · mercury dasha · tempo×1.00 · tabla=True
21:23:42  mix recv: brightness=0.00 reverb=0.00
21:23:46  mix recv: brightness=0.00 reverb=0.00
21:23:50  mix recv: brightness=0.00 reverb=0.00
21:23:54  tanpura field: ga-sa-sa-Sa · Bhimpalasī · Sa=116.5Hz · nakshatra=Pūrvāṣāḍhā · tidx=21
21:23:54  sarangi: bowing Sa=116.5Hz
21:23:54  synth params: ga-sa-sa-Sa · Bhimpalasī · Sa=116.5Hz · nakshatra=Pūrvāṣāḍhā · tidx=21 · 6 voices · tabla · 6 bols · mudrā: Padmakosha (flowing)
21:23:54  trajectory: descending · mercury dasha · tempo×1.00 · tabla=True
21:23:55  mix recv: brightness=0.00 reverb=0.00
21:23:59  mix recv: brightness=0.00 reverb=0.00
21:24:03  mix recv: brightness=0.00 reverb=0.00
21:24:07  mix recv: brightness=0.00 reverb=0.00
21:24:08  tanpura field: ga-sa-sa-Sa · Bhimpalasī · Sa=116.5Hz · nakshatra=Pūrvāṣāḍhā · tidx=21
21:24:08  sarangi: bowing Sa=116.5Hz
21:24:08  synth params: ga-sa-sa-Sa · Bhimpalasī · Sa=116.5Hz · nakshatra=Pūrvāṣāḍhā · tidx=21 · 8 voices · tabla · 6 bols · mudrā: Padmakosha (flowing)
21:24:08  trajectory: descending · mercury dasha · tempo×1.00 · tabla=True
21:24:12  mix recv: brightness=0.00 reverb=0.00
21:24:16  mix recv: brightness=0.00 reverb=0.00
21:24:20  mix recv: brightness=0.00 reverb=0.00
21:24:24  tanpura field: ga-sa-sa-Sa · Bhimpalasī · Sa=116.5Hz · nakshatra=Pūrvāṣāḍhā · tidx=21
21:24:24  sarangi: bowing Sa=116.5Hz
21:24:24  synth params: ga-sa-sa-Sa · Bhimpalasī · Sa=116.5Hz · nakshatra=Pūrvāṣāḍhā · tidx=21 · 9 voices · tabla · 6 bols · mudrā: Padmakosha (flowing)
21:24:24  trajectory: descending · mercury dasha · tempo×1.00 · tabla=True
21:24:25  mix recv: brightness=0.00 reverb=0.00
21:24:29  mix recv: brightness=0.00 reverb=0.00
21:24:33  mix recv: brightness=0.00 reverb=0.00
21:24:37  mix recv: brightness=0.00 reverb=0.00
21:24:38  tanpura field: ga-sa-sa-Sa · Bhimpalasī · Sa=116.5Hz · nakshatra=Pūrvāṣāḍhā · tidx=21
21:24:38  sarangi: bowing Sa=116.5Hz
21:24:38  synth params: ga-sa-sa-Sa · Bhimpalasī · Sa=116.5Hz · nakshatra=Pūrvāṣāḍhā · tidx=21 · 9 voices · tabla · 6 bols · mudrā: Padmakosha (flowing)
21:24:38  trajectory: descending · mercury dasha · tempo×1.00 · tabla=True
21:24:42  mix recv: brightness=0.00 reverb=0.00
21:24:46  mix recv: brightness=0.00 reverb=0.00
21:24:50  mix recv: brightness=0.00 reverb=0.00
21:24:54  tanpura field: ga-sa-sa-Sa · Bhimpalasī · Sa=116.5Hz · nakshatra=Pūrvāṣāḍhā · tidx=21
21:24:54  sarangi: bowing Sa=116.5Hz
21:24:54  synth params: ga-sa-sa-Sa · Bhimpalasī · Sa=116.5Hz · nakshatra=Pūrvāṣāḍhā · tidx=21 · 7 voices · tabla · 6 bols · mudrā: Padmakosha (flowing)
21:24:54  trajectory: descending · mercury dasha · tempo×1.00 · tabla=True
21:24:55  mix recv: brightness=0.00 reverb=0.00
21:24:59  mix recv: brightness=0.00 reverb=0.00
21:25:03  mix recv: brightness=0.00 reverb=0.00
21:25:07  mix recv: brightness=0.00 reverb=0.00
21:25:08  tanpura field: ga-sa-sa-Sa · Bhimpalasī · Sa=116.5Hz · nakshatra=Pūrvāṣāḍhā · tidx=21
21:25:08  sarangi: bowing Sa=116.5Hz
21:25:08  synth params: ga-sa-sa-Sa · Bhimpalasī · Sa=116.5Hz · nakshatra=Pūrvāṣāḍhā · tidx=21 · 7 voices · tabla · 6 bols · mudrā: Padmakosha (flowing)
21:25:08  trajectory: descending · mercury dasha · tempo×1.00 · tabla=True
21:25:12  mix recv: brightness=0.00 reverb=0.00
21:25:16  mix recv: brightness=0.00 reverb=0.00
21:25:20  mix recv: brightness=0.00 reverb=0.00
21:25:24  tanpura field: ga-sa-sa-Sa · Bhimpalasī · Sa=116.5Hz · nakshatra=Pūrvāṣāḍhā · tidx=21
21:25:24  sarangi: bowing Sa=116.5Hz
21:25:24  synth params: ga-sa-sa-Sa · Bhimpalasī · Sa=116.5Hz · nakshatra=Pūrvāṣāḍhā · tidx=21 · 6 voices · tabla · 6 bols · mudrā: Padmakosha (flowing)
21:25:24  trajectory: descending · mercury dasha · tempo×1.00 · tabla=True
21:25:25  mix recv: brightness=0.00 reverb=0.00
21:25:29  mix recv: brightness=0.00 reverb=0.00
21:25:33  mix recv: brightness=0.00 reverb=0.00
21:25:37  mix recv: brightness=0.00 reverb=0.00
21:25:38  tanpura field: ga-sa-sa-Sa · Bhimpalasī · Sa=116.5Hz · nakshatra=Pūrvāṣāḍhā · tidx=21
21:25:38  sarangi: bowing Sa=116.5Hz
21:25:38  synth params: ga-sa-sa-Sa · Bhimpalasī · Sa=116.5Hz · nakshatra=Pūrvāṣāḍhā · tidx=21 · 6 voices · tabla · 6 bols · mudrā: Padmakosha (flowing)
21:25:38  trajectory: descending · mercury dasha · tempo×1.00 · tabla=True
21:25:42  mix recv: brightness=0.00 reverb=0.00
21:25:46  mix recv: brightness=0.00 reverb=0.00
21:25:50  mix recv: brightness=0.00 reverb=0.00
21:25:54  tanpura field: ga-sa-sa-Sa · Bhimpalasī · Sa=116.5Hz · nakshatra=Pūrvāṣāḍhā · tidx=21
21:25:54  sarangi: bowing Sa=116.5Hz
21:25:54  synth params: ga-sa-sa-Sa · Bhimpalasī · Sa=116.5Hz · nakshatra=Pūrvāṣāḍhā · tidx=21 · 6 voices · tabla · 6 bols · mudrā: Padmakosha (flowing)
21:25:54  trajectory: descending · mercury dasha · tempo×1.00 · tabla=True
21:25:55  mix recv: brightness=0.00 reverb=0.00
21:25:59  mix recv: brightness=0.00 reverb=0.00
21:26:03  mix recv: brightness=0.00 reverb=0.00
21:26:07  mix recv: brightness=0.00 reverb=0.00
21:26:08  tanpura field: ga-sa-sa-Sa · Bhimpalasī · Sa=116.5Hz · nakshatra=Pūrvāṣāḍhā · tidx=21
21:26:08  sarangi: bowing Sa=116.5Hz
21:26:08  synth params: ga-sa-sa-Sa · Bhimpalasī · Sa=116.5Hz · nakshatra=Pūrvāṣāḍhā · tidx=21 · 6 voices · tabla · 6 bols · mudrā: Padmakosha (flowing)
21:26:08  trajectory: descending · mercury dasha · tempo×1.00 · tabla=True
21:26:12  mix recv: brightness=0.00 reverb=0.00
21:26:16  mix recv: brightness=0.00 reverb=0.00
21:26:20  mix recv: brightness=0.00 reverb=0.00
21:26:25  tanpura field: ga-sa-sa-Sa · Bhimpalasī · Sa=116.5Hz · nakshatra=Pūrvāṣāḍhā · tidx=21
21:26:25  sarangi: bowing Sa=116.5Hz
21:26:25  synth params: ga-sa-sa-Sa · Bhimpalasī · Sa=116.5Hz · nakshatra=Pūrvāṣāḍhā · tidx=21 · 6 voices · tabla · 6 bols · mudrā: Padmakosha (flowing)
21:26:25  trajectory: descending · mercury dasha · tempo×1.00 · tabla=True
21:26:25  mix recv: brightness=0.00 reverb=0.00
21:26:29  mix recv: brightness=0.00 reverb=0.00
21:26:33  mix recv: brightness=0.00 reverb=0.00
21:26:37  mix recv: brightness=0.00 reverb=0.00
21:26:38  tanpura field: ga-sa-sa-Sa · Bhimpalasī · Sa=116.5Hz · nakshatra=Pūrvāṣāḍhā · tidx=21
21:26:38  sarangi: bowing Sa=116.5Hz
21:26:38  synth params: ga-sa-sa-Sa · Bhimpalasī · Sa=116.5Hz · nakshatra=Pūrvāṣāḍhā · tidx=21 · 6 voices · tabla · 6 bols · mudrā: Padmakosha (flowing)
21:26:38  trajectory: descending · mercury dasha · tempo×1.00 · tabla=True
21:26:42  mix recv: brightness=0.00 reverb=0.00
21:26:46  mix recv: brightness=0.00 reverb=0.00
21:26:50  mix recv: brightness=0.00 reverb=0.00
21:26:55  mix recv: brightness=0.00 reverb=0.00
21:26:55  tanpura field: ga-sa-sa-Sa · Bhimpalasī · Sa=116.5Hz · nakshatra=Pūrvāṣāḍhā · tidx=21
21:26:55  sarangi: bowing Sa=116.5Hz
21:26:55  synth params: ga-sa-sa-Sa · Bhimpalasī · Sa=116.5Hz · nakshatra=Pūrvāṣāḍhā · tidx=21 · 9 voices · tabla · 6 bols · mudrā: Padmakosha (flowing)
21:26:55  trajectory: descending · mercury dasha · tempo×1.00 · tabla=True
21:26:59  mix recv: brightness=0.00 reverb=0.00
21:27:03  mix recv: brightness=0.00 reverb=0.00
21:27:07  mix recv: brightness=0.00 reverb=0.00
21:27:08  tanpura field: ga-sa-sa-Sa · Bhimpalasī · Sa=116.5Hz · nakshatra=Pūrvāṣāḍhā · tidx=21
21:27:08  sarangi: bowing Sa=116.5Hz
21:27:08  synth params: ga-sa-sa-Sa · Bhimpalasī · Sa=116.5Hz · nakshatra=Pūrvāṣāḍhā · tidx=21 · 6 voices · tabla · 6 bols · mudrā: Padmakosha (flowing)
21:27:08  trajectory: descending · mercury dasha · tempo×1.00 · tabla=True
21:27:12  mix recv: brightness=0.00 reverb=0.00
21:27:16  mix recv: brightness=0.00 reverb=0.00
21:27:20  mix recv: brightness=0.00 reverb=0.00
21:27:25  mix recv: brightness=0.00 reverb=0.00
21:27:25  tanpura field: ga-sa-sa-Sa · Bhimpalasī · Sa=116.5Hz · nakshatra=Pūrvāṣāḍhā · tidx=21
21:27:25  sarangi: bowing Sa=116.5Hz
21:27:25  synth params: ga-sa-sa-Sa · Bhimpalasī · Sa=116.5Hz · nakshatra=Pūrvāṣāḍhā · tidx=21 · 7 voices · tabla · 6 bols · mudrā: Padmakosha (flowing)
21:27:25  trajectory: descending · mercury dasha · tempo×1.00 · tabla=True
21:27:29  mix recv: brightness=0.00 reverb=0.00
21:27:33  mix recv: brightness=0.00 reverb=0.00
21:27:37  mix recv: brightness=0.00 reverb=0.00
21:27:38  tanpura field: ga-sa-sa-Sa · Bhimpalasī · Sa=116.5Hz · nakshatra=Pūrvāṣāḍhā · tidx=21
21:27:38  sarangi: bowing Sa=116.5Hz
21:27:38  synth params: ga-sa-sa-Sa · Bhimpalasī · Sa=116.5Hz · nakshatra=Pūrvāṣāḍhā · tidx=21 · 6 voices · tabla · 6 bols · mudrā: Padmakosha (flowing)
21:27:38  trajectory: descending · mercury dasha · tempo×1.00 · tabla=True
21:27:42  mix recv: brightness=0.00 reverb=0.00
21:27:46  mix recv: brightness=0.00 reverb=0.00
21:27:50  mix recv: brightness=0.00 reverb=0.00
21:27:55  mix recv: brightness=0.00 reverb=0.00
21:27:55  tanpura field: ga-sa-sa-Sa · Bhimpalasī · Sa=116.5Hz · nakshatra=Pūrvāṣāḍhā · tidx=21
21:27:55  sarangi: bowing Sa=116.5Hz
21:27:55  synth params: ga-sa-sa-Sa · Bhimpalasī · Sa=116.5Hz · nakshatra=Pūrvāṣāḍhā · tidx=21 · 9 voices · tabla · 6 bols · mudrā: Padmakosha (flowing)
21:27:55  trajectory: descending · mercury dasha · tempo×1.00 · tabla=True
21:27:59  mix recv: brightness=0.00 reverb=0.00
21:28:03  mix recv: brightness=0.00 reverb=0.00
21:28:07  mix recv: brightness=0.00 reverb=0.00
21:28:09  tanpura field: ga-sa-sa-Sa · Bhimpalasī · Sa=116.5Hz · nakshatra=Pūrvāṣāḍhā · tidx=21
21:28:09  sarangi: bowing Sa=116.5Hz
21:28:09  synth params: ga-sa-sa-Sa · Bhimpalasī · Sa=116.5Hz · nakshatra=Pūrvāṣāḍhā · tidx=21 · 6 voices · tabla · 6 bols · mudrā: Padmakosha (flowing)
21:28:09  trajectory: descending · mercury dasha · tempo×1.00 · tabla=True
21:28:12  mix recv: brightness=0.00 reverb=0.00
21:28:16  mix recv: brightness=0.00 reverb=0.00
21:28:20  mix recv: brightness=0.00 reverb=0.00
21:28:25  mix recv: brightness=0.00 reverb=0.00
21:28:25  tanpura field: ga-sa-sa-Sa · Bhimpalasī · Sa=116.5Hz · nakshatra=Pūrvāṣāḍhā · tidx=21
21:28:25  sarangi: bowing Sa=116.5Hz
21:28:25  synth params: ga-sa-sa-Sa · Bhimpalasī · Sa=116.5Hz · nakshatra=Pūrvāṣāḍhā · tidx=21 · 6 voices · tabla · 6 bols · mudrā: Padmakosha (flowing)
21:28:25  trajectory: descending · mercury dasha · tempo×1.00 · tabla=True
21:28:29  mix recv: brightness=0.00 reverb=0.00
21:28:33  mix recv: brightness=0.00 reverb=0.00
21:28:37  mix recv: brightness=0.00 reverb=0.00
21:28:39  tanpura field: ga-sa-sa-Sa · Bhimpalasī · Sa=116.5Hz · nakshatra=Pūrvāṣāḍhā · tidx=21
21:28:39  sarangi: bowing Sa=116.5Hz
21:28:39  synth params: ga-sa-sa-Sa · Bhimpalasī · Sa=116.5Hz · nakshatra=Pūrvāṣāḍhā · tidx=21 · 7 voices · tabla · 6 bols · mudrā: Padmakosha (flowing)
21:28:39  trajectory: descending · mercury dasha · tempo×1.00 · tabla=True
21:28:42  mix recv: brightness=0.00 reverb=0.00
21:28:46  mix recv: brightness=0.00 reverb=0.00
21:28:50  mix recv: brightness=0.00 reverb=0.00
21:28:55  mix recv: brightness=0.00 reverb=0.00
21:28:55  tanpura field: ga-sa-sa-Sa · Bhimpalasī · Sa=116.5Hz · nakshatra=Pūrvāṣāḍhā · tidx=21
21:28:55  sarangi: bowing Sa=116.5Hz
21:28:55  synth params: ga-sa-sa-Sa · Bhimpalasī · Sa=116.5Hz · nakshatra=Pūrvāṣāḍhā · tidx=21 · 6 voices · tabla · 6 bols · mudrā: Padmakosha (flowing)
21:28:55  trajectory: descending · mercury dasha · tempo×1.00 · tabla=True
21:28:59  mix recv: brightness=0.00 reverb=0.00
21:29:03  mix recv: brightness=0.00 reverb=0.00
21:29:07  mix recv: brightness=0.00 reverb=0.00
21:29:09  tanpura field: ga-sa-sa-Sa · Bhimpalasī · Sa=116.5Hz · nakshatra=Pūrvāṣāḍhā · tidx=21
21:29:09  sarangi: bowing Sa=116.5Hz
21:29:09  synth params: ga-sa-sa-Sa · Bhimpalasī · Sa=116.5Hz · nakshatra=Pūrvāṣāḍhā · tidx=21 · 7 voices · tabla · 6 bols · mudrā: Padmakosha (flowing)
21:29:09  trajectory: descending · mercury dasha · tempo×1.00 · tabla=True
21:29:12  mix recv: brightness=0.00 reverb=0.00
21:29:16  mix recv: brightness=0.00 reverb=0.00
21:29:20  mix recv: brightness=0.00 reverb=0.00
21:29:25  mix recv: brightness=0.00 reverb=0.00
21:29:25  tanpura field: ga-sa-sa-Sa · Bhimpalasī · Sa=116.5Hz · nakshatra=Pūrvāṣāḍhā · tidx=21
21:29:25  sarangi: bowing Sa=116.5Hz
21:29:25  synth params: ga-sa-sa-Sa · Bhimpalasī · Sa=116.5Hz · nakshatra=Pūrvāṣāḍhā · tidx=21 · 6 voices · tabla · 6 bols · mudrā: Padmakosha (flowing)
21:29:25  trajectory: descending · mercury dasha · tempo×1.00 · tabla=True
21:29:29  mix recv: brightness=0.00 reverb=0.00
21:29:33  mix recv: brightness=0.00 reverb=0.00
21:29:37  mix recv: brightness=0.00 reverb=0.00
21:29:39  tanpura field: ga-sa-sa-Sa · Bhimpalasī · Sa=116.5Hz · nakshatra=Pūrvāṣāḍhā · tidx=21
21:29:39  sarangi: bowing Sa=116.5Hz
21:29:39  synth params: ga-sa-sa-Sa · Bhimpalasī · Sa=116.5Hz · nakshatra=Pūrvāṣāḍhā · tidx=21 · 7 voices · tabla · 6 bols · mudrā: Padmakosha (flowing)
21:29:39  trajectory: descending · mercury dasha · tempo×1.00 · tabla=True
21:29:42  mix recv: brightness=0.00 reverb=0.00
21:29:46  mix recv: brightness=0.00 reverb=0.00
21:29:50  mix recv: brightness=0.00 reverb=0.00
21:29:55  mix recv: brightness=0.00 reverb=0.00
21:29:55  tanpura field: ga-sa-sa-Sa · Bhimpalasī · Sa=116.5Hz · nakshatra=Pūrvāṣāḍhā · tidx=21
21:29:55  sarangi: bowing Sa=116.5Hz
21:29:55  synth params: ga-sa-sa-Sa · Bhimpalasī · Sa=116.5Hz · nakshatra=Pūrvāṣāḍhā · tidx=21 · 6 voices · tabla · 6 bols · mudrā: Padmakosha (flowing)
21:29:55  trajectory: descending · mercury dasha · tempo×1.00 · tabla=True
21:29:59  mix recv: brightness=0.00 reverb=0.00
21:30:03  mix recv: brightness=0.00 reverb=0.00
21:30:08  mix recv: brightness=0.00 reverb=0.00
21:30:09  tanpura field: ga-sa-sa-Sa · Bhimpalasī · Sa=116.5Hz · nakshatra=Pūrvāṣāḍhā · tidx=21
21:30:09  sarangi: bowing Sa=116.5Hz
21:30:09  synth params: ga-sa-sa-Sa · Bhimpalasī · Sa=116.5Hz · nakshatra=Pūrvāṣāḍhā · tidx=21 · 7 voices · tabla · 6 bols · mudrā: Padmakosha (flowing)
21:30:09  trajectory: descending · mercury dasha · tempo×1.00 · tabla=True
21:30:12  mix recv: brightness=0.00 reverb=0.00
21:30:16  mix recv: brightness=0.00 reverb=0.00
21:30:20  mix recv: brightness=0.00 reverb=0.00
21:30:25  mix recv: brightness=0.00 reverb=0.00
21:30:26  tanpura field: ga-sa-sa-Sa · Bhimpalasī · Sa=116.5Hz · nakshatra=Pūrvāṣāḍhā · tidx=21
21:30:26  sarangi: bowing Sa=116.5Hz
21:30:26  synth params: ga-sa-sa-Sa · Bhimpalasī · Sa=116.5Hz · nakshatra=Pūrvāṣāḍhā · tidx=21 · 9 voices · tabla · 6 bols · mudrā: Padmakosha (flowing)
21:30:26  trajectory: descending · mercury dasha · tempo×1.00 · tabla=True
21:30:29  mix recv: brightness=0.00 reverb=0.00
21:30:33  mix recv: brightness=0.00 reverb=0.00
21:30:38  mix recv: brightness=0.00 reverb=0.00
21:30:39  tanpura field: ga-sa-sa-Sa · Bhimpalasī · Sa=116.5Hz · nakshatra=Pūrvāṣāḍhā · tidx=21
21:30:39  sarangi: bowing Sa=116.5Hz
21:30:39  synth params: ga-sa-sa-Sa · Bhimpalasī · Sa=116.5Hz · nakshatra=Pūrvāṣāḍhā · tidx=21 · 6 voices · tabla · 6 bols · mudrā: Padmakosha (flowing)
21:30:39  trajectory: descending · mercury dasha · tempo×1.00 · tabla=True
21:30:42  mix recv: brightness=0.00 reverb=0.00
21:30:46  mix recv: brightness=0.00 reverb=0.00
21:30:50  mix recv: brightness=0.00 reverb=0.00
21:30:55  mix recv: brightness=0.00 reverb=0.00
21:30:56  tanpura field: ga-sa-sa-Sa · Bhimpalasī · Sa=116.5Hz · nakshatra=Pūrvāṣāḍhā · tidx=21
21:30:56  sarangi: bowing Sa=116.5Hz
21:30:56  synth params: ga-sa-sa-Sa · Bhimpalasī · Sa=116.5Hz · nakshatra=Pūrvāṣāḍhā · tidx=21 · 6 voices · tabla · 6 bols · mudrā: Padmakosha (flowing)
21:30:56  trajectory: descending · mercury dasha · tempo×1.00 · tabla=True
21:30:59  mix recv: brightness=0.00 reverb=0.00
21:31:03  mix recv: brightness=0.00 reverb=0.00
21:31:08  mix recv: brightness=0.00 reverb=0.00
21:31:09  tanpura field: ga-sa-sa-Sa · Bhimpalasī · Sa=116.5Hz · nakshatra=Pūrvāṣāḍhā · tidx=21
21:31:09  sarangi: bowing Sa=116.5Hz
21:31:09  synth params: ga-sa-sa-Sa · Bhimpalasī · Sa=116.5Hz · nakshatra=Pūrvāṣāḍhā · tidx=21 · 7 voices · tabla · 6 bols · mudrā: Padmakosha (flowing)
21:31:09  trajectory: descending · mercury dasha · tempo×1.00 · tabla=True
21:31:12  mix recv: brightness=0.00 reverb=0.00
21:31:16  mix recv: brightness=0.00 reverb=0.00
21:31:20  mix recv: brightness=0.00 reverb=0.00
21:31:25  mix recv: brightness=0.00 reverb=0.00
21:31:26  tanpura field: ga-sa-sa-Sa · Bhimpalasī · Sa=116.5Hz · nakshatra=Pūrvāṣāḍhā · tidx=21
21:31:26  sarangi: bowing Sa=116.5Hz
21:31:26  synth params: ga-sa-sa-Sa · Bhimpalasī · Sa=116.5Hz · nakshatra=Pūrvāṣāḍhā · tidx=21 · 6 voices · tabla · 6 bols · mudrā: Padmakosha (flowing)
21:31:26  trajectory: descending · mercury dasha · tempo×1.00 · tabla=True
21:31:29  mix recv: brightness=0.00 reverb=0.00
21:31:33  mix recv: brightness=0.00 reverb=0.00
21:31:38  mix recv: brightness=0.00 reverb=0.00
21:31:39  tanpura field: ga-sa-sa-Sa · Bhimpalasī · Sa=116.5Hz · nakshatra=Pūrvāṣāḍhā · tidx=21
21:31:39  sarangi: bowing Sa=116.5Hz
21:31:39  synth params: ga-sa-sa-Sa · Bhimpalasī · Sa=116.5Hz · nakshatra=Pūrvāṣāḍhā · tidx=21 · 7 voices · tabla · 6 bols · mudrā: Padmakosha (flowing)
21:31:39  trajectory: descending · mercury dasha · tempo×1.00 · tabla=True
21:31:42  mix recv: brightness=0.00 reverb=0.00
21:31:46  mix recv: brightness=0.00 reverb=0.00
21:31:50  mix recv: brightness=0.00 reverb=0.00
21:31:55  mix recv: brightness=0.00 reverb=0.00
21:31:56  tanpura field: ga-sa-sa-Sa · Bhimpalasī · Sa=116.5Hz · nakshatra=Pūrvāṣāḍhā · tidx=21
21:31:56  sarangi: bowing Sa=116.5Hz
21:31:56  synth params: ga-sa-sa-Sa · Bhimpalasī · Sa=116.5Hz · nakshatra=Pūrvāṣāḍhā · tidx=21 · 8 voices · tabla · 6 bols · mudrā: Padmakosha (flowing)
21:31:56  trajectory: descending · mercury dasha · tempo×1.00 · tabla=True
21:31:59  mix recv: brightness=0.00 reverb=0.00
21:32:03  mix recv: brightness=0.00 reverb=0.00
21:32:08  mix recv: brightness=0.00 reverb=0.00
21:32:09  tanpura field: ga-sa-sa-Sa · Bhimpalasī · Sa=116.5Hz · nakshatra=Pūrvāṣāḍhā · tidx=21
21:32:09  sarangi: bowing Sa=116.5Hz
21:32:09  synth params: ga-sa-sa-Sa · Bhimpalasī · Sa=116.5Hz · nakshatra=Pūrvāṣāḍhā · tidx=21 · 6 voices · tabla · 6 bols · mudrā: Padmakosha (flowing)
21:32:09  trajectory: descending · mercury dasha · tempo×1.00 · tabla=True
21:32:12  mix recv: brightness=0.00 reverb=0.00
21:32:16  mix recv: brightness=0.00 reverb=0.00
21:32:20  mix recv: brightness=0.00 reverb=0.00
21:32:25  mix recv: brightness=0.00 reverb=0.00
21:32:26  tanpura field: ga-sa-sa-Sa · Bhimpalasī · Sa=116.5Hz · nakshatra=Pūrvāṣāḍhā · tidx=21
21:32:26  sarangi: bowing Sa=116.5Hz
21:32:26  synth params: ga-sa-sa-Sa · Bhimpalasī · Sa=116.5Hz · nakshatra=Pūrvāṣāḍhā · tidx=21 · 7 voices · tabla · 6 bols · mudrā: Padmakosha (flowing)
21:32:26  trajectory: descending · mercury dasha · tempo×1.00 · tabla=True
21:32:29  mix recv: brightness=0.00 reverb=0.00
21:32:33  mix recv: brightness=0.00 reverb=0.00
21:32:38  mix recv: brightness=0.00 reverb=0.00
21:32:40  tanpura field: ga-sa-sa-Sa · Bhimpalasī · Sa=116.5Hz · nakshatra=Pūrvāṣāḍhā · tidx=21
21:32:40  sarangi: bowing Sa=116.5Hz
21:32:40  synth params: ga-sa-sa-Sa · Bhimpalasī · Sa=116.5Hz · nakshatra=Pūrvāṣāḍhā · tidx=21 · 8 voices · tabla · 6 bols · mudrā: Padmakosha (flowing)
21:32:40  trajectory: descending · mercury dasha · tempo×1.00 · tabla=True
21:32:42  mix recv: brightness=0.00 reverb=0.00
21:32:46  mix recv: brightness=0.00 reverb=0.00
21:32:50  mix recv: brightness=0.00 reverb=0.00
21:32:55  mix recv: brightness=0.00 reverb=0.00
21:32:56  tanpura field: ga-sa-sa-Sa · Bhimpalasī · Sa=116.5Hz · nakshatra=Pūrvāṣāḍhā · tidx=21
21:32:56  sarangi: bowing Sa=116.5Hz
21:32:56  synth params: ga-sa-sa-Sa · Bhimpalasī · Sa=116.5Hz · nakshatra=Pūrvāṣāḍhā · tidx=21 · 6 voices · tabla · 6 bols · mudrā: Padmakosha (flowing)
21:32:56  trajectory: descending · mercury dasha · tempo×1.00 · tabla=True
21:32:59  mix recv: brightness=0.00 reverb=0.00
21:33:03  mix recv: brightness=0.00 reverb=0.00
21:33:08  mix recv: brightness=0.00 reverb=0.00
21:33:10  tanpura field: ga-sa-sa-Sa · Bhimpalasī · Sa=116.5Hz · nakshatra=Pūrvāṣāḍhā · tidx=21
21:33:10  sarangi: bowing Sa=116.5Hz
21:33:10  synth params: ga-sa-sa-Sa · Bhimpalasī · Sa=116.5Hz · nakshatra=Pūrvāṣāḍhā · tidx=21 · 6 voices · tabla · 6 bols · mudrā: Padmakosha (flowing)
21:33:10  trajectory: descending · mercury dasha · tempo×1.00 · tabla=True
21:33:12  mix recv: brightness=0.00 reverb=0.00
21:33:16  mix recv: brightness=0.00 reverb=0.00
21:33:20  mix recv: brightness=0.00 reverb=0.00
21:33:25  mix recv: brightness=0.00 reverb=0.00
21:33:26  tanpura field: ga-sa-sa-Sa · Bhimpalasī · Sa=116.5Hz · nakshatra=Pūrvāṣāḍhā · tidx=21
21:33:26  sarangi: bowing Sa=116.5Hz
21:33:26  synth params: ga-sa-sa-Sa · Bhimpalasī · Sa=116.5Hz · nakshatra=Pūrvāṣāḍhā · tidx=21 · 6 voices · tabla · 6 bols · mudrā: Padmakosha (flowing)
21:33:26  trajectory: descending · mercury dasha · tempo×1.00 · tabla=True
21:33:29  mix recv: brightness=0.00 reverb=0.00
21:33:33  mix recv: brightness=0.00 reverb=0.00
21:33:38  mix recv: brightness=0.00 reverb=0.00
21:33:40  tanpura field: ga-sa-sa-Sa · Bhimpalasī · Sa=116.5Hz · nakshatra=Pūrvāṣāḍhā · tidx=21
21:33:40  sarangi: bowing Sa=116.5Hz
21:33:40  synth params: ga-sa-sa-Sa · Bhimpalasī · Sa=116.5Hz · nakshatra=Pūrvāṣāḍhā · tidx=21 · 7 voices · tabla · 6 bols · mudrā: Padmakosha (flowing)
21:33:40  trajectory: descending · mercury dasha · tempo×1.00 · tabla=True
21:33:42  mix recv: brightness=0.00 reverb=0.00
21:33:46  mix recv: brightness=0.00 reverb=0.00
21:33:50  mix recv: brightness=0.00 reverb=0.00
21:33:55  mix recv: brightness=0.00 reverb=0.00
21:33:56  tanpura field: ga-sa-sa-Sa · Bhimpalasī · Sa=116.5Hz · nakshatra=Pūrvāṣāḍhā · tidx=21
21:33:56  sarangi: bowing Sa=116.5Hz
21:33:56  synth params: ga-sa-sa-Sa · Bhimpalasī · Sa=116.5Hz · nakshatra=Pūrvāṣāḍhā · tidx=21 · 6 voices · tabla · 6 bols · mudrā: Padmakosha (flowing)
21:33:56  trajectory: descending · mercury dasha · tempo×1.00 · tabla=True
21:33:59  mix recv: brightness=0.00 reverb=0.00
21:34:03  mix recv: brightness=0.00 reverb=0.00
21:34:08  mix recv: brightness=0.00 reverb=0.00
21:34:10  tanpura field: ga-sa-sa-Sa · Bhimpalasī · Sa=116.5Hz · nakshatra=Pūrvāṣāḍhā · tidx=21
21:34:10  sarangi: bowing Sa=116.5Hz
21:34:10  synth params: ga-sa-sa-Sa · Bhimpalasī · Sa=116.5Hz · nakshatra=Pūrvāṣāḍhā · tidx=21 · 6 voices · tabla · 6 bols · mudrā: Padmakosha (flowing)
21:34:10  trajectory: descending · mercury dasha · tempo×1.00 · tabla=True
21:34:12  mix recv: brightness=0.00 reverb=0.00
21:34:16  mix recv: brightness=0.00 reverb=0.00
21:34:20  mix recv: brightness=0.00 reverb=0.00
21:34:25  mix recv: brightness=0.00 reverb=0.00
21:34:26  tanpura field: ga-sa-sa-Sa · Bhimpalasī · Sa=116.5Hz · nakshatra=Pūrvāṣāḍhā · tidx=21
21:34:26  sarangi: bowing Sa=116.5Hz
21:34:26  synth params: ga-sa-sa-Sa · Bhimpalasī · Sa=116.5Hz · nakshatra=Pūrvāṣāḍhā · tidx=21 · 9 voices · tabla · 6 bols · mudrā: Padmakosha (flowing)
21:34:26  trajectory: descending · mercury dasha · tempo×1.00 · tabla=True
21:34:29  mix recv: brightness=0.00 reverb=0.00
21:34:33  mix recv: brightness=0.00 reverb=0.00
21:34:38  mix recv: brightness=0.00 reverb=0.00
21:34:40  tanpura field: ga-sa-sa-Sa · Bhimpalasī · Sa=116.5Hz · nakshatra=Pūrvāṣāḍhā · tidx=21
21:34:40  sarangi: bowing Sa=116.5Hz
21:34:40  synth params: ga-sa-sa-Sa · Bhimpalasī · Sa=116.5Hz · nakshatra=Pūrvāṣāḍhā · tidx=21 · 7 voices · tabla · 6 bols · mudrā: Padmakosha (flowing)
21:34:40  trajectory: descending · mercury dasha · tempo×1.00 · tabla=True
21:34:42  mix recv: brightness=0.00 reverb=0.00
21:34:46  mix recv: brightness=0.00 reverb=0.00
21:34:50  mix recv: brightness=0.00 reverb=0.00
21:34:55  mix recv: brightness=0.00 reverb=0.00
21:34:56  tanpura field: ga-sa-sa-Sa · Bhimpalasī · Sa=116.5Hz · nakshatra=Pūrvāṣāḍhā · tidx=21
21:34:56  sarangi: bowing Sa=116.5Hz
21:34:56  synth params: ga-sa-sa-Sa · Bhimpalasī · Sa=116.5Hz · nakshatra=Pūrvāṣāḍhā · tidx=21 · 7 voices · tabla · 6 bols · mudrā: Padmakosha (flowing)
21:34:56  trajectory: descending · mercury dasha · tempo×1.00 · tabla=True
21:34:59  mix recv: brightness=0.00 reverb=0.00
21:35:03  mix recv: brightness=0.00 reverb=0.00
21:35:08  mix recv: brightness=0.00 reverb=0.00
21:35:10  tanpura field: ga-sa-sa-Sa · Bhimpalasī · Sa=116.5Hz · nakshatra=Pūrvāṣāḍhā · tidx=21
21:35:10  sarangi: bowing Sa=116.5Hz
21:35:10  synth params: ga-sa-sa-Sa · Bhimpalasī · Sa=116.5Hz · nakshatra=Pūrvāṣāḍhā · tidx=21 · 9 voices · tabla · 6 bols · mudrā: Padmakosha (flowing)
21:35:10  trajectory: descending · mercury dasha · tempo×1.00 · tabla=True
21:35:12  mix recv: brightness=0.00 reverb=0.00
21:35:16  mix recv: brightness=0.00 reverb=0.00
21:35:20  mix recv: brightness=0.00 reverb=0.00
21:35:25  mix recv: brightness=0.00 reverb=0.00
21:35:27  tanpura field: ga-sa-sa-Sa · Bhimpalasī · Sa=116.5Hz · nakshatra=Pūrvāṣāḍhā · tidx=21
21:35:27  sarangi: bowing Sa=116.5Hz
21:35:27  synth params: ga-sa-sa-Sa · Bhimpalasī · Sa=116.5Hz · nakshatra=Pūrvāṣāḍhā · tidx=21 · 6 voices · tabla · 6 bols · mudrā: Padmakosha (flowing)
21:35:27  trajectory: descending · mercury dasha · tempo×1.00 · tabla=True
21:35:29  mix recv: brightness=0.00 reverb=0.00
21:35:33  mix recv: brightness=0.00 reverb=0.00
21:35:38  mix recv: brightness=0.00 reverb=0.00
21:35:40  tanpura field: ga-sa-sa-Sa · Bhimpalasī · Sa=116.5Hz · nakshatra=Pūrvāṣāḍhā · tidx=21
21:35:40  sarangi: bowing Sa=116.5Hz
21:35:40  synth params: ga-sa-sa-Sa · Bhimpalasī · Sa=116.5Hz · nakshatra=Pūrvāṣāḍhā · tidx=21 · 8 voices · tabla · 6 bols · mudrā: Padmakosha (flowing)
21:35:40  trajectory: descending · mercury dasha · tempo×1.00 · tabla=True
21:35:42  mix recv: brightness=0.00 reverb=0.00
21:35:46  mix recv: brightness=0.00 reverb=0.00
21:35:50  mix recv: brightness=0.00 reverb=0.00
21:35:55  mix recv: brightness=0.00 reverb=0.00
21:35:57  tanpura field: ga-sa-sa-Sa · Bhimpalasī · Sa=116.5Hz · nakshatra=Pūrvāṣāḍhā · tidx=21
21:35:57  sarangi: bowing Sa=116.5Hz
21:35:57  synth params: ga-sa-sa-Sa · Bhimpalasī · Sa=116.5Hz · nakshatra=Pūrvāṣāḍhā · tidx=21 · 6 voices · tabla · 6 bols · mudrā: Padmakosha (flowing)
21:35:57  trajectory: descending · mercury dasha · tempo×1.00 · tabla=True
21:35:59  mix recv: brightness=0.00 reverb=0.00
21:36:03  mix recv: brightness=0.00 reverb=0.00
21:36:08  mix recv: brightness=0.00 reverb=0.00
21:36:10  tanpura field: ga-sa-sa-Sa · Bhimpalasī · Sa=116.5Hz · nakshatra=Pūrvāṣāḍhā · tidx=21
21:36:10  sarangi: bowing Sa=116.5Hz
21:36:10  synth params: ga-sa-sa-Sa · Bhimpalasī · Sa=116.5Hz · nakshatra=Pūrvāṣāḍhā · tidx=21 · 6 voices · tabla · 6 bols · mudrā: Padmakosha (flowing)
21:36:10  trajectory: descending · mercury dasha · tempo×1.00 · tabla=True
21:36:12  mix recv: brightness=0.00 reverb=0.00
21:36:16  mix recv: brightness=0.00 reverb=0.00
21:36:20  mix recv: brightness=0.00 reverb=0.00
21:36:25  mix recv: brightness=0.00 reverb=0.00
21:36:27  tanpura field: ga-sa-sa-Sa · Bhimpalasī · Sa=116.5Hz · nakshatra=Pūrvāṣāḍhā · tidx=21
21:36:27  sarangi: bowing Sa=116.5Hz
21:36:27  synth params: ga-sa-sa-Sa · Bhimpalasī · Sa=116.5Hz · nakshatra=Pūrvāṣāḍhā · tidx=21 · 6 voices · tabla · 6 bols · mudrā: Padmakosha (flowing)
21:36:27  trajectory: descending · mercury dasha · tempo×1.00 · tabla=True
21:36:29  mix recv: brightness=0.00 reverb=0.00
21:36:33  mix recv: brightness=0.00 reverb=0.00
21:36:38  mix recv: brightness=0.00 reverb=0.00
21:36:40  tanpura field: ga-sa-sa-Sa · Bhimpalasī · Sa=116.5Hz · nakshatra=Pūrvāṣāḍhā · tidx=21
21:36:40  sarangi: bowing Sa=116.5Hz
21:36:40  synth params: ga-sa-sa-Sa · Bhimpalasī · Sa=116.5Hz · nakshatra=Pūrvāṣāḍhā · tidx=21 · 6 voices · tabla · 6 bols · mudrā: Padmakosha (flowing)
21:36:40  trajectory: descending · mercury dasha · tempo×1.00 · tabla=True
21:36:42  mix recv: brightness=0.00 reverb=0.00
21:36:46  mix recv: brightness=0.00 reverb=0.00
21:36:50  mix recv: brightness=0.00 reverb=0.00
21:36:55  mix recv: brightness=0.00 reverb=0.00
21:36:57  tanpura field: ga-sa-sa-Sa · Bhimpalasī · Sa=116.5Hz · nakshatra=Pūrvāṣāḍhā · tidx=21
21:36:57  sarangi: bowing Sa=116.5Hz
21:36:57  synth params: ga-sa-sa-Sa · Bhimpalasī · Sa=116.5Hz · nakshatra=Pūrvāṣāḍhā · tidx=21 · 6 voices · tabla · 6 bols · mudrā: Padmakosha (flowing)
21:36:57  trajectory: descending · mercury dasha · tempo×1.00 · tabla=True
21:36:59  mix recv: brightness=0.00 reverb=0.00
21:37:03  mix recv: brightness=0.00 reverb=0.00
21:37:08  mix recv: brightness=0.00 reverb=0.00
21:37:11  tanpura field: ga-sa-sa-Sa · Bhimpalasī · Sa=116.5Hz · nakshatra=Pūrvāṣāḍhā · tidx=21
21:37:11  sarangi: bowing Sa=116.5Hz
21:37:11  synth params: ga-sa-sa-Sa · Bhimpalasī · Sa=116.5Hz · nakshatra=Pūrvāṣāḍhā · tidx=21 · 6 voices · tabla · 6 bols · mudrā: Padmakosha (flowing)
21:37:11  trajectory: descending · mercury dasha · tempo×1.00 · tabla=True
21:37:12  mix recv: brightness=0.00 reverb=0.00
21:37:16  mix recv: brightness=0.00 reverb=0.00
21:37:20  mix recv: brightness=0.00 reverb=0.00
21:37:25  mix recv: brightness=0.00 reverb=0.00
21:37:27  tanpura field: ga-sa-sa-Sa · Bhimpalasī · Sa=116.5Hz · nakshatra=Pūrvāṣāḍhā · tidx=21
21:37:27  sarangi: bowing Sa=116.5Hz
21:37:27  synth params: ga-sa-sa-Sa · Bhimpalasī · Sa=116.5Hz · nakshatra=Pūrvāṣāḍhā · tidx=21 · 7 voices · tabla · 6 bols · mudrā: Padmakosha (flowing)
21:37:27  trajectory: descending · mercury dasha · tempo×1.00 · tabla=True
21:37:29  mix recv: brightness=0.00 reverb=0.00
21:37:33  mix recv: brightness=0.00 reverb=0.00
21:37:38  mix recv: brightness=0.00 reverb=0.00
21:37:41  tanpura field: ga-sa-sa-Sa · Bhimpalasī · Sa=116.5Hz · nakshatra=Pūrvāṣāḍhā · tidx=21
21:37:41  sarangi: bowing Sa=116.5Hz
21:37:41  synth params: ga-sa-sa-Sa · Bhimpalasī · Sa=116.5Hz · nakshatra=Pūrvāṣāḍhā · tidx=21 · 7 voices · tabla · 6 bols · mudrā: Padmakosha (flowing)
21:37:41  trajectory: descending · mercury dasha · tempo×1.00 · tabla=True
21:37:42  mix recv: brightness=0.00 reverb=0.00
21:37:46  mix recv: brightness=0.00 reverb=0.00
21:37:50  mix recv: brightness=0.00 reverb=0.00
21:37:55  mix recv: brightness=0.00 reverb=0.00
21:37:57  tanpura field: ga-sa-sa-Sa · Bhimpalasī · Sa=116.5Hz · nakshatra=Pūrvāṣāḍhā · tidx=21
21:37:57  sarangi: bowing Sa=116.5Hz
21:37:57  synth params: ga-sa-sa-Sa · Bhimpalasī · Sa=116.5Hz · nakshatra=Pūrvāṣāḍhā · tidx=21 · 8 voices · tabla · 6 bols · mudrā: Padmakosha (flowing)
21:37:57  trajectory: descending · mercury dasha · tempo×1.00 · tabla=True
21:37:59  mix recv: brightness=0.00 reverb=0.00
21:38:03  mix recv: brightness=0.00 reverb=0.00
21:38:08  mix recv: brightness=0.00 reverb=0.00
21:38:11  tanpura field: ga-sa-sa-Sa · Bhimpalasī · Sa=116.5Hz · nakshatra=Pūrvāṣāḍhā · tidx=21
21:38:11  sarangi: bowing Sa=116.5Hz
21:38:11  synth params: ga-sa-sa-Sa · Bhimpalasī · Sa=116.5Hz · nakshatra=Pūrvāṣāḍhā · tidx=21 · 9 voices · tabla · 6 bols · mudrā: Padmakosha (flowing)
21:38:11  trajectory: descending · mercury dasha · tempo×1.00 · tabla=True
21:38:12  mix recv: brightness=0.00 reverb=0.00
21:38:16  mix recv: brightness=0.00 reverb=0.00
21:38:20  mix recv: brightness=0.00 reverb=0.00
21:38:25  mix recv: brightness=0.00 reverb=0.00
21:38:27  tanpura field: ga-sa-sa-Sa · Bhimpalasī · Sa=116.5Hz · nakshatra=Pūrvāṣāḍhā · tidx=21
21:38:27  sarangi: bowing Sa=116.5Hz
21:38:27  synth params: ga-sa-sa-Sa · Bhimpalasī · Sa=116.5Hz · nakshatra=Pūrvāṣāḍhā · tidx=21 · 9 voices · tabla · 6 bols · mudrā: Padmakosha (flowing)
21:38:27  trajectory: descending · mercury dasha · tempo×1.00 · tabla=True
21:38:29  mix recv: brightness=0.00 reverb=0.00
21:38:33  mix recv: brightness=0.00 reverb=0.00
21:38:38  mix recv: brightness=0.00 reverb=0.00
21:38:41  tanpura field: ga-sa-sa-Sa · Bhimpalasī · Sa=116.5Hz · nakshatra=Pūrvāṣāḍhā · tidx=21
21:38:41  sarangi: bowing Sa=116.5Hz
21:38:41  synth params: ga-sa-sa-Sa · Bhimpalasī · Sa=116.5Hz · nakshatra=Pūrvāṣāḍhā · tidx=21 · 6 voices · tabla · 6 bols · mudrā: Padmakosha (flowing)
21:38:41  trajectory: descending · mercury dasha · tempo×1.00 · tabla=True
21:38:42  mix recv: brightness=0.00 reverb=0.00
21:38:46  mix recv: brightness=0.00 reverb=0.00
21:38:50  mix recv: brightness=0.00 reverb=0.00
21:38:55  mix recv: brightness=0.00 reverb=0.00
21:38:58  tanpura field: ga-sa-sa-Sa · Bhimpalasī · Sa=116.5Hz · nakshatra=Pūrvāṣāḍhā · tidx=21
21:38:58  sarangi: bowing Sa=116.5Hz
21:38:58  synth params: ga-sa-sa-Sa · Bhimpalasī · Sa=116.5Hz · nakshatra=Pūrvāṣāḍhā · tidx=21 · 6 voices · tabla · 6 bols · mudrā: Padmakosha (flowing)
21:38:58  trajectory: descending · mercury dasha · tempo×1.00 · tabla=True
21:38:59  mix recv: brightness=0.00 reverb=0.00
21:39:03  mix recv: brightness=0.00 reverb=0.00
21:39:08  mix recv: brightness=0.00 reverb=0.00
21:39:11  tanpura field: ga-sa-sa-Sa · Bhimpalasī · Sa=116.5Hz · nakshatra=Pūrvāṣāḍhā · tidx=21
21:39:11  sarangi: bowing Sa=116.5Hz
21:39:11  synth params: ga-sa-sa-Sa · Bhimpalasī · Sa=116.5Hz · nakshatra=Pūrvāṣāḍhā · tidx=21 · 6 voices · tabla · 6 bols · mudrā: Padmakosha (flowing)
21:39:11  trajectory: descending · mercury dasha · tempo×1.00 · tabla=True
21:39:12  mix recv: brightness=0.00 reverb=0.00
21:39:16  mix recv: brightness=0.00 reverb=0.00
21:39:20  mix recv: brightness=0.00 reverb=0.00
21:39:25  mix recv: brightness=0.00 reverb=0.00
21:39:28  tanpura field: ga-sa-sa-Sa · Bhimpalasī · Sa=116.5Hz · nakshatra=Pūrvāṣāḍhā · tidx=21
21:39:28  sarangi: bowing Sa=116.5Hz
21:39:28  synth params: ga-sa-sa-Sa · Bhimpalasī · Sa=116.5Hz · nakshatra=Pūrvāṣāḍhā · tidx=21 · 6 voices · tabla · 6 bols · mudrā: Padmakosha (flowing)
21:39:28  trajectory: descending · mercury dasha · tempo×1.00 · tabla=True
21:39:29  mix recv: brightness=0.00 reverb=0.00
21:39:33  mix recv: brightness=0.00 reverb=0.00
21:39:38  mix recv: brightness=0.00 reverb=0.00
21:39:41  tanpura field: ga-sa-sa-Sa · Bhimpalasī · Sa=116.5Hz · nakshatra=Pūrvāṣāḍhā · tidx=21
21:39:41  sarangi: bowing Sa=116.5Hz
21:39:41  synth params: ga-sa-sa-Sa · Bhimpalasī · Sa=116.5Hz · nakshatra=Pūrvāṣāḍhā · tidx=21 · 6 voices · tabla · 6 bols · mudrā: Padmakosha (flowing)
21:39:41  trajectory: descending · mercury dasha · tempo×1.00 · tabla=True
21:39:42  mix recv: brightness=0.00 reverb=0.00
21:39:46  mix recv: brightness=0.00 reverb=0.00
21:39:50  mix recv: brightness=0.00 reverb=0.00
21:39:55  mix recv: brightness=0.00 reverb=0.00
21:39:58  tanpura field: ga-sa-sa-Sa · Bhimpalasī · Sa=116.5Hz · nakshatra=Pūrvāṣāḍhā · tidx=21
21:39:58  sarangi: bowing Sa=116.5Hz
21:39:58  synth params: ga-sa-sa-Sa · Bhimpalasī · Sa=116.5Hz · nakshatra=Pūrvāṣāḍhā · tidx=21 · 8 voices · tabla · 6 bols · mudrā: Padmakosha (flowing)
21:39:58  trajectory: descending · mercury dasha · tempo×1.00 · tabla=True
21:39:59  mix recv: brightness=0.00 reverb=0.00
21:40:03  mix recv: brightness=0.00 reverb=0.00
21:40:08  mix recv: brightness=0.00 reverb=0.00
21:40:11  tanpura field: ga-sa-sa-Sa · Bhimpalasī · Sa=116.5Hz · nakshatra=Pūrvāṣāḍhā · tidx=21
21:40:11  sarangi: bowing Sa=116.5Hz
21:40:11  synth params: ga-sa-sa-Sa · Bhimpalasī · Sa=116.5Hz · nakshatra=Pūrvāṣāḍhā · tidx=21 · 6 voices · tabla · 6 bols · mudrā: Padmakosha (flowing)
21:40:11  trajectory: descending · mercury dasha · tempo×1.00 · tabla=True
21:40:12  mix recv: brightness=0.00 reverb=0.00
21:40:16  mix recv: brightness=0.00 reverb=0.00
21:40:20  mix recv: brightness=0.00 reverb=0.00
21:40:25  mix recv: brightness=0.00 reverb=0.00
21:40:28  tanpura field: ga-sa-sa-Sa · Bhimpalasī · Sa=116.5Hz · nakshatra=Pūrvāṣāḍhā · tidx=21
21:40:28  sarangi: bowing Sa=116.5Hz
21:40:28  synth params: ga-sa-sa-Sa · Bhimpalasī · Sa=116.5Hz · nakshatra=Pūrvāṣāḍhā · tidx=21 · 6 voices · tabla · 6 bols · mudrā: Padmakosha (flowing)
21:40:28  trajectory: descending · mercury dasha · tempo×1.00 · tabla=True
21:40:29  mix recv: brightness=0.00 reverb=0.00
21:40:33  mix recv: brightness=0.00 reverb=0.00
21:40:38  mix recv: brightness=0.00 reverb=0.00
21:40:42  tanpura field: ga-sa-sa-Sa · Bhimpalasī · Sa=116.5Hz · nakshatra=Pūrvāṣāḍhā · tidx=21
21:40:42  sarangi: bowing Sa=116.5Hz
21:40:42  synth params: ga-sa-sa-Sa · Bhimpalasī · Sa=116.5Hz · nakshatra=Pūrvāṣāḍhā · tidx=21 · 7 voices · tabla · 6 bols · mudrā: Padmakosha (flowing)
21:40:42  trajectory: descending · mercury dasha · tempo×1.00 · tabla=True
21:40:42  mix recv: brightness=0.00 reverb=0.00
21:40:46  mix recv: brightness=0.00 reverb=0.00
21:40:50  mix recv: brightness=0.00 reverb=0.00
21:40:55  mix recv: brightness=0.00 reverb=0.00
21:40:58  tanpura field: ga-sa-sa-Sa · Bhimpalasī · Sa=116.5Hz · nakshatra=Pūrvāṣāḍhā · tidx=21
21:40:58  sarangi: bowing Sa=116.5Hz
21:40:58  synth params: ga-sa-sa-Sa · Bhimpalasī · Sa=116.5Hz · nakshatra=Pūrvāṣāḍhā · tidx=21 · 6 voices · tabla · 6 bols · mudrā: Padmakosha (flowing)
21:40:58  trajectory: descending · mercury dasha · tempo×1.00 · tabla=True
21:40:59  mix recv: brightness=0.00 reverb=0.00
21:41:03  mix recv: brightness=0.00 reverb=0.00
21:41:08  mix recv: brightness=0.00 reverb=0.00
21:41:12  tanpura field: ga-sa-sa-Sa · Bhimpalasī · Sa=116.5Hz · nakshatra=Pūrvāṣāḍhā · tidx=21
21:41:12  sarangi: bowing Sa=116.5Hz
21:41:12  synth params: ga-sa-sa-Sa · Bhimpalasī · Sa=116.5Hz · nakshatra=Pūrvāṣāḍhā · tidx=21 · 7 voices · tabla · 6 bols · mudrā: Padmakosha (flowing)
21:41:12  trajectory: descending · mercury dasha · tempo×1.00 · tabla=True
21:41:12  mix recv: brightness=0.00 reverb=0.00
21:41:16  mix recv: brightness=0.00 reverb=0.00
21:41:20  mix recv: brightness=0.00 reverb=0.00
21:41:25  mix recv: brightness=0.00 reverb=0.00
21:41:28  tanpura field: ga-sa-sa-Sa · Bhimpalasī · Sa=116.5Hz · nakshatra=Pūrvāṣāḍhā · tidx=21
21:41:28  sarangi: bowing Sa=116.5Hz
21:41:28  synth params: ga-sa-sa-Sa · Bhimpalasī · Sa=116.5Hz · nakshatra=Pūrvāṣāḍhā · tidx=21 · 8 voices · tabla · 6 bols · mudrā: Padmakosha (flowing)
21:41:28  trajectory: descending · mercury dasha · tempo×1.00 · tabla=True
21:41:29  mix recv: brightness=0.00 reverb=0.00
21:41:33  mix recv: brightness=0.00 reverb=0.00
21:41:38  mix recv: brightness=0.00 reverb=0.00
21:41:42  tanpura field: ga-sa-sa-Sa · Bhimpalasī · Sa=116.5Hz · nakshatra=Pūrvāṣāḍhā · tidx=21
21:41:42  sarangi: bowing Sa=116.5Hz
21:41:42  synth params: ga-sa-sa-Sa · Bhimpalasī · Sa=116.5Hz · nakshatra=Pūrvāṣāḍhā · tidx=21 · 7 voices · tabla · 6 bols · mudrā: Padmakosha (flowing)
21:41:42  trajectory: descending · mercury dasha · tempo×1.00 · tabla=True
21:41:42  mix recv: brightness=0.00 reverb=0.00
21:41:46  mix recv: brightness=0.00 reverb=0.00
21:41:50  mix recv: brightness=0.00 reverb=0.00
21:41:55  mix recv: brightness=0.00 reverb=0.00
21:41:58  tanpura field: ga-sa-sa-Sa · Bhimpalasī · Sa=116.5Hz · nakshatra=Pūrvāṣāḍhā · tidx=21
21:41:58  sarangi: bowing Sa=116.5Hz
21:41:58  synth params: ga-sa-sa-Sa · Bhimpalasī · Sa=116.5Hz · nakshatra=Pūrvāṣāḍhā · tidx=21 · 8 voices · tabla · 6 bols · mudrā: Padmakosha (flowing)
21:41:58  trajectory: descending · mercury dasha · tempo×1.00 · tabla=True
21:41:59  mix recv: brightness=0.00 reverb=0.00
21:42:03  mix recv: brightness=0.00 reverb=0.00
21:42:08  mix recv: brightness=0.00 reverb=0.00
21:42:12  mix recv: brightness=0.00 reverb=0.00
21:42:12  tanpura field: ga-sa-sa-Sa · Bhimpalasī · Sa=116.5Hz · nakshatra=Pūrvāṣāḍhā · tidx=21
21:42:12  sarangi: bowing Sa=116.5Hz
21:42:12  synth params: ga-sa-sa-Sa · Bhimpalasī · Sa=116.5Hz · nakshatra=Pūrvāṣāḍhā · tidx=21 · 7 voices · tabla · 6 bols · mudrā: Padmakosha (flowing)
21:42:12  trajectory: descending · mercury dasha · tempo×1.00 · tabla=True
21:42:16  mix recv: brightness=0.00 reverb=0.00
21:42:20  mix recv: brightness=0.00 reverb=0.00
21:42:25  mix recv: brightness=0.00 reverb=0.00
21:42:28  tanpura field: ga-sa-sa-Sa · Bhimpalasī · Sa=116.5Hz · nakshatra=Pūrvāṣāḍhā · tidx=21
21:42:28  sarangi: bowing Sa=116.5Hz
21:42:28  synth params: ga-sa-sa-Sa · Bhimpalasī · Sa=116.5Hz · nakshatra=Pūrvāṣāḍhā · tidx=21 · 6 voices · tabla · 6 bols · mudrā: Padmakosha (flowing)
21:42:28  trajectory: descending · mercury dasha · tempo×1.00 · tabla=True
21:42:29  mix recv: brightness=0.00 reverb=0.00
21:42:33  mix recv: brightness=0.00 reverb=0.00
21:42:38  mix recv: brightness=0.00 reverb=0.00
21:42:42  mix recv: brightness=0.00 reverb=0.00
21:42:42  tanpura field: ga-sa-sa-Sa · Bhimpalasī · Sa=116.5Hz · nakshatra=Pūrvāṣāḍhā · tidx=21
21:42:42  sarangi: bowing Sa=116.5Hz
21:42:42  synth params: ga-sa-sa-Sa · Bhimpalasī · Sa=116.5Hz · nakshatra=Pūrvāṣāḍhā · tidx=21 · 6 voices · tabla · 6 bols · mudrā: Padmakosha (flowing)
21:42:42  trajectory: descending · mercury dasha · tempo×1.00 · tabla=True
21:42:46  mix recv: brightness=0.00 reverb=0.00
21:42:50  mix recv: brightness=0.00 reverb=0.00
21:42:55  mix recv: brightness=0.00 reverb=0.00
21:42:59  tanpura field: ga-sa-sa-Sa · Bhimpalasī · Sa=116.5Hz · nakshatra=Pūrvāṣāḍhā · tidx=21
21:42:59  sarangi: bowing Sa=116.5Hz
21:42:59  synth params: ga-sa-sa-Sa · Bhimpalasī · Sa=116.5Hz · nakshatra=Pūrvāṣāḍhā · tidx=21 · 7 voices · tabla · 6 bols · mudrā: Padmakosha (flowing)
21:42:59  trajectory: descending · mercury dasha · tempo×1.00 · tabla=True
21:42:59  mix recv: brightness=0.00 reverb=0.00
21:43:03  mix recv: brightness=0.00 reverb=0.00
21:43:08  mix recv: brightness=0.00 reverb=0.00
21:43:12  mix recv: brightness=0.00 reverb=0.00
21:43:12  tanpura field: ga-sa-sa-Sa · Bhimpalasī · Sa=116.5Hz · nakshatra=Pūrvāṣāḍhā · tidx=21
21:43:12  sarangi: bowing Sa=116.5Hz
21:43:12  synth params: ga-sa-sa-Sa · Bhimpalasī · Sa=116.5Hz · nakshatra=Pūrvāṣāḍhā · tidx=21 · 6 voices · tabla · 6 bols · mudrā: Padmakosha (flowing)
21:43:12  trajectory: descending · mercury dasha · tempo×1.00 · tabla=True
21:43:16  mix recv: brightness=0.00 reverb=0.00
21:43:20  mix recv: brightness=0.00 reverb=0.00
21:43:25  mix recv: brightness=0.00 reverb=0.00
21:43:29  tanpura field: ga-sa-sa-Sa · Bhimpalasī · Sa=116.5Hz · nakshatra=Pūrvāṣāḍhā · tidx=21
21:43:29  sarangi: bowing Sa=116.5Hz
21:43:29  synth params: ga-sa-sa-Sa · Bhimpalasī · Sa=116.5Hz · nakshatra=Pūrvāṣāḍhā · tidx=21 · 6 voices · tabla · 6 bols · mudrā: Padmakosha (flowing)
21:43:29  trajectory: descending · mercury dasha · tempo×1.00 · tabla=True
21:43:29  mix recv: brightness=0.00 reverb=0.00
21:43:33  mix recv: brightness=0.00 reverb=0.00
21:43:38  mix recv: brightness=0.00 reverb=0.00
21:43:42  mix recv: brightness=0.00 reverb=0.00
21:43:42  tanpura field: ga-sa-sa-Sa · Bhimpalasī · Sa=116.5Hz · nakshatra=Pūrvāṣāḍhā · tidx=21
21:43:42  sarangi: bowing Sa=116.5Hz
21:43:42  synth params: ga-sa-sa-Sa · Bhimpalasī · Sa=116.5Hz · nakshatra=Pūrvāṣāḍhā · tidx=21 · 6 voices · tabla · 6 bols · mudrā: Padmakosha (flowing)
21:43:42  trajectory: descending · mercury dasha · tempo×1.00 · tabla=True
21:43:46  mix recv: brightness=0.00 reverb=0.00
21:43:50  mix recv: brightness=0.00 reverb=0.00
21:43:55  mix recv: brightness=0.00 reverb=0.00
21:43:59  tanpura field: ga-sa-sa-Sa · Bhimpalasī · Sa=116.5Hz · nakshatra=Pūrvāṣāḍhā · tidx=21
21:43:59  sarangi: bowing Sa=116.5Hz
21:43:59  synth params: ga-sa-sa-Sa · Bhimpalasī · Sa=116.5Hz · nakshatra=Pūrvāṣāḍhā · tidx=21 · 6 voices · tabla · 6 bols · mudrā: Padmakosha (flowing)
21:43:59  trajectory: descending · mercury dasha · tempo×1.00 · tabla=True
21:43:59  mix recv: brightness=0.00 reverb=0.00
21:44:03  mix recv: brightness=0.00 reverb=0.00
21:44:08  mix recv: brightness=0.00 reverb=0.00
21:44:12  mix recv: brightness=0.00 reverb=0.00
21:44:12  tanpura field: ga-sa-sa-Sa · Bhimpalasī · Sa=116.5Hz · nakshatra=Pūrvāṣāḍhā · tidx=21
21:44:12  sarangi: bowing Sa=116.5Hz
21:44:12  synth params: ga-sa-sa-Sa · Bhimpalasī · Sa=116.5Hz · nakshatra=Pūrvāṣāḍhā · tidx=21 · 6 voices · tabla · 6 bols · mudrā: Padmakosha (flowing)
21:44:12  trajectory: descending · mercury dasha · tempo×1.00 · tabla=True
21:44:16  mix recv: brightness=0.00 reverb=0.00
21:44:20  mix recv: brightness=0.00 reverb=0.00
21:44:25  mix recv: brightness=0.00 reverb=0.00
21:44:29  tanpura field: ga-sa-sa-Sa · Bhimpalasī · Sa=116.5Hz · nakshatra=Pūrvāṣāḍhā · tidx=21
21:44:29  sarangi: bowing Sa=116.5Hz
21:44:29  synth params: ga-sa-sa-Sa · Bhimpalasī · Sa=116.5Hz · nakshatra=Pūrvāṣāḍhā · tidx=21 · 6 voices · tabla · 6 bols · mudrā: Padmakosha (flowing)
21:44:29  trajectory: descending · mercury dasha · tempo×1.00 · tabla=True
21:44:29  mix recv: brightness=0.00 reverb=0.00
21:44:33  mix recv: brightness=0.00 reverb=0.00
21:44:38  mix recv: brightness=0.00 reverb=0.00
21:44:42  mix recv: brightness=0.00 reverb=0.00
21:44:43  tanpura field: ga-sa-sa-Sa · Bhimpalasī · Sa=116.5Hz · nakshatra=Pūrvāṣāḍhā · tidx=21
21:44:43  sarangi: bowing Sa=116.5Hz
21:44:43  synth params: ga-sa-sa-Sa · Bhimpalasī · Sa=116.5Hz · nakshatra=Pūrvāṣāḍhā · tidx=21 · 8 voices · tabla · 6 bols · mudrā: Padmakosha (flowing)
21:44:43  trajectory: descending · mercury dasha · tempo×1.00 · tabla=True
21:44:46  mix recv: brightness=0.00 reverb=0.00
21:44:50  mix recv: brightness=0.00 reverb=0.00
21:44:55  mix recv: brightness=0.00 reverb=0.00
21:44:59  tanpura field: ga-sa-sa-Sa · Bhimpalasī · Sa=116.5Hz · nakshatra=Pūrvāṣāḍhā · tidx=21
21:44:59  sarangi: bowing Sa=116.5Hz
21:44:59  synth params: ga-sa-sa-Sa · Bhimpalasī · Sa=116.5Hz · nakshatra=Pūrvāṣāḍhā · tidx=21 · 7 voices · tabla · 6 bols · mudrā: Padmakosha (flowing)
21:44:59  trajectory: descending · mercury dasha · tempo×1.00 · tabla=True
21:44:59  mix recv: brightness=0.00 reverb=0.00
21:45:03  mix recv: brightness=0.00 reverb=0.00
21:45:08  mix recv: brightness=0.00 reverb=0.00
21:45:12  mix recv: brightness=0.00 reverb=0.00
21:45:13  tanpura field: ga-sa-sa-Sa · Bhimpalasī · Sa=116.5Hz · nakshatra=Pūrvāṣāḍhā · tidx=21
21:45:13  sarangi: bowing Sa=116.5Hz
21:45:13  synth params: ga-sa-sa-Sa · Bhimpalasī · Sa=116.5Hz · nakshatra=Pūrvāṣāḍhā · tidx=21 · 6 voices · tabla · 6 bols · mudrā: Padmakosha (flowing)
21:45:13  trajectory: descending · mercury dasha · tempo×1.00 · tabla=True
21:45:16  mix recv: brightness=0.00 reverb=0.00
21:45:20  mix recv: brightness=0.00 reverb=0.00
21:45:25  mix recv: brightness=0.00 reverb=0.00
21:45:29  mix recv: brightness=0.00 reverb=0.00
21:45:29  tanpura field: ga-sa-sa-Sa · Bhimpalasī · Sa=116.5Hz · nakshatra=Pūrvāṣāḍhā · tidx=21
21:45:29  sarangi: bowing Sa=116.5Hz
21:45:29  synth params: ga-sa-sa-Sa · Bhimpalasī · Sa=116.5Hz · nakshatra=Pūrvāṣāḍhā · tidx=21 · 6 voices · tabla · 6 bols · mudrā: Padmakosha (flowing)
21:45:29  trajectory: descending · mercury dasha · tempo×1.00 · tabla=True
21:45:33  mix recv: brightness=0.00 reverb=0.00
21:45:38  mix recv: brightness=0.00 reverb=0.00
21:45:42  mix recv: brightness=0.00 reverb=0.00
21:45:43  tanpura field: ga-sa-sa-Sa · Bhimpalasī · Sa=116.5Hz · nakshatra=Pūrvāṣāḍhā · tidx=21
21:45:43  sarangi: bowing Sa=116.5Hz
21:45:43  synth params: ga-sa-sa-Sa · Bhimpalasī · Sa=116.5Hz · nakshatra=Pūrvāṣāḍhā · tidx=21 · 6 voices · tabla · 6 bols · mudrā: Padmakosha (flowing)
21:45:43  trajectory: descending · mercury dasha · tempo×1.00 · tabla=True
21:45:46  mix recv: brightness=0.00 reverb=0.00
21:45:50  mix recv: brightness=0.00 reverb=0.00
21:45:55  mix recv: brightness=0.00 reverb=0.00
21:45:59  mix recv: brightness=0.00 reverb=0.00
21:45:59  tanpura field: ga-sa-sa-Sa · Bhimpalasī · Sa=116.5Hz · nakshatra=Pūrvāṣāḍhā · tidx=21
21:45:59  sarangi: bowing Sa=116.5Hz
21:45:59  synth params: ga-sa-sa-Sa · Bhimpalasī · Sa=116.5Hz · nakshatra=Pūrvāṣāḍhā · tidx=21 · 6 voices · tabla · 6 bols · mudrā: Padmakosha (flowing)
21:45:59  trajectory: descending · mercury dasha · tempo×1.00 · tabla=True
21:46:03  mix recv: brightness=0.00 reverb=0.00
21:46:08  mix recv: brightness=0.00 reverb=0.00
21:46:12  mix recv: brightness=0.00 reverb=0.00
21:46:13  tanpura field: ga-sa-sa-Sa · Bhimpalasī · Sa=116.5Hz · nakshatra=Pūrvāṣāḍhā · tidx=21
21:46:13  sarangi: bowing Sa=116.5Hz
21:46:13  synth params: ga-sa-sa-Sa · Bhimpalasī · Sa=116.5Hz · nakshatra=Pūrvāṣāḍhā · tidx=21 · 7 voices · tabla · 6 bols · mudrā: Padmakosha (flowing)
21:46:13  trajectory: descending · mercury dasha · tempo×1.00 · tabla=True
21:46:16  mix recv: brightness=0.00 reverb=0.00
21:46:20  mix recv: brightness=0.00 reverb=0.00
21:46:25  mix recv: brightness=0.00 reverb=0.00
21:46:29  mix recv: brightness=0.00 reverb=0.00
21:46:29  tanpura field: ga-sa-sa-Sa · Bhimpalasī · Sa=116.5Hz · nakshatra=Pūrvāṣāḍhā · tidx=21
21:46:29  sarangi: bowing Sa=116.5Hz
21:46:29  synth params: ga-sa-sa-Sa · Bhimpalasī · Sa=116.5Hz · nakshatra=Pūrvāṣāḍhā · tidx=21 · 7 voices · tabla · 6 bols · mudrā: Padmakosha (flowing)
21:46:29  trajectory: descending · mercury dasha · tempo×1.00 · tabla=True
21:46:33  mix recv: brightness=0.00 reverb=0.00
21:46:38  mix recv: brightness=0.00 reverb=0.00
21:46:42  mix recv: brightness=0.00 reverb=0.00
21:46:43  tanpura field: ga-sa-sa-Sa · Bhimpalasī · Sa=116.5Hz · nakshatra=Pūrvāṣāḍhā · tidx=21
21:46:43  sarangi: bowing Sa=116.5Hz
21:46:43  synth params: ga-sa-sa-Sa · Bhimpalasī · Sa=116.5Hz · nakshatra=Pūrvāṣāḍhā · tidx=21 · 6 voices · tabla · 6 bols · mudrā: Padmakosha (flowing)
21:46:43  trajectory: descending · mercury dasha · tempo×1.00 · tabla=True
21:46:46  mix recv: brightness=0.00 reverb=0.00
21:46:50  mix recv: brightness=0.00 reverb=0.00
21:46:55  mix recv: brightness=0.00 reverb=0.00
21:46:59  mix recv: brightness=0.00 reverb=0.00
21:46:59  tanpura field: ga-sa-sa-Sa · Bhimpalasī · Sa=116.5Hz · nakshatra=Pūrvāṣāḍhā · tidx=21
21:46:59  sarangi: bowing Sa=116.5Hz
21:46:59  synth params: ga-sa-sa-Sa · Bhimpalasī · Sa=116.5Hz · nakshatra=Pūrvāṣāḍhā · tidx=21 · 6 voices · tabla · 6 bols · mudrā: Padmakosha (flowing)
21:46:59  trajectory: descending · mercury dasha · tempo×1.00 · tabla=True
21:47:03  mix recv: brightness=0.00 reverb=0.00
21:47:08  mix recv: brightness=0.00 reverb=0.00
21:47:12  mix recv: brightness=0.00 reverb=0.00
21:47:13  tanpura field: ga-sa-sa-Sa · Bhimpalasī · Sa=116.5Hz · nakshatra=Pūrvāṣāḍhā · tidx=21
21:47:13  sarangi: bowing Sa=116.5Hz
21:47:13  synth params: ga-sa-sa-Sa · Bhimpalasī · Sa=116.5Hz · nakshatra=Pūrvāṣāḍhā · tidx=21 · 7 voices · tabla · 6 bols · mudrā: Padmakosha (flowing)
21:47:13  trajectory: descending · mercury dasha · tempo×1.00 · tabla=True
21:47:16  mix recv: brightness=0.00 reverb=0.00
21:47:20  mix recv: brightness=0.00 reverb=0.00
21:47:25  mix recv: brightness=0.00 reverb=0.00
21:47:29  mix recv: brightness=0.00 reverb=0.00
21:47:30  tanpura field: ga-sa-sa-Sa · Bhimpalasī · Sa=116.5Hz · nakshatra=Pūrvāṣāḍhā · tidx=21
21:47:30  sarangi: bowing Sa=116.5Hz
21:47:30  synth params: ga-sa-sa-Sa · Bhimpalasī · Sa=116.5Hz · nakshatra=Pūrvāṣāḍhā · tidx=21 · 8 voices · tabla · 6 bols · mudrā: Padmakosha (flowing)
21:47:30  trajectory: descending · mercury dasha · tempo×1.00 · tabla=True
21:47:33  mix recv: brightness=0.00 reverb=0.00
21:47:38  mix recv: brightness=0.00 reverb=0.00
21:47:42  mix recv: brightness=0.00 reverb=0.00
21:47:43  tanpura field: ga-sa-sa-Sa · Bhimpalasī · Sa=116.5Hz · nakshatra=Pūrvāṣāḍhā · tidx=21
21:47:43  sarangi: bowing Sa=116.5Hz
21:47:43  synth params: ga-sa-sa-Sa · Bhimpalasī · Sa=116.5Hz · nakshatra=Pūrvāṣāḍhā · tidx=21 · 7 voices · tabla · 6 bols · mudrā: Padmakosha (flowing)
21:47:43  trajectory: descending · mercury dasha · tempo×1.00 · tabla=True
21:47:46  mix recv: brightness=0.00 reverb=0.00
21:47:50  mix recv: brightness=0.00 reverb=0.00
21:47:55  mix recv: brightness=0.00 reverb=0.00
21:47:59  mix recv: brightness=0.00 reverb=0.00
21:48:00  tanpura field: ga-sa-sa-Sa · Bhimpalasī · Sa=116.5Hz · nakshatra=Pūrvāṣāḍhā · tidx=21
21:48:00  sarangi: bowing Sa=116.5Hz
21:48:00  synth params: ga-sa-sa-Sa · Bhimpalasī · Sa=116.5Hz · nakshatra=Pūrvāṣāḍhā · tidx=21 · 6 voices · tabla · 6 bols · mudrā: Padmakosha (flowing)
21:48:00  trajectory: descending · mercury dasha · tempo×1.00 · tabla=True
21:48:03  mix recv: brightness=0.00 reverb=0.00
21:48:08  mix recv: brightness=0.00 reverb=0.00
21:48:12  mix recv: brightness=0.00 reverb=0.00
21:48:13  tanpura field: ga-sa-sa-Sa · Bhimpalasī · Sa=116.5Hz · nakshatra=Pūrvāṣāḍhā · tidx=21
21:48:13  sarangi: bowing Sa=116.5Hz
21:48:13  synth params: ga-sa-sa-Sa · Bhimpalasī · Sa=116.5Hz · nakshatra=Pūrvāṣāḍhā · tidx=21 · 7 voices · tabla · 6 bols · mudrā: Padmakosha (flowing)
21:48:13  trajectory: descending · mercury dasha · tempo×1.00 · tabla=True
21:48:16  mix recv: brightness=0.00 reverb=0.00
21:48:20  mix recv: brightness=0.00 reverb=0.00
21:48:25  mix recv: brightness=0.00 reverb=0.00
21:48:29  mix recv: brightness=0.00 reverb=0.00
21:48:30  tanpura field: ga-sa-sa-Sa · Bhimpalasī · Sa=116.5Hz · nakshatra=Pūrvāṣāḍhā · tidx=21
21:48:30  sarangi: bowing Sa=116.5Hz
21:48:30  synth params: ga-sa-sa-Sa · Bhimpalasī · Sa=116.5Hz · nakshatra=Pūrvāṣāḍhā · tidx=21 · 8 voices · tabla · 6 bols · mudrā: Padmakosha (flowing)
21:48:30  trajectory: descending · mercury dasha · tempo×1.00 · tabla=True
21:48:33  mix recv: brightness=0.00 reverb=0.00
21:48:38  mix recv: brightness=0.00 reverb=0.00
21:48:42  mix recv: brightness=0.00 reverb=0.00
21:48:43  tanpura field: ga-sa-sa-Sa · Bhimpalasī · Sa=116.5Hz · nakshatra=Pūrvāṣāḍhā · tidx=21
21:48:43  sarangi: bowing Sa=116.5Hz
21:48:43  synth params: ga-sa-sa-Sa · Bhimpalasī · Sa=116.5Hz · nakshatra=Pūrvāṣāḍhā · tidx=21 · 9 voices · tabla · 6 bols · mudrā: Padmakosha (flowing)
21:48:43  trajectory: descending · mercury dasha · tempo×1.00 · tabla=True
21:48:46  mix recv: brightness=0.00 reverb=0.00
21:48:50  mix recv: brightness=0.00 reverb=0.00
21:48:55  mix recv: brightness=0.00 reverb=0.00
21:48:59  mix recv: brightness=0.00 reverb=0.00
21:49:00  tanpura field: ga-sa-sa-Sa · Bhimpalasī · Sa=116.5Hz · nakshatra=Pūrvāṣāḍhā · tidx=21
21:49:00  sarangi: bowing Sa=116.5Hz
21:49:00  synth params: ga-sa-sa-Sa · Bhimpalasī · Sa=116.5Hz · nakshatra=Pūrvāṣāḍhā · tidx=21 · 6 voices · tabla · 6 bols · mudrā: Padmakosha (flowing)
21:49:00  trajectory: descending · mercury dasha · tempo×1.00 · tabla=True
21:49:03  mix recv: brightness=0.00 reverb=0.00
21:49:08  mix recv: brightness=0.00 reverb=0.00
21:49:12  mix recv: brightness=0.00 reverb=0.00
21:49:14  tanpura field: ga-sa-sa-Sa · Bhimpalasī · Sa=116.5Hz · nakshatra=Pūrvāṣāḍhā · tidx=21
21:49:14  sarangi: bowing Sa=116.5Hz
21:49:14  synth params: ga-sa-sa-Sa · Bhimpalasī · Sa=116.5Hz · nakshatra=Pūrvāṣāḍhā · tidx=21 · 6 voices · tabla · 6 bols · mudrā: Padmakosha (flowing)
21:49:14  trajectory: descending · mercury dasha · tempo×1.00 · tabla=True
21:49:16  mix recv: brightness=0.00 reverb=0.00
21:49:20  mix recv: brightness=0.00 reverb=0.00
21:49:25  mix recv: brightness=0.00 reverb=0.00
21:49:29  mix recv: brightness=0.00 reverb=0.00
21:49:30  tanpura field: ga-sa-sa-Sa · Bhimpalasī · Sa=116.5Hz · nakshatra=Pūrvāṣāḍhā · tidx=21
21:49:30  sarangi: bowing Sa=116.5Hz
21:49:30  synth params: ga-sa-sa-Sa · Bhimpalasī · Sa=116.5Hz · nakshatra=Pūrvāṣāḍhā · tidx=21 · 8 voices · tabla · 6 bols · mudrā: Padmakosha (flowing)
21:49:30  trajectory: descending · mercury dasha · tempo×1.00 · tabla=True
21:49:33  mix recv: brightness=0.00 reverb=0.00
21:49:38  mix recv: brightness=0.00 reverb=0.00
21:49:42  mix recv: brightness=0.00 reverb=0.00
21:49:44  tanpura field: ga-sa-sa-Sa · Bhimpalasī · Sa=116.5Hz · nakshatra=Pūrvāṣāḍhā · tidx=21
21:49:44  sarangi: bowing Sa=116.5Hz
21:49:44  synth params: ga-sa-sa-Sa · Bhimpalasī · Sa=116.5Hz · nakshatra=Pūrvāṣāḍhā · tidx=21 · 6 voices · tabla · 6 bols · mudrā: Padmakosha (flowing)
21:49:44  trajectory: descending · mercury dasha · tempo×1.00 · tabla=True
21:49:46  mix recv: brightness=0.00 reverb=0.00
21:49:50  mix recv: brightness=0.00 reverb=0.00
21:49:55  mix recv: brightness=0.00 reverb=0.00
21:49:59  mix recv: brightness=0.00 reverb=0.00
21:50:00  tanpura field: ga-sa-sa-Sa · Bhimpalasī · Sa=116.5Hz · nakshatra=Pūrvāṣāḍhā · tidx=21
21:50:00  sarangi: bowing Sa=116.5Hz
21:50:00  synth params: ga-sa-sa-Sa · Bhimpalasī · Sa=116.5Hz · nakshatra=Pūrvāṣāḍhā · tidx=21 · 6 voices · tabla · 6 bols · mudrā: Padmakosha (flowing)
21:50:00  trajectory: descending · mercury dasha · tempo×1.00 · tabla=True
21:50:03  mix recv: brightness=0.00 reverb=0.00
21:50:08  mix recv: brightness=0.00 reverb=0.00
21:50:12  mix recv: brightness=0.00 reverb=0.00
21:50:14  tanpura field: ga-sa-sa-Sa · Bhimpalasī · Sa=116.5Hz · nakshatra=Pūrvāṣāḍhā · tidx=21
21:50:14  sarangi: bowing Sa=116.5Hz
21:50:14  synth params: ga-sa-sa-Sa · Bhimpalasī · Sa=116.5Hz · nakshatra=Pūrvāṣāḍhā · tidx=21 · 7 voices · tabla · 6 bols · mudrā: Padmakosha (flowing)
21:50:14  trajectory: descending · mercury dasha · tempo×1.00 · tabla=True
21:50:16  mix recv: brightness=0.00 reverb=0.00
21:50:20  mix recv: brightness=0.00 reverb=0.00
21:50:25  mix recv: brightness=0.00 reverb=0.00
21:50:29  mix recv: brightness=0.00 reverb=0.00
21:50:30  tanpura field: ga-sa-sa-Sa · Bhimpalasī · Sa=116.5Hz · nakshatra=Pūrvāṣāḍhā · tidx=21
21:50:30  sarangi: bowing Sa=116.5Hz
21:50:30  synth params: ga-sa-sa-Sa · Bhimpalasī · Sa=116.5Hz · nakshatra=Pūrvāṣāḍhā · tidx=21 · 6 voices · tabla · 6 bols · mudrā: Padmakosha (flowing)
21:50:30  trajectory: descending · mercury dasha · tempo×1.00 · tabla=True
21:50:33  mix recv: brightness=0.00 reverb=0.00
21:50:38  mix recv: brightness=0.00 reverb=0.00
21:50:42  mix recv: brightness=0.00 reverb=0.00
21:50:44  tanpura field: ga-sa-sa-Sa · Bhimpalasī · Sa=116.5Hz · nakshatra=Pūrvāṣāḍhā · tidx=21
21:50:44  sarangi: bowing Sa=116.5Hz
21:50:44  synth params: ga-sa-sa-Sa · Bhimpalasī · Sa=116.5Hz · nakshatra=Pūrvāṣāḍhā · tidx=21 · 6 voices · tabla · 6 bols · mudrā: Padmakosha (flowing)
21:50:44  trajectory: descending · mercury dasha · tempo×1.00 · tabla=True
21:50:46  mix recv: brightness=0.00 reverb=0.00
21:50:50  mix recv: brightness=0.00 reverb=0.00
21:50:55  mix recv: brightness=0.00 reverb=0.00
21:50:59  mix recv: brightness=0.00 reverb=0.00
21:51:01  tanpura field: ga-sa-sa-Sa · Bhimpalasī · Sa=116.5Hz · nakshatra=Pūrvāṣāḍhā · tidx=21
21:51:01  sarangi: bowing Sa=116.5Hz
21:51:01  synth params: ga-sa-sa-Sa · Bhimpalasī · Sa=116.5Hz · nakshatra=Pūrvāṣāḍhā · tidx=21 · 6 voices · tabla · 6 bols · mudrā: Padmakosha (flowing)
21:51:01  trajectory: descending · mercury dasha · tempo×1.00 · tabla=True
21:51:03  mix recv: brightness=0.00 reverb=0.00
21:51:08  mix recv: brightness=0.00 reverb=0.00
21:51:12  mix recv: brightness=0.00 reverb=0.00
21:51:14  tanpura field: ga-sa-sa-Sa · Bhimpalasī · Sa=116.5Hz · nakshatra=Pūrvāṣāḍhā · tidx=21
21:51:14  sarangi: bowing Sa=116.5Hz
21:51:14  synth params: ga-sa-sa-Sa · Bhimpalasī · Sa=116.5Hz · nakshatra=Pūrvāṣāḍhā · tidx=21 · 7 voices · tabla · 6 bols · mudrā: Padmakosha (flowing)
21:51:14  trajectory: descending · mercury dasha · tempo×1.00 · tabla=True
21:51:16  mix recv: brightness=0.00 reverb=0.00
21:51:20  mix recv: brightness=0.00 reverb=0.00
21:51:25  mix recv: brightness=0.00 reverb=0.00
21:51:29  mix recv: brightness=0.00 reverb=0.00
21:51:31  tanpura field: ga-sa-sa-Sa · Bhimpalasī · Sa=116.5Hz · nakshatra=Pūrvāṣāḍhā · tidx=21
21:51:31  sarangi: bowing Sa=116.5Hz
21:51:31  synth params: ga-sa-sa-Sa · Bhimpalasī · Sa=116.5Hz · nakshatra=Pūrvāṣāḍhā · tidx=21 · 7 voices · tabla · 6 bols · mudrā: Padmakosha (flowing)
21:51:31  trajectory: descending · mercury dasha · tempo×1.00 · tabla=True
21:51:33  mix recv: brightness=0.00 reverb=0.00
21:51:38  mix recv: brightness=0.00 reverb=0.00
21:51:42  mix recv: brightness=0.00 reverb=0.00
21:51:44  tanpura field: ga-sa-sa-Sa · Bhimpalasī · Sa=116.5Hz · nakshatra=Pūrvāṣāḍhā · tidx=21
21:51:44  sarangi: bowing Sa=116.5Hz
21:51:44  synth params: ga-sa-sa-Sa · Bhimpalasī · Sa=116.5Hz · nakshatra=Pūrvāṣāḍhā · tidx=21 · 6 voices · tabla · 6 bols · mudrā: Padmakosha (flowing)
21:51:44  trajectory: descending · mercury dasha · tempo×1.00 · tabla=True
21:51:46  mix recv: brightness=0.00 reverb=0.00
21:51:51  mix recv: brightness=0.00 reverb=0.00
21:51:55  mix recv: brightness=0.00 reverb=0.00
21:51:59  mix recv: brightness=0.00 reverb=0.00
21:52:01  tanpura field: ga-sa-sa-Sa · Bhimpalasī · Sa=116.5Hz · nakshatra=Pūrvāṣāḍhā · tidx=21
21:52:01  sarangi: bowing Sa=116.5Hz
21:52:01  synth params: ga-sa-sa-Sa · Bhimpalasī · Sa=116.5Hz · nakshatra=Pūrvāṣāḍhā · tidx=21 · 8 voices · tabla · 6 bols · mudrā: Padmakosha (flowing)
21:52:01  trajectory: descending · mercury dasha · tempo×1.00 · tabla=True
21:52:03  mix recv: brightness=0.00 reverb=0.00
21:52:08  mix recv: brightness=0.00 reverb=0.00
21:52:12  mix recv: brightness=0.00 reverb=0.00
21:52:14  tanpura field: ga-sa-sa-Sa · Bhimpalasī · Sa=116.5Hz · nakshatra=Pūrvāṣāḍhā · tidx=21
21:52:14  sarangi: bowing Sa=116.5Hz
21:52:14  synth params: ga-sa-sa-Sa · Bhimpalasī · Sa=116.5Hz · nakshatra=Pūrvāṣāḍhā · tidx=21 · 6 voices · tabla · 6 bols · mudrā: Padmakosha (flowing)
21:52:14  trajectory: descending · mercury dasha · tempo×1.00 · tabla=True
21:52:16  mix recv: brightness=0.00 reverb=0.00
21:52:21  mix recv: brightness=0.00 reverb=0.00
21:52:25  mix recv: brightness=0.00 reverb=0.00
21:52:29  mix recv: brightness=0.00 reverb=0.00
21:52:31  tanpura field: ga-sa-sa-Sa · Bhimpalasī · Sa=116.5Hz · nakshatra=Pūrvāṣāḍhā · tidx=21
21:52:31  sarangi: bowing Sa=116.5Hz
21:52:31  synth params: ga-sa-sa-Sa · Bhimpalasī · Sa=116.5Hz · nakshatra=Pūrvāṣāḍhā · tidx=21 · 6 voices · tabla · 6 bols · mudrā: Padmakosha (flowing)
21:52:31  trajectory: descending · mercury dasha · tempo×1.00 · tabla=True
21:52:33  mix recv: brightness=0.00 reverb=0.00
21:52:38  mix recv: brightness=0.00 reverb=0.00
21:52:42  mix recv: brightness=0.00 reverb=0.00
21:52:44  tanpura field: ga-sa-sa-Sa · Bhimpalasī · Sa=116.5Hz · nakshatra=Pūrvāṣāḍhā · tidx=21
21:52:44  sarangi: bowing Sa=116.5Hz
21:52:44  synth params: ga-sa-sa-Sa · Bhimpalasī · Sa=116.5Hz · nakshatra=Pūrvāṣāḍhā · tidx=21 · 6 voices · tabla · 6 bols · mudrā: Padmakosha (flowing)
21:52:44  trajectory: descending · mercury dasha · tempo×1.00 · tabla=True
21:52:46  mix recv: brightness=0.00 reverb=0.00
21:52:51  mix recv: brightness=0.00 reverb=0.00
21:52:55  mix recv: brightness=0.00 reverb=0.00
21:52:59  mix recv: brightness=0.00 reverb=0.00
21:53:01  tanpura field: ga-sa-sa-Sa · Bhimpalasī · Sa=116.5Hz · nakshatra=Pūrvāṣāḍhā · tidx=21
21:53:01  sarangi: bowing Sa=116.5Hz
21:53:01  synth params: ga-sa-sa-Sa · Bhimpalasī · Sa=116.5Hz · nakshatra=Pūrvāṣāḍhā · tidx=21 · 6 voices · tabla · 6 bols · mudrā: Padmakosha (flowing)
21:53:01  trajectory: descending · mercury dasha · tempo×1.00 · tabla=True
21:53:03  mix recv: brightness=0.00 reverb=0.00
21:53:08  mix recv: brightness=0.00 reverb=0.00
21:53:12  mix recv: brightness=0.00 reverb=0.00
21:53:15  tanpura field: ga-sa-sa-Sa · Bhimpalasī · Sa=116.5Hz · nakshatra=Pūrvāṣāḍhā · tidx=21
21:53:15  sarangi: bowing Sa=116.5Hz
21:53:15  synth params: ga-sa-sa-Sa · Bhimpalasī · Sa=116.5Hz · nakshatra=Pūrvāṣāḍhā · tidx=21 · 8 voices · tabla · 6 bols · mudrā: Padmakosha (flowing)
21:53:15  trajectory: descending · mercury dasha · tempo×1.00 · tabla=True
21:53:16  mix recv: brightness=0.00 reverb=0.00
21:53:21  mix recv: brightness=0.00 reverb=0.00
21:53:25  mix recv: brightness=0.00 reverb=0.00
21:53:29  mix recv: brightness=0.00 reverb=0.00
21:53:31  tanpura field: ga-sa-sa-Sa · Bhimpalasī · Sa=116.5Hz · nakshatra=Pūrvāṣāḍhā · tidx=21
21:53:31  sarangi: bowing Sa=116.5Hz
21:53:31  synth params: ga-sa-sa-Sa · Bhimpalasī · Sa=116.5Hz · nakshatra=Pūrvāṣāḍhā · tidx=21 · 8 voices · tabla · 6 bols · mudrā: Padmakosha (flowing)
21:53:31  trajectory: descending · mercury dasha · tempo×1.00 · tabla=True
21:53:33  mix recv: brightness=0.00 reverb=0.00
21:53:38  mix recv: brightness=0.00 reverb=0.00
21:53:42  mix recv: brightness=0.00 reverb=0.00
21:53:45  tanpura field: ga-sa-sa-Sa · Bhimpalasī · Sa=116.5Hz · nakshatra=Pūrvāṣāḍhā · tidx=21
21:53:45  sarangi: bowing Sa=116.5Hz
21:53:45  synth params: ga-sa-sa-Sa · Bhimpalasī · Sa=116.5Hz · nakshatra=Pūrvāṣāḍhā · tidx=21 · 7 voices · tabla · 6 bols · mudrā: Padmakosha (flowing)
21:53:45  trajectory: descending · mercury dasha · tempo×1.00 · tabla=True
21:53:46  mix recv: brightness=0.00 reverb=0.00
21:53:51  mix recv: brightness=0.00 reverb=0.00
21:53:55  mix recv: brightness=0.00 reverb=0.00
21:53:59  mix recv: brightness=0.00 reverb=0.00
21:54:01  tanpura field: ga-sa-sa-Sa · Bhimpalasī · Sa=116.5Hz · nakshatra=Pūrvāṣāḍhā · tidx=21
21:54:01  sarangi: bowing Sa=116.5Hz
21:54:01  synth params: ga-sa-sa-Sa · Bhimpalasī · Sa=116.5Hz · nakshatra=Pūrvāṣāḍhā · tidx=21 · 8 voices · tabla · 6 bols · mudrā: Padmakosha (flowing)
21:54:01  trajectory: descending · mercury dasha · tempo×1.00 · tabla=True
21:54:03  mix recv: brightness=0.00 reverb=0.00
21:54:08  mix recv: brightness=0.00 reverb=0.00
21:54:12  mix recv: brightness=0.00 reverb=0.00
21:54:15  tanpura field: ga-sa-sa-Sa · Bhimpalasī · Sa=116.5Hz · nakshatra=Pūrvāṣāḍhā · tidx=21
21:54:15  sarangi: bowing Sa=116.5Hz
21:54:15  synth params: ga-sa-sa-Sa · Bhimpalasī · Sa=116.5Hz · nakshatra=Pūrvāṣāḍhā · tidx=21 · 6 voices · tabla · 6 bols · mudrā: Padmakosha (flowing)
21:54:15  trajectory: descending · mercury dasha · tempo×1.00 · tabla=True
21:54:16  mix recv: brightness=0.00 reverb=0.00
21:54:21  mix recv: brightness=0.00 reverb=0.00
21:54:25  mix recv: brightness=0.00 reverb=0.00
21:54:29  mix recv: brightness=0.00 reverb=0.00
21:54:32  tanpura field: ga-sa-sa-Sa · Bhimpalasī · Sa=116.5Hz · nakshatra=Pūrvāṣāḍhā · tidx=21
21:54:32  sarangi: bowing Sa=116.5Hz
21:54:32  synth params: ga-sa-sa-Sa · Bhimpalasī · Sa=116.5Hz · nakshatra=Pūrvāṣāḍhā · tidx=21 · 6 voices · tabla · 6 bols · mudrā: Padmakosha (flowing)
21:54:32  trajectory: descending · mercury dasha · tempo×1.00 · tabla=True
21:54:33  mix recv: brightness=0.00 reverb=0.00
21:54:38  mix recv: brightness=0.00 reverb=0.00
21:54:42  mix recv: brightness=0.00 reverb=0.00
21:54:45  tanpura field: ga-sa-sa-Sa · Bhimpalasī · Sa=116.5Hz · nakshatra=Pūrvāṣāḍhā · tidx=21
21:54:45  sarangi: bowing Sa=116.5Hz
21:54:45  synth params: ga-sa-sa-Sa · Bhimpalasī · Sa=116.5Hz · nakshatra=Pūrvāṣāḍhā · tidx=21 · 6 voices · tabla · 6 bols · mudrā: Padmakosha (flowing)
21:54:45  trajectory: descending · mercury dasha · tempo×1.00 · tabla=True
21:54:46  mix recv: brightness=0.00 reverb=0.00
21:54:51  mix recv: brightness=0.00 reverb=0.00
21:54:55  mix recv: brightness=0.00 reverb=0.00
21:54:59  mix recv: brightness=0.00 reverb=0.00
21:55:02  tanpura field: ga-sa-sa-Sa · Bhimpalasī · Sa=116.5Hz · nakshatra=Pūrvāṣāḍhā · tidx=21
21:55:02  sarangi: bowing Sa=116.5Hz
21:55:02  synth params: ga-sa-sa-Sa · Bhimpalasī · Sa=116.5Hz · nakshatra=Pūrvāṣāḍhā · tidx=21 · 7 voices · tabla · 6 bols · mudrā: Padmakosha (flowing)
21:55:02  trajectory: descending · mercury dasha · tempo×1.00 · tabla=True
21:55:03  mix recv: brightness=0.00 reverb=0.00
21:55:08  mix recv: brightness=0.00 reverb=0.00
21:55:12  mix recv: brightness=0.00 reverb=0.00
21:55:15  tanpura field: ga-sa-sa-Sa · Bhimpalasī · Sa=116.5Hz · nakshatra=Pūrvāṣāḍhā · tidx=21
21:55:15  sarangi: bowing Sa=116.5Hz
21:55:15  synth params: ga-sa-sa-Sa · Bhimpalasī · Sa=116.5Hz · nakshatra=Pūrvāṣāḍhā · tidx=21 · 6 voices · tabla · 6 bols · mudrā: Padmakosha (flowing)
21:55:15  trajectory: descending · mercury dasha · tempo×1.00 · tabla=True
21:55:16  mix recv: brightness=0.00 reverb=0.00
21:55:21  mix recv: brightness=0.00 reverb=0.00
21:55:25  mix recv: brightness=0.00 reverb=0.00
21:55:29  mix recv: brightness=0.00 reverb=0.00
21:55:32  tanpura field: ga-sa-sa-Sa · Bhimpalasī · Sa=116.5Hz · nakshatra=Pūrvāṣāḍhā · tidx=21
21:55:32  sarangi: bowing Sa=116.5Hz
21:55:32  synth params: ga-sa-sa-Sa · Bhimpalasī · Sa=116.5Hz · nakshatra=Pūrvāṣāḍhā · tidx=21 · 6 voices · tabla · 6 bols · mudrā: Padmakosha (flowing)
21:55:32  trajectory: descending · mercury dasha · tempo×1.00 · tabla=True
21:55:33  mix recv: brightness=0.00 reverb=0.00
21:55:38  mix recv: brightness=0.00 reverb=0.00
21:55:42  mix recv: brightness=0.00 reverb=0.00
21:55:45  tanpura field: ga-sa-sa-Sa · Bhimpalasī · Sa=116.5Hz · nakshatra=Pūrvāṣāḍhā · tidx=21
21:55:45  sarangi: bowing Sa=116.5Hz
21:55:45  synth params: ga-sa-sa-Sa · Bhimpalasī · Sa=116.5Hz · nakshatra=Pūrvāṣāḍhā · tidx=21 · 6 voices · tabla · 6 bols · mudrā: Padmakosha (flowing)
21:55:45  trajectory: descending · mercury dasha · tempo×1.00 · tabla=True
21:55:46  mix recv: brightness=0.00 reverb=0.00
21:55:51  mix recv: brightness=0.00 reverb=0.00
21:55:55  mix recv: brightness=0.00 reverb=0.00
21:55:59  mix recv: brightness=0.00 reverb=0.00
21:56:02  tanpura field: ga-sa-sa-Sa · Bhimpalasī · Sa=116.5Hz · nakshatra=Pūrvāṣāḍhā · tidx=21
21:56:02  sarangi: bowing Sa=116.5Hz
21:56:02  synth params: ga-sa-sa-Sa · Bhimpalasī · Sa=116.5Hz · nakshatra=Pūrvāṣāḍhā · tidx=21 · 8 voices · tabla · 6 bols · mudrā: Padmakosha (flowing)
21:56:02  trajectory: descending · mercury dasha · tempo×1.00 · tabla=True
21:56:03  mix recv: brightness=0.00 reverb=0.00
21:56:08  mix recv: brightness=0.00 reverb=0.00
21:56:12  mix recv: brightness=0.00 reverb=0.00
21:56:15  tanpura field: ga-sa-sa-Sa · Bhimpalasī · Sa=116.5Hz · nakshatra=Pūrvāṣāḍhā · tidx=21
21:56:15  sarangi: bowing Sa=116.5Hz
21:56:15  synth params: ga-sa-sa-Sa · Bhimpalasī · Sa=116.5Hz · nakshatra=Pūrvāṣāḍhā · tidx=21 · 6 voices · tabla · 6 bols · mudrā: Padmakosha (flowing)
21:56:15  trajectory: descending · mercury dasha · tempo×1.00 · tabla=True
21:56:16  mix recv: brightness=0.00 reverb=0.00
21:56:21  mix recv: brightness=0.00 reverb=0.00
21:56:25  mix recv: brightness=0.00 reverb=0.00
21:56:29  mix recv: brightness=0.00 reverb=0.00
21:56:32  tanpura field: ga-sa-sa-Sa · Bhimpalasī · Sa=116.5Hz · nakshatra=Pūrvāṣāḍhā · tidx=21
21:56:32  sarangi: bowing Sa=116.5Hz
21:56:32  synth params: ga-sa-sa-Sa · Bhimpalasī · Sa=116.5Hz · nakshatra=Pūrvāṣāḍhā · tidx=21 · 9 voices · tabla · 6 bols · mudrā: Padmakosha (flowing)
21:56:32  trajectory: descending · mercury dasha · tempo×1.00 · tabla=True
21:56:33  mix recv: brightness=0.00 reverb=0.00
21:56:38  mix recv: brightness=0.00 reverb=0.00
21:56:42  mix recv: brightness=0.00 reverb=0.00
21:56:46  tanpura field: ga-sa-sa-Sa · Bhimpalasī · Sa=116.5Hz · nakshatra=Pūrvāṣāḍhā · tidx=21
21:56:46  sarangi: bowing Sa=116.5Hz
21:56:46  synth params: ga-sa-sa-Sa · Bhimpalasī · Sa=116.5Hz · nakshatra=Pūrvāṣāḍhā · tidx=21 · 7 voices · tabla · 6 bols · mudrā: Padmakosha (flowing)
21:56:46  trajectory: descending · mercury dasha · tempo×1.00 · tabla=True
21:56:46  mix recv: brightness=0.00 reverb=0.00
21:56:51  mix recv: brightness=0.00 reverb=0.00
21:56:55  mix recv: brightness=0.00 reverb=0.00
21:56:59  mix recv: brightness=0.00 reverb=0.00
21:57:02  tanpura field: ga-sa-sa-Sa · Bhimpalasī · Sa=116.5Hz · nakshatra=Pūrvāṣāḍhā · tidx=21
21:57:02  sarangi: bowing Sa=116.5Hz
21:57:02  synth params: ga-sa-sa-Sa · Bhimpalasī · Sa=116.5Hz · nakshatra=Pūrvāṣāḍhā · tidx=21 · 7 voices · tabla · 6 bols · mudrā: Padmakosha (flowing)
21:57:02  trajectory: descending · mercury dasha · tempo×1.00 · tabla=True
21:57:03  mix recv: brightness=0.00 reverb=0.00
21:57:08  mix recv: brightness=0.00 reverb=0.00
21:57:12  mix recv: brightness=0.00 reverb=0.00
21:57:16  tanpura field: ga-sa-sa-Sa · Bhimpalasī · Sa=116.5Hz · nakshatra=Pūrvāṣāḍhā · tidx=21
21:57:16  sarangi: bowing Sa=116.5Hz
21:57:16  synth params: ga-sa-sa-Sa · Bhimpalasī · Sa=116.5Hz · nakshatra=Pūrvāṣāḍhā · tidx=21 · 6 voices · tabla · 6 bols · mudrā: Padmakosha (flowing)
21:57:16  trajectory: descending · mercury dasha · tempo×1.00 · tabla=True
21:57:16  mix recv: brightness=0.00 reverb=0.00
21:57:21  mix recv: brightness=0.00 reverb=0.00
21:57:25  mix recv: brightness=0.00 reverb=0.00
21:57:29  mix recv: brightness=0.00 reverb=0.00
21:57:32  tanpura field: ga-sa-sa-Sa · Bhimpalasī · Sa=116.5Hz · nakshatra=Pūrvāṣāḍhā · tidx=21
21:57:32  sarangi: bowing Sa=116.5Hz
21:57:32  synth params: ga-sa-sa-Sa · Bhimpalasī · Sa=116.5Hz · nakshatra=Pūrvāṣāḍhā · tidx=21 · 9 voices · tabla · 6 bols · mudrā: Padmakosha (flowing)
21:57:32  trajectory: descending · mercury dasha · tempo×1.00 · tabla=True
21:57:33  mix recv: brightness=0.00 reverb=0.00
21:57:38  mix recv: brightness=0.00 reverb=0.00
21:57:42  mix recv: brightness=0.00 reverb=0.00
21:57:46  tanpura field: ga-sa-sa-Sa · Bhimpalasī · Sa=116.5Hz · nakshatra=Pūrvāṣāḍhā · tidx=21
21:57:46  sarangi: bowing Sa=116.5Hz
21:57:46  synth params: ga-sa-sa-Sa · Bhimpalasī · Sa=116.5Hz · nakshatra=Pūrvāṣāḍhā · tidx=21 · 8 voices · tabla · 6 bols · mudrā: Padmakosha (flowing)
21:57:46  trajectory: descending · mercury dasha · tempo×1.00 · tabla=True
21:57:46  mix recv: brightness=0.00 reverb=0.00
21:57:51  mix recv: brightness=0.00 reverb=0.00
21:57:55  mix recv: brightness=0.00 reverb=0.00
21:57:59  mix recv: brightness=0.00 reverb=0.00
21:58:02  tanpura field: ga-sa-sa-Sa · Bhimpalasī · Sa=116.5Hz · nakshatra=Pūrvāṣāḍhā · tidx=21
21:58:02  sarangi: bowing Sa=116.5Hz
21:58:02  synth params: ga-sa-sa-Sa · Bhimpalasī · Sa=116.5Hz · nakshatra=Pūrvāṣāḍhā · tidx=21 · 6 voices · tabla · 6 bols · mudrā: Padmakosha (flowing)
21:58:02  trajectory: descending · mercury dasha · tempo×1.00 · tabla=True
21:58:03  mix recv: brightness=0.00 reverb=0.00
21:58:08  mix recv: brightness=0.00 reverb=0.00
21:58:12  mix recv: brightness=0.00 reverb=0.00
21:58:16  tanpura field: ga-sa-sa-Sa · Bhimpalasī · Sa=116.5Hz · nakshatra=Pūrvāṣāḍhā · tidx=21
21:58:16  sarangi: bowing Sa=116.5Hz
21:58:16  synth params: ga-sa-sa-Sa · Bhimpalasī · Sa=116.5Hz · nakshatra=Pūrvāṣāḍhā · tidx=21 · 6 voices · tabla · 6 bols · mudrā: Padmakosha (flowing)
21:58:16  trajectory: descending · mercury dasha · tempo×1.00 · tabla=True
21:58:16  mix recv: brightness=0.00 reverb=0.00
21:58:21  mix recv: brightness=0.00 reverb=0.00
21:58:25  mix recv: brightness=0.00 reverb=0.00
21:58:29  mix recv: brightness=0.00 reverb=0.00
21:58:33  tanpura field: ga-sa-sa-Sa · Bhimpalasī · Sa=116.5Hz · nakshatra=Pūrvāṣāḍhā · tidx=21
21:58:33  sarangi: bowing Sa=116.5Hz
21:58:33  synth params: ga-sa-sa-Sa · Bhimpalasī · Sa=116.5Hz · nakshatra=Pūrvāṣāḍhā · tidx=21 · 7 voices · tabla · 6 bols · mudrā: Padmakosha (flowing)
21:58:33  trajectory: descending · mercury dasha · tempo×1.00 · tabla=True
21:58:33  mix recv: brightness=0.00 reverb=0.00
21:58:38  mix recv: brightness=0.00 reverb=0.00
21:58:42  mix recv: brightness=0.00 reverb=0.00
21:58:46  tanpura field: ga-sa-sa-Sa · Bhimpalasī · Sa=116.5Hz · nakshatra=Pūrvāṣāḍhā · tidx=21
21:58:46  sarangi: bowing Sa=116.5Hz
21:58:46  synth params: ga-sa-sa-Sa · Bhimpalasī · Sa=116.5Hz · nakshatra=Pūrvāṣāḍhā · tidx=21 · 8 voices · tabla · 6 bols · mudrā: Padmakosha (flowing)
21:58:46  trajectory: descending · mercury dasha · tempo×1.00 · tabla=True
21:58:46  mix recv: brightness=0.00 reverb=0.00
21:58:51  mix recv: brightness=0.00 reverb=0.00
21:58:55  mix recv: brightness=0.00 reverb=0.00
21:58:59  mix recv: brightness=0.00 reverb=0.00
21:59:03  tanpura field: ga-sa-sa-Sa · Bhimpalasī · Sa=116.5Hz · nakshatra=Pūrvāṣāḍhā · tidx=21
21:59:03  sarangi: bowing Sa=116.5Hz
21:59:03  synth params: ga-sa-sa-Sa · Bhimpalasī · Sa=116.5Hz · nakshatra=Pūrvāṣāḍhā · tidx=21 · 6 voices · tabla · 6 bols · mudrā: Padmakosha (flowing)
21:59:03  trajectory: descending · mercury dasha · tempo×1.00 · tabla=True
21:59:03  mix recv: brightness=0.00 reverb=0.00
21:59:08  mix recv: brightness=0.00 reverb=0.00
21:59:12  mix recv: brightness=0.00 reverb=0.00
21:59:16  tanpura field: ga-sa-sa-Sa · Bhimpalasī · Sa=116.5Hz · nakshatra=Pūrvāṣāḍhā · tidx=21
21:59:16  sarangi: bowing Sa=116.5Hz
21:59:16  synth params: ga-sa-sa-Sa · Bhimpalasī · Sa=116.5Hz · nakshatra=Pūrvāṣāḍhā · tidx=21 · 6 voices · tabla · 6 bols · mudrā: Padmakosha (flowing)
21:59:16  trajectory: descending · mercury dasha · tempo×1.00 · tabla=True
21:59:16  mix recv: brightness=0.00 reverb=0.00
21:59:21  mix recv: brightness=0.00 reverb=0.00
21:59:25  mix recv: brightness=0.00 reverb=0.00
21:59:29  mix recv: brightness=0.00 reverb=0.00
21:59:33  tanpura field: ga-sa-sa-Sa · Bhimpalasī · Sa=116.5Hz · nakshatra=Pūrvāṣāḍhā · tidx=21
21:59:33  sarangi: bowing Sa=116.5Hz
21:59:33  synth params: ga-sa-sa-Sa · Bhimpalasī · Sa=116.5Hz · nakshatra=Pūrvāṣāḍhā · tidx=21 · 6 voices · tabla · 6 bols · mudrā: Padmakosha (flowing)
21:59:33  trajectory: descending · mercury dasha · tempo×1.00 · tabla=True
21:59:33  mix recv: brightness=0.00 reverb=0.00
21:59:38  mix recv: brightness=0.00 reverb=0.00
21:59:42  mix recv: brightness=0.00 reverb=0.00
21:59:46  tanpura field: ga-sa-sa-Sa · Bhimpalasī · Sa=116.5Hz · nakshatra=Pūrvāṣāḍhā · tidx=21
21:59:46  sarangi: bowing Sa=116.5Hz
21:59:46  synth params: ga-sa-sa-Sa · Bhimpalasī · Sa=116.5Hz · nakshatra=Pūrvāṣāḍhā · tidx=21 · 9 voices · tabla · 6 bols · mudrā: Padmakosha (flowing)
21:59:46  trajectory: descending · mercury dasha · tempo×1.00 · tabla=True
21:59:46  mix recv: brightness=0.00 reverb=0.00
21:59:51  mix recv: brightness=0.00 reverb=0.00
21:59:55  mix recv: brightness=0.00 reverb=0.00
21:59:59  mix recv: brightness=0.00 reverb=0.00
22:00:03  tanpura field: ga-sa-sa-Sa · Bhimpalasī · Sa=116.5Hz · nakshatra=Pūrvāṣāḍhā · tidx=21
22:00:03  sarangi: bowing Sa=116.5Hz
22:00:03  synth params: ga-sa-sa-Sa · Bhimpalasī · Sa=116.5Hz · nakshatra=Pūrvāṣāḍhā · tidx=21 · 6 voices · tabla · 6 bols · mudrā: Padmakosha (flowing)
22:00:03  trajectory: descending · mercury dasha · tempo×1.00 · tabla=True
22:00:03  mix recv: brightness=0.00 reverb=0.00
22:00:08  mix recv: brightness=0.00 reverb=0.00
22:00:12  mix recv: brightness=0.00 reverb=0.00
22:00:16  tanpura field: ga-sa-sa-Sa · Bhimpalasī · Sa=116.5Hz · nakshatra=Pūrvāṣāḍhā · tidx=21
22:00:16  sarangi: bowing Sa=116.5Hz
22:00:16  synth params: ga-sa-sa-Sa · Bhimpalasī · Sa=116.5Hz · nakshatra=Pūrvāṣāḍhā · tidx=21 · 8 voices · tabla · 6 bols · mudrā: Padmakosha (flowing)
22:00:16  trajectory: descending · mercury dasha · tempo×1.00 · tabla=True
22:00:16  mix recv: brightness=0.00 reverb=0.00
22:00:21  mix recv: brightness=0.00 reverb=0.00
22:00:25  mix recv: brightness=0.00 reverb=0.00
22:00:29  mix recv: brightness=0.00 reverb=0.00
22:00:33  tanpura field: ga-sa-sa-Sa · Bhimpalasī · Sa=116.5Hz · nakshatra=Pūrvāṣāḍhā · tidx=21
22:00:33  sarangi: bowing Sa=116.5Hz
22:00:33  synth params: ga-sa-sa-Sa · Bhimpalasī · Sa=116.5Hz · nakshatra=Pūrvāṣāḍhā · tidx=21 · 7 voices · tabla · 6 bols · mudrā: Padmakosha (flowing)
22:00:33  trajectory: descending · mercury dasha · tempo×1.00 · tabla=True
22:00:33  mix recv: brightness=0.00 reverb=0.00
22:00:38  mix recv: brightness=0.00 reverb=0.00
22:00:42  mix recv: brightness=0.00 reverb=0.00
22:00:46  mix recv: brightness=0.00 reverb=0.00
22:00:46  tanpura field: ga-sa-sa-Sa · Bhimpalasī · Sa=116.5Hz · nakshatra=Pūrvāṣāḍhā · tidx=21
22:00:46  sarangi: bowing Sa=116.5Hz
22:00:46  synth params: ga-sa-sa-Sa · Bhimpalasī · Sa=116.5Hz · nakshatra=Pūrvāṣāḍhā · tidx=21 · 8 voices · tabla · 6 bols · mudrā: Padmakosha (flowing)
22:00:46  trajectory: descending · mercury dasha · tempo×1.00 · tabla=True
22:00:51  mix recv: brightness=0.00 reverb=0.00
