amidha_id,name,link,preview,pacify,aggravate,tridosha,rasa,guna,virya,vipaka,prabhav,attestation_status
A0001,Tulsi,https://www.amidhaayurveda.com/p/tulsi.html,"Tulsi (Ocimum sanctum) is known as the 'Queen of Herbs' in Ayurveda. It boosts immunity, combats respiratory disorders, and has adaptogenic properties.",Kapha|Vata,Pitta,False,Katu|Tikta,Laghu|Ruksha,Ushna,Katu,rasayan|Krimighna|Kasahara|Shoolaghna,OBSERVED:AMIDHA_CC_BY_4_0
A0002,Amla,https://www.amidhaayurveda.com/p/amla.html,"Amla (Emblica officinalis) is a potent source of Vitamin C. It rejuvenates tissues, improves digestion, eyesight, and balances all three doshas.",tridosha,,True,Amla,Laghu|Snigdha,Sheeta,Madhura,rasayan|Chakshushya|Hridaya|Deepana,OBSERVED:AMIDHA_CC_BY_4_0
A0003,Ashwagandha,https://www.amidhaayurveda.com/p/ashwagandha.html,"Ashwagandha (Withania somnifera) is a powerful adaptogen. It reduces stress, increases strength, and supports reproductive and nervous systems.",Vata|Kapha,Pitta,False,Tikta|Kashaya,Guru|Snigdha,Ushna,Madhura,Balya|Medhya|Vrishya|rasayan,OBSERVED:AMIDHA_CC_BY_4_0
A0004,Giloy,https://www.amidhaayurveda.com/p/giloy.html,"Giloy (Tinospora cordifolia) is a powerful immunity booster. It acts as an antipyretic, detoxifier, and rejuvenator with anti-inflammatory effects.",tridosha,,True,Tikta,Laghu|Sara,Ushna,Madhura,Jwaraghna|Raktashodhak|Shothahara|rasayan,OBSERVED:AMIDHA_CC_BY_4_0
A0005,Shatavari,https://www.amidhaayurveda.com/p/shatavari.html,"Shatavari (Asparagus racemosus) supports female reproductive health, boosts vitality, and is a top Ayurvedic rejuvenator for Pitta and Vata.",Vata|Pitta,Kapha,False,Madhura,Guru|Snigdha,Sheeta,Madhura,Stanyashodhana|Shukrala|rasayan|Varnya,OBSERVED:AMIDHA_CC_BY_4_0
A0006,Nagarmotha,https://www.amidhaayurveda.com/p/nagarmotha.html,"Used to treat indigestion, fever, and obesity through its deepana and pachana actions.",Kapha|Pitta,Vata,False,Tikta|Katu,Laghu|Ruksha,Ushna,Katu,Deepana|Pachana|Grahi,OBSERVED:AMIDHA_CC_BY_4_0
A0007,Agnimantha,https://www.amidhaayurveda.com/p/agnimantha.html,"Part of Dashamoola, used in vata disorders and for promoting digestion.",Vata,Pitta,False,Tikta,Laghu,Ushna,Katu,Shoolaghna|Virechana,OBSERVED:AMIDHA_CC_BY_4_0
A0008,Rohitaka,https://www.amidhaayurveda.com/p/rohitaka.html,"Used for treating liver disorders, ascites, and splenomegaly.",Pitta|Kapha,Vata,False,Tikta|Kashaya,Laghu|Ruksha,Sheeta,Katu,Raktashodhak|Deepana|Pachana,OBSERVED:AMIDHA_CC_BY_4_0
A0009,Chopchini,https://www.amidhaayurveda.com/2025/10/chopchini-ayurvedic-uses-benefits.html,"Used in treating joint disorders and skin diseases, known for its anti-inflammatory action.",Vata|Kapha,Pitta,False,Tikta|Katu,Laghu|Ruksha,Ushna,Katu,Shothahara|Shoolaghna|Vrishya,OBSERVED:AMIDHA_CC_BY_4_0
A0010,Bhringraj,https://www.amidhaayurveda.com/2025/10/bhringraj-ayurvedic-uses-benefits.html,"Promotes hair growth, supports liver function, and has rejuvenating qualities.",Vata|Pitta,Kapha,False,Tikta|Katu,Laghu|Ruksha,Ushna,Katu,rasayan|Chakshushya|Vrishya,OBSERVED:AMIDHA_CC_BY_4_0
A0011,Jatamansi,https://www.amidhaayurveda.com/2025/10/jatamansi-ayurvedic-uses-benefits.html,"Calms the mind, supports mental clarity, and acts as a nervine tonic.",Vata|Pitta,Kapha,False,Tikta,Laghu|Snigdha,Sheeta,Madhura,Medhya|rasayan|Shoolaghna,OBSERVED:AMIDHA_CC_BY_4_0
A0012,Chandana,https://www.amidhaayurveda.com/2025/10/chandana-sandalwood-ayurvedic-uses.html,"Cooling herb used in Pitta disorders, urinary tract infections, and skin diseases.",Pitta,Vata,False,Madhura|Tikta,Snigdha,Sheeta,Madhura,Mutrala|Chakshushya|Varnya,OBSERVED:AMIDHA_CC_BY_4_0
A0013,Kutaj,https://www.amidhaayurveda.com/2025/10/kutaj-ayurvedic-uses-benefits-healing.html,"Treats diarrhea, dysentery and balances kapha and pitta dosha.",Pitta|Kapha,Vata,False,Tikta|Kashaya,Laghu|Ruksha,Sheeta,Katu,Grahi|Krimighna|Shoolaghna,OBSERVED:AMIDHA_CC_BY_4_0
A0014,Rasona (Garlic),https://www.amidhaayurveda.com/2025/10/rasona-garlic-ayurvedic-uses-benefits.html,"Used for respiratory, digestive, and circulatory disorders. Known for lekhana and deepana properties.",Vata|Kapha,Pitta,False,Katu|Tikta,Laghu|Ruksha,Ushna,Katu,Lekhana|Deepana|rasayan,OBSERVED:AMIDHA_CC_BY_4_0
A0015,Kanchanar,https://www.amidhaayurveda.com/2025/10/kanchanar-ayurvedic-uses-benefits.html,"Kanchanar is used to reduce glandular swellings, support thyroid, and treat goiter.",Kapha|Pitta,Vata,False,Tikta|Kashaya,Laghu|Ruksha,Ushna,Katu,Lekhana|Shothahara|Granthihara,OBSERVED:AMIDHA_CC_BY_4_0
A0016,Karpura (Camphor),https://www.amidhaayurveda.com/2025/10/karpura-ayurvedic-uses-benefits-healing.html,"Camphor has stimulant, antispasmodic, and antiseptic actions, used in respiratory and skin conditions.",Kapha,Pitta,False,Tikta|Katu,Laghu|Ruksha,Sheeta,Katu,Kasahara|Shwasahara|Krimighna,OBSERVED:AMIDHA_CC_BY_4_0
A0017,Pushkarmool,https://www.amidhaayurveda.com/2025/10/pushkarmool-ayurvedic-uses-respiratory.html,"Effective for asthma, cough, and dyspnea. Acts as a bronchodilator and expectorant.",Vata|Kapha,Pitta,False,Tikta|Katu,Laghu|Ruksha,Ushna,Katu,Kasahara|Shwasahara|Hrudya,OBSERVED:AMIDHA_CC_BY_4_0
A0018,Bakuchi,https://www.amidhaayurveda.com/2025/10/bakuchi-ayurvedic-uses-benefits-healing.html,"Widely used in leucoderma, vitiligo, and other skin disorders. Supports melanin production.",Kapha,Pitta|Vata,False,Tikta|Katu,Laghu|Ruksha,Ushna,Katu,Kushtaghna|Varnya|rasayan,OBSERVED:AMIDHA_CC_BY_4_0
A0019,Vidarikand,https://www.amidhaayurveda.com/2025/10/vidarikand-ayurvedic-uses-rejuvenating.html,"Acts as a nutritive tonic, improves fertility, and strengthens the body.",Vata|Pitta,Kapha,False,Madhura,Guru|Snigdha,Sheeta,Madhura,Balya|rasayan|Vrishya,OBSERVED:AMIDHA_CC_BY_4_0
A0020,Ajmoda,https://www.amidhaayurveda.com/2025/10/ajmoda-ayurvedic-uses-benefits-healing.html,"Improves digestion, relieves bloating and abdominal discomfort, and acts as carminative.",Kapha|Vata,Pitta,False,Katu|Tikta,Laghu|Ruksha,Ushna,Katu,Deepana|Pachana|Vatanulomana,OBSERVED:AMIDHA_CC_BY_4_0
A0021,Patola,https://www.amidhaayurveda.com/2025/10/patola-ayurvedic-uses-benefits-healing.html,"Used in fever, liver disorders, and skin diseases. Strong pitta pacifier.",Pitta,Vata,False,Tikta,Laghu|Ruksha,Sheeta,Katu,Raktashodhak|Jwaraghna|Kushtaghna,OBSERVED:AMIDHA_CC_BY_4_0
A0022,Vrikshamla,https://www.amidhaayurveda.com/2025/10/vrikshamla-ayurvedic-uses-weight-loss.html,Helps in weight management and digestion. Rich in hydroxycitric acid.,Kapha,Pitta,False,Amla,Laghu,Ushna,Katu,Lekhana|Deepana|Medohara,OBSERVED:AMIDHA_CC_BY_4_0
A0023,Kumuda,https://www.amidhaayurveda.com/2025/10/kumuda-ayurvedic-uses-benefits-healing.html,"Useful in burning sensation, pitta disorders and fever.",Pitta,Kapha,False,Tikta|Kashaya,Laghu,Sheeta,Katu,Jwaraghna|Raktapittaghna,OBSERVED:AMIDHA_CC_BY_4_0
A0024,Shigru,https://www.amidhaayurveda.com/2025/10/shigru-moringa-ayurvedic-uses-benefits.html,"Moringa is rich in nutrients, detoxifies blood, and improves digestion.",Kapha|Vata,Pitta,False,Katu|Tikta,Laghu|Ruksha,Ushna,Katu,Shothahara|Krimighna|Medohara,OBSERVED:AMIDHA_CC_BY_4_0
A0025,Parpataka,https://www.amidhaayurveda.com/2025/10/parpataka-ayurvedic-uses-benefits.html,"Reduces burning sensation, used in fever, acidity and liver ailments.",Pitta,Vata,False,Tikta,Laghu,Sheeta,Katu,Pittaghna|Jwaraghna,OBSERVED:AMIDHA_CC_BY_4_0
A0026,Indrayava,https://www.amidhaayurveda.com/2025/10/indrayava-ayurvedic-uses-digestive.html,"Treats diarrhea, dysentery and helps regulate bowel movements.",Kapha|Pitta,Vata,False,Tikta|Kashaya,Laghu|Ruksha,Sheeta,Katu,Grahi|Krimighna|Raktashodhak,OBSERVED:AMIDHA_CC_BY_4_0
A0027,Kapikachhu,https://www.amidhaayurveda.com/2025/10/kapikachhu-ayurvedic-uses-benefits.html,"Improves fertility, nervous strength and acts as aphrodisiac.",Vata,Kapha,False,Madhura,Snigdha,Ushna,Madhura,Vrishya|Balya|Medhya,OBSERVED:AMIDHA_CC_BY_4_0
A0028,Bala,https://www.amidhaayurveda.com/2025/10/bala-ayurvedic-uses-benefits-healing.html,"Improves strength and stamina, useful in vata disorders and nervous weakness.",Vata,Kapha,False,Madhura,Snigdha|Guru,Sheeta,Madhura,Balya|rasayan|Brimhaniya,OBSERVED:AMIDHA_CC_BY_4_0
A0029,Tamalpatra,https://www.amidhaayurveda.com/2025/10/tamalpatra-ayurvedic-uses-benefits.html,"Bay leaf improves appetite, respiration and balances kapha dosha.",Kapha|Vata,Pitta,False,Tikta|Katu,Laghu,Ushna,Katu,Deepana|Krimighna,OBSERVED:AMIDHA_CC_BY_4_0
A0030,Chitrak,https://www.amidhaayurveda.com/2025/10/chitrak-ayurvedic-uses-benefits-healing.html,"Ignites digestive fire, used in weight loss and ama digestion.",Kapha|Vata,Pitta,False,Katu,Laghu|Tikshna,Ushna,Katu,Deepana|Pachana|Lekhana,OBSERVED:AMIDHA_CC_BY_4_0
A0031,Tagar,https://www.amidhaayurveda.com/2025/10/tagar-ayurvedic-uses-benefits-healing.html,"Relieves stress, induces sleep and calms the nervous system.",Vata|Pitta,Kapha,False,Tikta,Guru,Sheeta,Madhura,Medhya|Nidrajanaka|rasayan,OBSERVED:AMIDHA_CC_BY_4_0
A0032,Khadira,https://www.amidhaayurveda.com/2025/10/khadira-ayurvedic-uses-benefits-healing.html,"Purifies blood, useful in skin diseases, leprosy, and itching.",Kapha|Pitta,Vata,False,Kashaya,Laghu|Ruksha,Sheeta,Katu,Raktashodhak|Kushtaghna|Grahi,OBSERVED:AMIDHA_CC_BY_4_0
A0033,Twak (Cinnamon),https://www.amidhaayurveda.com/2025/10/twak-cinnamon-ayurvedic-uses-benefits.html,"Stimulates digestion, circulation and balances kapha dosha.",Kapha|Vata,Pitta,False,Katu|Tikta,Laghu|Snigdha,Ushna,Katu,Deepana|Lekhana|Kasahara,OBSERVED:AMIDHA_CC_BY_4_0
A0034,Ela,https://www.amidhaayurveda.com/2025/10/ela-ayurvedic-uses-benefits-healing.html,"Improves digestion, relieves nausea and freshens breath.",Kapha|Vata,Pitta,False,Madhura|Tikta,Laghu,Ushna,Katu,Deepana|Hridaya|Vatanulomana,OBSERVED:AMIDHA_CC_BY_4_0
A0035,Sariva,https://www.amidhaayurveda.com/2025/10/sariva-ayurvedic-uses-benefits-healing.html,"Sariva is known for its blood purifying and cooling properties, useful in skin disorders.",Pitta|Vata,Kapha,False,Madhura|Tikta,Guru|Snigdha,Sheeta,Madhura,Raktashodhak|Kushtaghna|Varnya,OBSERVED:AMIDHA_CC_BY_4_0
A0036,Gorakhmundi,https://www.amidhaayurveda.com/2025/10/gorakhmundi-ayurvedic-uses-benefits.html,"Used in urinary tract infections, liver disorders, and as a detoxifying herb.",Kapha|Pitta,Vata,False,Tikta|Katu,Laghu|Ruksha,Ushna,Katu,Mutrala|Raktashodhak|Deepana,OBSERVED:AMIDHA_CC_BY_4_0
A0037,Kokilaksha,https://www.amidhaayurveda.com/2025/10/kokilaksha-ayurvedic-uses-benefits.html,"A nerve tonic and aphrodisiac, used for urinary and reproductive health.",Vata|Pitta,Kapha,False,Tikta,Laghu,Sheeta,Madhura,Vrishya|Balya|Mutrala,OBSERVED:AMIDHA_CC_BY_4_0
A0038,Mahamanjishthadi,/p/mahamanjishthadi.html,Classical Ayurvedic formulation used in blood purification and skin health.,Pitta,Vata|Kapha,False,Tikta|Kashaya,Laghu|Ruksha,Sheeta,Katu,Raktashodhak|Kushtaghna|Varnya,OBSERVED:AMIDHA_CC_BY_4_0
A0039,Yavani,/p/yavani.html,"Relieves abdominal pain, bloating and indigestion; acts as carminative.",Kapha|Vata,Pitta,False,Katu|Tikta,Laghu|Ruksha,Ushna,Katu,Deepana|Pachana|Vatanulomana,OBSERVED:AMIDHA_CC_BY_4_0
A0040,Bhunimba,/p/bhunimba.html,"Bhunimba is a bitter herb helpful in fever, liver disorders, and pitta conditions.",Pitta,Vata,False,Tikta,Laghu,Sheeta,Katu,Jwaraghna|Pittaghna|Raktaprasadak,OBSERVED:AMIDHA_CC_BY_4_0
A0041,Chavya,/p/chavya.html,Promotes digestion and clears ama; excellent for vata and kapha conditions.,Kapha|Vata,Pitta,False,Katu,Laghu|Tikshna,Ushna,Katu,Deepana|Pachana|Krimighna,OBSERVED:AMIDHA_CC_BY_4_0
A0042,Panchatikta Ghrita,/p/panchatikta-ghrita.html,"Classic Ayurvedic formulation used in skin diseases, detox and pitta disorders.",Pitta|Kapha,Vata,False,Tikta,Snigdha|Guru,Sheeta,Madhura,Raktashodhak|Varnya|Kushtaghna,OBSERVED:AMIDHA_CC_BY_4_0
A0043,Palasha,/p/palasha.html,"Known for its anti-helminthic properties, Palasha helps eliminate intestinal parasites.",Kapha|Pitta,Vata,False,Tikta|Katu,Laghu|Ruksha,Ushna,Katu,Krimighna|Raktashodhak|Shothahara,OBSERVED:AMIDHA_CC_BY_4_0
A0044,Karanja,/p/karanja.html,"Used in skin disorders, leprosy, and inflammation due to its detoxifying nature.",Kapha,Pitta|Vata,False,Tikta|Katu,Laghu|Ruksha,Ushna,Katu,Kushtaghna|Vranashodhak|Krimighna,OBSERVED:AMIDHA_CC_BY_4_0
A0045,Ahiphena,/p/ahiphena.html,Processed opium used in Ayurveda for severe pain and diarrhea management under supervision.,Vata,Kapha|Pitta,False,Tikta|Katu,Guru|Snigdha,Ushna,Katu,Vedanasthapana|Grahi,OBSERVED:AMIDHA_CC_BY_4_0
A0046,Danti,/p/danti.html,Strong purgative used in detox and management of constipation and ascites.,Kapha|Vata,Pitta,False,Katu,Tikshna|Laghu,Ushna,Katu,Rechana|Shothahara,OBSERVED:AMIDHA_CC_BY_4_0
A0047,Eranda,/p/eranda.html,"Castor plant used for joint pain, digestive issues and vata-related disorders.",Vata,Pitta|Kapha,False,Madhura|Katu,Snigdha|Guru,Ushna,Madhura,Vatanulomana|Shoolahara,OBSERVED:AMIDHA_CC_BY_4_0
A0048,Guggulu,/p/guggulu.html,"Excellent for arthritis, high cholesterol, and detoxification.",Kapha|Vata,Pitta,False,Tikta|Katu,Laghu|Ruksha,Ushna,Katu,Lekhana|Shothahara|Vranashodhak,OBSERVED:AMIDHA_CC_BY_4_0
A0049,Bhallataka,/p/bhallataka.html,"Powerful digestive and stimulant, used under medical supervision for vata disorders.",Kapha|Vata,Pitta,False,Katu|Tikta,Tikshna|Laghu,Ushna,Katu,Shothahara|Pachana,OBSERVED:AMIDHA_CC_BY_4_0
A0050,Mandura Bhasma,/p/mandura-bhasma.html,"Iron-rich formulation for anemia, liver function, and strength.",Kapha|Pitta,Vata,False,Tikta,Laghu,Sheeta,Madhura,Raktavardhak|rasayana,OBSERVED:AMIDHA_CC_BY_4_0
A0051,Vasaka,/p/vasaka.html,"Effective in bronchitis, asthma and respiratory disorders.",Pitta|Kapha,Vata,False,Tikta|Kashaya,Laghu,Sheeta,Katu,Shwasahara|Kasahara,OBSERVED:AMIDHA_CC_BY_4_0
A0052,Laksha,/p/laksha.html,"Used in bone healing, fractures, and skin diseases.",Pitta|Kapha,Vata,False,Tikta|Kashaya,Ruksha,Sheeta,Katu,Asthisandhanakara|Raktastambhaka,OBSERVED:AMIDHA_CC_BY_4_0
A0053,Talisapatra,/p/talisapatra.html,"Useful in cough, asthma, cold and sore throat.",Kapha|Vata,Pitta,False,Katu,Laghu,Ushna,Katu,Kasahara|Shwasahara,OBSERVED:AMIDHA_CC_BY_4_0
A0054,Tamalaki,/p/tamalaki.html,"Effective in liver diseases, hepatitis, jaundice and digestion.",Pitta|Kapha,Vata,False,Tikta,Laghu,Sheeta,Katu,Yakrituttejaka|Pachana,OBSERVED:AMIDHA_CC_BY_4_0
A0055,Shirisha,/p/shirisha.html,Main anti-allergic herb; used in poisoning and respiratory issues.,Kapha,Pitta|Vata,False,Tikta|Kashaya,Laghu|Ruksha,Sheeta,Katu,Vishaghna|Shwasahara,OBSERVED:AMIDHA_CC_BY_4_0
A0056,Babbula,/p/babbula.html,"Effective in dental issues, bleeding gums, and skin ailments.",Kapha|Pitta,Vata,False,Kashaya,Ruksha|Laghu,Sheeta,Katu,Dantya|Vranashodhak,OBSERVED:AMIDHA_CC_BY_4_0
A0057,Kumkuma,/p/kumkuma.html,"Saffron used for complexion, mood elevation, and female fertility.",Vata|Pitta,Kapha,False,Tikta|Madhura,Laghu,Ushna,Madhura,Varnya|rasayana|Stanyajanana,OBSERVED:AMIDHA_CC_BY_4_0
A0058,Bilva,/p/bilva.html,"Bilva is useful in digestive disorders, diarrhea, and IBS due to its binding effect.",Kapha|Vata,Pitta,False,Kashaya|Tikta,Laghu|Ruksha,Ushna,Katu,Grahi|Deepana,OBSERVED:AMIDHA_CC_BY_4_0
A0059,Shatavari Ksheera,/p/shatavari-ksheera.html,Milk decoction of Shatavari acts as a rejuvenator and fertility enhancer.,Vata|Pitta,Kapha,False,Madhura,Snigdha|Guru,Sheeta,Madhura,rasayana|Stanyajanana,OBSERVED:AMIDHA_CC_BY_4_0
A0060,Ashoka,/p/ashoka.html,"A prime uterine tonic, it regulates menstruation and reduces cramps.",Pitta|Kapha,Vata,False,Tikta|Kashaya,Laghu,Sheeta,Katu,Yonishodhana|Stambhana,OBSERVED:AMIDHA_CC_BY_4_0
A0061,Devadaru,/p/devadaru.html,"Useful in cough, cold and joint pain due to its anti-inflammatory action.",Kapha|Vata,Pitta,False,Tikta,Laghu,Ushna,Katu,Shothahara|Kasahara,OBSERVED:AMIDHA_CC_BY_4_0
A0062,Patala,/p/patala.html,"Used in Dashamoola formulation, helps in vata disorders and pain relief.",Vata,Kapha|Pitta,False,Tikta,Laghu|Snigdha,Ushna,Madhura,Vatanulomana|Shoolahara,OBSERVED:AMIDHA_CC_BY_4_0
A0063,Ashwagandharishta,/p/ashwagandharishta.html,"Ayurvedic tonic used for debility, stress and nerve regeneration.",Vata|Kapha,Pitta,False,Madhura|Tikta,Guru|Snigdha,Ushna,Madhura,rasayana|Balya,OBSERVED:AMIDHA_CC_BY_4_0
A0064,Dhataki,/p/dhataki.html,"Flowers used in fermentation, female health and diarrhea treatment.",Pitta|Kapha,Vata,False,Kashaya|Tikta,Laghu,Sheeta,Katu,Yonishodhana|Grahi,OBSERVED:AMIDHA_CC_BY_4_0
A0065,Agnikumarika,/p/agnikumarika.html,Used in piles and anorectal disorders; balances agni and clears toxins.,Kapha,Pitta,False,Katu|Tikta,Laghu|Tikshna,Ushna,Katu,Pachana|Rechana,OBSERVED:AMIDHA_CC_BY_4_0
A0066,Yava,/p/yava.html,"Barley grain improves digestion, is diuretic and ideal in obesity.",Kapha|Pitta,Vata,False,Kashaya|Madhura,Laghu|Ruksha,Sheeta,Katu,Lekhana|Mutrala,OBSERVED:AMIDHA_CC_BY_4_0
A0067,Masha,/p/masha.html,"Black gram nourishes muscles, increases strength and semen.",Vata,Kapha|Pitta,False,Madhura,Guru|Snigdha,Ushna,Madhura,Balya|Brimhaniya,OBSERVED:AMIDHA_CC_BY_4_0
A0068,Chana,/p/chana.html,Bengal gram is nourishing and helps in muscle building.,Vata,Pitta|Kapha,False,Kashaya,Guru|Ruksha,Sheeta,Katu,Brimhana|Vrishya,OBSERVED:AMIDHA_CC_BY_4_0
A0069,Matulunga,/p/matulunga.html,"Citrus lemon balances vata, aids digestion and appetite.",Vata,Pitta,False,Amla,Laghu,Ushna,Madhura,Agnideepana|Vatanulomana,OBSERVED:AMIDHA_CC_BY_4_0
A0070,Dadima,/p/dadima.html,Pomegranate enhances appetite and relieves burning sensation.,Pitta,Kapha,False,Madhura|Kashaya,Laghu,Sheeta,Madhura,Raktaprasadana|Agnivardhaka,OBSERVED:AMIDHA_CC_BY_4_0
A0071,Tinduka,/p/tinduka.html,"Used in dysentery, ulcers, and excessive menstruation.",Pitta,Kapha|Vata,False,Kashaya,Laghu|Ruksha,Sheeta,Katu,Grahi|Raktastambhaka,OBSERVED:AMIDHA_CC_BY_4_0
A0072,Draksha,/p/draksha.html,"Grapes are nourishing and relieve thirst, fatigue, and constipation.",Vata|Pitta,Kapha,False,Madhura|Amla,Guru|Snigdha,Sheeta,Madhura,rasayana|Balya,OBSERVED:AMIDHA_CC_BY_4_0
A0073,Chakramarda,/p/chakramarda.html,"Effective in skin disorders, ringworm, and constipation.",Kapha,Pitta,False,Tikta|Kashaya,Laghu,Ushna,Katu,Kushtaghna|Rechana,OBSERVED:AMIDHA_CC_BY_4_0
A0074,Amalaki rasayana,/p/amalaki-rasayana.html,Formulation of Amla for rejuvenation and anti-aging.,tridosha,,True,Amla,Laghu|Snigdha,Sheeta,Madhura,rasayana|Varnya|Raktashodhak,OBSERVED:AMIDHA_CC_BY_4_0
A0075,Pashanabheda,/p/pashanabheda.html,"Effective in kidney stones, urinary infections, and painful urination.",Pitta|Kapha,Vata,False,Tikta|Kashaya,Laghu|Ruksha,Sheeta,Katu,Ashmaribhedana|Mutrala,OBSERVED:AMIDHA_CC_BY_4_0
A0076,Lodhra,/p/lodhra.html,"Beneficial in gynecological issues, acne, and bleeding disorders.",Pitta|Kapha,Vata,False,Kashaya,Laghu|Ruksha,Sheeta,Katu,Raktaprasadana|Yonishodhana,OBSERVED:AMIDHA_CC_BY_4_0
A0077,Jati,/p/jati.html,"Useful for joint pain, inflammation and respiratory conditions.",Kapha|Vata,Pitta,False,Katu|Tikta,Laghu|Tikshna,Ushna,Katu,Vedanasthapana|Kasahara,OBSERVED:AMIDHA_CC_BY_4_0
A0078,Shalparni,/p/shalparni.html,"Part of Dashamoola, balances Vata, relieves fatigue and strengthens body.",Vata,Kapha|Pitta,False,Madhura|Tikta,Guru|Snigdha,Sheeta,Madhura,rasayana|Vatanulomana,OBSERVED:AMIDHA_CC_BY_4_0
A0079,Kantakari,/p/kantakari.html,"Effective in asthma, cough, and respiratory diseases.",Vata|Kapha,Pitta,False,Katu|Tikta,Laghu|Ruksha,Ushna,Katu,Shwasahara|Kasahara,OBSERVED:AMIDHA_CC_BY_4_0
A0080,Gambhari,/p/gambhari.html,"Used in Dashamoola; helps with inflammation, pain, and Vata disorders.",Vata,Kapha,False,Tikta|Kashaya,Laghu|Snigdha,Sheeta,Katu,Shothahara|Balya,OBSERVED:AMIDHA_CC_BY_4_0
A0081,Gojihva,/p/gojihva.html,"Cools the body, improves immunity and reduces burning sensation.",Pitta,Kapha,False,Tikta,Laghu,Sheeta,Madhura,Trishnahara|Raktaprasadana,OBSERVED:AMIDHA_CC_BY_4_0
A0082,Satavari Ghrita,/p/satavari-ghrita.html,"Ghee formulation used in female fertility, burning sensation and fatigue.",Vata|Pitta,Kapha,False,Madhura,Guru|Snigdha,Sheeta,Madhura,Stanyajanana|rasayana,OBSERVED:AMIDHA_CC_BY_4_0
A0083,Aparajita,/p/aparajita.html,"Used for skin diseases, swelling, and mental rejuvenation.",Pitta|Kapha,Vata,False,Tikta,Laghu,Sheeta,Katu,Medhya|Kushtaghna,OBSERVED:AMIDHA_CC_BY_4_0
A0084,Meshashringi,/p/meshashringi.html,Known for regulating blood sugar and metabolism.,Kapha|Pitta,Vata,False,Tikta|Katu,Laghu,Sheeta,Katu,Pramehaghna|Medohara,OBSERVED:AMIDHA_CC_BY_4_0
A0085,Ikshu,/p/ikshu.html,"Sugarcane improves energy, acts as diuretic and cooling.",Pitta|Vata,Kapha,False,Madhura,Guru|Snigdha,Sheeta,Madhura,Trishnahara|Mutrala,OBSERVED:AMIDHA_CC_BY_4_0
A0086,Amrita,/p/amrita.html,"Divine herb for immunity, detox and chronic fevers.",tridosha,,True,Tikta|Kashaya,Laghu,Ushna,Madhura,rasayana|Jwaraghna,OBSERVED:AMIDHA_CC_BY_4_0
A0087,Shigru Patra,/p/shigru-patra.html,"Drumstick leaves improve nutrition, blood, and joint health.",Vata|Kapha,Pitta,False,Katu|Tikta,Laghu,Ushna,Katu,Balya|Amapachana,OBSERVED:AMIDHA_CC_BY_4_0
A0088,Haridra,/p/haridra.html,Turmeric is powerful anti-inflammatory and detoxifying herb.,Kapha|Pitta,Vata,False,Tikta|Katu,Laghu|Ruksha,Ushna,Katu,Kushtaghna|Raktashodhak,OBSERVED:AMIDHA_CC_BY_4_0
A0089,Mandukparni,/p/mandukparni.html,"Supports memory, intellect and improves mental function.",Vata|Pitta,Kapha,False,Tikta,Laghu,Sheeta,Madhura,Medhya|rasayana,OBSERVED:AMIDHA_CC_BY_4_0
A0090,Vatsanabha,/p/vatsanabha.html,"Processed aconite, used in fevers, pain and digestion.",Vata,Pitta|Kapha,False,Tikta|Katu,Tikshna|Laghu,Ushna,Katu,Vedanasthapana|Jwaraghna,OBSERVED:AMIDHA_CC_BY_4_0
A0091,Ushira,/p/ushira.html,"Vetiver root is cooling, soothing and diuretic.",Pitta|Vata,Kapha,False,Tikta|Madhura,Laghu|Snigdha,Sheeta,Madhura,Trishnahara|Dahashamana,OBSERVED:AMIDHA_CC_BY_4_0
A0092,Kiratatikta,/p/kiratatikta.html,"Bitter tonic used for fever, appetite, and digestion.",Pitta|Kapha,Vata,False,Tikta,Laghu|Ruksha,Sheeta,Katu,Jwaraghna|Agnideepana,OBSERVED:AMIDHA_CC_BY_4_0
A0093,Shilajit,/p/shilajit.html,Famous rejuvenator and energy booster for all ages.,Kapha|Vata,Pitta,False,Katu|Tikta,Laghu,Ushna,Katu,rasayana|Balya,OBSERVED:AMIDHA_CC_BY_4_0
A0094,Kachnar,/p/kachnar.html,Reduces glandular swelling and improves thyroid function.,Kapha|Pitta,Vata,False,Kashaya,Laghu|Ruksha,Sheeta,Katu,Galaganda|Shothahara,OBSERVED:AMIDHA_CC_BY_4_0
A0095,Kusha,/p/kusha.html,Sacred grass used for purification and urinary issues.,Pitta,Kapha|Vata,False,Tikta,Laghu,Sheeta,Katu,Mutrala|tridoshahara,OBSERVED:AMIDHA_CC_BY_4_0
A0096,Bimbi,/p/bimbi.html,"Used in diabetes, obesity, and blood sugar regulation.",Kapha|Pitta,Vata,False,Tikta|Katu,Laghu|Ruksha,Ushna,Katu,Pramehaghna|Medohara,OBSERVED:AMIDHA_CC_BY_4_0
A0097,Kumud,/p/kumud.html,"Lotus flower, calming for heart and mind.",Pitta|Vata,Kapha,False,Madhura|Tikta,Laghu,Sheeta,Madhura,Hridya|Raktaprasadana,OBSERVED:AMIDHA_CC_BY_4_0
A0098,Bala Mool,/p/bala-mool.html,Root used for strengthening nerves and muscles.,Vata,Kapha,False,Madhura,Snigdha|Guru,Sheeta,Madhura,Balya|Brimhaniya,OBSERVED:AMIDHA_CC_BY_4_0
A0099,Ananta Mool,/p/ananta-mool.html,"Blood purifier, detoxifier and cooling herb.",Pitta|Vata,Kapha,False,Tikta|Madhura,Laghu,Sheeta,Madhura,Raktaprasadana|rasayana,OBSERVED:AMIDHA_CC_BY_4_0
A0100,Talisa,/p/talisa.html,Bronchodilator and decongestant for respiratory health.,Kapha|Vata,Pitta,False,Tikta,Laghu|Tikshna,Ushna,Katu,Shwasahara|Kasahara,OBSERVED:AMIDHA_CC_BY_4_0
A0101,Nirgundi,/p/nirgundi.html,"Reduces pain, swelling, and Vata-related disorders.",Vata|Kapha,Pitta,False,Tikta|Katu,Laghu|Ruksha,Ushna,Katu,Shothahara|Vedanasthapana,OBSERVED:AMIDHA_CC_BY_4_0
A0102,Shuddha Guggulu,/p/shuddha-guggulu.html,Potent anti-inflammatory used in arthritis and obesity.,Kapha|Vata,Pitta,False,Tikta|Katu,Laghu|Tikshna,Ushna,Katu,Medohara|Shothahara,OBSERVED:AMIDHA_CC_BY_4_0
A0103,Gokarna,/p/gokarna.html,"Clitoria ternatea, known for enhancing memory and calmness.",Vata|Pitta,Kapha,False,Tikta,Laghu,Sheeta,Madhura,Medhya|Nootropic,OBSERVED:AMIDHA_CC_BY_4_0
A0104,Tagetes,/p/tagetes.html,"Marigold used in skin, fever, and pitta disorders.",Pitta,Vata,False,Tikta|Kashaya,Laghu,Sheeta,Katu,Raktashodhana|Kushtaghna,OBSERVED:AMIDHA_CC_BY_4_0
A0105,Kachura,/p/kachura.html,Aromatic rhizome for respiratory and digestive issues.,Kapha|Vata,Pitta,False,Tikta|Katu,Laghu,Ushna,Katu,Shwasahara|Vatahara,OBSERVED:AMIDHA_CC_BY_4_0
A0106,Shati,/p/shati.html,Enhances respiratory strength and prevents infections.,Kapha|Vata,Pitta,False,Katu|Tikta,Laghu,Ushna,Katu,Shwasahara|Amapachana,OBSERVED:AMIDHA_CC_BY_4_0
A0107,Bhanga,/p/bhanga.html,"Cannabis leaf used in pain, digestion, and sleep disorders.",Vata,Pitta|Kapha,False,Tikta,Laghu,Ushna,Katu,Vedanasthapana|Madakari,OBSERVED:AMIDHA_CC_BY_4_0
A0108,Mochras,/p/mochras.html,Cooling resin used in bleeding and Pitta disorders.,Pitta,Kapha,False,Kashaya,Guru,Sheeta,Katu,Stambhana|Raktaprasadana,OBSERVED:AMIDHA_CC_BY_4_0
A0109,Jivanti,/p/jivanti.html,Nourishing herb for lactation and immunity.,Vata|Pitta,Kapha,False,Madhura,Snigdha,Sheeta,Madhura,rasayana|Stanyajanana,OBSERVED:AMIDHA_CC_BY_4_0
A0110,Swarnamakshika,/p/swarnamakshika.html,"Mineral used in anemia, skin and liver disorders.",Pitta|Kapha,Vata,False,Tikta|Kashaya,Laghu,Ushna,Katu,Pittahara|Raktavardhaka,OBSERVED:AMIDHA_CC_BY_4_0
A0111,Tamra Bhasma,/p/tamra-bhasma.html,"Copper ash for liver, spleen and obesity management.",Kapha,Pitta|Vata,False,Katu,Tikshna,Ushna,Katu,Yakritottejaka|Medohara,OBSERVED:AMIDHA_CC_BY_4_0
A0112,Makoy,/p/makoy.html,Solanum nigrum for liver and spleen disorders.,Pitta,Vata|Kapha,False,Tikta,Laghu,Sheeta,Katu,Yakritottejaka|Vrishya,OBSERVED:AMIDHA_CC_BY_4_0
A0113,Kampillaka,/p/kampillaka.html,Used for skin problems and worm infestations.,Kapha|Pitta,Vata,False,Tikta|Kashaya,Laghu,Ushna,Katu,Krimighna|Kushtaghna,OBSERVED:AMIDHA_CC_BY_4_0
A0114,Bilwa Patra,/p/bilwa-patra.html,Bael leaves for digestion and Vata disorders.,Vata|Kapha,Pitta,False,Kashaya|Tikta,Laghu,Ushna,Katu,Agnideepana|Shoolahara,OBSERVED:AMIDHA_CC_BY_4_0
A0115,Amlavetasa,/p/amlavetasa.html,"Used in dyspepsia, obesity and to stimulate digestion.",Kapha,Pitta,False,Amla|Katu,Laghu|Ruksha,Ushna,Katu,Agnideepana|Lekhana,OBSERVED:AMIDHA_CC_BY_4_0
A0116,Ardraka,/p/ardraka.html,"Fresh ginger root used for digestion, nausea and cold.",Vata|Kapha,Pitta,False,Katu,Laghu|Snigdha,Ushna,Madhura,Amapachana|Deepana,OBSERVED:AMIDHA_CC_BY_4_0
A0117,Lasuna,/p/lasuna.html,"Garlic used for cardiac care, digestion, and immunity.",Vata|Kapha,Pitta,False,Katu,Laghu|Tikshna,Ushna,Katu,Hridya|Shothahara,OBSERVED:AMIDHA_CC_BY_4_0
A0118,Parijata,/p/parijata.html,"Night jasmine, good for cough, fever and arthritis.",Vata|Pitta,Kapha,False,Tikta,Laghu,Ushna,Katu,Jwarahara|Vatahara,OBSERVED:AMIDHA_CC_BY_4_0
A0119,Rajika,/p/rajika.html,Mustard seeds help in digestion and pain relief.,Kapha,Pitta|Vata,False,Katu,Laghu|Tikshna,Ushna,Katu,Shothahara|Shoolahara,OBSERVED:AMIDHA_CC_BY_4_0
A0120,Rakta Chandana,/p/rakta-chandana.html,"Red sandalwood for skin, bleeding disorders and cooling.",Pitta,Kapha,False,Tikta|Kashaya,Guru|Snigdha,Sheeta,Katu,Raktaprasadana|Dahashamana,OBSERVED:AMIDHA_CC_BY_4_0
A0121,Rasona Patra,/p/rasona-patra.html,Garlic leaves used in cough and indigestion.,Kapha|Vata,Pitta,False,Katu,Tikshna|Laghu,Ushna,Katu,Amapachana|Kaphahara,OBSERVED:AMIDHA_CC_BY_4_0
A0122,Simhamoola,/p/simhamoola.html,Used in Vata disorders and swelling.,Vata,Pitta,False,Tikta|Katu,Laghu|Ruksha,Ushna,Katu,Vatanashaka|Shothahara,OBSERVED:AMIDHA_CC_BY_4_0
A0123,Surana,/p/surana.html,"Elephant foot yam used for piles, swelling and digestion.",Vata|Kapha,Pitta,False,Katu|Tikta,Guru|Snigdha,Ushna,Katu,Arshoghna|Agnideepana,OBSERVED:AMIDHA_CC_BY_4_0
A0124,Vasa,/p/vasa.html,"Adhatoda vasica for cough, bleeding and Pitta conditions.",Pitta,Vata,False,Tikta|Kashaya,Laghu,Sheeta,Katu,Kaphahara|Raktaprasadana,OBSERVED:AMIDHA_CC_BY_4_0
A0125,Zingiber,/p/zingiber.html,Dry ginger promotes digestion and balances Vata-Kapha.,Vata|Kapha,Pitta,False,Katu,Laghu|Tikshna,Ushna,Madhura,Amapachana|Deepana,OBSERVED:AMIDHA_CC_BY_4_0
A0126,Lajjalu,/p/lajjalu.html,Touch-me-not plant for bleeding piles and wounds.,Pitta,Vata|Kapha,False,Tikta,Laghu,Sheeta,Katu,Stambhana|Vranaropana,OBSERVED:AMIDHA_CC_BY_4_0
A0127,Manjistha,/p/manjistha.html,Powerful blood purifier for skin and liver.,Pitta|Kapha,Vata,False,Tikta|Kashaya,Laghu,Sheeta,Madhura,Raktashodhana|Kushtaghna,OBSERVED:AMIDHA_CC_BY_4_0
A0128,Agnikarna,/p/agnikarna.html,Traditionally used in Ayurvedic minor surgical procedures and pain relief.,Vata,Pitta,False,Tikta,Laghu|Tikshna,Ushna,Katu,Vedanasthapana|Shothahara,OBSERVED:AMIDHA_CC_BY_4_0
A0129,Atibala,/p/atibala.html,"Used in urinary and nervous disorders, strengthens the body.",Vata,Kapha,False,Madhura,Guru|Snigdha,Sheeta,Madhura,Balya|Vatahara,OBSERVED:AMIDHA_CC_BY_4_0
A0130,Gandhaka,/p/gandhaka.html,Purified sulfur for skin diseases and microbial conditions.,Vata|Kapha,Pitta,False,Katu,Tikshna,Ushna,Katu,Kushtaghna|Krimighna,OBSERVED:AMIDHA_CC_BY_4_0
A0131,Karvellaka,/p/karvellaka.html,Bitter gourd used in diabetes and liver disorders.,Kapha|Pitta,Vata,False,Tikta|Katu,Laghu|Ruksha,Ushna,Katu,Madhunashini|Yakritottejaka,OBSERVED:AMIDHA_CC_BY_4_0
A0132,Katuki,/p/katuki.html,"Used in liver cleansing, detox, and skin conditions.",Pitta|Kapha,Vata,False,Tikta,Laghu,Sheeta,Katu,Pittaghna|Yakritottejaka,OBSERVED:AMIDHA_CC_BY_4_0
A0133,Madhuka,/p/madhuka.html,"Licorice used for cough, acidity, and skin glow.",Vata|Pitta,Kapha,False,Madhura,Guru|Snigdha,Sheeta,Madhura,Kantya|Vishaghna,OBSERVED:AMIDHA_CC_BY_4_0
A0134,Haritaki,/p/haritaki.html,"A key component of Triphala, Haritaki is a powerful rejuvenator and detoxifier, especially for Vata dosha. It supports digestion and colon health.",tridosha,,True,Kashaya|Madhura|Amla|Katu|Tikta,Laghu|Ruksha,Ushna,Madhura,rasayan|Virechana|Chakshushya|Deepana,OBSERVED:AMIDHA_CC_BY_4_0
A0135,Bibhitaki,/p/bibhitaki.html,"The second fruit of Triphala, Bibhitaki is excellent for balancing Kapha dosha. It supports the respiratory system and purifies the blood.",Kapha|Pitta,Vata,False,Kashaya,Laghu|Ruksha,Ushna,Madhura,Kasahara|Krimighna|Chakshushya,OBSERVED:AMIDHA_CC_BY_4_0
A0136,Pippali,/p/pippali.html,Long pepper is a powerful stimulant for the digestive and respiratory systems. It is a key ingredient in the Trikatu formula.,Vata|Kapha,Pitta,False,Katu,Laghu|Snigdha|Tikshna,Ushna,Madhura,rasayan|Deepana|Kasahara|Vrishya,OBSERVED:AMIDHA_CC_BY_4_0
A0137,Maricha,/p/maricha.html,"Black pepper enhances digestion, stimulates metabolism, and helps clear congestion. It is a part of the Trikatu formula.",Vata|Kapha,Pitta,False,Katu,Laghu|Tikshna,Ushna,Katu,Deepana|Krimighna|Shwasahara,OBSERVED:AMIDHA_CC_BY_4_0
A0138,Shunthi,/p/shunthi.html,"Dry ginger is known as the 'universal medicine'. It aids digestion, reduces inflammation, and pacifies Vata and Kapha.",Vata|Kapha,Pitta,False,Katu,Laghu|Snigdha,Ushna,Madhura,Deepana|Pachana|rasayan|Hridaya,OBSERVED:AMIDHA_CC_BY_4_0
A0139,Brahmi,/p/brahmi.html,"Brahmi (Bacopa monnieri) is a premier herb for the brain and nervous system, enhancing memory, concentration, and calming the mind.",Vata|Pitta,Kapha,False,Tikta|Kashaya,Laghu,Sheeta,Madhura,Medhya|rasayan|Jwaraghna,OBSERVED:AMIDHA_CC_BY_4_0
A0140,Musta,/p/musta.html,"Nut grass is one of the best herbs for digestive issues, particularly for absorbing fluids and regulating menstruation.",Pitta|Kapha,Vata,False,Tikta|Katu|Kashaya,Laghu|Ruksha,Sheeta,Katu,Deepana|Pachana|Grahi|Jwaraghna,OBSERVED:AMIDHA_CC_BY_4_0
A0141,Vidanga,/p/vidanga.html,False black pepper is the primary Ayurvedic herb for eliminating intestinal worms and parasites.,Vata|Kapha,Pitta,False,Katu|Kashaya,Laghu|Ruksha|Tikshna,Ushna,Katu,Krimighna|Lekhana|Deepana,OBSERVED:AMIDHA_CC_BY_4_0
A0142,Arjuna,/p/arjuna.html,"Arjuna is the foremost cardiotonic in Ayurveda, strengthening the heart muscle and supporting overall cardiovascular health.",Pitta|Kapha,Vata,False,Kashaya,Laghu|Ruksha,Sheeta,Katu,Hridaya|Raktashodhak|Sandhanakaraka,OBSERVED:AMIDHA_CC_BY_4_0
A0143,Punarnava,/p/punarnava.html,"Known for its diuretic and rejuvenating properties, Punarnava supports kidney and liver function and reduces swelling.",Pitta|Kapha,Vata,False,Madhura|Tikta|Kashaya,Laghu|Ruksha,Ushna,Madhura,Mutrala|Shothahara|rasayan,OBSERVED:AMIDHA_CC_BY_4_0
A0144,Vacha,/p/vacha.html,"Sweet flag is a powerful herb for the mind, improving speech, intelligence, and clearing toxins from the nervous system.",Vata|Kapha,Pitta,False,Katu|Tikta,Laghu|Tikshna,Ushna,Katu,Medhya|Sanjnasthapana|Krimighna,OBSERVED:AMIDHA_CC_BY_4_0
A0145,Hingu,/p/hingu.html,"Asafoetida is a potent digestive stimulant that alleviates gas, bloating, and abdominal pain. Excellent for Vata dosha.",Vata|Kapha,Pitta,False,Katu,Laghu|Snigdha|Tikshna,Ushna,Katu,Deepana|Pachana|Shoolaghna|Vatanulomana,OBSERVED:AMIDHA_CC_BY_4_0
A0146,Jeeraka,/p/jeeraka.html,"Cumin seeds are a superb digestive aid, improving absorption and relieving gas and cramps.",Vata|Kapha,Pitta,False,Katu,Laghu|Ruksha,Ushna,Katu,Deepana|Pachana|Grahi,OBSERVED:AMIDHA_CC_BY_4_0
A0147,Dhanyaka,/p/dhanyaka.html,"Coriander is a cooling digestive herb that soothes an irritated gut, relieves thirst, and pacifies Pitta dosha.",tridosha,,True,Kashaya|Tikta,Laghu|Snigdha,Ushna,Madhura,Deepana|Pachana|Mutrala|Jwaraghna,OBSERVED:AMIDHA_CC_BY_4_0
A0148,Methi,/p/methi.html,"Fenugreek seeds are used to balance blood sugar, improve digestion, and support lactation.",Vata|Kapha,Pitta,False,Tikta|Katu,Laghu|Snigdha,Ushna,Katu,Deepana|Vatanulomana|Balya,OBSERVED:AMIDHA_CC_BY_4_0
A0149,Shallaki,/p/shallaki.html,Boswellia serrata is a powerful anti-inflammatory herb used to support joint health and relieve arthritic pain.,Pitta|Kapha,Vata,False,Kashaya|Tikta,Laghu|Ruksha,Sheeta,Katu,Shothahara|Grahi|Vedanasthapana,OBSERVED:AMIDHA_CC_BY_4_0
A0150,Jyotishmati,/p/jyotishmati.html,"Known as the 'intellect tree', its oil is used to sharpen memory and improve cognitive function.",Vata|Kapha,Pitta,False,Katu|Tikta,Tikshna|Sara,Ushna,Katu,Medhya|Virechana|Deepana,OBSERVED:AMIDHA_CC_BY_4_0
A0151,Japa,/p/japa.html,"Hibiscus flower is used to purify blood, support hair health, and cool the body, making it excellent for Pitta.",Pitta|Kapha,Vata,False,Kashaya|Madhura,Laghu|Ruksha,Sheeta,Katu,Keshya|Raktashodhak|Hridaya,OBSERVED:AMIDHA_CC_BY_4_0
A0152,Kamala,/p/kamala.html,The sacred Lotus has cooling properties and is used in bleeding disorders and to calm the mind and heart.,Pitta|Kapha,Vata,False,Madhura|Kashaya,Laghu|Snigdha,Sheeta,Madhura,Hridaya|Varnya|Grahi,OBSERVED:AMIDHA_CC_BY_4_0
A0153,Ketaki,/p/ketaki.html,Kewra flower is used in Ayurveda for its aromatic properties and to support brain and nerve health.,Pitta|Kapha,Vata,False,Tikta|Madhura,Laghu,Ushna,Katu,Medhya|Chakshushya,OBSERVED:AMIDHA_CC_BY_4_0
A0154,Atasi,/p/atasi.html,"Flax seeds are a rich source of healthy fats, used to balance Vata, lubricate the intestines, and support skin health.",Vata,Pitta|Kapha,False,Madhura,Guru|Snigdha,Ushna,Katu,Balya|Vatahara|Varnya,OBSERVED:AMIDHA_CC_BY_4_0
A0155,Tila,/p/tila.html,"Sesame seeds and their oil are profoundly nourishing, especially for Vata dosha, supporting bone, skin, and hair health.",Vata,Pitta|Kapha,False,Madhura|Kashaya,Guru|Snigdha,Ushna,Madhura,Balya|Keshya|Vrishya,OBSERVED:AMIDHA_CC_BY_4_0
A0156,Brihati,/p/brihati.html,"A member of the Dashamoola, Brihati is used to support respiratory health and is effective in treating cough and cold.",Vata|Kapha,Pitta,False,Katu|Tikta,Laghu|Ruksha,Ushna,Katu,Kasahara|Shothahara|Deepana,OBSERVED:AMIDHA_CC_BY_4_0
A0157,Gokshura,/p/gokshura.html,"Tribulus terrestris is a renowned tonic for the urinary system, supporting kidney and bladder health, and acts as an aphrodisiac.",Vata|Pitta,Kapha,False,Madhura,Guru|Snigdha,Sheeta,Madhura,Mutrala|Vrishya|rasayan|Shothahara,OBSERVED:AMIDHA_CC_BY_4_0
A0158,Hamsapadi,/p/hamsapadi.html,A lesser-known but potent herb used for blood purification and as a tonic for the nervous system.,Pitta|Kapha,Vata,False,Tikta|Kashaya,Laghu|Ruksha,Sheeta,Katu,Raktashodhak|Medhya,OBSERVED:AMIDHA_CC_BY_4_0
A0159,Lavanga,/p/lavanga.html,"Clove is a powerful aromatic herb that acts as a pain reliever, especially for toothaches, and stimulates digestion.",Vata|Kapha,Pitta,False,Katu|Tikta,Laghu|Tikshna,Sheeta,Katu,Deepana|Shoolaghna|Kasahara,OBSERVED:AMIDHA_CC_BY_4_0
A0160,Nagakesara,/p/nagakesara.html,Used primarily in bleeding disorders due to its astringent and hemostatic properties. It is also good for the skin.,Pitta|Kapha,Vata,False,Kashaya,Laghu|Ruksha,Ushna,Katu,Raktastambhana|Deepana,OBSERVED:AMIDHA_CC_BY_4_0
A0161,Sarpagandha,/p/sarpagandha.html,"Indian snakeroot is a powerful herb for managing high blood pressure and calming anxiety, but should be used with caution.",Vata|Kapha,Pitta,False,Tikta,Ruksha,Ushna,Katu,Nidrajanana|Raktachapashamaka,OBSERVED:AMIDHA_CC_BY_4_0
A0162,Tejapatra,/p/tejapatra.html,"Indian bay leaf is an aromatic stimulant for digestion and metabolism, helping to balance Kapha dosha.",Vata|Kapha,Pitta,False,Katu|Madhura,Laghu|Tikshna,Ushna,Katu,Deepana|Mutrala,OBSERVED:AMIDHA_CC_BY_4_0
A0163,Varuna,/p/varuna.html,"Varuna is a specific herb for urinary health, known for its ability to break down kidney stones and support prostate health.",Vata|Kapha,Pitta,False,Tikta|Kashaya,Laghu|Ruksha,Ushna,Katu,Mutrala|Ashmaribhedana|Deepana,OBSERVED:AMIDHA_CC_BY_4_0
A0164,Aragwadha,/p/aragwadha.html,"Known as Cassia fistula, Aragwadha is a potent but gentle laxative, excellent for clearing Pitta and ama from the digestive tract.",Pitta|Kapha,Vata,False,Madhura|Tikta,Guru|Snigdha,Sheeta,Madhura,Virechana|Kushtaghna|Jwaraghna,OBSERVED:AMIDHA_CC_BY_4_0
A0165,Apamarga,/p/apamarga.html,"Prickly Chaff Flower is used for its cleansing properties, especially in panchakarma. It aids in digestion and detoxification.",Kapha|Vata,Pitta,False,Katu|Tikta,Laghu|Tikshna,Ushna,Katu,Lekhana|Krimighna|Deepana,OBSERVED:AMIDHA_CC_BY_4_0
A0166,Punarnava,/p/punarnava.html,A famous diuretic and rejuvenative herb for the kidneys and liver. It helps in reducing swelling and edema.,Pitta|Kapha,Vata,False,Madhura|Tikta|Kashaya,Laghu|Ruksha,Ushna,Madhura,Mutrala|Shothahara|rasayan,OBSERVED:AMIDHA_CC_BY_4_0
A0167,Kalmegh,/p/kalmegh.html,"The 'King of Bitters' (Andrographis paniculata) is a powerful immune stimulant and liver protector, widely used for fevers and colds.",Pitta|Kapha,Vata,False,Tikta,Laghu|Ruksha,Sheeta,Katu,Jwaraghna|Raktashodhak|Yakrituttejaka,OBSERVED:AMIDHA_CC_BY_4_0
A0168,Vidari,/p/vidari.html,"Pueraria tuberosa is a nourishing rejuvenative tonic that promotes strength, vitality, and supports lactation.",Vata|Pitta,Kapha,False,Madhura,Guru|Snigdha,Sheeta,Madhura,Balya|Vrishya|rasayan|Stanyajanana,OBSERVED:AMIDHA_CC_BY_4_0
A0169,Trivrit,/p/trivrit.html,Operculina turpethum is a strong purgative herb used in Ayurveda for detoxification and relieving constipation.,Pitta|Kapha,Vata,False,Katu|Tikta,Laghu|Ruksha|Tikshna,Ushna,Katu,Virechana|Jwaraghna,OBSERVED:AMIDHA_CC_BY_4_0
A0170,Durva,/p/durva.html,"Bermuda grass is a revered cooling herb that purifies the blood and stops bleeding, excellent for Pitta conditions.",Pitta|Kapha,Vata,False,Madhura|Kashaya,Laghu,Sheeta,Madhura,Raktastambhana|Varnya|Dahashamana,OBSERVED:AMIDHA_CC_BY_4_0
A0171,Jatiphala,/p/jatiphala.html,"Nutmeg is an aromatic stimulant used for improving digestion, inducing sleep, and relieving pain.",Vata|Kapha,Pitta,False,Katu|Tikta,Laghu|Tikshna,Ushna,Katu,Deepana|Grahi|Nidrajanana,OBSERVED:AMIDHA_CC_BY_4_0
A0172,Kulattha,/p/kulattha.html,"Horse gram is used for treating kidney stones, cough, and asthma. It has a heating and Kapha-reducing effect.",Vata|Kapha,Pitta,False,Kashaya,Laghu|Ruksha,Ushna,Amla,Ashmaribhedana|Lekhana|Kasahara,OBSERVED:AMIDHA_CC_BY_4_0
A0173,Amra,/p/amra.html,"Mango (ripe) is nourishing and strength-promoting, while the unripe fruit and seed are astringent and used for diarrhea.",Vata|Pitta,Kapha,False,Madhura|Kashaya,Guru|Snigdha,Sheeta,Madhura,Balya|Vrishya|Grahi,OBSERVED:AMIDHA_CC_BY_4_0
A0174,Jambu,/p/jambu.html,Jamun or Black Plum is used in managing diabetes and diarrhea due to its astringent and blood sugar-regulating properties.,Pitta|Kapha,Vata,False,Kashaya|Madhura,Laghu|Ruksha,Sheeta,Katu,Grahi|Pramehaghna,OBSERVED:AMIDHA_CC_BY_4_0
A0175,Snuhi,/p/snuhi.html,Euphorbia neriifolia is a very potent purgative herb used under expert guidance for severe constipation and skin diseases.,Kapha|Vata,Pitta,False,Katu,Laghu|Tikshna,Ushna,Katu,Virechana|Kushtaghna,OBSERVED:AMIDHA_CC_BY_4_0
A0176,Kasani,/p/kasani.html,"Chicory is a well-known liver tonic that supports detoxification, digestion, and urinary health.",Pitta|Kapha,Vata,False,Tikta,Laghu|Ruksha,Ushna,Katu,Yakrituttejaka|Mutrala,OBSERVED:AMIDHA_CC_BY_4_0
A0177,Sharapunkha,/p/sharapunkha.html,Tephrosia purpurea is a renowned herb for liver and spleen disorders and also acts as a blood purifier.,Pitta|Kapha,Vata,False,Tikta|Kashaya,Laghu|Ruksha,Ushna,Katu,Yakrituttejaka|Raktashodhak,OBSERVED:AMIDHA_CC_BY_4_0
A0178,Prishniparni,/p/prishniparni.html,"A member of the Dashamoola group, Uraria picta is a tonic that balances all three doshas and supports fracture healing.",tridosha,,True,Madhura|Tikta,Guru,Ushna,Madhura,Balya|Vrishya|Sandhanakaraka,OBSERVED:AMIDHA_CC_BY_4_0
A0179,Jayapala,/p/jayapala.html,Croton tiglium is the most potent purgative in Ayurveda and must be used only after purification and in minute doses.,Kapha|Vata,Pitta,False,Katu,Guru|Tikshna,Ushna,Katu,Virechana,OBSERVED:AMIDHA_CC_BY_4_0
A0180,Gunja,/p/gunja.html,Abrus precatorius seeds are toxic but used after purification for skin diseases and as a nervine tonic.,Vata|Kapha,Pitta,False,Tikta|Kashaya,Laghu|Ruksha,Ushna,Katu,Keshya|Kushtaghna,OBSERVED:AMIDHA_CC_BY_4_0
A0181,Karavira,/p/karavira.html,Oleander is a toxic plant used externally after processing for skin diseases and wound healing.,Kapha|Vata,Pitta,False,Katu|Tikta,Laghu|Tikshna,Ushna,Katu,Kushtaghna|Vranashodhak,OBSERVED:AMIDHA_CC_BY_4_0
A0182,Kadamba,/p/kadamba.html,"Neolamarckia cadamba is a cooling herb used to pacify Pitta, manage fever, and treat ulcers.",Pitta|Kapha,Vata,False,Tikta|Kashaya,Ruksha,Sheeta,Katu,Jwaraghna|Vranaropana,OBSERVED:AMIDHA_CC_BY_4_0
A0183,Badara,/p/badara.html,"Jujube fruit (Ber) is nourishing and acts as a mild laxative, while its leaves are used for wound healing.",Vata|Pitta,Kapha,False,Madhura|Amla,Guru|Snigdha,Sheeta,Madhura,Balya|Grahi,OBSERVED:AMIDHA_CC_BY_4_0
A0184,Kapittha,/p/kapittha.html,Wood Apple is used to treat chronic diarrhea and dysentery; the unripe fruit is a powerful astringent.,Vata|Kapha,Pitta,False,Kashaya|Amla,Laghu|Ruksha,Sheeta,Katu,Grahi|Deepana,OBSERVED:AMIDHA_CC_BY_4_0
A0185,Kharjura,/p/kharjura.html,"Dates are highly nourishing, strength-promoting, and act as a natural aphrodisiac and tonic.",Vata|Pitta,Kapha,False,Madhura,Guru|Snigdha,Sheeta,Madhura,Balya|Vrishya|Brimhaniya,OBSERVED:AMIDHA_CC_BY_4_0
A0186,Langali,/p/langali.html,"Gloriosa superba is a potent herb used for inducing labor and in treating skin diseases, but is toxic if not used correctly.",Kapha|Vata,Pitta,False,Katu|Tikta,Laghu|Tikshna,Ushna,Katu,Kushtaghna|Garbhashaya Sankochaka,OBSERVED:AMIDHA_CC_BY_4_0
A0187,Javitri,/p/javitri.html,"Mace is the outer covering of nutmeg, used as an aromatic stimulant to improve appetite and digestion.",Vata|Kapha,Pitta,False,Katu|Tikta,Laghu,Ushna,Katu,Deepana|Varnya,OBSERVED:AMIDHA_CC_BY_4_0
A0188,Kankola,/p/kankola.html,"Cubeb pepper is a diuretic and antiseptic, useful in urinary tract infections and respiratory congestion.",Kapha|Vata,Pitta,False,Katu|Tikta,Laghu|Tikshna,Ushna,Katu,Mutrala|Deepana|Hridaya,OBSERVED:AMIDHA_CC_BY_4_0
A0189,Mudga,/p/mudga.html,"Green Gram (Mung Bean) is considered the best among pulses. It is light, easy to digest, and balancing for all doshas.",Pitta|Kapha,Vata,False,Madhura|Kashaya,Laghu|Ruksha,Sheeta,Madhura,Grahi|Chakshushya,OBSERVED:AMIDHA_CC_BY_4_0
A0190,Masura,/p/masura.html,"Lentil is astringent and light, useful in managing diarrhea and bleeding disorders.",Pitta|Kapha,Vata,False,Madhura|Kashaya,Laghu|Ruksha,Sheeta,Madhura,Grahi|Balya,OBSERVED:AMIDHA_CC_BY_4_0
A0191,Ishwari,/p/ishwari.html,"Aristolochia indica is a potent anti-venom and anti-inflammatory herb, used for snake bites and fevers.",Kapha|Vata,Pitta,False,Tikta|Katu,Laghu|Tikshna,Ushna,Katu,Vishaghna|Jwaraghna,OBSERVED:AMIDHA_CC_BY_4_0
A0192,Bruhati,/p/bruhati.html,"Solanum indicum, part of Dashamoola, is effective in respiratory conditions and as a cardiotonic.",Vata|Kapha,Pitta,False,Katu|Tikta,Laghu|Ruksha,Ushna,Katu,Hridaya|Shwasahara|Shothahara,OBSERVED:AMIDHA_CC_BY_4_0
A0193,Priyangu,/p/priyangu.html,"Callicarpa macrophylla is a cooling herb used for skin diseases, bleeding disorders, and headache.",Pitta|Kapha,Vata,False,Tikta|Kashaya,Laghu|Ruksha,Sheeta,Katu,Dahashamana|Varnya,OBSERVED:AMIDHA_CC_BY_4_0
A0194,Souvarchala Lavana,/p/souvarchala-lavana.html,"Black salt, known as Kala Namak, aids digestion, relieves gas, and stimulates appetite.",Vata,Pitta,False,Lavana,Laghu|Tikshna,Ushna,Katu,Deepana|Pachana|Hridaya,OBSERVED:AMIDHA_CC_BY_4_0
A0195,Saindhava Lavana,/p/saindhava-lavana.html,Rock salt is considered the best among all salts. It is cooling and aids digestion without aggravating Pitta.,tridosha,,True,Lavana,Laghu|Snigdha,Sheeta,Madhura,Chakshushya|Hridaya|Vrishya,OBSERVED:AMIDHA_CC_BY_4_0
A0196,Dhattura,/p/dhattura.html,"A toxic plant (Jimsonweed) used in purified form for asthma, pain, and skin diseases.",Kapha|Vata,Pitta,False,Tikta|Katu,Laghu|Ruksha,Ushna,Katu,Kasahara|Shwasahara|Vedanasthapana,OBSERVED:AMIDHA_CC_BY_4_0
A0197,Ativisha,/p/ativisha.html,"Aconitum heterophyllum is a key herb for fever, diarrhea, and cough, especially in children.",Pitta|Kapha,Vata,False,Tikta|Katu,Laghu|Ruksha,Ushna,Katu,Deepana|Pachana|Jwaraghna,OBSERVED:AMIDHA_CC_BY_4_0
A0198,Vamsha,/p/vamsha.html,"Bamboo manna (Vanshlochan) is used as a tonic for the respiratory system, especially in cough and cold.",Pitta|Kapha,Vata,False,Madhura|Kashaya,Laghu|Ruksha,Sheeta,Madhura,Balya|Vrishya|Kasahara,OBSERVED:AMIDHA_CC_BY_4_0
A0199,Tila Taila,/p/tila-taila.html,"Sesame oil is the premier oil in Ayurveda for pacifying Vata, strengthening bones, and nourishing the skin.",Vata,Pitta|Kapha,False,Madhura,Guru|Snigdha,Ushna,Madhura,Balya|Vatahara|Keshya,OBSERVED:AMIDHA_CC_BY_4_0
A0200,Eranda Taila,/p/eranda-taila.html,"Castor oil is a strong laxative and is excellent for Vata disorders, joint pain, and detoxification.",Vata|Kapha,Pitta,False,Madhura|Katu,Guru|Snigdha,Ushna,Madhura,Virechana|Vatahara|Shoolaghna,OBSERVED:AMIDHA_CC_BY_4_0
A0201,Madhu,/p/madhu.html,"Honey is used as a vehicle (anupana) for many medicines. It is scraping, healing, and pacifies Kapha.",Kapha,Pitta|Vata,False,Madhura|Kashaya,Laghu|Ruksha,Ushna,Katu,Lekhana|Sandhanakaraka|Chakshushya,OBSERVED:AMIDHA_CC_BY_4_0
A0202,Ghrita,/p/ghrita.html,"Ghee (clarified butter) is a premier rejuvenative, pacifying Vata and Pitta, enhancing memory and digestion.",Vata|Pitta,Kapha,False,Madhura,Snigdha|Guru,Sheeta,Madhura,rasayan|Medhya|Chakshushya,OBSERVED:AMIDHA_CC_BY_4_0
A0203,Palandu,/p/palandu.html,"Onion is a Vata-pacifying vegetable, acting as an aphrodisiac and nervine tonic, but can aggravate Pitta.",Vata,Pitta|Kapha,False,Madhura|Katu,Guru|Snigdha,Ushna,Madhura,Vrishya|Balya,OBSERVED:AMIDHA_CC_BY_4_0
A0204,Trapusha,/p/trapusha.html,"Cucumber is a cooling diuretic, excellent for pacifying Pitta, quenching thirst, and urinary health.",Pitta,Vata|Kapha,False,Madhura,Guru|Snigdha,Sheeta,Madhura,Mutrala|Dahashamana,OBSERVED:AMIDHA_CC_BY_4_0
A0205,Hrivera,/p/hrivera.html,"Also known as Valaka, this herb is used for fever, burning sensation, and digestive issues like diarrhea.",Pitta,Vata|Kapha,False,Tikta,Laghu|Ruksha,Sheeta,Katu,Jwaraghna|Grahi|Deepana,OBSERVED:AMIDHA_CC_BY_4_0
A0206,Plaksha,/p/plaksha.html,"A species of Fig tree, its bark is used for bleeding disorders, ulcers, and to pacify Pitta and Kapha.",Pitta|Kapha,Vata,False,Kashaya,Guru|Ruksha,Sheeta,Katu,Raktastambhana|Vranaropana,OBSERVED:AMIDHA_CC_BY_4_0
A0207,Udumbara,/p/udumbara.html,"Gular Fig is a cooling, astringent herb used in the treatment of bleeding disorders and diabetes.",Pitta|Kapha,Vata,False,Kashaya,Guru|Ruksha,Sheeta,Katu,Raktastambhana|Pramehaghna,OBSERVED:AMIDHA_CC_BY_4_0
A0208,Ashwattha,/p/ashwattha.html,"The sacred Peepal tree's bark is used for its cooling and astringent properties, healing wounds and purifying blood.",Pitta|Kapha,Vata,False,Kashaya,Guru|Ruksha,Sheeta,Katu,Varnya|Vranaropana,OBSERVED:AMIDHA_CC_BY_4_0
A0209,Puga,/p/puga.html,"Areca nut (Betel nut) is a stimulant and astringent, but is used cautiously in Ayurveda.",Kapha,Pitta|Vata,False,Kashaya,Guru|Ruksha,Sheeta,Katu,Deepana,OBSERVED:AMIDHA_CC_BY_4_0
A0210,Soubhagya Shunthi,/p/soubhagya-shunthi.html,A special preparation of dry ginger used postpartum to improve digestion and restore strength.,Vata|Kapha,Pitta,False,Katu,Laghu|Snigdha,Ushna,Madhura,Deepana|Pachana|Garbhashaya Shodhaka,OBSERVED:AMIDHA_CC_BY_4_0
A0211,Kakamachi,/p/kakamachi.html,"Black nightshade is a tridoshic herb used for skin diseases, liver disorders, and as a rejuvenative.",tridosha,,True,Tikta,Laghu|Snigdha,Ushna,Katu,rasayan|Hridaya|Kushtaghna,OBSERVED:AMIDHA_CC_BY_4_0
A0212,Mishreya,/p/mishreya.html,"Fennel seeds (Saunf) are excellent for digestion, relieving gas, and have a cooling effect on the body.",Vata|Pitta,Kapha,False,Madhura,Laghu|Snigdha,Sheeta,Madhura,Deepana|Chakshushya|Balya,OBSERVED:AMIDHA_CC_BY_4_0
A0213,Shankhpushpi,/p/shankhpushpi.html,"A premier brain tonic (Medhya rasayana), Shankhpushpi is renowned for enhancing memory, intellect, and calming the mind.",Vata|Pitta,Kapha,False,Tikta,Snigdha,Sheeta,Madhura,Medhya|Nidrajanana|rasayan,OBSERVED:AMIDHA_CC_BY_4_0
A0214,Kushtha,/p/kushtha.html,"Saussurea lappa is a strong Vata-pacifying herb, used for pain, respiratory ailments, and skin diseases.",Vata|Kapha,Pitta,False,Tikta|Katu,Laghu|Ruksha,Ushna,Katu,Vatahara|Kushtaghna|Shukrala,OBSERVED:AMIDHA_CC_BY_4_0
A0215,Madanaphala,/p/madanaphala.html,"Known as Emetic Nut, it is the best herb for inducing therapeutic vomiting (Vamana) in Panchakarma.",Kapha|Vata,Pitta,False,Madhura|Tikta,Laghu|Ruksha,Ushna,Katu,Vamana|Lekhana,OBSERVED:AMIDHA_CC_BY_4_0
A0216,Patha,/p/patha.html,"Cissampelos pareira is a potent herb for detoxification, treating fever, urinary disorders, and diarrhea.",tridosha,,True,Tikta,Laghu|Tikshna,Ushna,Katu,Vishaghna|Grahi|Jwaraghna,OBSERVED:AMIDHA_CC_BY_4_0
A0217,Saptaparna,/p/saptaparna.html,"Alstonia scholaris is a bitter tonic used primarily for skin diseases, intestinal worms, and malarial fever.",Kapha|Vata,Pitta,False,Tikta|Kashaya,Laghu|Snigdha,Ushna,Katu,Kushtaghna|Krimighna|Jwaraghna,OBSERVED:AMIDHA_CC_BY_4_0
A0218,Shalmali,/p/shalmali.html,The Silk Cotton Tree's gum (Mocharas) is a cooling astringent used to stop bleeding and treat diarrhea.,Pitta,Vata|Kapha,False,Kashaya,Snigdha|Guru,Sheeta,Madhura,Grahi|Raktastambhana|rasayan,OBSERVED:AMIDHA_CC_BY_4_0
A0219,Prasarini,/p/Prasarini.html,"Paederia foetida is a specific remedy for neurological disorders with pain, especially arthritis and sciatica.",Vata|Kapha,Pitta,False,Tikta,Guru,Ushna,Katu,Vatahara|Sandhanakaraka,OBSERVED:AMIDHA_CC_BY_4_0
A0220,Asana,/p/asana.html,Pterocarpus marsupium is a well-known anti-diabetic herb that also purifies the blood and helps with skin issues.,Pitta|Kapha,Vata,False,Kashaya|Tikta,Laghu|Ruksha,Sheeta,Katu,Pramehaghna|Kushtaghna|Raktashodhak,OBSERVED:AMIDHA_CC_BY_4_0
A0221,Kushmanda,/p/kushmanda.html,"Ash Gourd is a highly cooling and nourishing vegetable, acting as a diuretic and nervine tonic.",Vata|Pitta,Kapha,False,Madhura,Laghu|Snigdha,Sheeta,Madhura,Medhya|Mutrala|Balya,OBSERVED:AMIDHA_CC_BY_4_0
A0222,Vartaku,/p/vartaku.html,Brinjal or Eggplant stimulates digestion and appetite but can aggravate Pitta if consumed in excess.,Vata|Kapha,Pitta,False,Katu|Tikta,Laghu|Tikshna,Ushna,Katu,Deepana|Hridaya,OBSERVED:AMIDHA_CC_BY_4_0
A0223,Dronapushpi,/p/dronapushpi.html,"Leucas cephalotes is used for fever, jaundice, and inflammatory conditions, especially liver-related issues.",Pitta|Kapha,Vata,False,Katu|Lavana,Guru|Ruksha,Ushna,Madhura,Jwaraghna|Yakrituttejaka,OBSERVED:AMIDHA_CC_BY_4_0
A0224,Swarnapatri,/p/swarnapatri.html,"Known as Senna, it is a strong stimulant laxative used for acute constipation.",Vata,Pitta,False,Katu|Tikta,Laghu|Ruksha|Tikshna,Ushna,Katu,Virechana,OBSERVED:AMIDHA_CC_BY_4_0
A0225,Chandrashura,/p/chandrashura.html,"Lepidium sativum seeds are highly nutritive, promoting strength and lactation after delivery.",Vata|Kapha,Pitta,False,Katu|Tikta,Laghu|Snigdha,Ushna,Katu,Balya|Stanyajanana,OBSERVED:AMIDHA_CC_BY_4_0
A0226,Chirabilva,/p/chirabilva.html,Holoptelea integrifolia is used in digestive disorders and to treat edema and piles.,Kapha|Pitta,Vata,False,Kashaya|Tikta,Laghu|Ruksha,Ushna,Katu,Lekhana|Grahi,OBSERVED:AMIDHA_CC_BY_4_0
A0227,Himsra,/p/himsra.html,"Capparis sepiaria is a well-known hepatoprotective herb, commonly found in liver-support formulas.",Pitta|Kapha,Vata,False,Tikta|Katu,Laghu|Ruksha,Ushna,Katu,Yakrituttejaka|Deepana,OBSERVED:AMIDHA_CC_BY_4_0
A0228,Karkatashringi,/p/karkatashringi.html,"Pistacia integerrima galls are used in treating cough, asthma, and diarrhea, especially in children.",Vata|Kapha,Pitta,False,Tikta|Kashaya,Guru,Ushna,Katu,Kasahara|Shwasahara|Grahi,OBSERVED:AMIDHA_CC_BY_4_0
A0229,Katphala,/p/katphala.html,"Myrica esculenta bark is used for respiratory ailments like cough, cold, and fever.",Vata|Kapha,Pitta,False,Kashaya|Tikta|Katu,Laghu|Tikshna,Ushna,Katu,Jwaraghna|Kasahara,OBSERVED:AMIDHA_CC_BY_4_0
A0230,Krishna Jeeraka,/p/krishna-jeeraka.html,"Black Cumin (Carum carvi) is a powerful digestive and carminative, stronger than regular cumin.",Vata|Kapha,Pitta,False,Katu,Laghu|Ruksha,Ushna,Katu,Deepana|Chakshushya,OBSERVED:AMIDHA_CC_BY_4_0
A0231,Murva,/p/murva.html,"Marsdenia tenacissima is a bitter tonic used for fever, skin diseases and purifying blood.",Kapha|Pitta,Vata,False,Tikta,Guru,Ushna,Katu,Raktashodhak|Jwaraghna,OBSERVED:AMIDHA_CC_BY_4_0
A0232,Paribhadra,/p/paribhadra.html,"Erythrina variegata is used for its anti-inflammatory and nervine sedative properties, especially in Vata disorders.",Vata|Kapha,Pitta,False,Tikta|Katu,Laghu,Ushna,Katu,Krimighna|Vatahara,OBSERVED:AMIDHA_CC_BY_4_0
A0233,Shyonaka,/p/shyonaka.html,"A key ingredient of Dashamoola, Oroxylum indicum is an astringent and anti-inflammatory used in diarrhea and arthritis.",Vata|Kapha,Pitta,False,Kashaya|Tikta,Laghu|Ruksha,Ushna,Katu,Grahi|Deepana|Shothahara,OBSERVED:AMIDHA_CC_BY_4_0
A0234,Alabu,/p/alabu.html,"Bottle Gourd is a cooling, calming vegetable that is very easy to digest, making it ideal for convalescence.",Pitta,Vata|Kapha,False,Madhura,Guru|Ruksha,Sheeta,Madhura,Hridaya|Balya,OBSERVED:AMIDHA_CC_BY_4_0
A0235,Vriddhadaru,/p/vriddhadaru.html,"Argyreia nervosa is a potent rejuvenative and aphrodisiac, enhancing strength and vitality.",Vata|Kapha,Pitta,False,Madhura|Tikta,Laghu|Snigdha,Ushna,Madhura,rasayan|Vrishya|Medhya,OBSERVED:AMIDHA_CC_BY_4_0
A0236,Narikela,/p/narikela.html,"Coconut is highly nourishing, cooling, and strength-promoting, pacifying Vata and Pitta.",Vata|Pitta,Kapha,False,Madhura,Guru|Snigdha,Sheeta,Madhura,Balya|Brimhaniya|Vrishya,OBSERVED:AMIDHA_CC_BY_4_0
A0237,Talamuli,/p/talamuli.html,"Curculigo orchioides is an aphrodisiac and uterine tonic, similar in properties to Shatavari.",Vata|Pitta,Kapha,False,Madhura,Guru|Snigdha,Ushna,Madhura,Vrishya|Balya|rasayan,OBSERVED:AMIDHA_CC_BY_4_0
A0238,Saireyaka,/p/saireyaka.html,"Barleria prionitis is used for skin diseases, swelling, and oral health issues like bleeding gums.",Kapha|Vata,Pitta,False,Tikta|Madhura,Snigdha,Ushna,Katu,Kushtaghna|Keshya,OBSERVED:AMIDHA_CC_BY_4_0
A0239,Yavakshara,/p/yavakshara.html,"An alkaline preparation from Barley, used as a diuretic and to treat urinary calculi and abdominal bloating.",Kapha|Vata,Pitta,False,Lavana,Laghu|Tikshna,Ushna,Katu,Mutrala|Deepana|Ashmaribhedana,OBSERVED:AMIDHA_CC_BY_4_0
A0240,Varahikanda,/p/varahikanda.html,"Dioscorea bulbifera is a rejuvenative tonic (rasayana) that enhances strength, immunity, and acts as an aphrodisiac.",Vata|Kapha,Pitta,False,Madhura,Guru|Snigdha,Ushna,Madhura,rasayan|Vrishya|Balya,OBSERVED:AMIDHA_CC_BY_4_0
A0241,Ankola,/p/ankola.html,Alangium salviifolium is used in Ayurveda for its anti-venom properties and in treating skin diseases.,Kapha|Vata,Pitta,False,Tikta|Katu,Laghu|Snigdha,Ushna,Katu,Vishaghna|Krimighna,OBSERVED:AMIDHA_CC_BY_4_0
A0242,Changeri,/p/changeri.html,Indian Sorrel is used for digestive ailments like IBS and malabsorption due to its sour taste and digestive properties.,Vata|Kapha,Pitta,False,Amla,Laghu|Ruksha,Ushna,Amla,Grahi|Deepana,OBSERVED:AMIDHA_CC_BY_4_0
A0243,Koshataki,/p/koshataki.html,Luffa is a bitter vegetable used to cleanse the liver and purify the blood.,Pitta|Kapha,Vata,False,Tikta,Laghu|Ruksha,Ushna,Katu,Yakrituttejaka|Virechana,OBSERVED:AMIDHA_CC_BY_4_0
A0244,Tanduliyaka,/p/tanduliyaka.html,"Amaranth is a cooling herb used to treat toxicity, bleeding disorders, and purify the blood.",Pitta|Kapha,Vata,False,Madhura,Laghu|Ruksha,Sheeta,Madhura,Vishaghna|Raktapittahara,OBSERVED:AMIDHA_CC_BY_4_0
A0245,Ingudi,/p/ingudi.html,"Balanites roxburghii is used for its anti-microbial and anti-inflammatory properties, especially in skin diseases.",Kapha|Vata,Pitta,False,Tikta|Katu,Tikshna|Snigdha,Ushna,Katu,Krimighna|Kushtaghna,OBSERVED:AMIDHA_CC_BY_4_0
A0246,Karanja Taila,/p/karanja-taila.html,Oil prepared from Karanja seeds is a powerful antiseptic and is used topically for a wide range of skin diseases.,Kapha|Vata,Pitta,False,Tikta|Katu,Tikshna,Ushna,Katu,Kushtaghna|Vranaropana,OBSERVED:AMIDHA_CC_BY_4_0
A0247,Nimba Taila,/p/nimba-taila.html,"Neem oil is a potent anti-fungal, anti-bacterial, and anti-septic oil used for skin infections and as an insecticide.",Pitta|Kapha,Vata,False,Tikta,Laghu,Sheeta,Katu,Kushtaghna|Krimighna|Jwaraghna,OBSERVED:AMIDHA_CC_BY_4_0
A0248,Jivaka,/p/jivaka.html,"One of the eight 'Ashtavarga' herbs, Jivaka is a vital rejuvenative tonic, often substituted with other herbs today.",Vata|Pitta,Kapha,False,Madhura,Guru|Snigdha,Sheeta,Madhura,rasayan|Vrishya|Jivaniya,OBSERVED:AMIDHA_CC_BY_4_0
A0249,Rishabhaka,/p/rishabhaka.html,"Another Ashtavarga herb, Rishabhaka is a powerful tonic for building tissues and promoting vitality.",Vata|Pitta,Kapha,False,Madhura,Guru|Snigdha,Sheeta,Madhura,rasayan|Vrishya|Brimhaniya,OBSERVED:AMIDHA_CC_BY_4_0
A0250,Meda,/p/meda.html,An Ashtavarga herb that nourishes the fatty tissues (Meda Dhatu) and acts as a general tonic.,Vata|Pitta,Kapha,False,Madhura,Guru|Snigdha,Sheeta,Madhura,rasayan|Brimhaniya,OBSERVED:AMIDHA_CC_BY_4_0
A0251,Kakoli,/p/kakoli.html,"From the Ashtavarga group, Kakoli is a cooling, nourishing tonic used in rejuvenative and aphrodisiac formulas.",Vata|Pitta,Kapha,False,Madhura,Guru|Snigdha,Sheeta,Madhura,rasayan|Vrishya|Jivaniya,OBSERVED:AMIDHA_CC_BY_4_0
A0252,Dhamasa,/p/dhamasa.html,"Fagonia cretica is a bitter, cooling herb used to purify blood and treat skin disorders and fevers.",Pitta|Kapha,Vata,False,Tikta|Kashaya,Laghu|Ruksha,Sheeta,Katu,Raktashodhak|Kushtaghna,OBSERVED:AMIDHA_CC_BY_4_0
A0253,Rohisha,/p/rohisha.html,"A type of lemongrass (Cymbopogon martinii), its oil is used for joint pain, fever, and as an insect repellent.",Vata|Kapha,Pitta,False,Katu|Tikta,Laghu|Tikshna,Ushna,Katu,Jwaraghna|Shoolaghna,OBSERVED:AMIDHA_CC_BY_4_0
A0254,Suryavarta,/p/suryavarta.html,"Gynandropsis gynandra is used for earaches, headaches, and digestive issues.",Vata|Kapha,Pitta,False,Katu,Laghu|Tikshna,Ushna,Katu,Shoolaghna|Deepana,OBSERVED:AMIDHA_CC_BY_4_0
A0255,Gangeruki,/p/gangeruki.html,"Grewia tenax is a cooling and strengthening herb, used to relieve burning sensation and thirst.",Vata|Pitta,Kapha,False,Madhura|Kashaya,Snigdha,Sheeta,Madhura,Balya|Dahashamana,OBSERVED:AMIDHA_CC_BY_4_0
A0256,Kumbhika,/p/kumbhika.html,Pistia stratiotes is an aquatic plant used externally for skin diseases and swelling.,Pitta|Kapha,Vata,False,Tikta|Katu,Laghu|Ruksha,Sheeta,Katu,Shothahara|Kushtaghna,OBSERVED:AMIDHA_CC_BY_4_0
A0257,Sthuneyaka,/p/sthuneyaka.html,Taxus baccata (Yew) is used in respiratory conditions like cough and asthma.,Kapha|Vata,Pitta,False,Tikta|Kashaya,Laghu,Ushna,Katu,Kasahara|Shwasahara,OBSERVED:AMIDHA_CC_BY_4_0
A0258,Utingana,/p/utingana.html,Blepharis edulis seeds are a potent aphrodisiac and rejuvenative tonic.,Vata,Pitta|Kapha,False,Madhura,Guru|Snigdha,Ushna,Madhura,Vrishya|Balya,OBSERVED:AMIDHA_CC_BY_4_0
A0259,Vrikshamla Phala,/p/vrikshamla-phala.html,Garcinia indica (Kokum) fruit is a souring agent that improves appetite and digestion without aggravating Pitta.,Vata|Kapha,Pitta,False,Amla,Laghu|Ruksha,Ushna,Amla,Deepana|Hridaya,OBSERVED:AMIDHA_CC_BY_4_0
A0260,Nirgundi Taila,/p/nirgundi-taila.html,"Medicated oil of Nirgundi is excellent for topical application on painful joints, wounds, and grey hair.",Vata|Kapha,Pitta,False,Tikta|Katu,Laghu|Ruksha,Ushna,Katu,Vedanasthapana|Keshya,OBSERVED:AMIDHA_CC_BY_4_0
A0261,Vacha Taila,/p/vacha-taila.html,Oil of Sweet Flag is used for massage to improve mental clarity and in nasal administration (Nasya) for clearing the sinuses.,Vata|Kapha,Pitta,False,Katu|Tikta,Laghu|Tikshna,Ushna,Katu,Medhya|Sanjnasthapana,OBSERVED:AMIDHA_CC_BY_4_0
A0262,Kumari,/p/kumari.html,"Known as Aloe Vera, Kumari is a premier herb for skin, liver detoxification, and regulating menstruation.",Pitta|Kapha,Vata,False,Tikta,Guru|Snigdha,Sheeta,Katu,Yakrituttejaka|Virechana|Varnya,OBSERVED:AMIDHA_CC_BY_4_0
A0263,Asthishrinkhala,/p/asthishrinkhala.html,"Also called Hadjod (Cissus quadrangularis), it is the primary Ayurvedic herb for healing bone fractures and strengthening joints.",Vata|Kapha,Pitta,False,Madhura,Laghu|Ruksha,Ushna,Madhura,Sandhanakaraka|Balya,OBSERVED:AMIDHA_CC_BY_4_0
A0264,Bharangi,/p/bharangi.html,"Clerodendrum serratum is a specific herb for respiratory disorders like asthma, chronic cough, and rhinitis.",Vata|Kapha,Pitta,False,Tikta|Katu,Laghu|Ruksha,Ushna,Katu,Shwasahara|Kasahara,OBSERVED:AMIDHA_CC_BY_4_0
A0265,Loha Bhasma,/p/loha-bhasma.html,"Purified and processed iron ash used to treat anemia, jaundice, and support liver function. It is a powerful rejuvenator.",Pitta|Kapha,Vata,False,Kashaya|Madhura,Laghu|Ruksha,Sheeta,Madhura,rasayan|Raktavardhak|Chakshushya,OBSERVED:AMIDHA_CC_BY_4_0
A0266,Shankha Bhasma,/p/shankha-bhasma.html,"Ash of conch shell is a rich source of calcium, used for acid peptic disorders, indigestion, and calcium deficiency.",Vata|Pitta,Kapha,False,Lavana,Laghu|Tikshna,Sheeta,Madhura,Amlapittahara|Deepana|Pachana,OBSERVED:AMIDHA_CC_BY_4_0
A0267,Pravala Pishti,/p/pravala-pishti.html,"Processed coral is a cooling Pitta-pacifying supplement used for calcium deficiency, fever, and bleeding disorders.",Pitta|Kapha,Vata,False,Madhura|Kashaya,Laghu,Sheeta,Madhura,Amlapittahara|Raktastambhana|Jwaraghna,OBSERVED:AMIDHA_CC_BY_4_0
A0268,Abhraka Bhasma,/p/abhraka-bhasma.html,"Processed mica ash is a potent rejuvenative (rasayana) used for respiratory diseases, debility, and as a powerful tonic.",tridosha,,True,Madhura,Snigdha,Sheeta,Madhura,rasayan|Vrishya|Medhya,OBSERVED:AMIDHA_CC_BY_4_0
A0269,Vanga Bhasma,/p/vanga-bhasma.html,"Processed tin ash is used in Ayurveda for urinary tract disorders, diabetes, and as an aphrodisiac.",Kapha,Vata|Pitta,False,Tikta,Laghu|Ruksha,Ushna,Katu,Pramehaghna|Vrishya,OBSERVED:AMIDHA_CC_BY_4_0
A0270,Yashada Bhasma,/p/yashada-bhasma.html,"Processed zinc ash is used for eye diseases, diabetes, and as an immune booster.",Pitta|Kapha,Vata,False,Kashaya,Ruksha,Sheeta,Katu,Chakshushya|Pramehaghna,OBSERVED:AMIDHA_CC_BY_4_0
A0271,Mukta Pishti,/p/mukta-pishti.html,"Processed pearl powder is a highly cooling and calming substance used for anxiety, insomnia, and burning sensations.",Pitta,Vata|Kapha,False,Madhura,Laghu,Sheeta,Madhura,Hridaya|Medhya|Dahashamana,OBSERVED:AMIDHA_CC_BY_4_0
A0272,Arka,/p/arka.html,"Calotropis gigantea is a toxic plant, but its purified latex and leaves are used for skin diseases and as a purgative.",Vata|Kapha,Pitta,False,Katu|Tikta,Laghu|Tikshna,Ushna,Katu,Virechana|Kushtaghna,OBSERVED:AMIDHA_CC_BY_4_0
A0273,Indravaruni,/p/indravaruni.html,"Citrullus colocynthis is a very strong purgative, used for severe constipation, ascites, and joint pain.",Pitta|Kapha,Vata,False,Tikta,Laghu|Tikshna,Ushna,Katu,Virechana|Krimighna,OBSERVED:AMIDHA_CC_BY_4_0
A0274,Kadali,/p/kadali.html,"The plantain or banana plant's stem and flower are used for their cooling and astringent properties, especially in digestive health.",Pitta,Vata|Kapha,False,Madhura|Kashaya,Guru|Snigdha,Sheeta,Madhura,Grahi|Balya,OBSERVED:AMIDHA_CC_BY_4_0
A0275,Tintidika,/p/tintidika.html,"Tamarind is a sour fruit used to stimulate appetite and digestion, but can aggravate Pitta and Kapha.",Vata,Pitta|Kapha,False,Amla,Guru|Ruksha,Ushna,Amla,Deepana|Pachana,OBSERVED:AMIDHA_CC_BY_4_0
A0276,Rudraksha,/p/rudraksha.html,"Elaeocarpus ganitrus seeds are used to calm the mind, control high blood pressure, and for spiritual practices.",Vata|Kapha,Pitta,False,Madhura,Guru,Ushna,Madhura,Hridaya|Medhya,OBSERVED:AMIDHA_CC_BY_4_0
A0277,Putranjivaka,/p/putranjivaka.html,Putranjiva roxburghii is renowned for its use in supporting female fertility and protecting pregnancy.,Vata|Pitta,Kapha,False,Madhura|Katu,Guru,Sheeta,Madhura,Garbhasthapana|Vrishya,OBSERVED:AMIDHA_CC_BY_4_0
A0278,Padmaka,/p/padmaka.html,"Prunus cerasoides is a cooling herb used for skin diseases, burning sensations, and to stop bleeding.",Pitta|Kapha,Vata,False,Kashaya|Tikta,Laghu,Sheeta,Katu,Varnya|Raktastambhana,OBSERVED:AMIDHA_CC_BY_4_0
A0279,Pilu,/p/pilu.html,"The toothbrush tree (Salvadora persica) is used for oral hygiene, improving digestion, and reducing swelling.",Kapha|Vata,Pitta,False,Katu|Tikta,Laghu|Tikshna,Ushna,Katu,Deepana|Shothahara,OBSERVED:AMIDHA_CC_BY_4_0
A0280,Simsapa,/p/simsapa.html,"Dalbergia sissoo (Indian Rosewood) is used for skin diseases, obesity, and as a blood purifier.",Pitta|Kapha,Vata,False,Kashaya|Tikta,Laghu|Ruksha,Ushna,Katu,Kushtaghna|Medohara,OBSERVED:AMIDHA_CC_BY_4_0
A0281,Arishtaka,/p/arishtaka.html,"Soapnut is used as a natural cleanser for hair and skin, and internally to induce vomiting.",tridosha,,True,Tikta,Laghu|Tikshna,Ushna,Katu,Vamana|Lekhana,OBSERVED:AMIDHA_CC_BY_4_0
A0282,Visha Tinduka,/p/visha-tinduka.html,"Strychnos nux-vomica (Nux vomica) is a highly toxic herb used in purified, minute doses to stimulate the nervous system and digestion.",Vata|Kapha,Pitta,False,Tikta|Katu,Laghu|Tikshna,Ushna,Katu,Vatahara|Deepana,OBSERVED:AMIDHA_CC_BY_4_0
A0283,Devadali,/p/devadali.html,Luffa echinata is used to induce therapeutic nasal cleansing (Nasya) and vomiting (Vamana).,Kapha|Pitta,Vata,False,Tikta|Katu,Laghu|Tikshna,Ushna,Katu,Vamana|Krimighna,OBSERVED:AMIDHA_CC_BY_4_0
A0284,Dhava,/p/dhava.html,"Anogeissus latifolia is an astringent herb used for wound healing, diarrhea, and bleeding disorders.",Pitta|Kapha,Vata,False,Kashaya,Laghu|Ruksha,Sheeta,Katu,Grahi|Raktastambhana,OBSERVED:AMIDHA_CC_BY_4_0
A0285,Gajapippali,/p/gajapippali.html,"Scindapsus officinalis is a larger variety of pepper, used for respiratory and digestive issues.",Vata|Kapha,Pitta,False,Katu,Laghu|Tikshna,Ushna,Katu,Kasahara|Deepana,OBSERVED:AMIDHA_CC_BY_4_0
A0286,Granthiparni,/p/granthiparni.html,"Angelica glauca is an aromatic herb used for digestive, respiratory, and nervous system disorders.",Vata|Kapha,Pitta,False,Katu|Tikta,Laghu|Tikshna,Ushna,Katu,Deepana|Shwasahara,OBSERVED:AMIDHA_CC_BY_4_0
A0287,Hapusa,/p/hapusa.html,Juniper berries are a diuretic and antiseptic used for urinary tract infections and joint pain.,Vata|Kapha,Pitta,False,Katu|Tikta,Laghu|Ruksha,Ushna,Katu,Mutrala|Deepana,OBSERVED:AMIDHA_CC_BY_4_0
A0288,Kakajangha,/p/kakajangha.html,Peristrophe paniculata is used for its anti-inflammatory properties and in treating fever.,Pitta|Kapha,Vata,False,Tikta,Laghu,Sheeta,Katu,Jwaraghna|Shothahara,OBSERVED:AMIDHA_CC_BY_4_0
A0289,Kamalakanda,/p/kamalakanda.html,"Lotus stem is a cooling, nourishing vegetable that pacifies Pitta and helps in bleeding disorders.",Pitta,Vata|Kapha,False,Madhura|Kashaya,Guru|Snigdha,Sheeta,Madhura,Raktastambhana|Balya,OBSERVED:AMIDHA_CC_BY_4_0
A0290,Karmaranga,/p/karmaranga.html,Star fruit is a sour fruit used to stimulate digestion and act as a mild laxative.,Vata,Pitta|Kapha,False,Amla|Madhura,Laghu,Sheeta,Amla,Deepana|Virechana,OBSERVED:AMIDHA_CC_BY_4_0
A0291,Kasheruka,/p/kasheruka.html,"Scirpus grossus is a cooling, diuretic, and aphrodisiac herb.",Vata|Pitta,Kapha,False,Madhura|Kashaya,Guru|Snigdha,Sheeta,Madhura,Vrishya|Mutrala,OBSERVED:AMIDHA_CC_BY_4_0
A0292,Kembuka,/p/kembuka.html,"Costus speciosus is used to treat respiratory conditions, skin diseases, and to purify the blood.",Pitta|Kapha,Vata,False,Tikta|Kashaya,Laghu|Ruksha,Sheeta,Katu,Kushtaghna|Kasahara,OBSERVED:AMIDHA_CC_BY_4_0
A0293,Koshamra,/p/koshamra.html,Schleichera oleosa is used in traditional medicine for skin diseases and promoting hair growth.,Kapha|Vata,Pitta,False,Amla,Guru|Snigdha,Ushna,Amla,Kushtaghna|Keshya,OBSERVED:AMIDHA_CC_BY_4_0
A0294,Latakaranja,/p/latakaranja.html,"Caesalpinia crista is a bitter tonic used for fever, malaria, and intestinal worms.",Kapha|Vata,Pitta,False,Tikta|Katu,Laghu|Tikshna,Ushna,Katu,Jwaraghna|Krimighna,OBSERVED:AMIDHA_CC_BY_4_0
A0295,Lavali,/p/lavali.html,Cicca acida is a sour fruit that aids digestion and has a laxative effect.,Vata,Pitta|Kapha,False,Amla,Laghu|Ruksha,Ushna,Amla,Deepana|Virechana,OBSERVED:AMIDHA_CC_BY_4_0
A0296,Mahanimba,/p/mahanimba.html,"Melia azedarach is a potent anti-microbial and blood purifier, similar to but stronger than Neem.",Pitta|Kapha,Vata,False,Tikta|Kashaya,Laghu|Ruksha,Sheeta,Katu,Kushtaghna|Krimighna|Raktashodhak,OBSERVED:AMIDHA_CC_BY_4_0
A0297,Nagabala,/p/nagabala.html,Grewia hirsuta is a powerful tonic (rasayana) that enhances strength and calms the nervous system.,Vata|Pitta,Kapha,False,Madhura,Guru|Snigdha,Sheeta,Madhura,Balya|rasayan,OBSERVED:AMIDHA_CC_BY_4_0
A0298,Narikela Lavana,/p/narikela-lavana.html,"A special preparation of Coconut and Rock Salt, used for hyperacidity and digestive issues.",Vata|Pitta,Kapha,False,Lavana|Madhura,Laghu,Sheeta,Madhura,Amlapittahara|Deepana,OBSERVED:AMIDHA_CC_BY_4_0
A0299,Pattanga,/p/pattanga.html,Caesalpinia sappan (Sappanwood) is an astringent used to stop bleeding and heal wounds.,Pitta,Vata|Kapha,False,Kashaya|Madhura,Guru,Sheeta,Katu,Raktastambhana|Vranaropana,OBSERVED:AMIDHA_CC_BY_4_0
A0300,Sarja,/p/sarja.html,"The resin of Vateria indica is used as an antiseptic, anti-inflammatory and for wound healing.",Pitta|Kapha,Vata,False,Kashaya|Tikta,Laghu|Snigdha,Sheeta,Katu,Vranaropana|Vishaghna,OBSERVED:AMIDHA_CC_BY_4_0
A0301,Somavalli,/p/somavalli.html,"The legendary Soma plant, often identified as Sarcostemma acidum, is a rejuvenative and vitality booster.",Vata|Pitta,Kapha,False,Amla,Laghu,Ushna,Madhura,rasayan|Balya,OBSERVED:AMIDHA_CC_BY_4_0
A0302,Vyaghranakhi,/p/vyaghranakhi.html,Capparis zeylanica is used for its anti-inflammatory properties in conditions like edema and joint pain.,Kapha|Vata,Pitta,False,Tikta,Laghu|Tikshna,Ushna,Katu,Shothahara|Vatahara,OBSERVED:AMIDHA_CC_BY_4_0
A0303,Manikya Pishti,/p/manikya-pishti.html,Processed Ruby gem is used as a powerful cardiotonic and rejuvenator to enhance vitality and strength.,Vata|Kapha,Pitta,False,Madhura,Guru,Ushna,Madhura,Hridaya|rasayan|Vrishya,OBSERVED:AMIDHA_CC_BY_4_0
A0304,Akshotaka,/p/akshotaka.html,Walnut is a nourishing brain tonic that pacifies Vata dosha and enhances strength and vitality.,Vata,Pitta|Kapha,False,Madhura,Guru|Snigdha,Ushna,Madhura,Medhya|Balya|Brimhaniya,OBSERVED:AMIDHA_CC_BY_4_0
A0305,Chakshushya,/p/chakshushya.html,"As its name suggests, Cassia absus is a specific herb for improving eyesight and treating eye disorders.",Pitta|Kapha,Vata,False,Kashaya|Tikta,Laghu|Ruksha,Sheeta,Katu,Chakshushya|Grahi,OBSERVED:AMIDHA_CC_BY_4_0
A0306,Dadrughna,/p/dadrughna.html,"Cassia alata is a potent anti-fungal herb used topically for skin diseases, especially ringworm.",Pitta|Kapha,Vata,False,Katu,Laghu|Ruksha,Ushna,Katu,Kushtaghna|Kandughna,OBSERVED:AMIDHA_CC_BY_4_0
A0307,Bandhuka,/p/bandhuka.html,Pentapetes phoenicea flower is used for its cooling and soothing properties in Pitta conditions.,Pitta,Vata|Kapha,False,Madhura|Kashaya,Snigdha,Sheeta,Madhura,Dahashamana|Hridaya,OBSERVED:AMIDHA_CC_BY_4_0
A0308,Bhutakeshi,/p/bhutakeshi.html,Selinum wallichianum is a nervine tonic used to calm the mind and treat neurological conditions.,Vata|Kapha,Pitta,False,Tikta,Laghu,Ushna,Katu,Medhya|Vatahara,OBSERVED:AMIDHA_CC_BY_4_0
A0309,Riddhi,/p/riddhi.html,"An Ashtavarga herb, Riddhi is a general tonic used to promote strength, longevity, and tissue nourishment.",Vata|Pitta,Kapha,False,Madhura,Guru|Snigdha,Sheeta,Madhura,rasayan|Brimhaniya,OBSERVED:AMIDHA_CC_BY_4_0
A0310,Vriddhi,/p/vriddhi.html,"Paired with Riddhi in the Ashtavarga group, Vriddhi also enhances vitality and nourishes the body's tissues.",Vata|Pitta,Kapha,False,Madhura,Guru|Snigdha,Sheeta,Madhura,rasayan|Brimhaniya,OBSERVED:AMIDHA_CC_BY_4_0
A0311,Daruharidra,/p/daruharidra.html,"Indian Barberry, a potent alternative to Turmeric, used for skin, liver, and blood sugar control.",Pitta|Kapha,Vata,False,Tikta|Kashaya,Laghu|Ruksha,Ushna,Katu,Kushtaghna|Pramehaghna|Yakrituttejaka,OBSERVED:AMIDHA_CC_BY_4_0
A0312,Akarakarabha,/p/akarakarabha.html,"Anacyclus pyrethrum is a powerful aphrodisiac and nervine stimulant, known to enhance vitality.",Vata|Kapha,Pitta,False,Katu,Ruksha|Tikshna,Ushna,Katu,Vrishya|Vatahara,OBSERVED:AMIDHA_CC_BY_4_0
A0313,Mahabala,/p/mahabala.html,"Sida rhombifolia, a variety of Bala, is a superior tonic for building strength and calming the nervous system.",Vata|Pitta,Kapha,False,Madhura,Guru|Snigdha,Sheeta,Madhura,Balya|Hridaya|rasayan,OBSERVED:AMIDHA_CC_BY_4_0
A0314,Godanti Bhasma,/p/godanti-bhasma.html,"Processed Gypsum is a cooling remedy for fever, headache, and Pitta-related burning sensations.",Pitta,Vata|Kapha,False,Madhura,Laghu,Sheeta,Madhura,Jwaraghna|Shoolaghna,OBSERVED:AMIDHA_CC_BY_4_0
A0315,Kukkutanda Twak Bhasma,/p/kukkutanda-twak-bhasma.html,"Hen's eggshell ash is a rich source of natural calcium, used for osteoporosis and as an aphrodisiac.",Vata|Kapha,Pitta,False,Madhura,Laghu|Ruksha,Ushna,Madhura,Vrishya|Balya,OBSERVED:AMIDHA_CC_BY_4_0
A0316,Samudra Phena,/p/samudra-phena.html,Cuttlefish bone is used externally for skin diseases and internally for ear and eye ailments.,Kapha,Pitta|Vata,False,Kashaya,Laghu|Ruksha,Sheeta,Katu,Lekhana|Kushtaghna,OBSERVED:AMIDHA_CC_BY_4_0
A0317,Chirayata,/p/chirayata.html,"Swertia chirata is an extremely bitter herb used for chronic fevers, liver disorders, and skin diseases.",Pitta|Kapha,Vata,False,Tikta,Laghu|Ruksha,Sheeta,Katu,Jwaraghna|Yakrituttejaka|Krimighna,OBSERVED:AMIDHA_CC_BY_4_0
A0318,Jalapippali,/p/jalapippali.html,Phyla nodiflora is a cooling herb used for its diuretic and anti-inflammatory properties.,Pitta,Vata|Kapha,False,Tikta,Laghu,Sheeta,Katu,Mutrala|Jwaraghna,OBSERVED:AMIDHA_CC_BY_4_0
A0319,Kamala Kesara,/p/kamala-kesara.html,Lotus stamen is a cooling astringent used to stop bleeding and relieve burning sensations.,Pitta,Vata|Kapha,False,Kashaya|Madhura,Laghu|Ruksha,Sheeta,Madhura,Raktastambhana|Grahi,OBSERVED:AMIDHA_CC_BY_4_0
A0320,Kasamarda,/p/kasamarda.html,"Cassia occidentalis is used to treat cough, skin diseases, and to purify the blood.",Kapha|Vata,Pitta,False,Tikta|Madhura,Laghu|Ruksha,Ushna,Katu,Kasahara|Kushtaghna,OBSERVED:AMIDHA_CC_BY_4_0
A0321,Bhumyamalaki,/p/bhumyamalaki.html,"Phyllanthus niruri is a famous herb for liver and kidney health, especially in treating jaundice and stones.",Pitta|Kapha,Vata,False,Tikta|Kashaya|Madhura,Laghu|Ruksha,Sheeta,Madhura,Yakrituttejaka|Kasahara|Mutrala,OBSERVED:AMIDHA_CC_BY_4_0
A0322,Dugdhika,/p/dugdhika.html,"Euphorbia hirta is used to treat respiratory ailments like asthma and bronchitis, and also for intestinal worms.",Kapha|Vata,Pitta,False,Katu|Tikta,Guru,Ushna,Katu,Shwasahara|Krimighna,OBSERVED:AMIDHA_CC_BY_4_0
A0323,Gairika,/p/gairika.html,"Red Ochre is a cooling mineral used to treat bleeding disorders, skin issues, and hiccups.",Pitta,Vata|Kapha,False,Madhura|Kashaya,Snigdha,Sheeta,Madhura,Raktastambhana|Chakshushya,OBSERVED:AMIDHA_CC_BY_4_0
A0324,Grinjana,/p/grinjana.html,"Carrot is a nutritious vegetable that improves eyesight, purifies blood, and pacifies Vata.",Vata|Kapha,Pitta,False,Madhura|Tikta,Guru|Tikshna,Ushna,Madhura,Chakshushya|Grahi|Raktashodhak,OBSERVED:AMIDHA_CC_BY_4_0
A0325,Ishabgula,/p/ishabgula.html,Psyllium Husk is a bulk-forming laxative used to relieve constipation and soothe the digestive tract.,Vata|Pitta,Kapha,False,Madhura,Guru|Snigdha,Sheeta,Madhura,Virechana|Grahi,OBSERVED:AMIDHA_CC_BY_4_0
A0326,Kalajaji,/p/kalajaji.html,"Nigella sativa (Kalonji) is a potent stimulant for digestion and respiration, used to pacify vata and Kapha.",Vata|Kapha,Pitta,False,Katu|Tikta,Laghu|Ruksha,Ushna,Katu,Deepana|Garbhashaya Shodhaka,OBSERVED:AMIDHA_CC_BY_4_0
A0327,Kankshi,/p/kankshi.html,"Alum is a powerful astringent used topically to stop bleeding and purify water, and internally in purified form.",Pitta|Kapha,Vata,False,Kashaya|Amla,Laghu|Ruksha,Ushna,Katu,Raktastambhana|Keshya,OBSERVED:AMIDHA_CC_BY_4_0
A0328,Karira,/p/karira.html,Capparis decidua is used as a digestive stimulant and for joint pain.,Kapha|Vata,Pitta,False,Katu|Tikta,Laghu|Ruksha,Ushna,Katu,Deepana|Vatahara,OBSERVED:AMIDHA_CC_BY_4_0
A0329,Karpasa,/p/karpasa.html,The Cotton plant's seeds and roots are used as a nervine tonic and to promote lactation.,Vata,Pitta|Kapha,False,Madhura,Guru|Snigdha,Ushna,Madhura,Balya|Stanyajanana,OBSERVED:AMIDHA_CC_BY_4_0
A0330,Kataka,/p/kataka.html,Strychnos potatorum (Clearing Nut) is used for eye diseases and to purify water.,Vata|Kapha,Pitta,False,Madhura|Kashaya,Laghu|Snigdha,Sheeta,Madhura,Chakshushya|Vishaghna,OBSERVED:AMIDHA_CC_BY_4_0
A0331,Kovidara,/p/kovidara.html,"Bauhinia variegata, related to Kanchanar, is used for its astringent and anti-inflammatory properties.",Pitta|Kapha,Vata,False,Kashaya,Laghu|Ruksha,Sheeta,Katu,Grahi|Kushtaghna,OBSERVED:AMIDHA_CC_BY_4_0
A0332,Madayantika,/p/madayantika.html,Henna (Lawsonia inermis) is a cooling herb used externally for skin diseases and burning sensations.,Pitta|Kapha,Vata,False,Tikta|Kashaya,Laghu|Ruksha,Sheeta,Katu,Kushtaghna|Dahashamana,OBSERVED:AMIDHA_CC_BY_4_0
A0333,Madhukarkati,/p/madhukarkati.html,Pomelo (Citrus maxima) is a refreshing fruit that aids digestion and acts as a cardiotonic.,Vata|Pitta,Kapha,False,Amla|Madhura,Laghu,Sheeta,Amla,Hridaya|Deepana,OBSERVED:AMIDHA_CC_BY_4_0
A0334,Mulaka,/p/mulaka.html,"Radish is a pungent vegetable that is light and heating, helping to clear sinuses and stimulate digestion.",Vata|Kapha,Pitta,False,Katu|Tikta,Laghu|Tikshna,Ushna,Katu,Deepana|Hridaya,OBSERVED:AMIDHA_CC_BY_4_0
A0335,Nimbu,/p/nimbu.html,"Lemon is a sour fruit that stimulates digestion, cleanses the system, and pacifies Vata dosha.",Vata,Pitta,False,Amla,Laghu|Tikshna,Ushna,Madhura,Deepana|Pachana|Krimighna,OBSERVED:AMIDHA_CC_BY_4_0
A0336,Palankya,/p/palankya.html,"Spinach is an iron-rich leafy vegetable, but its heavy and cold nature can aggravate vata and Kapha if not cooked properly.",Pitta,Vata|Kapha,False,Kashaya|Madhura,Guru,Sheeta,Madhura,Grahi|Raktavardhak,OBSERVED:AMIDHA_CC_BY_4_0
A0337,Panasa,/p/panasa.html,"Jackfruit is a nourishing, strength-promoting fruit that is heavy to digest and pacifies Vata and Pitta.",Vata|Pitta,Kapha,False,Madhura|Kashaya,Guru|Snigdha,Sheeta,Madhura,Balya|Brimhaniya|Vrishya,OBSERVED:AMIDHA_CC_BY_4_0
A0338,Parnayavani,/p/parnayavani.html,"Coleus amboinicus (Indian Borage) is an aromatic herb used for cough, cold, and digestive issues.",Vata|Kapha,Pitta,False,Katu|Tikta,Laghu|Tikshna,Ushna,Katu,Deepana|Pachana|Kasahara,OBSERVED:AMIDHA_CC_BY_4_0
A0339,Priyala,/p/priyala.html,"Buchanania lanzan (Chironji) nuts are aphrodisiac and highly nourishing, pacifying Vata and Pitta.",Vata|Pitta,Kapha,False,Madhura,Guru|Snigdha,Sheeta,Madhura,Vrishya|Brimhaniya,OBSERVED:AMIDHA_CC_BY_4_0
A0340,Rasna,/p/rasna.html,"Pluchea lanceolata is one of the best herbs for pacifying Vata dosha, especially in treating arthritis and joint pain.",Vata|Kapha,Pitta,False,Tikta,Guru,Ushna,Katu,Vatahara|Shothahara,OBSERVED:AMIDHA_CC_BY_4_0
A0341,Sala,/p/sala.html,Shorea robusta resin is an astringent and anti-microbial used for healing wounds and treating diarrhea.,Pitta|Kapha,Vata,False,Kashaya,Laghu|Ruksha,Sheeta,Katu,Grahi|Vranaropana,OBSERVED:AMIDHA_CC_BY_4_0
A0342,Sarshapa Taila,/p/sarshapa-taila.html,Mustard oil is a heating oil excellent for pacifying Kapha and Vata. It is used in cooking and for external massage.,Kapha|Vata,Pitta,False,Katu,Tikshna|Snigdha,Ushna,Katu,Lekhana|Deepana,OBSERVED:AMIDHA_CC_BY_4_0
A0343,Satyanashi,/p/satyanashi.html,Argemone mexicana is a purgative and detoxifying herb used for skin diseases and constipation.,Kapha|Pitta,Vata,False,Tikta,Laghu|Ruksha,Ushna,Katu,Virechana|Kushtaghna,OBSERVED:AMIDHA_CC_BY_4_0
A0344,Shvet Musli,/p/shvet-musli.html,"Chlorophytum borivilianum is a celebrated aphrodisiac and rejuvenative herb, often called 'White Gold'.",Vata|Pitta,Kapha,False,Madhura,Guru|Snigdha,Sheeta,Madhura,Vrishya|Balya|Brimhaniya,OBSERVED:AMIDHA_CC_BY_4_0
A0345,Tankana Bhasma,/p/tankana-bhasma.html,"Purified borax ash is used in small doses to treat cough, cold, and respiratory congestion.",Kapha,Pitta|Vata,False,Lavana,Ruksha|Tikshna,Ushna,Katu,Kasahara|Lekhana,OBSERVED:AMIDHA_CC_BY_4_0
A0346,Taruni,/p/taruni.html,"Rose (Rosa centifolia) is a cooling and calming herb, excellent for pacifying Pitta, soothing the heart, and for skin health.",Pitta,Vata|Kapha,False,Tikta|Kashaya|Madhura,Laghu|Snigdha,Sheeta,Madhura,Hridaya|Varnya|Chakshushya,OBSERVED:AMIDHA_CC_BY_4_0
A0347,Vanapsa,/p/vanapsa.html,"Viola odorata (Sweet Violet) is used for cough, sore throat, and fevers.",Pitta|Kapha,Vata,False,Madhura|Tikta,Snigdha,Sheeta,Madhura,Kasahara|Jwaraghna,OBSERVED:AMIDHA_CC_BY_4_0
A0348,Vathada,/p/vathada.html,"Almond is a highly nourishing nut that pacifies Vata, builds tissues, and supports brain health.",Vata,Pitta|Kapha,False,Madhura,Guru|Snigdha,Ushna,Madhura,Balya|Medhya|Vrishya,OBSERVED:AMIDHA_CC_BY_4_0
A0349,Vetasa,/p/vetasa.html,"Salix caprea is an anti-inflammatory and analgesic herb, used in treating pain and burning sensations.",Pitta|Kapha,Vata,False,Tikta,Laghu,Sheeta,Katu,Shothahara|Dahashamana,OBSERVED:AMIDHA_CC_BY_4_0
A0350,Yuthika,/p/yuthika.html,"A species of Jasmine, Yuthika is a cooling herb used for skin diseases and pacifying Pitta.",Pitta,Vata|Kapha,False,Tikta|Kashaya,Laghu|Snigdha,Sheeta,Katu,Hridaya|Kushtaghna,OBSERVED:AMIDHA_CC_BY_4_0
A0351,Trivanga Bhasma,/p/trivanga-bhasma.html,"A classical formulation of tin, lead, and zinc, used for diabetes and diseases of the urinary tract.",Kapha|Pitta,Vata,False,Tikta|Kashaya,Laghu|Ruksha,Ushna,Katu,Pramehaghna|Vrishya,OBSERVED:AMIDHA_CC_BY_4_0
A0352,Nag Bhasma,/p/nag-bhasma.html,"Purified lead ash used in minute doses for diabetes, skin diseases, and digestive issues.",Kapha|Vata,Pitta,False,Madhura|Tikta,Guru,Ushna,Katu,Pramehaghna|Grahi,OBSERVED:AMIDHA_CC_BY_4_0
A0353,Mrigashringa Bhasma,/p/mrigashringa-bhasma.html,"Ash from deer horn is specifically used for respiratory conditions like pneumonia, pleurisy, and chest pain.",Kapha|Vata,Pitta,False,Kashaya|Madhura,Laghu|Ruksha,Ushna,Katu,Hridaya|Kasahara,OBSERVED:AMIDHA_CC_BY_4_0
A0354,Haratala Bhasma,/p/haratala-bhasma.html,"Purified arsenic trisulphide is a potent medicine for skin diseases, cough, and fever, used with extreme caution.",Kapha|Vata,Pitta,False,Katu|Kashaya,Tikshna|Ruksha,Ushna,Katu,Kushtaghna|Jwaraghna,OBSERVED:AMIDHA_CC_BY_4_0
A0355,Manashila,/p/manashila.html,"Purified arsenic disulphide, used for respiratory diseases, skin conditions, and as a rejuvenator.",Kapha|Vata,Pitta,False,Tikta|Katu,Guru|Snigdha,Ushna,Katu,rasayan|Kasahara|Lekhana,OBSERVED:AMIDHA_CC_BY_4_0
A0356,Tuttha,/p/tuttha.html,Purified copper sulphate is used in minute doses as an emetic and for skin diseases.,Kapha|Vata,Pitta,False,Kashaya|Katu,Laghu|Tikshna,Ushna,Katu,Vamana|Lekhana|Kushtaghna,OBSERVED:AMIDHA_CC_BY_4_0
A0357,Agastya,/p/agastya.html,Sesbania grandiflora flowers and leaves are used for their cooling properties and in treating night blindness.,Pitta,Vata|Kapha,False,Tikta,Laghu|Ruksha,Sheeta,Katu,Jwaraghna|Chakshushya,OBSERVED:AMIDHA_CC_BY_4_0
A0358,Amra Haridra,/p/amra-haridra.html,Mango Ginger (Curcuma amada) looks like ginger but smells like raw mango. It is a carminative and appetizer.,Pitta|Kapha,Vata,False,Tikta,Laghu,Sheeta,Madhura,Deepana|Pachana,OBSERVED:AMIDHA_CC_BY_4_0
A0359,Chavika,/p/chavika.html,"Piper chaba, a relative of Pippali, is a potent digestive stimulant used to treat indigestion and abdominal pain.",Vata|Kapha,Pitta,False,Katu,Laghu|Ruksha,Ushna,Katu,Deepana|Pachana|Shoolaghna,OBSERVED:AMIDHA_CC_BY_4_0
A0360,Raktamoola,/p/raktamoola.html,The red variety of Chitrak (Plumbago rosea) is a more potent digestive and metabolic stimulant.,Kapha|Vata,Pitta,False,Katu,Laghu|Tikshna,Ushna,Katu,Deepana|Pachana|Lekhana,OBSERVED:AMIDHA_CC_BY_4_0
A0361,Swarna Bhasma,/p/swarna-bhasma.html,"The legendary ash of purified Gold, considered the ultimate rejuvenator (rasayana) for promoting longevity, immunity, and intellect.",tridosha,,True,Madhura|Kashaya,Guru|Snigdha,Sheeta,Madhura,rasayan|Medhya|Hridaya|Vrishya,OBSERVED:AMIDHA_CC_BY_4_0
A0362,Raupya Bhasma,/p/raupya-bhasma.html,"Purified Silver ash is a powerful nervine tonic and cooling agent, used for neurological and Pitta-related disorders.",Vata|Pitta,Kapha,False,Kashaya|Amla,Snigdha,Sheeta,Madhura,Medhya|rasayan|Balya,OBSERVED:AMIDHA_CC_BY_4_0
A0363,Kasis Bhasma,/p/kasis-bhasma.html,"Purified Ferrous Sulfate ash is a potent hematinic, used to treat anemia and support liver and spleen health.",Kapha|Vata,Pitta,False,Kashaya|Amla,Guru,Ushna,Katu,Raktavardhak|Yakrituttejaka,OBSERVED:AMIDHA_CC_BY_4_0
A0364,Giloy Satva,/p/giloy-satva.html,"A starch extract of Giloy, it is a highly concentrated immunomodulator and febrifuge, gentle on the stomach.",Pitta,Vata,False,Madhura,Laghu|Snigdha,Sheeta,Madhura,Jwaraghna|rasayan|Deepana,OBSERVED:AMIDHA_CC_BY_4_0
A0365,Amra Beeja,/p/amra-beeja.html,"Mango seed is a powerful astringent, used to control diarrhea, dysentery, and bleeding disorders.",Pitta|Kapha,Vata,False,Kashaya,Laghu|Ruksha,Sheeta,Katu,Grahi|Raktastambhana,OBSERVED:AMIDHA_CC_BY_4_0
A0366,Jambu Beeja,/p/jambu-beeja.html,The seed of Jamun fruit is a specific remedy for managing diabetes and has strong astringent properties.,Pitta|Kapha,Vata,False,Kashaya,Laghu|Ruksha,Sheeta,Katu,Pramehaghna|Grahi,OBSERVED:AMIDHA_CC_BY_4_0
A0367,Dadima Twak,/p/dadima-twak.html,"Pomegranate rind is a potent astringent used for treating diarrhea, dysentery, and intestinal parasites.",Pitta|Kapha,Vata,False,Kashaya,Laghu|Ruksha,Ushna,Katu,Grahi|Krimighna,OBSERVED:AMIDHA_CC_BY_4_0
A0368,Nimba Patra,/p/nimba-patra.html,"Neem leaf is a premier blood purifier and anti-bacterial herb, used for skin diseases, fever, and dental health.",Pitta|Kapha,Vata,False,Tikta,Laghu|Ruksha,Sheeta,Katu,Kushtaghna|Jwaraghna|Raktashodhak,OBSERVED:AMIDHA_CC_BY_4_0
A0369,Bilva Majja,/p/bilva-majja.html,"The pulp of unripe Bael fruit is a powerful astringent for chronic diarrhea, while ripe fruit pulp is a laxative.",Vata|Kapha,Pitta,False,Kashaya|Tikta,Laghu|Ruksha,Ushna,Katu,Grahi|Deepana|Pachana,OBSERVED:AMIDHA_CC_BY_4_0
A0370,Mudgaparni,/p/mudgaparni.html,"Vigna trilobata is a cooling, strengthening herb, considered a rejuvenative (rasayana) and aphrodisiac.",Vata|Pitta,Kapha,False,Madhura,Laghu|Snigdha,Sheeta,Madhura,Jivaniya|Vrishya|Chakshushya,OBSERVED:AMIDHA_CC_BY_4_0
A0371,Mashaparni,/p/mashaparni.html,"Teramnus labialis is a nutritive tonic used for building tissues, improving strength, and calming the nerves.",Vata|Pitta,Kapha,False,Madhura,Guru|Snigdha,Sheeta,Madhura,Brimhaniya|Balya|Shukrala,OBSERVED:AMIDHA_CC_BY_4_0
A0372,Nili,/p/nili.html,"Indigofera tinctoria (Indigo) is used for promoting hair growth, treating liver disorders, and as an anti-toxic.",Vata|Kapha,Pitta,False,Tikta,Ruksha,Ushna,Katu,Keshya|Vishaghna|Yakrituttejaka,OBSERVED:AMIDHA_CC_BY_4_0
A0373,Vrihi,/p/vrihi.html,"Rice is considered nourishing, strength-promoting, and easy to digest, forming the staple of an Ayurvedic diet.",Pitta,Vata|Kapha,False,Madhura,Guru|Snigdha,Sheeta,Madhura,Brimhaniya|Balya|Mutrala,OBSERVED:AMIDHA_CC_BY_4_0
A0374,Yavasa,/p/yavasa.html,"Alhagi camelorum is a cooling, astringent herb used for bleeding disorders and pacifying Pitta.",Pitta|Kapha,Vata,False,Madhura|Kashaya|Tikta,Laghu,Sheeta,Katu,Raktastambhana|Dahashamana,OBSERVED:AMIDHA_CC_BY_4_0
A0375,Utpala,/p/utpala.html,"The Blue Lotus (Nymphaea nouchali) is a cooling, calming herb for the heart and mind, used to relieve burning sensations.",Pitta,Vata|Kapha,False,Madhura|Kashaya,Laghu|Snigdha,Sheeta,Madhura,Hridaya|Dahashamana|rasayan,OBSERVED:AMIDHA_CC_BY_4_0
A0376,Shara,/p/shara.html,"Saccharum munja is a cooling diuretic, used in urinary tract disorders and to quench excessive thirst.",Vata|Pitta,Kapha,False,Madhura|Kashaya,Snigdha,Sheeta,Madhura,Mutrala|Raktapittahara,OBSERVED:AMIDHA_CC_BY_4_0
A0377,Shankhini,/p/shankhini.html,"Canscora decussata is a nervine tonic similar to Shankhpushpi, used for improving memory and intellect.",Vata|Pitta,Kapha,False,Tikta,Laghu|Snigdha,Ushna,Katu,Medhya|Virechana,OBSERVED:AMIDHA_CC_BY_4_0
A0378,Shana,/p/shana.html,Crotalaria juncea is used in Ayurveda for its astringent properties to manage bleeding disorders.,Pitta|Kapha,Vata,False,Kashaya,Ruksha,Sheeta,Katu,Raktastambhana,OBSERVED:AMIDHA_CC_BY_4_0
A0379,Shaka,/p/shaka.html,"Teak (Tectona grandis) wood is used for its cooling and astringent properties, helpful in skin and bleeding disorders.",Pitta|Kapha,Vata,False,Kashaya,Laghu|Ruksha,Sheeta,Katu,Grahi|Kushtaghna,OBSERVED:AMIDHA_CC_BY_4_0
A0380,Renuka,/p/renuka.html,"Vitex agnus-castus is renowned for its effect on female hormones, helping to regulate menstruation.",Vata|Kapha,Pitta,False,Katu|Tikta,Laghu|Ruksha,Ushna,Katu,Deepana|Vatahara,OBSERVED:AMIDHA_CC_BY_4_0
A0381,Prativisha,/p/prativisha.html,"Aconitum palmatum is a non-toxic variety of Aconite, used as an alternative to Ativisha for fever and digestion.",Pitta|Kapha,Vata,False,Tikta,Laghu|Ruksha,Ushna,Katu,Deepana|Jwaraghna,OBSERVED:AMIDHA_CC_BY_4_0
A0382,Prapunnada,/p/prapunnada.html,"Cassia tora (Chakramarda) is a potent herb for treating skin diseases, especially fungal infections like ringworm.",Vata|Kapha,Pitta,False,Katu,Laghu|Ruksha,Ushna,Katu,Kushtaghna|Krimighna,OBSERVED:AMIDHA_CC_BY_4_0
A0383,Nadi Hingu,/p/nadi-hingu.html,"Gardenia gummifera resin is used as an antispasmodic and for digestive complaints, similar to Hingu.",Vata|Kapha,Pitta,False,Katu|Tikta,Laghu|Tikshna,Ushna,Katu,Shoolaghna|Deepana,OBSERVED:AMIDHA_CC_BY_4_0
A0384,Lata Kasturi,/p/lata-kasturi.html,Abelmoschus moschatus seeds are an aphrodisiac and are used as a tonic for the urinary system.,Vata|Pitta,Kapha,False,Madhura|Tikta,Laghu|Snigdha,Sheeta,Madhura,Vrishya|Mutrala,OBSERVED:AMIDHA_CC_BY_4_0
A0385,Lakuca,/p/lakuca.html,Artocarpus lakoocha is an astringent fruit used to improve digestion and act as a liver tonic.,Kapha|Pitta,Vata,False,Amla|Kashaya,Guru,Ushna,Amla,Deepana|Yakrituttejaka,OBSERVED:AMIDHA_CC_BY_4_0
A0386,Karnikara,/p/karnikara.html,Pterospermum acerifolium is used for its anti-inflammatory and wound-healing properties.,Pitta|Kapha,Vata,False,Kashaya,Laghu|Ruksha,Sheeta,Katu,Shothahara|Vranaropana,OBSERVED:AMIDHA_CC_BY_4_0
A0387,Kankataka,/p/kankataka.html,Flacourtia indica is used as a digestive stimulant and for treating cough and respiratory ailments.,Vata|Kapha,Pitta,False,Amla,Laghu,Ushna,Amla,Deepana|Kasahara,OBSERVED:AMIDHA_CC_BY_4_0
A0388,Kalamba,/p/kalamba.html,Ipomoea reptans is a leafy green that promotes lactation and acts as a general tonic.,Vata|Pitta,Kapha,False,Madhura,Guru|Snigdha,Sheeta,Madhura,Stanyajanana|Balya,OBSERVED:AMIDHA_CC_BY_4_0
A0389,Kakatikta,/p/kakatikta.html,"Luffa amara, a wild variety of Luffa, is a potent liver stimulant and purgative.",Pitta|Kapha,Vata,False,Tikta,Laghu|Tikshna,Ushna,Katu,Yakrituttejaka|Virechana,OBSERVED:AMIDHA_CC_BY_4_0
A0390,Kadara,/p/kadara.html,"Acacia suma, a variety of Khadira, is used for its potent effects on skin diseases.",Pitta|Kapha,Vata,False,Kashaya|Tikta,Laghu|Ruksha,Sheeta,Katu,Kushtaghna|Raktashodhak,OBSERVED:AMIDHA_CC_BY_4_0
A0391,Jalavetasa,/p/jalavetasa.html,Salix tetrasperma is an anti-inflammatory and analgesic herb used for pain and swelling.,Pitta|Kapha,Vata,False,Tikta,Laghu,Sheeta,Katu,Shothahara|Vedanasthapana,OBSERVED:AMIDHA_CC_BY_4_0
A0392,Hijal,/p/hijal.html,Barringtonia acutangula is an astringent used for treating diarrhea and bleeding disorders.,Pitta|Kapha,Vata,False,Kashaya|Katu,Laghu|Ruksha,Sheeta,Katu,Grahi|Raktastambhana,OBSERVED:AMIDHA_CC_BY_4_0
A0393,Hastikarna Palasha,/p/hastikarna-palasha.html,"Leea macrophylla is used for its anti-inflammatory and diuretic properties, especially in filariasis.",Kapha|Vata,Pitta,False,Kashaya,Laghu|Ruksha,Ushna,Katu,Shothahara|Krimighna,OBSERVED:AMIDHA_CC_BY_4_0
A0394,Dhanyamla,/p/dhanyamla.html,"A fermented liquid prepared from grains, used in a specialized therapy (Dhanyamla Dhara) for Vata disorders and inflammation.",Vata|Kapha,Pitta,False,Amla,Laghu|Tikshna,Ushna,Amla,Vatahara|Shothahara|Deepana,OBSERVED:AMIDHA_CC_BY_4_0
A0395,Dhattura Beeja,/p/dhattura-beeja.html,"The seeds of Dhattura are more potent than the leaves, used after purification for severe asthma and pain.",Kapha|Vata,Pitta,False,Tikta|Katu,Laghu|Ruksha,Ushna,Katu,Shwasahara|Vedanasthapana,OBSERVED:AMIDHA_CC_BY_4_0
A0396,Chitraka Moola,/p/chitraka-moola.html,"The root of Chitrak is the most potent part, a powerful digestive stimulant that must be used with care.",Kapha|Vata,Pitta,False,Katu,Laghu|Tikshna,Ushna,Katu,Deepana|Pachana|Arshoghna,OBSERVED:AMIDHA_CC_BY_4_0
A0397,Changeri Ghrita,/p/changeri-ghrita.html,"Medicated ghee of Changeri is a specific remedy for digestive disorders like IBS, bloating, and prolapse.",Vata|Kapha,Pitta,False,Amla|Kashaya,Laghu|Snigdha,Ushna,Amla,Grahi|Deepana,OBSERVED:AMIDHA_CC_BY_4_0
A0398,Bhringaraja Svarasa,/p/bhringaraja-Svarasa.html,The fresh juice of Bhringraj is a potent liver tonic and is used in Nasya therapy for hair and sensory organ health.,Vata|Pitta,Kapha,False,Tikta|Katu,Laghu|Ruksha,Ushna,Katu,Yakrituttejaka|Keshya,OBSERVED:AMIDHA_CC_BY_4_0
A0399,Bhallataka Taila,/p/bhallataka-taila.html,Oil of purified Bhallataka is used externally for Vata disorders like arthritis and sciatica.,Vata|Kapha,Pitta,False,Katu|Tikta,Snigdha|Tikshna,Ushna,Madhura,Vatahara|Shothahara,OBSERVED:AMIDHA_CC_BY_4_0
A0400,Arka Pushpa,/p/arka-pushpa.html,"The flower of Arka is used for its digestive and respiratory benefits, considered less potent than the latex.",Vata|Kapha,Pitta,False,Tikta|Katu,Laghu,Ushna,Katu,Deepana|Kasahara,OBSERVED:AMIDHA_CC_BY_4_0
A0401,Ambasthaki,/p/ambasthaki.html,Hibiscus sabdariffa is used as a cooling diuretic and a heart-healthy tonic.,Pitta,Vata|Kapha,False,Amla|Madhura,Laghu,Sheeta,Amla,Hridaya|Mutrala,OBSERVED:AMIDHA_CC_BY_4_0
A0402,Agnijara,/p/agnijara.html,Salvia plebeia is a diuretic and anti-inflammatory herb used in urinary and digestive complaints.,Kapha|Vata,Pitta,False,Tikta|Katu,Laghu|Ruksha,Ushna,Katu,Mutrala|Deepana,OBSERVED:AMIDHA_CC_BY_4_0
A0403,Kharbhuja,/p/kharbhuja.html,"Musk melon is a cooling, diuretic fruit that effectively pacifies Pitta and relieves fatigue.",Pitta,Vata|Kapha,False,Madhura,Guru|Snigdha,Sheeta,Madhura,Mutrala|Balya,OBSERVED:AMIDHA_CC_BY_4_0
A0404,Shrigataka,/p/shrigataka.html,"Water Chestnut (Singhara) is a nourishing, cooling, and aphrodisiac food, useful in bleeding disorders.",Pitta,Vata|Kapha,False,Madhura|Kashaya,Guru|Snigdha,Sheeta,Madhura,Vrishya|Grahi|Raktapittahara,OBSERVED:AMIDHA_CC_BY_4_0
A0405,Tala,/p/tala.html,"The Palmyra Palm fruit is a cooling, nourishing tonic that pacifies Pitta and enhances strength.",Vata|Pitta,Kapha,False,Madhura,Guru|Snigdha,Sheeta,Madhura,Balya|Brimhaniya,OBSERVED:AMIDHA_CC_BY_4_0
A0406,Tilaparni,/p/tilaparni.html,Gynandropsis pentaphylla is a stimulating herb used for digestive issues and to relieve pain.,Vata|Kapha,Pitta,False,Katu,Laghu|Tikshna,Ushna,Katu,Deepana|Shoolaghna,OBSERVED:AMIDHA_CC_BY_4_0
A0407,Varshabhu,/p/varshabhu.html,"Trianthema portulacastrum, a variety of Punarnava, is a potent diuretic and anti-inflammatory.",Pitta|Kapha,Vata,False,Tikta|Kashaya,Laghu|Ruksha,Sheeta,Katu,Mutrala|Shothahara,OBSERVED:AMIDHA_CC_BY_4_0
A0408,Jahar Mohra Pishti,/p/jahar-mohra-pishti.html,"Processed Serpentine stone is a cooling, Pitta-pacifying remedy used for digestive issues and as an anti-toxic.",Pitta,Vata|Kapha,False,Madhura,Ruksha,Sheeta,Madhura,Amlapittahara|Vishaghna|Hridaya,OBSERVED:AMIDHA_CC_BY_4_0
A0409,Akika Pishti,/p/akika-pishti.html,"Processed Agate gem is a potent cardiotonic and Pitta pacifier, used for heart health and bleeding disorders.",Pitta,Vata|Kapha,False,Madhura,Ruksha,Sheeta,Madhura,Hridaya|Raktastambhana,OBSERVED:AMIDHA_CC_BY_4_0
A0410,Triphala Churna,/p/triphala-churna.html,"The classic blend of Amla, Haritaki, & Bibhitaki. A tridoshic rasayana that cleanses the colon and supports overall health.",tridosha,,True,Kashaya|Amla|Katu|Tikta|Madhura,Laghu|Ruksha,Sheeta,Madhura,rasayan|Chakshushya|Virechana,OBSERVED:AMIDHA_CC_BY_4_0
A0411,Trikatu Churna,/p/trikatu-churna.html,"A blend of Shunthi, Pippali, and Maricha. A powerful digestive stimulant that burns ama and pacifies Kapha.",Kapha|Vata,Pitta,False,Katu,Laghu|Tikshna,Ushna,Katu,Deepana|Pachana|Lekhana,OBSERVED:AMIDHA_CC_BY_4_0
A0412,Sitopaladi Churna,/p/sitopaladi-churna.html,"A famous formulation for respiratory issues, especially cough and cold, with a cooling and expectorant action.",Pitta|Kapha,Vata,False,Madhura,Laghu,Sheeta,Madhura,Kasahara|Shwasahara,OBSERVED:AMIDHA_CC_BY_4_0
A0413,Avipattikar Churna,/p/avipattikar-churna.html,"A classical remedy for hyperacidity, heartburn, and other Pitta-related digestive issues.",Pitta,Vata,False,Tikta|Madhura,Laghu,Sheeta,Madhura,Amlapittahara|Virechana,OBSERVED:AMIDHA_CC_BY_4_0
A0414,Hingvashtak Churna,/p/hingvashtak-churna.html,"A premier carminative formula for Vata digestive issues like gas, bloating, and abdominal pain.",Vata|Kapha,Pitta,False,Katu|Lavana,Laghu|Tikshna,Ushna,Katu,Deepana|Pachana|Vatanulomana,OBSERVED:AMIDHA_CC_BY_4_0
A0415,Lavan Bhaskar Churna,/p/lavan-bhaskar-churna.html,"A salt-based digestive stimulant used for loss of appetite, indigestion, and constipation.",Vata|Kapha,Pitta,False,Lavana|Katu,Laghu|Tikshna,Ushna,Katu,Deepana|Pachana|Virechana,OBSERVED:AMIDHA_CC_BY_4_0
A0416,Dashamularishta,/p/dashamularishta.html,"A fermented tonic of ten roots (Dashamoola), used as a general health tonic, especially post-delivery and for Vata disorders.",Vata,Pitta,False,Kashaya|Madhura,Guru,Ushna,Madhura,Balya|Vatahara|rasayan,OBSERVED:AMIDHA_CC_BY_4_0
A0417,Chyawanprash,/p/chyawanprash.html,"A famous rejuvenative jam with Amla as its base. It boosts immunity, strengthens the respiratory system, and enhances vitality.",Vata|Kapha,Pitta,False,Amla|Madhura|Kashaya,Guru|Snigdha,Ushna,Madhura,rasayan|Balya|Kasahara,OBSERVED:AMIDHA_CC_BY_4_0
A0418,Chandraprabha Vati,/p/chandraprabha-vati.html,"A classical tablet used for a wide range of urinary, reproductive, and metabolic disorders. It is a potent detoxifier.",Kapha|Vata,Pitta,False,Tikta|Katu,Laghu,Ushna,Katu,Pramehaghna|Mutrala|Lekhana,OBSERVED:AMIDHA_CC_BY_4_0
A0419,Arogyavardhini Vati,/p/arogyavardhini-vati.html,"'The enhancer of good health', this tablet is a powerful liver tonic and is used for a wide range of chronic diseases.",tridosha,,True,Tikta|Kashaya,Laghu|Ruksha,Ushna,Katu,Yakrituttejaka|Deepana|Kushtaghna,OBSERVED:AMIDHA_CC_BY_4_0
A0420,Sanjivani Vati,/p/sanjivani-vati.html,"'The one that infuses life', this formulation is used to burn ama (toxins) and treat fever, cold, and digestive upsets.",Vata|Kapha,Pitta,False,Tikta|Katu,Laghu|Ruksha,Ushna,Katu,Amapachana|Jwaraghna|Vishaghna,OBSERVED:AMIDHA_CC_BY_4_0
A0421,Gandhak rasayan,/p/gandhak-rasayan.html,"A formulation of purified sulfur, it is a potent medicine for skin diseases, allergies, and blood purification.",Pitta|Kapha,Vata,False,Madhura,Snigdha,Sheeta,Madhura,rasayan|Kushtaghna|Raktashodhak,OBSERVED:AMIDHA_CC_BY_4_0
A0422,Kaishore Guggul,/p/kaishore-guggul.html,"A Guggulu preparation for balancing Pitta and Vata, used for gout, arthritis, and skin diseases.",Pitta|Vata,Kapha,False,Tikta|Kashaya,Laghu,Ushna,Katu,Raktashodhak|Vatahara|Kushtaghna,OBSERVED:AMIDHA_CC_BY_4_0
A0423,Mahayograj Guggul,/p/mahayograj-guggul.html,"A highly potent Guggulu formulation for chronic Vata disorders like arthritis, sciatica, and nerve pain.",Vata,Pitta,False,Tikta|Katu,Laghu|Ruksha,Ushna,Katu,Vatahara|Amapachana|Shoolaghna,OBSERVED:AMIDHA_CC_BY_4_0
A0424,Kumaryasava,/p/kumaryasava.html,"A fermented tonic with Aloe Vera as its base, used for liver disorders, menstrual problems, and loss of appetite.",Kapha|Pitta,Vata,False,Tikta|Katu,Laghu|Tikshna,Ushna,Katu,Yakrituttejaka|Deepana,OBSERVED:AMIDHA_CC_BY_4_0
A0425,Saraswatarishta,/p/saraswatarishta.html,"A famous brain tonic containing Brahmi, used to improve memory, concentration, and calm the mind.",Vata|Pitta,Kapha,False,Madhura|Tikta,Laghu,Sheeta,Madhura,Medhya|rasayan,OBSERVED:AMIDHA_CC_BY_4_0
A0426,Brahmi Vati,/p/brahmi-vati.html,"A tablet form of Brahmi and other nervine herbs, used for anxiety, insomnia, and to enhance mental function.",Vata|Pitta,Kapha,False,Tikta,Laghu,Sheeta,Madhura,Medhya|Nidrajanana,OBSERVED:AMIDHA_CC_BY_4_0
A0427,Saptamrit Lauh,/p/saptamrit-lauh.html,"An iron-based formulation specifically for eye and hair health, improving vision and preventing premature graying.",Pitta,Vata,False,Madhura|Tikta,Laghu,Sheeta,Madhura,Chakshushya|Keshya,OBSERVED:AMIDHA_CC_BY_4_0
A0428,Swarna Vasant Malti Ras,/p/swarna-vasant-malti-ras.html,"A precious formulation containing gold, used as a powerful immunomodulator for chronic fevers and debility.",tridosha,,True,Madhura|Tikta,Snigdha,Sheeta,Madhura,rasayan|Jwaraghna|Vrishya,OBSERVED:AMIDHA_CC_BY_4_0
A0429,Makaradhwaj Vati,/p/makaradhwaj-vati.html,"A famous aphrodisiac and rejuvenative formulation, used to enhance vitality, strength, and sexual wellness.",Vata|Kapha,Pitta,False,Madhura,Snigdha,Ushna,Madhura,Vrishya|rasayan|Hridaya,OBSERVED:AMIDHA_CC_BY_4_0
A0430,Brahma rasayana,/p/brahma-rasayana.html,"A powerful rejuvenative jam for the mind, enhancing memory, intelligence, and promoting longevity.",Vata|Pitta,Kapha,False,Madhura,Guru|Snigdha,Sheeta,Madhura,Medhya|rasayan,OBSERVED:AMIDHA_CC_BY_4_0
A0431,Agastya Haritaki rasayana,/p/agastya-haritaki-rasayana.html,"A classical formulation for chronic respiratory problems like asthma, bronchitis, and allergies.",Vata|Kapha,Pitta,False,Kashaya|Madhura,Guru,Ushna,Madhura,Kasahara|Shwasahara|rasayan,OBSERVED:AMIDHA_CC_BY_4_0
A0432,Anu Taila,/p/anu-taila.html,"A classical medicated oil used for Nasya therapy to treat diseases of the head, neck, sinuses, and sensory organs.",Vata|Kapha,Pitta,False,Madhura|Katu,Snigdha,Ushna,Madhura,Vatahara|Keshya|Chakshushya,OBSERVED:AMIDHA_CC_BY_4_0
A0433,Narayana Thailam,/p/narayana-thailam.html,"A famous and versatile medicated oil for all types of Vata disorders, especially arthritis, paralysis, and nerve pain.",Vata,Pitta,False,Madhura|Tikta,Guru|Snigdha,Ushna,Madhura,Vatahara|Balya|Shoolaghna,OBSERVED:AMIDHA_CC_BY_4_0
A0434,Kshirabala Thailam,/p/kshirabala-thailam.html,"A nourishing and cooling oil made with Bala and milk, excellent for neurological Vata disorders, insomnia, and pain.",Vata|Pitta,Kapha,False,Madhura,Guru|Snigdha,Sheeta,Madhura,Vatahara|rasayan|Balya,OBSERVED:AMIDHA_CC_BY_4_0
A0435,Dhanwantaram Thailam,/p/dhanwantaram-thailam.html,"A versatile oil for Vata conditions, widely used pre and post-natal, for arthritis, and neurological issues.",Vata,Pitta,False,Kashaya|Madhura,Guru|Snigdha,Ushna,Madhura,Vatahara|Shoolaghna,OBSERVED:AMIDHA_CC_BY_4_0
A0436,Kumkumadi Thailam,/p/kumkumadi-thailam.html,"A renowned facial oil made with Saffron and other herbs to improve complexion, reduce blemishes, and add glow.",Pitta|Vata,Kapha,False,Madhura|Tikta,Snigdha,Sheeta,Madhura,Varnya|Kushtaghna,OBSERVED:AMIDHA_CC_BY_4_0
A0437,Neelibringadi Thailam,/p/neelibringadi-thailam.html,"A famous herbal hair oil for promoting hair growth, preventing hair fall, and delaying premature graying.",Pitta,Vata|Kapha,False,Tikta|Kashaya,Snigdha,Sheeta,Katu,Keshya|Chakshushya,OBSERVED:AMIDHA_CC_BY_4_0
A0438,Murivenna,/p/murivenna.html,"'Wound Oil', this is a famous first-aid remedy for cuts, burns, sprains, and fractures.",Vata|Pitta,Kapha,False,Tikta,Snigdha,Sheeta,Katu,Vranaropana|Sandhanakaraka,OBSERVED:AMIDHA_CC_BY_4_0
A0439,Pinda Thailam,/p/pinda-thailam.html,A cooling oil used topically to relieve the pain and burning sensation of gout and Pitta-type arthritis.,Pitta,Vata|Kapha,False,Madhura,Snigdha,Sheeta,Madhura,Dahashamana|Vatahara,OBSERVED:AMIDHA_CC_BY_4_0
A0440,Sahacharadi Thailam,/p/sahacharadi-thailam.html,"A medicated oil primarily used for Vata disorders affecting the lower limbs, like sciatica and varicose veins.",Vata,Pitta,False,Tikta|Kashaya,Snigdha,Ushna,Katu,Vatahara|Shoolaghna,OBSERVED:AMIDHA_CC_BY_4_0
A0441,Eladi Thailam,/p/eladi-thailam.html,"An aromatic oil used for skin detoxification and improving complexion, especially for Kapha and Vata skin types.",Kapha|Vata,Pitta,False,Madhura|Katu,Laghu,Sheeta,Madhura,Varnya|Kushtaghna,OBSERVED:AMIDHA_CC_BY_4_0
A0442,Brahmi Ghritam,/p/brahmi-ghritam.html,"Medicated ghee with Brahmi, a powerful brain tonic for improving memory, intelligence, and speech.",Vata|Pitta,Kapha,False,Tikta|Madhura,Guru|Snigdha,Sheeta,Madhura,Medhya|rasayan,OBSERVED:AMIDHA_CC_BY_4_0
A0443,Talisadi Churna,/p/talisadi-churna.html,"A formulation similar to Sitopaladi but more heating, used for cough, cold, and digestive issues.",Vata|Kapha,Pitta,False,Katu|Madhura,Laghu,Ushna,Madhura,Kasahara|Deepana,OBSERVED:AMIDHA_CC_BY_4_0
A0444,Draksharishta,/p/draksharishta.html,"A fermented tonic of grapes, used for respiratory and digestive issues, and as a general strength-promoter.",Vata,Pitta,False,Madhura|Kashaya,Guru,Sheeta,Madhura,Kasahara|Balya|Deepana,OBSERVED:AMIDHA_CC_BY_4_0
A0445,Pippalyasava,/p/pippalyasava.html,"A fermented tonic with Pippali, used for malabsorption, digestive issues, and respiratory ailments.",Vata|Kapha,Pitta,False,Katu,Laghu|Tikshna,Ushna,Madhura,Deepana|Pachana|Grahi,OBSERVED:AMIDHA_CC_BY_4_0
A0446,Aravindasava,/p/aravindasava.html,"A classical pediatric tonic made with Lotus, used for improving digestion, strength, and immunity in children.",tridosha,,True,Madhura|Kashaya,Laghu,Sheeta,Madhura,Balya|Deepana|Pachana,OBSERVED:AMIDHA_CC_BY_4_0
A0447,Pradarantak Lauh,/p/pradarantak-lauh.html,An iron-based formulation specifically used for treating excessive menstrual bleeding (menorrhagia).,Pitta|Vata,Kapha,False,Kashaya,Guru,Sheeta,Katu,Raktastambhana|Vatahara,OBSERVED:AMIDHA_CC_BY_4_0
A0448,Hinguleshwar Ras,/p/hinguleshwar-ras.html,"A herbo-mineral formulation containing purified Cinnabar, used for fever and Vata disorders.",Vata|Kapha,Pitta,False,Tikta,Laghu,Ushna,Katu,Jwaraghna|Vatahara,OBSERVED:AMIDHA_CC_BY_4_0
A0449,Kottamchukkadi Thailam,/p/kottamchukkadi-thailam.html,"A South Indian medicated oil for external use on painful joints, inflammation, and stiffness due to Vata.",Vata|Kapha,Pitta,False,Katu|Tikta,Snigdha|Tikshna,Ushna,Katu,Vatahara|Shoolaghna,OBSERVED:AMIDHA_CC_BY_4_0
A0450,Lakshadi Thailam,/p/lakshadi-thailam.html,"A nourishing and strengthening massage oil, especially recommended for babies, children, and convalescing adults.",Vata|Pitta,Kapha,False,Madhura,Guru|Snigdha,Sheeta,Madhura,Balya|Brimhaniya,OBSERVED:AMIDHA_CC_BY_4_0
A0451,Triphaladi Thailam,/p/triphaladi-thailam.html,"An oil infused with Triphala, used for head massage to treat headache, hair fall, and diseases of the eyes, ears, and throat.",Vata|Pitta,Kapha,False,Kashaya,Snigdha,Sheeta,Madhura,Keshya|Chakshushya,OBSERVED:AMIDHA_CC_BY_4_0
A0452,Himasagara Thailam,/p/himasagara-thailam.html,"A highly cooling massage oil used for Pitta and Vata disorders, especially those with burning sensation and pain.",Pitta|Vata,Kapha,False,Madhura|Tikta,Snigdha|Guru,Sheeta,Madhura,Dahashamana|Vatahara,OBSERVED:AMIDHA_CC_BY_4_0
A0453,Sphatika Bhasma,/p/sphatika-bhasma.html,"Purified Alum ash is a powerful astringent and hemostatic, used for bleeding disorders and as an antiseptic.",Pitta|Kapha,Vata,False,Kashaya|Amla,Ruksha,Sheeta,Katu,Raktastambhana|Kushtaghna,OBSERVED:AMIDHA_CC_BY_4_0
A0454,Samudra Lavana,/p/samudra-lavana.html,"Common Sea Salt is heating and heavy, used as a digestive aid and laxative, but aggravates Pitta.",Vata,Pitta|Kapha,False,Lavana,Guru|Snigdha,Ushna,Madhura,Deepana|Virechana,OBSERVED:AMIDHA_CC_BY_4_0
A0455,Vida Lavana,/p/vida-lavana.html,"A type of Black Salt, it is light and heating, used to stimulate digestion and relieve bloating without causing water retention.",Vata,Pitta,False,Lavana|Katu,Laghu|Tikshna,Ushna,Katu,Deepana|Hridaya,OBSERVED:AMIDHA_CC_BY_4_0
A0456,Gorochana,/p/gorochana.html,Cow bezoar is a rare substance used as a nervine tonic and for treating fevers and poisoning.,Pitta|Kapha,Vata,False,Tikta,Laghu,Sheeta,Katu,Medhya|Vishaghna|Jwaraghna,OBSERVED:AMIDHA_CC_BY_4_0
A0457,Shukti Bhasma,/p/shukti-bhasma.html,"Oyster shell ash is a natural calcium source used for hyperacidity, ulcers, and digestive issues.",Vata|Pitta,Kapha,False,Katu,Laghu|Ruksha,Sheeta,Madhura,Amlapittahara|Shoolaghna,OBSERVED:AMIDHA_CC_BY_4_0
A0458,Varatika Bhasma,/p/varatika-bhasma.html,"Cowrie shell ash is an excellent antacid and digestive, used for colic, malabsorption, and bloating.",Vata|Kapha,Pitta,False,Katu,Laghu|Tikshna,Ushna,Madhura,Deepana|Pachana|Shoolaghna,OBSERVED:AMIDHA_CC_BY_4_0
A0459,Abhayarishta,/p/abhayarishta.html,"A fermented decoction with Haritaki. An excellent laxative and carminative, used for piles and constipation.",Vata,Pitta,False,Kashaya|Madhura,Laghu|Tikshna,Ushna,Madhura,Virechana|Deepana|Arshoghna,OBSERVED:AMIDHA_CC_BY_4_0
A0460,Amritarishta,/p/amritarishta.html,"A fermented decoction of Giloy, used for all types of fevers, boosting immunity, and as a general health tonic.",tridosha,,True,Tikta|Kashaya,Laghu,Ushna,Madhura,Jwaraghna|rasayan|Deepana,OBSERVED:AMIDHA_CC_BY_4_0
A0461,Arjunarishta,/p/arjunarishta.html,"A fermented decoction of Arjuna bark, it is a premier cardiotonic used to strengthen the heart and improve circulation.",Pitta|Kapha,Vata,False,Kashaya,Laghu,Sheeta,Katu,Hridaya|Balya,OBSERVED:AMIDHA_CC_BY_4_0
A0462,Ashokarishta,/p/ashokarishta.html,"A famous formulation with Ashoka bark, primarily used for female reproductive health, regulating menses, and relieving pain.",Pitta|Kapha,Vata,False,Kashaya|Tikta,Laghu,Sheeta,Katu,Yonirogahara|Raktastambhana,OBSERVED:AMIDHA_CC_BY_4_0
A0463,Balarishta,/p/balarishta.html,"A fermented tonic with Bala, it is a powerful nerve tonic used to treat Vata disorders, debility, and joint pain.",Vata,Pitta,False,Madhura,Guru|Snigdha,Ushna,Madhura,Vatahara|Balya|rasayan,OBSERVED:AMIDHA_CC_BY_4_0
A0464,Kutajarishta,/p/kutajarishta.html,"A fermented decoction of Kutaja, it is a specific remedy for diarrhea, dysentery, IBS, and other intestinal issues.",Pitta|Kapha,Vata,False,Kashaya|Tikta,Laghu|Ruksha,Sheeta,Katu,Grahi|Deepana|Arshoghna,OBSERVED:AMIDHA_CC_BY_4_0
A0465,Ushirasva,/p/ushirasva.html,"A cooling fermented tonic with Ushira (Vetiver), used for bleeding disorders, burning sensations, and skin diseases.",Pitta,Vata|Kapha,False,Tikta|Madhura,Laghu,Sheeta,Madhura,Raktapittahara|Dahashamana,OBSERVED:AMIDHA_CC_BY_4_0
A0466,Khadiradi Vati,/p/khadiradi-vati.html,"An astringent tablet with Khadira, used for mouth ulcers, sore throat, and other oral cavity problems.",Kapha|Pitta,Vata,False,Kashaya|Tikta,Ruksha,Sheeta,Katu,Grahi|Kushtaghna,OBSERVED:AMIDHA_CC_BY_4_0
A0467,Lavangadi Vati,/p/lavangadi-vati.html,"A tablet with Clove (Lavanga), used to soothe sore throats, cough, and freshen the breath.",Kapha|Vata,Pitta,False,Katu|Tikta,Laghu,Sheeta,Katu,Kasahara|Deepana,OBSERVED:AMIDHA_CC_BY_4_0
A0468,Vyoshadi Vati,/p/vyoshadi-vati.html,"A pungent tablet containing Trikatu, used for cough, cold, rhinitis, and to clear sinus congestion.",Kapha|Vata,Pitta,False,Katu,Laghu|Tikshna,Ushna,Katu,Kasahara|Deepana,OBSERVED:AMIDHA_CC_BY_4_0
A0469,Dadimashtaka Churna,/p/dadimashtaka-churna.html,"A powder with Pomegranate, excellent for treating diarrhea, IBS, and improving digestive function.",Vata|Kapha,Pitta,False,Madhura|Kashaya|Amla,Laghu,Ushna,Madhura,Grahi|Deepana|Pachana,OBSERVED:AMIDHA_CC_BY_4_0
A0470,Pushyanuga Churna,/p/pushyanuga-churna.html,A classical formulation used for treating all types of gynecological bleeding disorders and diarrhea.,Pitta|Kapha,Vata,False,Kashaya,Laghu|Ruksha,Sheeta,Katu,Raktastambhana|Grahi,OBSERVED:AMIDHA_CC_BY_4_0
A0471,Phala Ghrita,/p/phala-ghrita.html,"A medicated ghee renowned as a tonic for the female reproductive system, used to promote fertility and successful conception.",Vata|Pitta,Kapha,False,Madhura,Guru|Snigdha,Sheeta,Madhura,Vrishya|rasayan,OBSERVED:AMIDHA_CC_BY_4_0
A0472,Mahatiktaka Ghrita,/p/mahatiktaka-ghrita.html,"A highly bitter medicated ghee used for a wide range of Pitta-dominant skin diseases, and for blood purification.",Pitta,Vata,False,Tikta,Snigdha,Sheeta,Katu,Kushtaghna|Raktashodhak|Vishaghna,OBSERVED:AMIDHA_CC_BY_4_0
A0473,Tapyadi Loha,/p/tapyadi-loha.html,"An iron-based formulation used for anemia, liver conditions, and as a general health tonic.",Pitta|Kapha,Vata,False,Tikta,Laghu|Ruksha,Ushna,Katu,Raktavardhak|Yakrituttejaka,OBSERVED:AMIDHA_CC_BY_4_0
A0474,Navayasa Loha,/p/navayasa-loha.html,"A classical iron formulation with nine herbs, used to treat anemia, skin diseases, and piles.",Pitta|Kapha,Vata,False,Katu|Tikta,Laghu|Ruksha,Ushna,Katu,Raktavardhak|Kushtaghna|Arshoghna,OBSERVED:AMIDHA_CC_BY_4_0
A0475,Hajrul Yahood Bhasma,/p/hajrul-yahood-bhasma.html,A fossilized stone ash used as a potent diuretic and for breaking down and expelling kidney and bladder stones.,Kapha,Vata|Pitta,False,Kashaya,Ruksha,Sheeta,Katu,Ashmaribhedana|Mutrala,OBSERVED:AMIDHA_CC_BY_4_0
A0476,Kaharuba Pishti,/p/kaharuba-pishti.html,"Processed Amber is a powerful hemostatic (stops bleeding), used for bleeding piles, menorrhagia, and ulcers.",Pitta,Vata|Kapha,False,Madhura,Snigdha,Sheeta,Madhura,Raktastambhana|Hridaya,OBSERVED:AMIDHA_CC_BY_4_0
A0477,Godhuma,/p/godhuma.html,"Wheat is a nourishing, strengthening, and Vata-pacifying grain, but its heavy nature can increase Kapha.",Vata,Kapha|Pitta,False,Madhura,Guru|Snigdha,Sheeta,Madhura,Balya|Brimhaniya|Vrishya,OBSERVED:AMIDHA_CC_BY_4_0
A0478,Dadhi,/p/dadhi.html,Yogurt/Curd is nourishing but also heavy and channel-blocking (abhishyandi). It is generally heating in nature.,Vata,Pitta|Kapha,False,Amla,Guru|Snigdha,Ushna,Amla,Deepana|Balya,OBSERVED:AMIDHA_CC_BY_4_0
A0479,Takra,/p/takra.html,"Buttermilk is highly praised in Ayurveda as 'heavenly nectar'. It is light, easy to digest, and treats many digestive disorders.",Vata|Kapha,Pitta,False,Kashaya|Amla,Laghu|Ruksha,Ushna,Madhura,Grahi|Deepana|Lekhana,OBSERVED:AMIDHA_CC_BY_4_0
A0480,Ksheera,/p/ksheera.html,"Milk (especially from cow) is a complete food, considered a vital rejuvenator (rasayana) that nourishes all tissues.",Vata|Pitta,Kapha,False,Madhura,Guru|Snigdha,Sheeta,Madhura,Jivaniya|rasayan|Stanyajanana,OBSERVED:AMIDHA_CC_BY_4_0
A0481,Lasuna Ksheerapaka,/p/lasuna-ksheerapaka.html,"Garlic milk is a specific preparation for Vata disorders like sciatica, joint pain, and bloating.",Vata|Kapha,Pitta,False,Katu|Madhura,Snigdha,Ushna,Madhura,Vatahara|Shoolaghna,OBSERVED:AMIDHA_CC_BY_4_0
A0482,Pippali Moola,/p/pippali-moola.html,"The root of the Long Pepper plant is a more potent digestive stimulant than the fruit, used for chronic indigestion.",Kapha|Vata,Pitta,False,Katu,Laghu|Ruksha|Tikshna,Ushna,Katu,Deepana|Pachana,OBSERVED:AMIDHA_CC_BY_4_0
A0483,Chitrakaharitaki,/p/chitrakaharitaki.html,"A formulation of Chitrak and Haritaki, used for chronic respiratory conditions with mucus and indigestion.",Kapha|Vata,Pitta,False,Katu|Kashaya,Laghu|Ruksha,Ushna,Katu,Kasahara|Deepana,OBSERVED:AMIDHA_CC_BY_4_0
A0484,Vasa Avaleha,/p/vasa-avaleha.html,"A jam-like preparation of Vasa, used for cough, asthma, bronchitis, and bleeding disorders.",Pitta|Kapha,Vata,False,Tikta|Kashaya,Snigdha,Sheeta,Katu,Kasahara|Raktapittahara,OBSERVED:AMIDHA_CC_BY_4_0
A0485,Kushmanda Avaleha,/p/kushmanda-avaleha.html,"A nourishing jam of Ash Gourd, used as a tonic to increase strength, stamina, and weight.",Vata|Pitta,Kapha,False,Madhura,Guru|Snigdha,Sheeta,Madhura,Brimhaniya|Balya|rasayan,OBSERVED:AMIDHA_CC_BY_4_0
A0486,Bilwadi Leha,/p/bilwadi-leha.html,"A jam-like preparation of Bael fruit, used to treat chronic diarrhea, vomiting, and loss of appetite.",Kapha|Vata,Pitta,False,Kashaya|Tikta,Laghu,Ushna,Katu,Grahi|Deepana,OBSERVED:AMIDHA_CC_BY_4_0
A0487,Gokshuradi Guggulu,/p/gokshuradi-guggulu.html,"A Guggulu formulation for the urinary system, used for kidney stones, UTIs, and prostate issues.",Vata|Pitta,Kapha,False,Tikta|Kashaya,Laghu,Sheeta,Madhura,Mutrala|Ashmaribhedana,OBSERVED:AMIDHA_CC_BY_4_0
A0488,Simhanada Guggulu,/p/simhanada-guggulu.html,A potent anti-inflammatory and detoxifying Guggulu formula for severe arthritis and skin diseases.,Vata|Pitta,Kapha,False,Tikta|Kashaya,Tikshna,Ushna,Katu,Vatahara|Amapachana|Kushtaghna,OBSERVED:AMIDHA_CC_BY_4_0
A0489,Triphala Guggulu,/p/triphala-guggulu.html,"Combines the benefits of Triphala and Guggulu. Excellent for detoxification, weight management, and joint health.",Kapha|Vata,Pitta,False,Tikta|Kashaya,Laghu|Ruksha,Ushna,Katu,Lekhana|Shothahara|Vranaropana,OBSERVED:AMIDHA_CC_BY_4_0
A0490,Yogaraja Guggulu,/p/yogaraja-guggulu.html,"A classical Guggulu formulation for Vata disorders, especially joint pain, stiffness, and neurological conditions.",Vata,Pitta,False,Tikta|Katu,Laghu|Ruksha,Ushna,Katu,Vatahara|Amapachana,OBSERVED:AMIDHA_CC_BY_4_0
A0491,Punarnavadi Guggulu,/p/punarnavadi-guggulu.html,"A Guggulu formulation with Punarnava, used for edema, gout, and other inflammatory conditions.",Kapha|Vata,Pitta,False,Tikta|Kashaya,Laghu|Ruksha,Ushna,Katu,Shothahara|Mutrala,OBSERVED:AMIDHA_CC_BY_4_0
A0492,Hinguvachadi Churna,/p/hinguvachadi-churna.html,"A powder with Hingu and Vacha, used for severe indigestion, bloating, and abdominal pain.",Vata|Kapha,Pitta,False,Katu|Lavana,Laghu|Tikshna,Ushna,Katu,Deepana|Pachana|Shoolaghna,OBSERVED:AMIDHA_CC_BY_4_0
A0493,Vaiswanara Churna,/p/vaiswanara-churna.html,"'The Universal Fire' powder, a strong digestive stimulant and laxative for ama and constipation.",Vata|Kapha,Pitta,False,Lavana|Katu,Laghu|Tikshna,Ushna,Katu,Deepana|Virechana,OBSERVED:AMIDHA_CC_BY_4_0
A0494,Kalyanaka Ghrita,/p/kalyanaka-ghrita.html,"A medicated ghee used as a brain tonic for psychological disorders, speech problems, and to improve memory.",Vata|Pitta,Kapha,False,Tikta|Madhura,Guru|Snigdha,Sheeta,Madhura,Medhya|rasayan,OBSERVED:AMIDHA_CC_BY_4_0
A0495,Indukantham Ghritam,/p/indukantham-ghritam.html,A famous South Indian ghee formulation for enhancing immunity and treating chronic fevers and debility.,Vata,Pitta,False,Madhura|Tikta,Snigdha,Ushna,Madhura,rasayan|Jwaraghna|Balya,OBSERVED:AMIDHA_CC_BY_4_0
A0496,Sukumaram Ghritam,/p/sukumaram-ghritam.html,"A medicated ghee primarily for gynecological disorders, hernia, and digestive issues. It is a gentle tonic.",Vata|Pitta,Kapha,False,Madhura|Tikta,Snigdha,Sheeta,Madhura,Vatahara|Yonirogahara,OBSERVED:AMIDHA_CC_BY_4_0
A0497,Guggulutiktakam Ghritam,/p/guggulutiktakam-ghritam.html,"A bitter ghee with Guggulu, used for chronic skin diseases, arthritis, and deep-seated inflammation.",Vata|Pitta,Kapha,False,Tikta,Snigdha,Sheeta,Katu,Kushtaghna|Vatahara|Raktashodhak,OBSERVED:AMIDHA_CC_BY_4_0
A0498,Mahakalyanaka Ghritam,/p/mahakalyanaka-ghritam.html,"A more potent version of Kalyanaka Ghrita, used for serious psychological conditions, infertility, and as a brain tonic.",Vata|Pitta,Kapha,False,Tikta|Madhura,Guru|Snigdha,Sheeta,Madhura,Medhya|rasayan|Vrishya,OBSERVED:AMIDHA_CC_BY_4_0
A0499,Vidaryadyasava,/p/vidaryadyasava.html,"A fermented tonic with Vidari, it is a cardiac tonic and general health promoter for emaciation and debility.",Vata|Pitta,Kapha,False,Madhura|Tikta,Guru,Sheeta,Madhura,Hridaya|Balya|Brimhaniya,OBSERVED:AMIDHA_CC_BY_4_0
A0500,Lodhrasva,/p/lodhrasva.html,"A fermented preparation of Lodhra, used for gynecological problems, anemia, and urinary disorders.",Pitta|Kapha,Vata,False,Kashaya,Laghu|Ruksha,Sheeta,Katu,Yonirogahara|Pramehaghna,OBSERVED:AMIDHA_CC_BY_4_0
A0501,Eladi Vati,/p/eladi-vati.html,"A tablet with Cardamom, used for cough, cold, sore throat, and bad breath.",Kapha|Vata,Pitta,False,Madhura|Katu,Laghu,Sheeta,Madhura,Kasahara|Deepana,OBSERVED:AMIDHA_CC_BY_4_0
A0502,Marichyadi Vati,/p/marichyadi-vati.html,"A pungent tablet with Black Pepper, very effective in clearing cough and congestion.",Kapha|Vata,Pitta,False,Katu,Laghu|Tikshna,Ushna,Katu,Kasahara|Shwasahara,OBSERVED:AMIDHA_CC_BY_4_0
A0503,Gangadhara Churna,/p/gangadhara-churna.html,A classical powder used specifically for diarrhea and dysentery (Atisara and Pravahika).,Vata|Pitta,Kapha,False,Kashaya|Tikta,Laghu|Ruksha,Sheeta,Katu,Grahi|Stambhana,OBSERVED:AMIDHA_CC_BY_4_0
A0504,Dadimadi Ghrita,/p/dadimadi-ghrita.html,"Medicated ghee with Pomegranate, used during pregnancy for nourishment and to treat anemia.",Vata|Pitta,Kapha,False,Madhura|Kashaya,Snigdha,Sheeta,Madhura,Hridaya|Garbhaposhaka,OBSERVED:AMIDHA_CC_BY_4_0
A0505,Eranda Paka,/p/eranda-paka.html,"A sweet preparation of Castor root, used for Vata disorders like low back pain, sciatica, and arthritis.",Vata,Pitta,False,Madhura|Katu,Guru|Snigdha,Ushna,Madhura,Vatahara|Shoolaghna,OBSERVED:AMIDHA_CC_BY_4_0
A0506,Manibhadra Guda,/p/manibhadra-guda.html,A jaggery-based formulation used as a laxative and for treating skin diseases and intestinal worms.,Kapha|Vata,Pitta,False,Tikta|Katu,Tikshna,Ushna,Katu,Virechana|Kushtaghna|Krimighna,OBSERVED:AMIDHA_CC_BY_4_0
A0507,Phala Kalyana Ghrita,/p/phala-kalyana-ghrita.html,A medicated ghee used in preconception care for both men and women to improve fertility and ensure a healthy progeny.,Vata|Pitta,Kapha,False,Madhura,Guru|Snigdha,Sheeta,Madhura,Vrishya|Garbhaposhaka,OBSERVED:AMIDHA_CC_BY_4_0
A0508,Vaikranta Bhasma,/p/vaikranta-bhasma.html,"Ash of Tourmaline is a potent rejuvenator, similar to diamond ash but more accessible. It enhances strength and vitality.",tridosha,,True,Madhura,Laghu|Snigdha,Sheeta,Madhura,rasayan|Balya|Vrishya,OBSERVED:AMIDHA_CC_BY_4_0
A0509,Gomeda Bhasma,/p/gomeda-bhasma.html,"Ash of Hessonite gem is used to improve digestion, appetite, and pacify the ill effects of Rahu in Vedic astrology.",Kapha|Vata,Pitta,False,Amla,Laghu|Tikshna,Ushna,Amla,Deepana|Pachana,OBSERVED:AMIDHA_CC_BY_4_0
A0510,Neelam Pishti,/p/neelam-pishti.html,"Paste of Sapphire gem is a powerful Pitta-pacifying agent, used for its cooling and calming effects.",Pitta,Vata|Kapha,False,Kashaya,Laghu,Sheeta,Katu,Dahashamana|Hridaya,OBSERVED:AMIDHA_CC_BY_4_0
A0511,Panna Pishti,/p/panna-pishti.html,"Paste of Emerald gem is a nervine tonic that calms the mind, improves intellect, and pacifies all three doshas.",tridosha,,True,Madhura,Laghu|Snigdha,Sheeta,Madhura,Medhya|Balya,OBSERVED:AMIDHA_CC_BY_4_0
A0512,Vajra Bhasma,/p/vajra-bhasma.html,"Ash of purified Diamond, the ultimate rejuvenator (rasayana) for promoting longevity, immunity, and intellect.",tridosha,,True,Madhura|Kashaya,Laghu|Snigdha,Sheeta,Madhura,rasayan|Vrishya|Hridaya|Medhya,OBSERVED:AMIDHA_CC_BY_4_0
A0513,Kamsya Bhasma,/p/kamsya-bhasma.html,"Ash of Bronze is used for intestinal worms, skin diseases, and to improve eyesight.",Pitta|Kapha,Vata,False,Tikta,Laghu|Ruksha,Ushna,Katu,Krimighna|Kushtaghna|Chakshushya,OBSERVED:AMIDHA_CC_BY_4_0
A0514,Arka Ksheera,/p/arka-ksheera.html,"The latex of the Arka plant is a very potent purgative and is used in minute, purified quantities for severe skin diseases.",Kapha|Vata,Pitta,False,Katu|Tikta,Tikshna,Ushna,Katu,Virechana|Kushtaghna,OBSERVED:AMIDHA_CC_BY_4_0
A0515,Eranda Moola,/p/eranda-moola.html,"The root of the Castor plant is a powerful anti-inflammatory and Vata-pacifying herb, used for pain and swelling.",Vata|Kapha,Pitta,False,Madhura,Guru|Snigdha,Ushna,Madhura,Vatahara|Shothahara,OBSERVED:AMIDHA_CC_BY_4_0
A0516,Hingupatri,/p/hingupatri.html,"The leaf of the Asafoetida plant is a digestive stimulant, though less potent than the resin (Hingu).",Vata|Kapha,Pitta,False,Katu,Laghu,Ushna,Katu,Deepana|Pachana,OBSERVED:AMIDHA_CC_BY_4_0
A0517,Snuhi Ksheera,/p/snuhi-ksheera.html,"The latex of Snuhi is an extremely potent purgative, used with great caution in Ayurveda for detoxification.",Kapha|Vata,Pitta,False,Katu,Tikshna|Guru,Ushna,Katu,Virechana|Lekhana,OBSERVED:AMIDHA_CC_BY_4_0
A0518,Kushmanda Svarasa,/p/kushmanda-Svarasa.html,"The fresh juice of Ash Gourd is a highly effective brain tonic and coolant, used to calm the mind.",Pitta|Vata,Kapha,False,Madhura,Laghu|Snigdha,Sheeta,Madhura,Medhya|Dahashamana,OBSERVED:AMIDHA_CC_BY_4_0
A0519,Kshara Parpati,/p/kshara-parpati.html,An alkaline formulation used as a diuretic and for treating urinary tract disorders and kidney stones.,Kapha|Vata,Pitta,False,Lavana,Laghu|Tikshna,Ushna,Katu,Mutrala|Ashmaribhedana,OBSERVED:AMIDHA_CC_BY_4_0
A0520,Panchamrita Parpati,/p/panchamrita-parpati.html,"A herbo-mineral formulation used for malabsorption syndrome, diarrhea, and improving digestive strength.",Vata|Pitta,Kapha,False,Madhura|Kashaya,Laghu|Ruksha,Sheeta,Madhura,Grahi|Deepana,OBSERVED:AMIDHA_CC_BY_4_0
A0521,Swarna Parpati,/p/swarna-parpati.html,"A formulation containing Gold, used as a powerful rejuvenative and for treating chronic digestive issues.",tridosha,,True,Madhura|Tikta,Snigdha,Sheeta,Madhura,rasayan|Grahi,OBSERVED:AMIDHA_CC_BY_4_0
A0522,Lohasava,/p/lohasava.html,"An iron-rich fermented tonic used for anemia, swelling, and liver and spleen enlargement.",Kapha|Vata,Pitta,False,Kashaya|Tikta,Laghu|Tikshna,Ushna,Katu,Raktavardhak|Shothahara,OBSERVED:AMIDHA_CC_BY_4_0
A0523,Punarnavasava,/p/punarnavasava.html,"A fermented tonic of Punarnava, it is a powerful diuretic and liver tonic, used for edema and kidney disorders.",Kapha|Pitta,Vata,False,Tikta|Kashaya,Laghu|Tikshna,Ushna,Katu,Mutrala|Shothahara|Yakrituttejaka,OBSERVED:AMIDHA_CC_BY_4_0
A0524,Sarivadyasava,/p/sarivadyasava.html,"A fermented tonic of Sariva, it is a potent blood purifier used for skin diseases, gout, and syphilis.",Pitta,Vata,False,Madhura|Tikta,Guru|Snigdha,Sheeta,Madhura,Raktashodhak|Kushtaghna,OBSERVED:AMIDHA_CC_BY_4_0
A0525,Ajamodadi Churna,/p/ajamodadi-churna.html,"A powder with Ajamoda, it is a specific remedy for joint pain, arthritis, and sciatica.",Vata|Kapha,Pitta,False,Katu,Laghu|Tikshna,Ushna,Katu,Vatahara|Shoolaghna|Amapachana,OBSERVED:AMIDHA_CC_BY_4_0
A0526,Panchakola Churna,/p/panchakola-churna.html,"A combination of five pungent herbs, it is a powerful appetizer and digestive stimulant.",Kapha|Vata,Pitta,False,Katu,Laghu|Tikshna,Ushna,Katu,Deepana|Pachana|Shoolaghna,OBSERVED:AMIDHA_CC_BY_4_0
A0527,Chitrakadi Vati,/p/chitrakadi-vati.html,"A tablet with Chitrak as the main ingredient, used to stimulate digestive fire and digest toxins (ama).",Kapha|Vata,Pitta,False,Katu|Lavana,Laghu|Ruksha|Tikshna,Ushna,Katu,Deepana|Pachana|Amapachana,OBSERVED:AMIDHA_CC_BY_4_0
A0528,Lasunadi Vati,/p/lasunadi-vati.html,"A tablet with Garlic as its main ingredient, used for diarrhea, indigestion, and bloating.",Vata|Kapha,Pitta,False,Katu|Lavana,Laghu|Snigdha,Ushna,Katu,Pachana|Vatanulomana,OBSERVED:AMIDHA_CC_BY_4_0
A0529,Mustakarishta,/p/mustakarishta.html,"A fermented decoction of Musta, it is a premier medicine for all types of digestive disturbances like IBS and indigestion.",Pitta|Kapha,Vata,False,Tikta|Katu,Laghu|Ruksha,Ushna,Katu,Deepana|Pachana|Grahi,OBSERVED:AMIDHA_CC_BY_4_0
A0530,Rohitakarishta,/p/rohitakarishta.html,"A fermented formulation of Rohitaka, used primarily for liver and spleen enlargement and related disorders.",Pitta|Kapha,Vata,False,Tikta|Kashaya,Laghu,Ushna,Katu,Yakrituttejaka|Raktashodhak,OBSERVED:AMIDHA_CC_BY_4_0
A0531,Karpasasthyadi Thailam,/p/karpasasthyadi-thailam.html,"A medicated oil with Cotton seed, used for Vata disorders like paralysis, facial palsy, and spondylosis.",Vata,Pitta,False,Madhura,Guru|Snigdha,Ushna,Madhura,Vatahara|Balya,OBSERVED:AMIDHA_CC_BY_4_0
A0532,Balaswagandhadi Thailam,/p/balaswagandhadi-thailam.html,"A highly nourishing oil combining Bala and Ashwagandha, used to build muscle mass, strengthen nerves, and for rejuvenation.",Vata,Pitta|Kapha,False,Madhura|Tikta,Guru|Snigdha,Ushna,Madhura,rasayan|Balya|Brimhaniya,OBSERVED:AMIDHA_CC_BY_4_0
A0533,Adhaki,/p/adhaki.html,Pigeon Pea (Tur Dal) is a common lentil that is light to digest and pacifies Kapha and Pitta.,Kapha|Pitta,Vata,False,Madhura|Kashaya,Laghu|Ruksha,Sheeta,Katu,Grahi|Lekhana,OBSERVED:AMIDHA_CC_BY_4_0
A0534,Bakula,/p/bakula.html,"Mimusops elengi is an astringent herb, its bark and flowers are used for dental health and to stop bleeding.",Pitta|Kapha,Vata,False,Kashaya,Guru,Sheeta,Katu,Grahi|Raktastambhana,OBSERVED:AMIDHA_CC_BY_4_0
A0535,Bhurja,/p/bhurja.html,The Himalayan Birch tree's bark was used as paper and is medicinally used for its anti-toxic properties.,Kapha,Pitta|Vata,False,Kashaya,Laghu,Ushna,Katu,Vishaghna|Kushtaghna,OBSERVED:AMIDHA_CC_BY_4_0
A0536,Bijapura,/p/bijapura.html,Citron fruit is a variety of lemon used to stimulate digestion and as a heart tonic.,Vata|Pitta,Kapha,False,Amla,Laghu|Snigdha,Ushna,Madhura,Deepana|Hridaya,OBSERVED:AMIDHA_CC_BY_4_0
A0537,Kasturi,/p/kasturi.html,"Musk is a rare animal product used as a powerful cardiac stimulant, aphrodisiac, and for respiratory distress.",Vata|Kapha,Pitta,False,Katu|Tikta,Laghu|Tikshna,Ushna,Katu,Hridaya|Vrishya|Shwasahara,OBSERVED:AMIDHA_CC_BY_4_0
A0538,Navaratna Raja Mriganka rasa,/p/navaratna-raja-Mriganka-rasa.html,"A complex herbo-mineral formulation with gems and metals, used for chronic Vata diseases and tuberculosis.",Vata,Pitta,False,Madhura,Guru,Ushna,Madhura,rasayan|Balya,OBSERVED:AMIDHA_CC_BY_4_0
A0539,Prabhakar Vati,/p/prabhakar-vati.html,A classical tablet formulation that acts as a potent cardiotonic and general strength promoter.,Pitta|Vata,Kapha,False,Madhura|Kashaya,Guru,Sheeta,Madhura,Hridaya|Balya,OBSERVED:AMIDHA_CC_BY_4_0
A0540,Panchagavya Ghrita,/p/panchagavya-ghrita.html,"A medicated ghee made from five products of the cow, used for neurological and psychological disorders.",Vata|Pitta,Kapha,False,Tikta|Kashaya,Guru|Snigdha,Ushna,Katu,Medhya|Jwaraghna,OBSERVED:AMIDHA_CC_BY_4_0
A0541,Amritaprasha Ghrita,/p/amritaprasha-ghrita.html,"A nourishing medicated ghee used as a powerful rejuvenative, aphrodisiac, and for preventing premature aging.",Vata|Pitta,Kapha,False,Madhura,Guru|Snigdha,Sheeta,Madhura,rasayan|Vrishya|Balya,OBSERVED:AMIDHA_CC_BY_4_0
A0542,Varanadi Ghritam,/p/varanadi-ghritam.html,"A medicated ghee that is scraping in nature, used for obesity, high cholesterol, and internal abscesses.",Kapha,Pitta|Vata,False,Tikta|Kashaya,Laghu|Ruksha,Ushna,Katu,Lekhana|Medohara,OBSERVED:AMIDHA_CC_BY_4_0
A0543,Navakarshika Churna,/p/navakarshika-churna.html,A classical powder for purifying blood and treating skin diseases and gout.,Pitta|Vata,Kapha,False,Tikta|Kashaya,Laghu|Ruksha,Sheeta,Katu,Raktashodhak|Kushtaghna,OBSERVED:AMIDHA_CC_BY_4_0
A0544,Badama Taila,/p/badama-taila.html,"Almond Oil is a highly nourishing Vata-pacifying oil, used as a brain tonic and for skin and hair health.",Vata,Pitta|Kapha,False,Madhura,Guru|Snigdha,Ushna,Madhura,Medhya|Balya|Keshya,OBSERVED:AMIDHA_CC_BY_4_0
A0545,Navaneeta,/p/navaneeta.html,"Fresh Butter is cooling and nourishing, excellent for pacifying Pitta and Vata, and for digestive ulcers.",Pitta|Vata,Kapha,False,Madhura,Snigdha,Sheeta,Madhura,Balya|Chakshushya,OBSERVED:AMIDHA_CC_BY_4_0
A0546,Matsyakshi,/p/matsyakshi.html,Alternanthera sessilis is a cooling herb used as a diuretic and for skin diseases.,Pitta,Vata|Kapha,False,Tikta|Madhura,Laghu,Sheeta,Madhura,Mutrala|Kushtaghna,OBSERVED:AMIDHA_CC_BY_4_0
A0547,Mayurashikha,/p/mayurashikha.html,Actiniopteris radiata is used in Ayurveda for its styptic (bleeding-stopping) and anti-diarrheal properties.,Pitta|Kapha,Vata,False,Kashaya|Tikta,Laghu|Ruksha,Sheeta,Katu,Grahi|Raktastambhana,OBSERVED:AMIDHA_CC_BY_4_0
A0548,Nagadanti,/p/nagadanti.html,Heliotropium indicum is an anti-inflammatory and wound-healing herb used for skin ulcers and insect bites.,Pitta|Kapha,Vata,False,Tikta,Laghu|Ruksha,Sheeta,Katu,Vranaropana|Shothahara,OBSERVED:AMIDHA_CC_BY_4_0
A0549,Nikochaka,/p/nikochaka.html,"Pistachio nuts are nourishing and strength-promoting, helping to pacify vata dosha.",Vata,Pitta|Kapha,False,Madhura,Guru|Snigdha,Ushna,Madhura,Balya|Vrishya,OBSERVED:AMIDHA_CC_BY_4_0
A0550,Rajamasha,/p/rajamasha.html,"Kidney bean is heavy and difficult to digest, increasing Vata. It is generally not recommended in large quantities.",,Vata|Pitta|Kapha,False,Madhura|Kashaya,Guru|Ruksha,Sheeta,Katu,Vatahara,OBSERVED:AMIDHA_CC_BY_4_0
A0551,Sarpaksi,/p/sarpaksi.html,Ophiorrhiza mungos is a traditional antidote for snake venom and is used to treat toxicity.,Pitta|Kapha,Vata,False,Tikta,Laghu|Ruksha,Sheeta,Katu,Vishaghna|Jwaraghna,OBSERVED:AMIDHA_CC_BY_4_0
A0552,Satina,/p/satina.html,Pea is a common vegetable that is cooling but can increase Vata due to its dry and light qualities.,Pitta|Kapha,Vata,False,Madhura|Kashaya,Laghu|Ruksha,Sheeta,Madhura,Balya,OBSERVED:AMIDHA_CC_BY_4_0
A0553,Svetamarica,/p/svetamarica.html,"White Pepper is more heating and potent than black pepper, used to clear deep-seated Kapha from the system.",Kapha|Vata,Pitta,False,Katu,Laghu|Tikshna,Ushna,Katu,Deepana|Lekhana,OBSERVED:AMIDHA_CC_BY_4_0
A0554,Upodika,/p/upodika.html,"Basella alba (Malabar Spinach) is a nourishing, demulcent green that soothes the digestive tract.",Vata|Pitta,Kapha,False,Madhura,Guru|Snigdha,Sheeta,Madhura,Balya|Brimhaniya,OBSERVED:AMIDHA_CC_BY_4_0
A0555,Mastu,/p/mastu.html,"Whey is the liquid remaining after curdling milk. It is light, easy to digest, and clears the channels.",Vata|Kapha,Pitta,False,Kashaya|Amla,Laghu,Ushna,Madhura,Deepana|Lekhana,OBSERVED:AMIDHA_CC_BY_4_0
A0556,Pippali Khanda,/p/pippali-khanda.html,"A sweet preparation of Pippali, used for chronic cough, cold, and digestive weakness.",Vata|Kapha,Pitta,False,Madhura|Katu,Guru|Snigdha,Ushna,Madhura,Kasahara|Deepana,OBSERVED:AMIDHA_CC_BY_4_0
A0557,Sita,/p/sita.html,"Rock sugar or sugar candy (Mishri) is cooling and pacifies Pitta, unlike processed white sugar.",Vata|Pitta,Kapha,False,Madhura,Guru|Snigdha,Sheeta,Madhura,Balya|Vrishya,OBSERVED:AMIDHA_CC_BY_4_0
A0558,Kanchanara Guggulu,/p/kanchanara-guggulu.html,"A classical formulation with Kanchanar and Guggulu, specifically used for thyroid imbalances and glandular swellings.",Kapha,Pitta|Vata,False,Kashaya|Tikta,Laghu|Ruksha,Ushna,Katu,Lekhana|Shothahara|Galaganda,OBSERVED:AMIDHA_CC_BY_4_0
A0559,Mahasudarshan Churna,/p/mahasudarshan-churna.html,"A highly bitter powder of many herbs, it is one of the foremost remedies for all types of fevers and for detoxifying the liver.",Pitta|Kapha,Vata,False,Tikta,Laghu|Ruksha,Sheeta,Katu,Jwaraghna|Yakrituttejaka|Amapachana,OBSERVED:AMIDHA_CC_BY_4_0
A0560,Sitopalasav,/p/sitopalasav.html,"A fermented liquid form of Sitopaladi, used for chronic respiratory ailments and to build strength.",Pitta|Kapha,Vata,False,Madhura,Snigdha,Sheeta,Madhura,Kasahara|Balya,OBSERVED:AMIDHA_CC_BY_4_0
A0561,Shadbindu Taila,/p/shadbindu-taila.html,"A classical oil for Nasya (nasal administration) used to treat sinusitis, headache, and hair fall.",Vata|Kapha,Pitta,False,Katu|Tikta,Snigdha|Tikshna,Ushna,Katu,Vatahara|Keshya,OBSERVED:AMIDHA_CC_BY_4_0
A0562,Jatyadi Taila,/p/jatyadi-taila.html,"A medicated oil with Jasmine (Jati), renowned for its remarkable wound-healing properties, for both internal and external wounds.",Pitta|Kapha,Vata,False,Tikta|Kashaya,Snigdha,Sheeta,Katu,Vranaropana|Raktashodhak,OBSERVED:AMIDHA_CC_BY_4_0
A0563,Nimbadi Churna,/p/nimbadi-churna.html,"A powder with Neem as the main ingredient, used for purifying the blood and treating skin diseases like eczema and acne.",Pitta|Kapha,Vata,False,Tikta,Laghu|Ruksha,Sheeta,Katu,Kushtaghna|Raktashodhak,OBSERVED:AMIDHA_CC_BY_4_0
A0564,Saptala,/p/saptala.html,"Acacia concinna (Shikakai) is a famous natural cleanser for hair, promoting growth and preventing dandruff.",Kapha|Pitta,Vata,False,Tikta|Kashaya,Laghu|Ruksha,Sheeta,Katu,Keshya|Kushtaghna,OBSERVED:AMIDHA_CC_BY_4_0
A0565,Suranjana,/p/suranjana.html,"Colchicum luteum is a specific remedy for gout and rheumatic arthritis, but should be used with caution.",Vata|Kapha,Pitta,False,Tikta|Katu,Laghu|Tikshna,Ushna,Katu,Vatahara|Shoolaghna,OBSERVED:AMIDHA_CC_BY_4_0
A0566,Panchavalkala Kwath,/p/panchavalkala-kwath.html,"A decoction of five astringent barks, used as an antiseptic wash for wounds and skin diseases.",Pitta|Kapha,Vata,False,Kashaya,Ruksha,Sheeta,Katu,Vranaropana|Grahi,OBSERVED:AMIDHA_CC_BY_4_0
A0567,Rasnadi Kwath,/p/rasnadi-kwath.html,"A simple decoction with Rasna as the main herb, used for all types of Vata disorders, especially joint pain.",Vata,Pitta,False,Tikta,Guru,Ushna,Katu,Vatahara|Shoolaghna,OBSERVED:AMIDHA_CC_BY_4_0
A0568,Rasnairandadi Kwath,/p/rasnairandadi-kwath.html,"A famous formulation with Rasna and Eranda, used for lower back pain, sciatica, and arthritis.",Vata,Pitta,False,Tikta|Madhura,Guru,Ushna,Madhura,Vatahara|Shoolaghna|Amapachana,OBSERVED:AMIDHA_CC_BY_4_0
A0569,Shankha Vati,/p/shankha-vati.html,"A classical tablet for severe indigestion, acid reflux, and abdominal gas. It is a fast-acting carminative.",Vata|Pitta,Kapha,False,Lavana|Amla,Laghu|Tikshna,Ushna,Katu,Deepana|Pachana|Shoolaghna,OBSERVED:AMIDHA_CC_BY_4_0
A0570,Shothari Loha,/p/shothari-loha.html,An iron-based formulation used specifically for treating swelling (Shotha) and anemia.,Pitta|Kapha,Vata,False,Tikta,Ruksha,Ushna,Katu,Shothahara|Raktavardhak,OBSERVED:AMIDHA_CC_BY_4_0
A0571,Siddha Makardhwaj,/p/siddha-makardhwaj.html,"A highly potent herbo-mineral formulation with gold, used as a supreme rejuvenator and aphrodisiac.",Vata|Kapha,Pitta,False,Madhura,Snigdha,Ushna,Madhura,rasayan|Vrishya|Hridaya,OBSERVED:AMIDHA_CC_BY_4_0
A0572,Srikhandasava,/p/srikhandasava.html,"A fermented tonic with Sandalwood, used to pacify Pitta and treat conditions related to alcoholism.",Pitta,Vata|Kapha,False,Tikta|Madhura,Laghu,Sheeta,Madhura,Dahashamana|Hridaya,OBSERVED:AMIDHA_CC_BY_4_0
A0573,Sukumara Kashayam,/p/sukumara-kashayam.html,"A decoction form of Sukumaram Ghritam, used for gynecological issues, hernia, and digestive health.",Vata|Pitta,Kapha,False,Tikta|Madhura,Laghu,Ushna,Madhura,Vatahara|Yonirogahara,OBSERVED:AMIDHA_CC_BY_4_0
A0574,Tumburu,/p/tumburu.html,"Zanthoxylum armatum (Toothache Tree) is a pungent herb used for oral hygiene, digestive issues, and parasites.",Kapha|Vata,Pitta,False,Katu|Tikta,Laghu|Tikshna,Ushna,Katu,Deepana|Krimighna|Shoolaghna,OBSERVED:AMIDHA_CC_BY_4_0
A0575,Varunadi Kwath,/p/varunadi-kwath.html,"A classical decoction with Varuna, used for urinary calculi, obesity, and other Kapha disorders.",Kapha,Pitta|Vata,False,Tikta|Kashaya,Laghu|Ruksha,Ushna,Katu,Lekhana|Ashmaribhedana,OBSERVED:AMIDHA_CC_BY_4_0
A0576,Vidangarishta,/p/vidangarishta.html,"A fermented tonic with Vidanga, it is the foremost remedy for all types of intestinal worms and parasites.",Kapha|Vata,Pitta,False,Katu|Kashaya,Laghu|Tikshna,Ushna,Katu,Krimighna|Deepana,OBSERVED:AMIDHA_CC_BY_4_0
A0577,Vidaryadi Ghrita,/p/vidaryadi-ghrita.html,"A nourishing medicated ghee with Vidari, used for emaciation, debility, and as a general body tonic.",Vata|Pitta,Kapha,False,Madhura,Guru|Snigdha,Sheeta,Madhura,Brimhaniya|Balya,OBSERVED:AMIDHA_CC_BY_4_0
A0578,Vidaryadi Kashayam,/p/vidaryadi-kashayam.html,"A decoction of Vidari and other herbs, used as a cardiac tonic and for post-illness recovery.",Vata|Pitta,Kapha,False,Madhura,Guru,Sheeta,Madhura,Hridaya|Balya,OBSERVED:AMIDHA_CC_BY_4_0
A0579,Agnitundi Vati,/p/agnitundi-vati.html,"A potent tablet with purified Kupilu (Nux-vomica), used to ignite digestive fire in cases of severe indigestion.",Vata|Kapha,Pitta,False,Katu|Tikta,Laghu|Tikshna,Ushna,Katu,Deepana|Pachana,OBSERVED:AMIDHA_CC_BY_4_0
A0580,Drakshadi Kashayam,/p/drakshadi-kashayam.html,"A cooling decoction with Grapes, used for hangovers, fever, and Pitta-related imbalances.",Vata|Pitta,Kapha,False,Madhura,Snigdha,Sheeta,Madhura,Jwaraghna|Dahashamana,OBSERVED:AMIDHA_CC_BY_4_0
A0581,Rajapravartini Vati,/p/rajapravartini-vati.html,A formulation used to induce and regulate menstrual flow in cases of amenorrhea and dysmenorrhea.,Kapha|Vata,Pitta,False,Katu|Tikta,Tikshna,Ushna,Katu,Yonirogahara|Artavajanana,OBSERVED:AMIDHA_CC_BY_4_0
A0582,Shringyadi Churna,/p/shringyadi-churna.html,"A classical powder with Karkatashringi, used specifically for cough, cold, and fever in children.",Vata|Kapha,Pitta,False,Kashaya|Tikta,Laghu,Ushna,Katu,Kasahara|Jwaraghna,OBSERVED:AMIDHA_CC_BY_4_0
A0583,Danti Moola,/p/danti-moola.html,The root of Danti is the primary part used as a strong purgative in Ayurveda.,Kapha|Vata,Pitta,False,Katu,Tikshna|Laghu,Ushna,Katu,Virechana,OBSERVED:AMIDHA_CC_BY_4_0
A0584,Alarka,/p/alarka.html,"Calotropis procera is a white-flowered variety of Arka, sharing its potent purgative and skin-healing properties.",Vata|Kapha,Pitta,False,Katu|Tikta,Laghu|Tikshna,Ushna,Katu,Kushtaghna|Virechana,OBSERVED:AMIDHA_CC_BY_4_0
A0585,Eranda Patra,/p/eranda-patra.html,The leaf of the Castor plant is used externally as a poultice to relieve pain and swelling in joints.,Vata,Pitta,False,Madhura|Katu,Snigdha,Ushna,Madhura,Vedanasthapana|Shothahara,OBSERVED:AMIDHA_CC_BY_4_0
A0586,Gambhari Phala,/p/gambhari-phala.html,"The fruit of Gambhari is a cooling, nourishing tonic that relieves thirst and burning sensation.",Vata|Pitta,Kapha,False,Madhura|Kashaya,Guru|Snigdha,Sheeta,Madhura,Brimhaniya|Dahashamana,OBSERVED:AMIDHA_CC_BY_4_0
A0587,Karpasa Moola,/p/karpasa-moola.html,The root of the Cotton plant is a nervine tonic used for neurological disorders and to promote uterine contractions.,Vata,Pitta|Kapha,False,Madhura,Snigdha,Ushna,Madhura,Vatahara|Balya,OBSERVED:AMIDHA_CC_BY_4_0
A0588,Kusumbha Taila,/p/kusumbha-taila.html,Safflower oil is a heating oil used for its laxative properties and in managing heart conditions.,Vata|Kapha,Pitta,False,Katu|Madhura,Tikshna|Snigdha,Ushna,Katu,Virechana|Hridaya,OBSERVED:AMIDHA_CC_BY_4_0
A0589,Madhusnuhi rasayana,/p/madhusnuhi-rasayana.html,"A rejuvenative formulation with Chopchini, used for chronic skin diseases and as a powerful detoxifier.",Kapha|Pitta,Vata,False,Madhura|Tikta,Guru|Snigdha,Ushna,Madhura,rasayan|Kushtaghna,OBSERVED:AMIDHA_CC_BY_4_0
A0590,Masha Taila,/p/masha-taila.html,"Oil prepared from Black Gram is a potent Vata-pacifying oil used for paralysis, deafness, and nerve weakness.",Vata,Pitta|Kapha,False,Madhura,Guru|Snigdha,Ushna,Madhura,Vatahara|Balya,OBSERVED:AMIDHA_CC_BY_4_0
A0591,Matulunga rasa,/p/Matulunga-rasa.html,"The juice of Citron fruit is an excellent appetizer, digestive, and remedy for nausea and vomiting.",Vata,Pitta,False,Amla,Laghu|Tikshna,Ushna,Madhura,Deepana|Hridaya,OBSERVED:AMIDHA_CC_BY_4_0
A0592,Nimba Beeja,/p/nimba-beeja.html,Neem seed is a powerful anti-parasitic and is used to extract Neem oil for skin diseases.,Pitta|Kapha,Vata,False,Tikta,Snigdha|Tikshna,Ushna,Katu,Krimighna|Kushtaghna,OBSERVED:AMIDHA_CC_BY_4_0
A0593,Patola Patra,/p/patola-patra.html,The leaf of Patola is a potent blood purifier and is used to treat skin diseases and fevers.,Pitta|Kapha,Vata,False,Tikta,Laghu|Ruksha,Sheeta,Katu,Raktashodhak|Kushtaghna,OBSERVED:AMIDHA_CC_BY_4_0
A0594,Vajrakapata rasa,/p/Vajrakapata-rasa.html,A herbo-mineral formulation used for malabsorption and chronic diarrhea.,Vata|Pitta,Kapha,False,Kashaya,Laghu,Sheeta,Madhura,Grahi,OBSERVED:AMIDHA_CC_BY_4_0
A0595,Vyaghri Haritaki,/p/vyaghri-haritaki.html,"A formulation of Kantakari and Haritaki, used for chronic cough, asthma, and other respiratory ailments.",Vata|Kapha,Pitta,False,Katu|Tikta|Kashaya,Laghu,Ushna,Katu,Kasahara|Shwasahara,OBSERVED:AMIDHA_CC_BY_4_0
A0596,Somaraji Taila,/p/somaraji-taila.html,"Medicated oil with Bakuchi, used externally for leucoderma (vitiligo) and other chronic skin diseases.",Kapha|Vata,Pitta,False,Tikta,Tikshna,Ushna,Katu,Kushtaghna|Varnya,OBSERVED:AMIDHA_CC_BY_4_0
A0597,Patolamuladi Kwath,/p/patolamuladi-kwath.html,"A bitter decoction used for a variety of skin diseases, fevers, and liver issues. Excellent Pitta pacifier.",Pitta|Kapha,Vata,False,Tikta,Laghu,Sheeta,Katu,Kushtaghna|Vishaghna,OBSERVED:AMIDHA_CC_BY_4_0
A0598,Parpatakarishta,/p/parpatakarishta.html,"A fermented tonic of Parpataka, used for chronic fevers and associated liver and spleen enlargement.",Pitta|Kapha,Vata,False,Tikta,Laghu,Sheeta,Katu,Jwaraghna|Yakrituttejaka,OBSERVED:AMIDHA_CC_BY_4_0
A0599,Kusumbha,/p/kusumbha.html,"Safflower seeds and oil are used for their laxative properties and in managing heart conditions, but are very heating.",Vata|Kapha,Pitta,False,Katu|Madhura,Guru|Tikshna,Ushna,Katu,Virechana|Hridaya,OBSERVED:AMIDHA_CC_BY_4_0
A0600,Akhuparni,/p/akhuparni.html,"Ipomoea reniformis is a diuretic and anti-inflammatory herb, used in traditional medicine for urinary disorders.",Pitta|Kapha,Vata,False,Tikta,Laghu,Sheeta,Katu,Mutrala|Shothahara,OBSERVED:AMIDHA_CC_BY_4_0
A0601,Amalaka rasayana,/p/amalaka-rasayana.html,"A specific rejuvenative preparation of Amla, used to enhance vitality and promote longevity.",tridosha,,True,Amla|Madhura,Snigdha,Sheeta,Madhura,rasayan|Chakshushya,OBSERVED:AMIDHA_CC_BY_4_0
A0602,Amrita Ghrita,/p/amrita-ghrita.html,"Medicated ghee of Giloy, used as a potent rejuvenator, immunomodulator, and for treating chronic fevers.",tridosha,,True,Tikta|Madhura,Snigdha|Guru,Sheeta,Madhura,rasayan|Jwaraghna,OBSERVED:AMIDHA_CC_BY_4_0
A0603,Aragvadhadi Kwath,/p/aragvadhadi-kwath.html,"A decoction led by Aragwadha, used for skin diseases, vomiting, and as a mild laxative.",Pitta|Kapha,Vata,False,Tikta,Laghu,Sheeta,Katu,Kushtaghna|Virechana,OBSERVED:AMIDHA_CC_BY_4_0
A0604,Ardraka Svarasa,/p/ardraka-Svarasa.html,"Fresh Ginger juice is a powerful appetizer and carminative, used for loss of appetite, nausea, and colds.",Vata|Kapha,Pitta,False,Katu,Laghu|Tikshna,Ushna,Madhura,Deepana|Pachana,OBSERVED:AMIDHA_CC_BY_4_0
A0605,Asanadi Kwath,/p/asanadi-kwath.html,"A decoction with Asana as the main herb, used for managing diabetes and related complications.",Kapha|Pitta,Vata,False,Kashaya|Tikta,Laghu|Ruksha,Sheeta,Katu,Pramehaghna|Kushtaghna,OBSERVED:AMIDHA_CC_BY_4_0
A0606,Ashoka Ghrita,/p/ashoka-ghrita.html,"Medicated ghee of Ashoka, used as a uterine tonic to treat gynecological disorders and menorrhagia.",Pitta,Vata|Kapha,False,Kashaya|Tikta,Snigdha|Guru,Sheeta,Katu,Yonirogahara|Raktastambhana,OBSERVED:AMIDHA_CC_BY_4_0
A0607,Ajamoda Arka,/p/ajamoda-arka.html,"A distilled water extract of Ajamoda, used for improving digestion, relieving gas, and abdominal pain.",Vata|Kapha,Pitta,False,Katu|Tikta,Laghu|Tikshna,Ushna,Katu,Deepana|Pachana|Shoolaghna,OBSERVED:AMIDHA_CC_BY_4_0
A0608,Akhuparni,/p/akhuparni.html,"Ipomoea reniformis is a diuretic and anti-inflammatory herb, traditionally used for urinary disorders.",Pitta|Kapha,Vata,False,Tikta,Laghu,Sheeta,Katu,Mutrala|Shothahara,OBSERVED:AMIDHA_CC_BY_4_0
A0609,Amrita Ghrita,/p/amrita-ghrita.html,"Medicated ghee of Giloy (Amrita), used as a potent rejuvenator and immunomodulator, especially for chronic fevers.",tridosha,,True,Tikta|Madhura,Snigdha|Guru,Sheeta,Madhura,rasayan|Jwaraghna,OBSERVED:AMIDHA_CC_BY_4_0
A0610,Arjuna Twak,/p/arjuna-twak.html,"The bark of the Arjuna tree is the primary part used, renowned as the best Ayurvedic cardiotonic.",Pitta|Kapha,Vata,False,Kashaya,Laghu|Ruksha,Sheeta,Katu,Hridaya|Raktastambhana,OBSERVED:AMIDHA_CC_BY_4_0
A0611,Asanadi Kwath,/p/asanadi-kwath.html,"A decoction with Asana as the main herb, used for managing diabetes and related skin complications.",Kapha|Pitta,Vata,False,Kashaya|Tikta,Laghu|Ruksha,Sheeta,Katu,Pramehaghna|Kushtaghna,OBSERVED:AMIDHA_CC_BY_4_0
A0612,Bakuchi Taila,/p/bakuchi-taila.html,"Medicated oil of Bakuchi, used externally for leucoderma (vitiligo) and other chronic skin diseases.",Kapha|Vata,Pitta,False,Tikta,Snigdha|Tikshna,Ushna,Katu,Kushtaghna|Varnya,OBSERVED:AMIDHA_CC_BY_4_0
A0613,Caturjata Churna,/p/caturjata-churna.html,"A formulation of four aromatic herbs (Cinnamon, Cardamom, Bay Leaf, Nagakesara) used as a digestive and stimulant.",Kapha|Vata,Pitta,False,Katu|Madhura,Laghu|Tikshna,Ushna,Katu,Deepana|Pachana,OBSERVED:AMIDHA_CC_BY_4_0
A0614,Dhatri Loha,/p/dhatri-loha.html,"A herbo-mineral formulation with Amla (Dhatri) and Iron (Loha), used for anemia, jaundice, and hyperacidity.",Pitta,Vata,False,Amla|Madhura,Laghu,Sheeta,Madhura,Raktavardhak|Amlapittahara,OBSERVED:AMIDHA_CC_BY_4_0
A0615,Drakshavaleha,/p/drakshavaleha.html,"A jam-like preparation of Grapes, used to treat anemia, jaundice, and as a nourishing tonic.",Vata|Pitta,Kapha,False,Madhura|Amla,Guru|Snigdha,Sheeta,Madhura,Raktavardhak|Balya,OBSERVED:AMIDHA_CC_BY_4_0
A0616,Godugdha,/p/godugdha.html,"Cow's Milk is considered a supreme rejuvenator (rasayana), nourishing all tissues and pacifying Vata and Pitta.",Vata|Pitta,Kapha,False,Madhura,Guru|Snigdha,Sheeta,Madhura,Jivaniya|rasayan|Medhya,OBSERVED:AMIDHA_CC_BY_4_0
A0617,Gojihvadi Kwath,/p/gojihvadi-kwath.html,"A decoction of Gojihva and other herbs, used for fever, cough, and respiratory tract infections.",Pitta|Kapha,Vata,False,Tikta,Laghu,Sheeta,Katu,Jwaraghna|Kasahara,OBSERVED:AMIDHA_CC_BY_4_0
A0618,Gomutra,/p/gomutra.html,Purified Cow's urine is a potent detoxifier and is used in many formulations for skin diseases and obesity.,Kapha|Vata,Pitta,False,Katu|Lavana,Laghu|Tikshna,Ushna,Katu,Lekhana|Krimighna|Kushtaghna,OBSERVED:AMIDHA_CC_BY_4_0
A0619,Gulakanda,/p/gulakanda.html,"A sweet preserve of Rose petals, it is an excellent remedy for pacifying Pitta, treating acidity, and cooling the body.",Pitta,Kapha,False,Madhura,Guru|Snigdha,Sheeta,Madhura,Amlapittahara|Dahashamana|Virechana,OBSERVED:AMIDHA_CC_BY_4_0
A0620,Irimedadi Taila,/p/irimedadi-taila.html,"A medicated oil used for oil pulling (gandusha) to treat dental caries, bleeding gums, and other oral health issues.",Kapha|Vata,Pitta,False,Kashaya|Tikta,Snigdha,Ushna,Katu,Dantya|Krimighna,OBSERVED:AMIDHA_CC_BY_4_0
A0621,Jatyadi Ghrita,/p/jatyadi-ghrita.html,"A medicated ghee with Jasmine, it is an excellent remedy for healing chronic non-healing wounds and ulcers.",Pitta|Kapha,Vata,False,Tikta|Kashaya,Snigdha,Sheeta,Katu,Vranaropana|Raktashodhak,OBSERVED:AMIDHA_CC_BY_4_0
A0622,Kadali Pushpa,/p/kadali-pushpa.html,"The Banana flower is used as a vegetable and medicine for its astringent properties, helpful in diabetes and bleeding disorders.",Pitta|Kapha,Vata,False,Kashaya|Madhura,Guru,Sheeta,Katu,Grahi|Raktastambhana|Pramehaghna,OBSERVED:AMIDHA_CC_BY_4_0
A0623,Karpooradi Thailam,/p/karpooradi-thailam.html,"An oil with Camphor, used externally to relieve muscle cramps, stiffness, and pain.",Kapha|Vata,Pitta,False,Katu|Tikta,Laghu|Tikshna,Ushna,Katu,Shoolaghna|Vatahara,OBSERVED:AMIDHA_CC_BY_4_0
A0624,Ksharasutra,/p/ksharasutra.html,A medicated alkaline thread used in a specialized surgical procedure for treating fistula-in-ano and piles.,Kapha|Vata,Pitta,False,Katu|Lavana,Tikshna|Lekhana,Ushna,Katu,Lekhana|Arshoghna,OBSERVED:AMIDHA_CC_BY_4_0
A0625,Kuntalakanti Tailam,/p/kuntalakanti-tailam.html,"A classical herbal hair oil for nourishing the scalp, preventing hair fall, and promoting thick hair growth.",Vata|Pitta,Kapha,False,Tikta|Madhura,Snigdha,Sheeta,Madhura,Keshya|Chakshushya,OBSERVED:AMIDHA_CC_BY_4_0
A0626,Lodhradi Churna,/p/lodhradi-churna.html,"A powder with Lodhra, used as a face pack to treat acne, blemishes, and improve skin complexion.",Pitta|Kapha,Vata,False,Kashaya,Ruksha,Sheeta,Katu,Varnya|Kushtaghna,OBSERVED:AMIDHA_CC_BY_4_0
A0627,Madhuka Pushpa,/p/madhuka-pushpa.html,"The flower of the Madhuka tree is a cooling and strengthening tonic, but can be intoxicating if fermented.",Vata|Pitta,Kapha,False,Madhura,Guru|Snigdha,Sheeta,Madhura,Balya|Hridaya,OBSERVED:AMIDHA_CC_BY_4_0
A0628,Mahamarichyadi Taila,/p/mahamarichyadi-taila.html,"A potent medicated oil with Black Pepper and other herbs, used externally for skin diseases like psoriasis and eczema.",Kapha|Vata,Pitta,False,Katu|Tikta,Tikshna,Ushna,Katu,Kushtaghna|Kandughna,OBSERVED:AMIDHA_CC_BY_4_0
A0629,Mahatriphala Ghrita,/p/mahatriphala-ghrita.html,"A potent version of Triphala Ghee, excellent for treating a wide range of eye diseases and improving vision.",Vata|Pitta,Kapha,False,Kashaya|Madhura,Snigdha,Sheeta,Madhura,Chakshushya|rasayan,OBSERVED:AMIDHA_CC_BY_4_0
A0630,Manjisthadi Kwath,/p/manjisthadi-kwath.html,"A decoction of Manjistha and other herbs, acting as a potent blood purifier for skin diseases and gout.",Pitta|Kapha,Vata,False,Tikta|Kashaya,Laghu|Ruksha,Sheeta,Katu,Raktashodhak|Kushtaghna,OBSERVED:AMIDHA_CC_BY_4_0
A0631,Masi,/p/masi.html,"A type of ash preparation, often made from herbs or animal products, used for its specific therapeutic effects.",Vata|Kapha,Pitta,False,Kashaya|Katu,Laghu|Ruksha,Ushna,Katu,Lekhana,OBSERVED:AMIDHA_CC_BY_4_0
A0632,Nirgundi Ghana Vati,/p/nirgundi-ghana-vati.html,"A concentrated tablet of Nirgundi, used for its powerful analgesic and anti-inflammatory effects on joints.",Vata|Kapha,Pitta,False,Tikta|Katu,Laghu|Ruksha,Ushna,Katu,Shoolaghna|Vatahara,OBSERVED:AMIDHA_CC_BY_4_0
A0633,Panchamla Thailam,/p/panchamla-thailam.html,"An oil prepared with five sour herbs, used for external application in rheumatic swelling and pain.",Vata|Kapha,Pitta,False,Amla,Snigdha|Tikshna,Ushna,Amla,Shothahara|Vatahara,OBSERVED:AMIDHA_CC_BY_4_0
A0634,Patolamuladi Kwath,/p/patolamuladi-kwath.html,"A bitter decoction used for a variety of skin diseases, fevers, and liver issues. Excellent Pitta pacifier.",Pitta|Kapha,Vata,False,Tikta,Laghu,Sheeta,Katu,Kushtaghna|Vishaghna,OBSERVED:AMIDHA_CC_BY_4_0
A0635,Phalatrikadi Kwath,/p/phalatrikadi-kwath.html,"A decoction of Triphala and other herbs, used for vomiting, hyperacidity, and other digestive issues.",Pitta|Kapha,Vata,False,Tikta|Kashaya,Laghu|Ruksha,Sheeta,Katu,Deepana|Pachana,OBSERVED:AMIDHA_CC_BY_4_0
A0636,Putikaranja,/p/putikaranja.html,"Caesalpinia bonduc is a bitter tonic used for fever, malaria, and intestinal worms, similar to Latakaranja.",Kapha|Vata,Pitta,False,Tikta|Katu,Laghu|Tikshna,Ushna,Katu,Jwaraghna|Krimighna,OBSERVED:AMIDHA_CC_BY_4_0
A0637,Sudarshan Churna,/p/sudarshan-churna.html,"A simpler version of Mahasudarshan Churna, it is a bitter powder used effectively for all types of fever.",Pitta|Kapha,Vata,False,Tikta,Laghu|Ruksha,Sheeta,Katu,Jwaraghna|Amapachana,OBSERVED:AMIDHA_CC_BY_4_0
A0638,Svalpa Khadiradi Vati,/p/svalpa-khadiradi-vati.html,"A smaller, simpler version of Khadiradi Vati for mouth ulcers and sore throat.",Kapha|Pitta,Vata,False,Kashaya|Tikta,Ruksha,Sheeta,Katu,Grahi|Kushtaghna,OBSERVED:AMIDHA_CC_BY_4_0
A0639,Tila Patra,/p/tila-patra.html,Sesame leaves are used as a poultice for skin issues and are beneficial for hair.,Vata,Pitta|Kapha,False,Madhura,Snigdha,Sheeta,Madhura,Keshya|Vranaropana,OBSERVED:AMIDHA_CC_BY_4_0
A0640,Ushiradi Churna,/p/ushiradi-churna.html,"A powder of cooling herbs like Ushira, used for bleeding disorders and conditions with burning sensation.",Pitta,Vata|Kapha,False,Tikta|Madhura,Laghu,Sheeta,Madhura,Raktapittahara|Dahashamana,OBSERVED:AMIDHA_CC_BY_4_0
A0641,Vajraka Thailam,/p/vajraka-thailam.html,"A medicated oil with Snuhi latex, used externally for non-healing ulcers, fistula, and skin diseases.",Kapha|Vata,Pitta,False,Katu,Tikshna|Snigdha,Ushna,Katu,Vranaropana|Kushtaghna,OBSERVED:AMIDHA_CC_BY_4_0
A0642,Yakuti rasayana,/p/yakuti-rasayana.html,A premium herbo-mineral formulation used as a cardiac tonic and for strengthening the mind.,Vata|Pitta,Kapha,False,Madhura,Snigdha,Sheeta,Madhura,Hridaya|Medhya,OBSERVED:AMIDHA_CC_BY_4_0
A0643,Kulathadi Kwath,/p/kulathadi-kwath.html,"A decoction of Horse Gram, used for amenorrhea and other Vata-Kapha disorders.",Vata|Kapha,Pitta,False,Kashaya,Laghu|Tikshna,Ushna,Amla,Artavajanana|Lekhana,OBSERVED:AMIDHA_CC_BY_4_0
A0644,Madhu Mandur,/p/madhu-mandur.html,"A formulation with Mandura Bhasma, used for iron-deficiency anemia and related weakness.",Pitta|Kapha,Vata,False,Madhura|Tikta,Laghu,Sheeta,Madhura,Raktavardhak|Yakrituttejaka,OBSERVED:AMIDHA_CC_BY_4_0
A0645,Kushmanda Khanda,/p/kushmanda-khanda.html,"A granular preparation of Ash Gourd, used as a powerful rejuvenative and aphrodisiac.",Vata|Pitta,Kapha,False,Madhura,Guru|Snigdha,Sheeta,Madhura,Brimhaniya|Vrishya,OBSERVED:AMIDHA_CC_BY_4_0
A0646,Vyoshadi Guggulu,/p/vyoshadi-guggulu.html,"A Guggulu preparation with Trikatu, used for obesity, high cholesterol, and rheumatoid arthritis.",Kapha|Vata,Pitta,False,Katu|Tikta,Laghu|Ruksha,Ushna,Katu,Medohara|Amapachana,OBSERVED:AMIDHA_CC_BY_4_0
A0647,Dhatupaushtik Churna,/p/dhatupaushtik-churna.html,A nutritive powder that nourishes all body tissues (dhatus) and is used as a powerful aphrodisiac and tonic.,Vata|Pitta,Kapha,False,Madhura,Guru|Snigdha,Sheeta,Madhura,Vrishya|Brimhaniya|Balya,OBSERVED:AMIDHA_CC_BY_4_0
A0648,Anjatraya,/p/anjatraya.html,"A group of three anti-venom herbs (often including Sirisha), used as a first-aid for poisoning.",Kapha|Pitta,Vata,False,Tikta|Kashaya,Laghu|Ruksha,Sheeta,Katu,Vishaghna,OBSERVED:AMIDHA_CC_BY_4_0
A0649,Karpas-asthyadi Thailam,/p/karpas-asthyadi-thailam.html,"A version of Karpasasthyadi Thailam, an oil used for Vata disorders like paralysis and facial palsy.",Vata,Pitta,False,Madhura,Guru|Snigdha,Ushna,Madhura,Vatahara|Balya,OBSERVED:AMIDHA_CC_BY_4_0
A0650,Patrangasava,/p/patrangasava.html,"A fermented tonic with Pattanga, used as a uterine astringent for heavy menstrual bleeding and leucorrhea.",Pitta,Vata,False,Kashaya|Madhura,Laghu,Sheeta,Katu,Raktastambhana|Yonirogahara,OBSERVED:AMIDHA_CC_BY_4_0
A0651,Dhanadanayanadi Kashayam,/p/dhanadanayanadi-kashayam.html,"A classical decoction used for Vata disorders like facial paralysis, tremors, and hemiplegia.",Vata,Pitta,False,Tikta|Kashaya,Laghu,Ushna,Katu,Vatahara|Shoolaghna,OBSERVED:AMIDHA_CC_BY_4_0
A0652,Gandharvahastadi Kashayam,/p/gandharvahastadi-kashayam.html,"A decoction with Castor root, it is a safe and effective laxative and carminative for Vata conditions.",Vata,Pitta,False,Madhura|Katu,Laghu|Snigdha,Ushna,Madhura,Virechana|Vatahara,OBSERVED:AMIDHA_CC_BY_4_0
A0653,Varunadi Kashayam,/p/varunadi-kashayam.html,"A decoction of Varuna and other herbs, used to reduce fat, treat obesity, and for Kapha headaches.",Kapha,Vata|Pitta,False,Tikta|Kashaya,Laghu|Ruksha,Ushna,Katu,Medohara|Lekhana,OBSERVED:AMIDHA_CC_BY_4_0
A0654,Rasnasaptakam Kashayam,/p/rasnasaptakam-kashayam.html,"A decoction of seven herbs led by Rasna, used for low back pain, sciatica, and pain in the hip region.",Vata|Kapha,Pitta,False,Tikta,Laghu,Ushna,Katu,Vatahara|Shoolaghna,OBSERVED:AMIDHA_CC_BY_4_0
A0655,Drakshadi Kwath,/p/drakshadi-kwath.html,"A cooling decoction of Grapes and other herbs, used for hangovers, fever, and Pitta-related imbalances.",Vata|Pitta,Kapha,False,Madhura,Snigdha,Sheeta,Madhura,Jwaraghna|Dahashamana,OBSERVED:AMIDHA_CC_BY_4_0
A0656,Kshirabala 101 Avarti,/p/kshirabala-101-avarti.html,"A highly potent preparation of Kshirabala oil, processed 101 times. It is a supreme remedy for chronic and severe Vata disorders.",Vata|Pitta,Kapha,False,Madhura|Tikta,Guru|Snigdha,Sheeta,Madhura,Vatahara|rasayan|Medhya,OBSERVED:AMIDHA_CC_BY_4_0
A0657,Dhanwantaram Gutika,/p/dhanwantaram-gutika.html,"A classical tablet used for respiratory issues like cough and breathlessness, as well as digestive discomfort.",Vata|Kapha,Pitta,False,Katu|Tikta,Laghu,Ushna,Katu,Kasahara|Shwasahara|Pachana,OBSERVED:AMIDHA_CC_BY_4_0
A0658,Vasant Kusumakar rasa,/p/vasant-kusumakar-rasa.html,"A premium herbo-mineral formulation with gold and pearl, used as a powerful rejuvenative, aphrodisiac, and for diabetes.",Kapha|Pitta,Vata,False,Madhura,Snigdha,Sheeta,Madhura,rasayan|Vrishya|Pramehaghna,OBSERVED:AMIDHA_CC_BY_4_0
A0659,Tribhuvan Kirti rasa,/p/tribhuvan-kirti-rasa.html,"A classical herbo-mineral formulation used for all types of fever, cold, cough, and body aches. It induces sweating.",Vata|Kapha,Pitta,False,Katu|Tikta,Laghu|Tikshna,Ushna,Katu,Jwaraghna|Kasahara|Amapachana,OBSERVED:AMIDHA_CC_BY_4_0
A0660,Krimi Kuthar rasa,/p/krimi-kuthar-rasa.html,A potent formulation used specifically for destroying all types of intestinal worms and parasites.,Kapha|Vata,Pitta,False,Katu|Tikta,Tikshna,Ushna,Katu,Krimighna|Deepana,OBSERVED:AMIDHA_CC_BY_4_0
A0661,Mahalakshmi Vilas rasa,/p/mahalakshmi-vilas-rasa.html,"A herbo-mineral formulation with gold, used for severe respiratory conditions, cardiac issues, and as a powerful tonic.",Vata|Kapha,Pitta,False,Madhura,Snigdha,Ushna,Madhura,rasayan|Hridaya|Shwasahara,OBSERVED:AMIDHA_CC_BY_4_0
A0662,Nityananda rasa,/p/nityananda-rasa.html,A classical formulation used for treating filariasis (elephantiasis) and other glandular swellings.,Kapha|Vata,Pitta,False,Katu|Tikta,Tikshna,Ushna,Katu,Lekhana|Shothahara,OBSERVED:AMIDHA_CC_BY_4_0
A0663,Sameer Pannag rasa,/p/sameer-pannag-rasa.html,A potent herbo-mineral formulation used for respiratory and neurological conditions with severe pain and stiffness.,Vata|Kapha,Pitta,False,Katu|Tikta,Tikshna,Ushna,Katu,Vatahara|Shoolaghna,OBSERVED:AMIDHA_CC_BY_4_0
A0664,rasamanikya,/p/rasamanikya.html,"A preparation of purified arsenic, used for skin diseases like psoriasis, eczema, and leucoderma.",Kapha|Vata,Pitta,False,Katu,Tikshna,Ushna,Katu,Kushtaghna|Vishaghna,OBSERVED:AMIDHA_CC_BY_4_0
A0665,Vatagajankush rasa,/p/vatagajankush-rasa.html,"A powerful formulation for severe Vata disorders like paralysis, sciatica, and convulsions.",Vata,Pitta,False,Katu|Tikta,Tikshna,Ushna,Katu,Vatahara|Vedanasthapana,OBSERVED:AMIDHA_CC_BY_4_0
A0666,Amritottaram Kashayam,/p/amritottaram-kashayam.html,"A simple but effective decoction of Giloy and Ginger, used for all types of fevers and indigestion.",Kapha|Vata,Pitta,False,Tikta|Katu,Laghu,Ushna,Katu,Jwaraghna|Amapachana,OBSERVED:AMIDHA_CC_BY_4_0
A0667,Dashamoola Katutraya Kashayam,/p/dashamoola-katutraya-kashayam.html,"A decoction combining Dashamoola with Trikatu, used for cough, cold, and asthma, especially with body aches.",Vata|Kapha,Pitta,False,Katu|Tikta,Laghu|Tikshna,Ushna,Katu,Kasahara|Shwasahara|Vatahara,OBSERVED:AMIDHA_CC_BY_4_0
A0668,Dhanwantaram Kashayam,/p/dhanwantaram-kashayam.html,"A decoction form of Dhanwantaram Thailam, used internally for Vata disorders, especially post-delivery care.",Vata,Pitta,False,Tikta|Kashaya,Laghu,Ushna,Katu,Vatahara|Shoolaghna,OBSERVED:AMIDHA_CC_BY_4_0
A0669,Elakanadi Kashayam,/p/elakanadi-kashayam.html,A classical decoction used for chronic respiratory conditions like asthma and bronchitis.,Kapha|Vata,Pitta,False,Katu|Tikta,Laghu,Ushna,Katu,Shwasahara|Kasahara,OBSERVED:AMIDHA_CC_BY_4_0
A0670,Guloochyadi Kashayam,/p/guloochyadi-kashayam.html,"A decoction with Giloy, it is a potent remedy for Pitta-dominant fevers, burning sensation, and vomiting.",Pitta,Vata,False,Tikta,Laghu,Sheeta,Katu,Jwaraghna|Dahashamana,OBSERVED:AMIDHA_CC_BY_4_0
A0671,Haridra Khanda,/p/haridra-khanda.html,"A granular preparation of Turmeric, it is a famous remedy for skin allergies, hives, and itching.",Pitta|Kapha,Vata,False,Tikta|Madhura,Laghu|Ruksha,Ushna,Katu,Kushtaghna|Vishaghna,OBSERVED:AMIDHA_CC_BY_4_0
A0672,Jeerakarishtam,/p/jeerakarishtam.html,"A fermented tonic with Cumin, specifically used for post-natal care to improve digestion and restore strength.",Vata|Kapha,Pitta,False,Katu|Madhura,Laghu,Ushna,Madhura,Deepana|Garbhashaya Shodhaka,OBSERVED:AMIDHA_CC_BY_4_0
A0673,Kalyana Ksharam,/p/kalyana-ksharam.html,"A classical alkaline preparation used for treating urinary calculi, bloating, and abdominal pain.",Vata|Kapha,Pitta,False,Lavana|Katu,Tikshna|Laghu,Ushna,Katu,Ashmaribhedana|Deepana,OBSERVED:AMIDHA_CC_BY_4_0
A0674,Kanmad Bhasma,/p/kanmad-bhasma.html,"A mineral pitch (Shilajit variety) ash used for urinary disorders, diabetes, and as a general tonic.",Kapha|Vata,Pitta,False,Katu|Tikta,Laghu,Ushna,Katu,Pramehaghna|Mutrala,OBSERVED:AMIDHA_CC_BY_4_0
A0675,Kanthasudharak Vati,/p/kanthasudharak-vati.html,"A lozenge for the throat, used to relieve sore throat, hoarseness, and cough.",Kapha|Vata,Pitta,False,Katu|Madhura,Laghu,Ushna,Katu,Kasahara|Kantya,OBSERVED:AMIDHA_CC_BY_4_0
A0676,Krimighna Vati,/p/krimighna-vati.html,A classical deworming tablet used to eradicate intestinal worms and parasites.,Kapha|Vata,Pitta,False,Tikta|Katu,Tikshna,Ushna,Katu,Krimighna,OBSERVED:AMIDHA_CC_BY_4_0
A0677,Laghu Sutshekhar Ras,/p/laghu-sutshekhar-ras.html,"A herbo-mineral formulation for hyperacidity, headache, and other Pitta-dominant conditions.",Pitta|Vata,Kapha,False,Tikta,Laghu,Sheeta,Madhura,Amlapittahara|Shoolaghna,OBSERVED:AMIDHA_CC_BY_4_0
A0678,Madhuyashtyadi Thailam,/p/madhuyashtyadi-thailam.html,"A cooling medicated oil with Licorice, used for head massage to relieve burning sensation and pain.",Pitta|Vata,Kapha,False,Madhura,Snigdha,Sheeta,Madhura,Dahashamana|Vatahara,OBSERVED:AMIDHA_CC_BY_4_0
A0679,Maha Narayana Thailam,/p/maha-narayana-thailam.html,"A fortified version of Narayana Thailam, this oil is an exceptionally potent remedy for chronic Vata disorders, paralysis, and severe joint pain.",Vata,Pitta,False,Madhura|Tikta,Guru|Snigdha,Ushna,Madhura,Vatahara|Balya|Brimhaniya,OBSERVED:AMIDHA_CC_BY_4_0
A0680,Aja Dugdha,/p/aja-dugdha.html,"Goat's milk is lighter and easier to digest than cow's milk, and is beneficial in respiratory conditions.",Pitta|Kapha,Vata,False,Madhura|Kashaya,Laghu|Ruksha,Sheeta,Madhura,Grahi|Shwasahara,OBSERVED:AMIDHA_CC_BY_4_0
A0681,Mahishi Dugdha,/p/mahishi-dugdha.html,"Buffalo's milk is very heavy and cooling, promoting sleep and weight gain. It is best for those with strong digestion.",Pitta|Vata,Kapha,False,Madhura,Guru|Snigdha,Sheeta,Madhura,Nidrajanana|Brimhaniya,OBSERVED:AMIDHA_CC_BY_4_0
A0682,Ushtra Dugdha,/p/ushtra-dugdha.html,"Camel's milk is light, slightly salty, and heating. It is used in Ayurveda for edema, piles, and abdominal worms.",Vata|Kapha,Pitta,False,Lavana|Madhura,Laghu|Ruksha,Ushna,Katu,Lekhana|Deepana|Krimighna,OBSERVED:AMIDHA_CC_BY_4_0
A0683,Guda,/p/guda.html,"Jaggery is unrefined cane sugar. It is nourishing and a blood purifier, but can increase Kapha.",Vata|Pitta,Kapha,False,Madhura,Guru|Snigdha,Ushna,Madhura,Balya|Raktavardhak,OBSERVED:AMIDHA_CC_BY_4_0
A0684,Phanita,/p/phanita.html,"A semi-solid form of molasses, it is very heavy and can block the channels if used improperly.",Vata,Pitta|Kapha,False,Madhura,Guru,Ushna,Madhura,Brimhaniya,OBSERVED:AMIDHA_CC_BY_4_0
A0685,Makshika Madhu,/p/makshika-madhu.html,"A type of honey collected by smaller bees, considered the best type. It is light, dry, and good for eyes.",Kapha,Pitta|Vata,False,Madhura|Kashaya,Laghu|Ruksha,Ushna,Katu,Lekhana|Chakshushya,OBSERVED:AMIDHA_CC_BY_4_0
A0686,Jaitun Taila,/p/jaitun-taila.html,Olive Oil is good for pacifying Pitta dosha when used externally. It is considered nourishing for the skin.,Pitta|Vata,Kapha,False,Madhura|Kashaya,Guru|Snigdha,Sheeta,Madhura,Balya|Varnya,OBSERVED:AMIDHA_CC_BY_4_0
A0687,Narikela Jala,/p/narikela-jala.html,Coconut water is extremely cooling and hydrating. It is an excellent diuretic and pacifies Pitta dosha.,Pitta,Vata|Kapha,False,Madhura,Laghu|Snigdha,Sheeta,Madhura,Mutrala|Deepana|Dahashamana,OBSERVED:AMIDHA_CC_BY_4_0
A0688,Amlaparni,/p/amlaparni.html,Rheum emodi (Indian Rhubarb) is a potent purgative and is used for constipation and liver disorders.,Kapha|Pitta,Vata,False,Tikta,Laghu|Tikshna,Ushna,Katu,Virechana|Yakrituttejaka,OBSERVED:AMIDHA_CC_BY_4_0
A0689,Aranya Jeeraka,/p/aranya-jeeraka.html,Vernonia anthelmintica (Wild Cumin) is a powerful herb for destroying intestinal worms and parasites.,Kapha|Vata,Pitta,False,Tikta,Laghu|Tikshna,Ushna,Katu,Krimighna|Kushtaghna,OBSERVED:AMIDHA_CC_BY_4_0
A0690,Bhadra,/p/bhadra.html,Aerva lanata is a diuretic herb used for urinary stones and painful urination.,Pitta|Kapha,Vata,False,Tikta|Kashaya,Laghu,Sheeta,Katu,Mutrala|Ashmaribhedana,OBSERVED:AMIDHA_CC_BY_4_0
A0691,Bhumi Jambuka,/p/bhumi-jambuka.html,Premna herbacea is an anti-inflammatory herb used in rheumatic conditions.,Vata|Kapha,Pitta,False,Tikta,Laghu,Ushna,Katu,Shothahara|Vatahara,OBSERVED:AMIDHA_CC_BY_4_0
A0692,Bhutika,/p/bhutika.html,"Lemongrass (Cymbopogon citratus) is an aromatic, carminative herb that relieves bloating and fever.",Vata|Kapha,Pitta,False,Katu|Tikta,Laghu|Tikshna,Ushna,Katu,Deepana|Jwaraghna,OBSERVED:AMIDHA_CC_BY_4_0
A0693,Chakragaja,/p/chakragaja.html,Celosia argentea is a diuretic and is used for treating urinary stones and painful urination.,Pitta|Kapha,Vata,False,Madhura,Laghu|Ruksha,Sheeta,Madhura,Mutrala|Ashmaribhedana,OBSERVED:AMIDHA_CC_BY_4_0
A0694,Chhatraka,/p/chhatraka.html,"Mushroom is a heavy, nourishing food that can increase Kapha and is difficult to digest for some.",Vata,Kapha|Pitta,False,Madhura,Guru|Snigdha,Sheeta,Madhura,Balya|Brimhaniya,OBSERVED:AMIDHA_CC_BY_4_0
A0695,Dhamargava,/p/dhamargava.html,"Luffa cylindrica (Ridge Gourd) is a vegetable used for its detoxifying properties, especially for the liver.",Kapha|Pitta,Vata,False,Tikta,Laghu|Ruksha,Ushna,Katu,Vamana|Yakrituttejaka,OBSERVED:AMIDHA_CC_BY_4_0
A0696,Gavedhuka,/p/gavedhuka.html,"Coix lacryma-jobi (Job's Tears) is a diuretic and nourishing grain, used for edema and obesity.",Kapha|Pitta,Vata,False,Madhura|Kashaya,Laghu|Ruksha,Ushna,Madhura,Lekhana|Mutrala,OBSERVED:AMIDHA_CC_BY_4_0
A0697,Kshavaka,/p/kshavaka.html,Centipeda minima is a pungent herb used to induce sneezing and clear the nasal passages.,Kapha|Vata,Pitta,False,Katu,Tikshna|Laghu,Ushna,Katu,Kasahara|Shoolaghna,OBSERVED:AMIDHA_CC_BY_4_0
A0698,Kurabaka,/p/kurabaka.html,Barleria cristata is used for its anti-inflammatory properties in treating swelling and pain.,Vata|Kapha,Pitta,False,Tikta,Laghu,Ushna,Katu,Shothahara|Vedanasthapana,OBSERVED:AMIDHA_CC_BY_4_0
A0699,Mamsarohini,/p/mamsarohini.html,Soymida febrifuga is a potent astringent used for wound healing and treating diarrhea.,Pitta|Kapha,Vata,False,Kashaya,Laghu|Ruksha,Sheeta,Katu,Vranaropana|Grahi,OBSERVED:AMIDHA_CC_BY_4_0
A0700,Medasaka,/p/medasaka.html,"Litsea glutinosa is used as a demulcent and for its anti-inflammatory properties, especially in poultices.",Vata|Pitta,Kapha,False,Madhura|Kashaya,Guru|Snigdha,Ushna,Madhura,Shothahara|Balya,OBSERVED:AMIDHA_CC_BY_4_0
A0701,Icchabhedi rasa,/p/icchabhedi-rasa.html,"A potent purgative formulation containing Jayapala, used for rapid detoxification and treating severe constipation.",Kapha|Vata,Pitta,False,Katu,Tikshna|Laghu,Ushna,Katu,Virechana,OBSERVED:AMIDHA_CC_BY_4_0
A0702,Aivana,/p/aivana.html,"Hyoscyamus niger (Henbane) is a toxic nervine sedative used in purified, minute doses for pain and convulsions.",Vata|Kapha,Pitta,False,Tikta|Katu,Guru|Ruksha,Ushna,Katu,Vedanasthapana|Madakari,OBSERVED:AMIDHA_CC_BY_4_0
A0703,Asphota,/p/asphota.html,"A variety of Aparajita (Clitoria ternatea), sharing its brain-tonic and calming properties.",Vata|Pitta,Kapha,False,Tikta|Kashaya,Laghu,Sheeta,Katu,Medhya|Vishaghna,OBSERVED:AMIDHA_CC_BY_4_0
A0704,Brihatyadi Kashayam,/p/brihatyadi-kashayam.html,"A decoction including Brihati, used for urinary tract disorders like dysuria and cystitis.",Vata|Pitta,Kapha,False,Tikta|Madhura,Laghu,Sheeta,Madhura,Mutrala|Vatahara,OBSERVED:AMIDHA_CC_BY_4_0
