emoji,unicode_name,group,subgroup,slug,codepoint,attestation_status
😀,grinning face,Smileys & Emotion,,grinning_face,U+1F600,inferred_coherent
😃,grinning face with big eyes,Smileys & Emotion,,grinning_face_with_big_eyes,U+1F603,inferred_coherent
😄,grinning face with smiling eyes,Smileys & Emotion,,grinning_face_with_smiling_eyes,U+1F604,inferred_coherent
😁,beaming face with smiling eyes,Smileys & Emotion,,beaming_face_with_smiling_eyes,U+1F601,inferred_coherent
😆,grinning squinting face,Smileys & Emotion,,grinning_squinting_face,U+1F606,inferred_coherent
😅,grinning face with sweat,Smileys & Emotion,,grinning_face_with_sweat,U+1F605,inferred_coherent
🤣,rolling on the floor laughing,Smileys & Emotion,,rolling_on_the_floor_laughing,U+1F923,inferred_coherent
😂,face with tears of joy,Smileys & Emotion,,face_with_tears_of_joy,U+1F602,inferred_coherent
🙂,slightly smiling face,Smileys & Emotion,,slightly_smiling_face,U+1F642,inferred_coherent
🙃,upside-down face,Smileys & Emotion,,upside_down_face,U+1F643,inferred_coherent
🫠,melting face,Smileys & Emotion,,melting_face,U+1FAE0,inferred_coherent
😉,winking face,Smileys & Emotion,,winking_face,U+1F609,inferred_coherent
😊,smiling face with smiling eyes,Smileys & Emotion,,smiling_face_with_smiling_eyes,U+1F60A,inferred_coherent
😇,smiling face with halo,Smileys & Emotion,,smiling_face_with_halo,U+1F607,inferred_coherent
🥰,smiling face with hearts,Smileys & Emotion,,smiling_face_with_hearts,U+1F970,inferred_coherent
😍,smiling face with heart-eyes,Smileys & Emotion,,smiling_face_with_heart_eyes,U+1F60D,inferred_coherent
🤩,star-struck,Smileys & Emotion,,star_struck,U+1F929,inferred_coherent
😘,face blowing a kiss,Smileys & Emotion,,face_blowing_a_kiss,U+1F618,inferred_coherent
😗,kissing face,Smileys & Emotion,,kissing_face,U+1F617,inferred_coherent
☺️,smiling face,Smileys & Emotion,,smiling_face,U+263A U+FE0F,inferred_coherent
😚,kissing face with closed eyes,Smileys & Emotion,,kissing_face_with_closed_eyes,U+1F61A,inferred_coherent
😙,kissing face with smiling eyes,Smileys & Emotion,,kissing_face_with_smiling_eyes,U+1F619,inferred_coherent
🥲,smiling face with tear,Smileys & Emotion,,smiling_face_with_tear,U+1F972,inferred_coherent
😋,face savoring food,Smileys & Emotion,,face_savoring_food,U+1F60B,inferred_coherent
😛,face with tongue,Smileys & Emotion,,face_with_tongue,U+1F61B,inferred_coherent
😜,winking face with tongue,Smileys & Emotion,,winking_face_with_tongue,U+1F61C,inferred_coherent
🤪,zany face,Smileys & Emotion,,zany_face,U+1F92A,inferred_coherent
😝,squinting face with tongue,Smileys & Emotion,,squinting_face_with_tongue,U+1F61D,inferred_coherent
🤑,money-mouth face,Smileys & Emotion,,money_mouth_face,U+1F911,inferred_coherent
🤗,smiling face with open hands,Smileys & Emotion,,smiling_face_with_open_hands,U+1F917,inferred_coherent
🤭,face with hand over mouth,Smileys & Emotion,,face_with_hand_over_mouth,U+1F92D,inferred_coherent
🫢,face with open eyes and hand over mouth,Smileys & Emotion,,face_with_open_eyes_and_hand_over_mouth,U+1FAE2,inferred_coherent
🫣,face with peeking eye,Smileys & Emotion,,face_with_peeking_eye,U+1FAE3,inferred_coherent
🤫,shushing face,Smileys & Emotion,,shushing_face,U+1F92B,inferred_coherent
🤔,thinking face,Smileys & Emotion,,thinking_face,U+1F914,inferred_coherent
🫡,saluting face,Smileys & Emotion,,saluting_face,U+1FAE1,inferred_coherent
🤐,zipper-mouth face,Smileys & Emotion,,zipper_mouth_face,U+1F910,inferred_coherent
🤨,face with raised eyebrow,Smileys & Emotion,,face_with_raised_eyebrow,U+1F928,inferred_coherent
😐,neutral face,Smileys & Emotion,,neutral_face,U+1F610,inferred_coherent
😑,expressionless face,Smileys & Emotion,,expressionless_face,U+1F611,inferred_coherent
😶,face without mouth,Smileys & Emotion,,face_without_mouth,U+1F636,inferred_coherent
🫥,dotted line face,Smileys & Emotion,,dotted_line_face,U+1FAE5,inferred_coherent
😶‍🌫️,face in clouds,Smileys & Emotion,,face_in_clouds,U+1F636 U+200D U+1F32B U+FE0F,inferred_coherent
😏,smirking face,Smileys & Emotion,,smirking_face,U+1F60F,inferred_coherent
😒,unamused face,Smileys & Emotion,,unamused_face,U+1F612,inferred_coherent
🙄,face with rolling eyes,Smileys & Emotion,,face_with_rolling_eyes,U+1F644,inferred_coherent
😬,grimacing face,Smileys & Emotion,,grimacing_face,U+1F62C,inferred_coherent
😮‍💨,face exhaling,Smileys & Emotion,,face_exhaling,U+1F62E U+200D U+1F4A8,inferred_coherent
🤥,lying face,Smileys & Emotion,,lying_face,U+1F925,inferred_coherent
🫨,shaking face,Smileys & Emotion,,shaking_face,U+1FAE8,inferred_coherent
🙂‍↔️,head shaking horizontally,Smileys & Emotion,,head_shaking_horizontally,U+1F642 U+200D U+2194 U+FE0F,inferred_coherent
🙂‍↕️,head shaking vertically,Smileys & Emotion,,head_shaking_vertically,U+1F642 U+200D U+2195 U+FE0F,inferred_coherent
😌,relieved face,Smileys & Emotion,,relieved_face,U+1F60C,inferred_coherent
😔,pensive face,Smileys & Emotion,,pensive_face,U+1F614,inferred_coherent
😪,sleepy face,Smileys & Emotion,,sleepy_face,U+1F62A,inferred_coherent
🤤,drooling face,Smileys & Emotion,,drooling_face,U+1F924,inferred_coherent
😴,sleeping face,Smileys & Emotion,,sleeping_face,U+1F634,inferred_coherent
🫩,face with bags under eyes,Smileys & Emotion,,face_with_bags_under_eyes,U+1FAE9,inferred_coherent
😷,face with medical mask,Smileys & Emotion,,face_with_medical_mask,U+1F637,inferred_coherent
🤒,face with thermometer,Smileys & Emotion,,face_with_thermometer,U+1F912,inferred_coherent
🤕,face with head-bandage,Smileys & Emotion,,face_with_head_bandage,U+1F915,inferred_coherent
🤢,nauseated face,Smileys & Emotion,,nauseated_face,U+1F922,inferred_coherent
🤮,face vomiting,Smileys & Emotion,,face_vomiting,U+1F92E,inferred_coherent
🤧,sneezing face,Smileys & Emotion,,sneezing_face,U+1F927,inferred_coherent
🥵,hot face,Smileys & Emotion,,hot_face,U+1F975,inferred_coherent
🥶,cold face,Smileys & Emotion,,cold_face,U+1F976,inferred_coherent
🥴,woozy face,Smileys & Emotion,,woozy_face,U+1F974,inferred_coherent
😵,face with crossed-out eyes,Smileys & Emotion,,face_with_crossed_out_eyes,U+1F635,inferred_coherent
😵‍💫,face with spiral eyes,Smileys & Emotion,,face_with_spiral_eyes,U+1F635 U+200D U+1F4AB,inferred_coherent
🤯,exploding head,Smileys & Emotion,,exploding_head,U+1F92F,inferred_coherent
🤠,cowboy hat face,Smileys & Emotion,,cowboy_hat_face,U+1F920,inferred_coherent
🥳,partying face,Smileys & Emotion,,partying_face,U+1F973,inferred_coherent
🥸,disguised face,Smileys & Emotion,,disguised_face,U+1F978,inferred_coherent
😎,smiling face with sunglasses,Smileys & Emotion,,smiling_face_with_sunglasses,U+1F60E,inferred_coherent
🤓,nerd face,Smileys & Emotion,,nerd_face,U+1F913,inferred_coherent
🧐,face with monocle,Smileys & Emotion,,face_with_monocle,U+1F9D0,inferred_coherent
😕,confused face,Smileys & Emotion,,confused_face,U+1F615,inferred_coherent
🫤,face with diagonal mouth,Smileys & Emotion,,face_with_diagonal_mouth,U+1FAE4,inferred_coherent
😟,worried face,Smileys & Emotion,,worried_face,U+1F61F,inferred_coherent
🙁,slightly frowning face,Smileys & Emotion,,slightly_frowning_face,U+1F641,inferred_coherent
☹️,frowning face,Smileys & Emotion,,frowning_face,U+2639 U+FE0F,inferred_coherent
😮,face with open mouth,Smileys & Emotion,,face_with_open_mouth,U+1F62E,inferred_coherent
😯,hushed face,Smileys & Emotion,,hushed_face,U+1F62F,inferred_coherent
😲,astonished face,Smileys & Emotion,,astonished_face,U+1F632,inferred_coherent
😳,flushed face,Smileys & Emotion,,flushed_face,U+1F633,inferred_coherent
🥺,pleading face,Smileys & Emotion,,pleading_face,U+1F97A,inferred_coherent
🥹,face holding back tears,Smileys & Emotion,,face_holding_back_tears,U+1F979,inferred_coherent
😦,frowning face with open mouth,Smileys & Emotion,,frowning_face_with_open_mouth,U+1F626,inferred_coherent
😧,anguished face,Smileys & Emotion,,anguished_face,U+1F627,inferred_coherent
😨,fearful face,Smileys & Emotion,,fearful_face,U+1F628,inferred_coherent
😰,anxious face with sweat,Smileys & Emotion,,anxious_face_with_sweat,U+1F630,inferred_coherent
😥,sad but relieved face,Smileys & Emotion,,sad_but_relieved_face,U+1F625,inferred_coherent
😢,crying face,Smileys & Emotion,,crying_face,U+1F622,inferred_coherent
😭,loudly crying face,Smileys & Emotion,,loudly_crying_face,U+1F62D,inferred_coherent
😱,face screaming in fear,Smileys & Emotion,,face_screaming_in_fear,U+1F631,inferred_coherent
😖,confounded face,Smileys & Emotion,,confounded_face,U+1F616,inferred_coherent
😣,persevering face,Smileys & Emotion,,persevering_face,U+1F623,inferred_coherent
😞,disappointed face,Smileys & Emotion,,disappointed_face,U+1F61E,inferred_coherent
😓,downcast face with sweat,Smileys & Emotion,,downcast_face_with_sweat,U+1F613,inferred_coherent
😩,weary face,Smileys & Emotion,,weary_face,U+1F629,inferred_coherent
😫,tired face,Smileys & Emotion,,tired_face,U+1F62B,inferred_coherent
🥱,yawning face,Smileys & Emotion,,yawning_face,U+1F971,inferred_coherent
😤,face with steam from nose,Smileys & Emotion,,face_with_steam_from_nose,U+1F624,inferred_coherent
😡,enraged face,Smileys & Emotion,,enraged_face,U+1F621,inferred_coherent
😠,angry face,Smileys & Emotion,,angry_face,U+1F620,inferred_coherent
🤬,face with symbols on mouth,Smileys & Emotion,,face_with_symbols_on_mouth,U+1F92C,inferred_coherent
😈,smiling face with horns,Smileys & Emotion,,smiling_face_with_horns,U+1F608,inferred_coherent
👿,angry face with horns,Smileys & Emotion,,angry_face_with_horns,U+1F47F,inferred_coherent
💀,skull,Smileys & Emotion,,skull,U+1F480,inferred_coherent
☠️,skull and crossbones,Smileys & Emotion,,skull_and_crossbones,U+2620 U+FE0F,inferred_coherent
💩,pile of poo,Smileys & Emotion,,pile_of_poo,U+1F4A9,inferred_coherent
🤡,clown face,Smileys & Emotion,,clown_face,U+1F921,inferred_coherent
👹,ogre,Smileys & Emotion,,ogre,U+1F479,inferred_coherent
👺,goblin,Smileys & Emotion,,goblin,U+1F47A,inferred_coherent
👻,ghost,Smileys & Emotion,,ghost,U+1F47B,inferred_coherent
👽,alien,Smileys & Emotion,,alien,U+1F47D,inferred_coherent
👾,alien monster,Smileys & Emotion,,alien_monster,U+1F47E,inferred_coherent
🤖,robot,Smileys & Emotion,,robot,U+1F916,inferred_coherent
😺,grinning cat,Smileys & Emotion,,grinning_cat,U+1F63A,inferred_coherent
😸,grinning cat with smiling eyes,Smileys & Emotion,,grinning_cat_with_smiling_eyes,U+1F638,inferred_coherent
😹,cat with tears of joy,Smileys & Emotion,,cat_with_tears_of_joy,U+1F639,inferred_coherent
😻,smiling cat with heart-eyes,Smileys & Emotion,,smiling_cat_with_heart_eyes,U+1F63B,inferred_coherent
😼,cat with wry smile,Smileys & Emotion,,cat_with_wry_smile,U+1F63C,inferred_coherent
😽,kissing cat,Smileys & Emotion,,kissing_cat,U+1F63D,inferred_coherent
🙀,weary cat,Smileys & Emotion,,weary_cat,U+1F640,inferred_coherent
😿,crying cat,Smileys & Emotion,,crying_cat,U+1F63F,inferred_coherent
😾,pouting cat,Smileys & Emotion,,pouting_cat,U+1F63E,inferred_coherent
🙈,see-no-evil monkey,Smileys & Emotion,,see_no_evil_monkey,U+1F648,inferred_coherent
🙉,hear-no-evil monkey,Smileys & Emotion,,hear_no_evil_monkey,U+1F649,inferred_coherent
🙊,speak-no-evil monkey,Smileys & Emotion,,speak_no_evil_monkey,U+1F64A,inferred_coherent
💌,love letter,Smileys & Emotion,,love_letter,U+1F48C,inferred_coherent
💘,heart with arrow,Smileys & Emotion,,heart_with_arrow,U+1F498,inferred_coherent
💝,heart with ribbon,Smileys & Emotion,,heart_with_ribbon,U+1F49D,inferred_coherent
💖,sparkling heart,Smileys & Emotion,,sparkling_heart,U+1F496,inferred_coherent
💗,growing heart,Smileys & Emotion,,growing_heart,U+1F497,inferred_coherent
💓,beating heart,Smileys & Emotion,,beating_heart,U+1F493,inferred_coherent
💞,revolving hearts,Smileys & Emotion,,revolving_hearts,U+1F49E,inferred_coherent
💕,two hearts,Smileys & Emotion,,two_hearts,U+1F495,inferred_coherent
💟,heart decoration,Smileys & Emotion,,heart_decoration,U+1F49F,inferred_coherent
❣️,heart exclamation,Smileys & Emotion,,heart_exclamation,U+2763 U+FE0F,inferred_coherent
💔,broken heart,Smileys & Emotion,,broken_heart,U+1F494,inferred_coherent
❤️‍🔥,heart on fire,Smileys & Emotion,,heart_on_fire,U+2764 U+FE0F U+200D U+1F525,inferred_coherent
❤️‍🩹,mending heart,Smileys & Emotion,,mending_heart,U+2764 U+FE0F U+200D U+1FA79,inferred_coherent
❤️,red heart,Smileys & Emotion,,red_heart,U+2764 U+FE0F,inferred_coherent
🩷,pink heart,Smileys & Emotion,,pink_heart,U+1FA77,inferred_coherent
🧡,orange heart,Smileys & Emotion,,orange_heart,U+1F9E1,inferred_coherent
💛,yellow heart,Smileys & Emotion,,yellow_heart,U+1F49B,inferred_coherent
💚,green heart,Smileys & Emotion,,green_heart,U+1F49A,inferred_coherent
💙,blue heart,Smileys & Emotion,,blue_heart,U+1F499,inferred_coherent
🩵,light blue heart,Smileys & Emotion,,light_blue_heart,U+1FA75,inferred_coherent
💜,purple heart,Smileys & Emotion,,purple_heart,U+1F49C,inferred_coherent
🤎,brown heart,Smileys & Emotion,,brown_heart,U+1F90E,inferred_coherent
🖤,black heart,Smileys & Emotion,,black_heart,U+1F5A4,inferred_coherent
🩶,grey heart,Smileys & Emotion,,grey_heart,U+1FA76,inferred_coherent
🤍,white heart,Smileys & Emotion,,white_heart,U+1F90D,inferred_coherent
💋,kiss mark,Smileys & Emotion,,kiss_mark,U+1F48B,inferred_coherent
💯,hundred points,Smileys & Emotion,,hundred_points,U+1F4AF,inferred_coherent
💢,anger symbol,Smileys & Emotion,,anger_symbol,U+1F4A2,inferred_coherent
💥,collision,Smileys & Emotion,,collision,U+1F4A5,inferred_coherent
💫,dizzy,Smileys & Emotion,,dizzy,U+1F4AB,inferred_coherent
💦,sweat droplets,Smileys & Emotion,,sweat_droplets,U+1F4A6,inferred_coherent
💨,dashing away,Smileys & Emotion,,dashing_away,U+1F4A8,inferred_coherent
🕳️,hole,Smileys & Emotion,,hole,U+1F573 U+FE0F,inferred_coherent
💬,speech balloon,Smileys & Emotion,,speech_balloon,U+1F4AC,inferred_coherent
👁️‍🗨️,eye in speech bubble,Smileys & Emotion,,eye_in_speech_bubble,U+1F441 U+FE0F U+200D U+1F5E8 U+FE0F,inferred_coherent
🗨️,left speech bubble,Smileys & Emotion,,left_speech_bubble,U+1F5E8 U+FE0F,inferred_coherent
🗯️,right anger bubble,Smileys & Emotion,,right_anger_bubble,U+1F5EF U+FE0F,inferred_coherent
💭,thought balloon,Smileys & Emotion,,thought_balloon,U+1F4AD,inferred_coherent
💤,ZZZ,Smileys & Emotion,,zzz,U+1F4A4,inferred_coherent
👋,waving hand,People & Body,,waving_hand,U+1F44B,inferred_coherent
🤚,raised back of hand,People & Body,,raised_back_of_hand,U+1F91A,inferred_coherent
🖐️,hand with fingers splayed,People & Body,,hand_with_fingers_splayed,U+1F590 U+FE0F,inferred_coherent
✋,raised hand,People & Body,,raised_hand,U+270B,inferred_coherent
🖖,vulcan salute,People & Body,,vulcan_salute,U+1F596,inferred_coherent
🫱,rightwards hand,People & Body,,rightwards_hand,U+1FAF1,inferred_coherent
🫲,leftwards hand,People & Body,,leftwards_hand,U+1FAF2,inferred_coherent
🫳,palm down hand,People & Body,,palm_down_hand,U+1FAF3,inferred_coherent
🫴,palm up hand,People & Body,,palm_up_hand,U+1FAF4,inferred_coherent
🫷,leftwards pushing hand,People & Body,,leftwards_pushing_hand,U+1FAF7,inferred_coherent
🫸,rightwards pushing hand,People & Body,,rightwards_pushing_hand,U+1FAF8,inferred_coherent
👌,OK hand,People & Body,,ok_hand,U+1F44C,inferred_coherent
🤌,pinched fingers,People & Body,,pinched_fingers,U+1F90C,inferred_coherent
🤏,pinching hand,People & Body,,pinching_hand,U+1F90F,inferred_coherent
✌️,victory hand,People & Body,,victory_hand,U+270C U+FE0F,inferred_coherent
🤞,crossed fingers,People & Body,,crossed_fingers,U+1F91E,inferred_coherent
🫰,hand with index finger and thumb crossed,People & Body,,hand_with_index_finger_and_thumb_crossed,U+1FAF0,inferred_coherent
🤟,love-you gesture,People & Body,,love_you_gesture,U+1F91F,inferred_coherent
🤘,sign of the horns,People & Body,,sign_of_the_horns,U+1F918,inferred_coherent
🤙,call me hand,People & Body,,call_me_hand,U+1F919,inferred_coherent
👈,backhand index pointing left,People & Body,,backhand_index_pointing_left,U+1F448,inferred_coherent
👉,backhand index pointing right,People & Body,,backhand_index_pointing_right,U+1F449,inferred_coherent
👆,backhand index pointing up,People & Body,,backhand_index_pointing_up,U+1F446,inferred_coherent
🖕,middle finger,People & Body,,middle_finger,U+1F595,inferred_coherent
👇,backhand index pointing down,People & Body,,backhand_index_pointing_down,U+1F447,inferred_coherent
☝️,index pointing up,People & Body,,index_pointing_up,U+261D U+FE0F,inferred_coherent
🫵,index pointing at the viewer,People & Body,,index_pointing_at_the_viewer,U+1FAF5,inferred_coherent
👍,thumbs up,People & Body,,thumbs_up,U+1F44D,inferred_coherent
👎,thumbs down,People & Body,,thumbs_down,U+1F44E,inferred_coherent
✊,raised fist,People & Body,,raised_fist,U+270A,inferred_coherent
👊,oncoming fist,People & Body,,oncoming_fist,U+1F44A,inferred_coherent
🤛,left-facing fist,People & Body,,left_facing_fist,U+1F91B,inferred_coherent
🤜,right-facing fist,People & Body,,right_facing_fist,U+1F91C,inferred_coherent
👏,clapping hands,People & Body,,clapping_hands,U+1F44F,inferred_coherent
🙌,raising hands,People & Body,,raising_hands,U+1F64C,inferred_coherent
🫶,heart hands,People & Body,,heart_hands,U+1FAF6,inferred_coherent
👐,open hands,People & Body,,open_hands,U+1F450,inferred_coherent
🤲,palms up together,People & Body,,palms_up_together,U+1F932,inferred_coherent
🤝,handshake,People & Body,,handshake,U+1F91D,inferred_coherent
🙏,folded hands,People & Body,,folded_hands,U+1F64F,inferred_coherent
✍️,writing hand,People & Body,,writing_hand,U+270D U+FE0F,inferred_coherent
💅,nail polish,People & Body,,nail_polish,U+1F485,inferred_coherent
🤳,selfie,People & Body,,selfie,U+1F933,inferred_coherent
💪,flexed biceps,People & Body,,flexed_biceps,U+1F4AA,inferred_coherent
🦾,mechanical arm,People & Body,,mechanical_arm,U+1F9BE,inferred_coherent
🦿,mechanical leg,People & Body,,mechanical_leg,U+1F9BF,inferred_coherent
🦵,leg,People & Body,,leg,U+1F9B5,inferred_coherent
🦶,foot,People & Body,,foot,U+1F9B6,inferred_coherent
👂,ear,People & Body,,ear,U+1F442,inferred_coherent
🦻,ear with hearing aid,People & Body,,ear_with_hearing_aid,U+1F9BB,inferred_coherent
👃,nose,People & Body,,nose,U+1F443,inferred_coherent
🧠,brain,People & Body,,brain,U+1F9E0,inferred_coherent
🫀,anatomical heart,People & Body,,anatomical_heart,U+1FAC0,inferred_coherent
🫁,lungs,People & Body,,lungs,U+1FAC1,inferred_coherent
🦷,tooth,People & Body,,tooth,U+1F9B7,inferred_coherent
🦴,bone,People & Body,,bone,U+1F9B4,inferred_coherent
👀,eyes,People & Body,,eyes,U+1F440,inferred_coherent
👁️,eye,People & Body,,eye,U+1F441 U+FE0F,inferred_coherent
👅,tongue,People & Body,,tongue,U+1F445,inferred_coherent
👄,mouth,People & Body,,mouth,U+1F444,inferred_coherent
🫦,biting lip,People & Body,,biting_lip,U+1FAE6,inferred_coherent
👶,baby,People & Body,,baby,U+1F476,inferred_coherent
🧒,child,People & Body,,child,U+1F9D2,inferred_coherent
👦,boy,People & Body,,boy,U+1F466,inferred_coherent
👧,girl,People & Body,,girl,U+1F467,inferred_coherent
🧑,person,People & Body,,person,U+1F9D1,inferred_coherent
👱,person blond hair,People & Body,,person_blond_hair,U+1F471,inferred_coherent
👨,man,People & Body,,man,U+1F468,inferred_coherent
🧔,person beard,People & Body,,person_beard,U+1F9D4,inferred_coherent
🧔‍♂️,man beard,People & Body,,man_beard,U+1F9D4 U+200D U+2642 U+FE0F,inferred_coherent
🧔‍♀️,woman beard,People & Body,,woman_beard,U+1F9D4 U+200D U+2640 U+FE0F,inferred_coherent
👨‍🦰,man red hair,People & Body,,man_red_hair,U+1F468 U+200D U+1F9B0,inferred_coherent
👨‍🦱,man curly hair,People & Body,,man_curly_hair,U+1F468 U+200D U+1F9B1,inferred_coherent
👨‍🦳,man white hair,People & Body,,man_white_hair,U+1F468 U+200D U+1F9B3,inferred_coherent
👨‍🦲,man bald,People & Body,,man_bald,U+1F468 U+200D U+1F9B2,inferred_coherent
👩,woman,People & Body,,woman,U+1F469,inferred_coherent
👩‍🦰,woman red hair,People & Body,,woman_red_hair,U+1F469 U+200D U+1F9B0,inferred_coherent
🧑‍🦰,person red hair,People & Body,,person_red_hair,U+1F9D1 U+200D U+1F9B0,inferred_coherent
👩‍🦱,woman curly hair,People & Body,,woman_curly_hair,U+1F469 U+200D U+1F9B1,inferred_coherent
🧑‍🦱,person curly hair,People & Body,,person_curly_hair,U+1F9D1 U+200D U+1F9B1,inferred_coherent
👩‍🦳,woman white hair,People & Body,,woman_white_hair,U+1F469 U+200D U+1F9B3,inferred_coherent
🧑‍🦳,person white hair,People & Body,,person_white_hair,U+1F9D1 U+200D U+1F9B3,inferred_coherent
👩‍🦲,woman bald,People & Body,,woman_bald,U+1F469 U+200D U+1F9B2,inferred_coherent
🧑‍🦲,person bald,People & Body,,person_bald,U+1F9D1 U+200D U+1F9B2,inferred_coherent
👱‍♀️,woman blond hair,People & Body,,woman_blond_hair,U+1F471 U+200D U+2640 U+FE0F,inferred_coherent
👱‍♂️,man blond hair,People & Body,,man_blond_hair,U+1F471 U+200D U+2642 U+FE0F,inferred_coherent
🧓,older person,People & Body,,older_person,U+1F9D3,inferred_coherent
👴,old man,People & Body,,old_man,U+1F474,inferred_coherent
👵,old woman,People & Body,,old_woman,U+1F475,inferred_coherent
🙍,person frowning,People & Body,,person_frowning,U+1F64D,inferred_coherent
🙍‍♂️,man frowning,People & Body,,man_frowning,U+1F64D U+200D U+2642 U+FE0F,inferred_coherent
🙍‍♀️,woman frowning,People & Body,,woman_frowning,U+1F64D U+200D U+2640 U+FE0F,inferred_coherent
🙎,person pouting,People & Body,,person_pouting,U+1F64E,inferred_coherent
🙎‍♂️,man pouting,People & Body,,man_pouting,U+1F64E U+200D U+2642 U+FE0F,inferred_coherent
🙎‍♀️,woman pouting,People & Body,,woman_pouting,U+1F64E U+200D U+2640 U+FE0F,inferred_coherent
🙅,person gesturing NO,People & Body,,person_gesturing_no,U+1F645,inferred_coherent
🙅‍♂️,man gesturing NO,People & Body,,man_gesturing_no,U+1F645 U+200D U+2642 U+FE0F,inferred_coherent
🙅‍♀️,woman gesturing NO,People & Body,,woman_gesturing_no,U+1F645 U+200D U+2640 U+FE0F,inferred_coherent
🙆,person gesturing OK,People & Body,,person_gesturing_ok,U+1F646,inferred_coherent
🙆‍♂️,man gesturing OK,People & Body,,man_gesturing_ok,U+1F646 U+200D U+2642 U+FE0F,inferred_coherent
🙆‍♀️,woman gesturing OK,People & Body,,woman_gesturing_ok,U+1F646 U+200D U+2640 U+FE0F,inferred_coherent
💁,person tipping hand,People & Body,,person_tipping_hand,U+1F481,inferred_coherent
💁‍♂️,man tipping hand,People & Body,,man_tipping_hand,U+1F481 U+200D U+2642 U+FE0F,inferred_coherent
💁‍♀️,woman tipping hand,People & Body,,woman_tipping_hand,U+1F481 U+200D U+2640 U+FE0F,inferred_coherent
🙋,person raising hand,People & Body,,person_raising_hand,U+1F64B,inferred_coherent
🙋‍♂️,man raising hand,People & Body,,man_raising_hand,U+1F64B U+200D U+2642 U+FE0F,inferred_coherent
🙋‍♀️,woman raising hand,People & Body,,woman_raising_hand,U+1F64B U+200D U+2640 U+FE0F,inferred_coherent
🧏,deaf person,People & Body,,deaf_person,U+1F9CF,inferred_coherent
🧏‍♂️,deaf man,People & Body,,deaf_man,U+1F9CF U+200D U+2642 U+FE0F,inferred_coherent
🧏‍♀️,deaf woman,People & Body,,deaf_woman,U+1F9CF U+200D U+2640 U+FE0F,inferred_coherent
🙇,person bowing,People & Body,,person_bowing,U+1F647,inferred_coherent
🙇‍♂️,man bowing,People & Body,,man_bowing,U+1F647 U+200D U+2642 U+FE0F,inferred_coherent
🙇‍♀️,woman bowing,People & Body,,woman_bowing,U+1F647 U+200D U+2640 U+FE0F,inferred_coherent
🤦,person facepalming,People & Body,,person_facepalming,U+1F926,inferred_coherent
🤦‍♂️,man facepalming,People & Body,,man_facepalming,U+1F926 U+200D U+2642 U+FE0F,inferred_coherent
🤦‍♀️,woman facepalming,People & Body,,woman_facepalming,U+1F926 U+200D U+2640 U+FE0F,inferred_coherent
🤷,person shrugging,People & Body,,person_shrugging,U+1F937,inferred_coherent
🤷‍♂️,man shrugging,People & Body,,man_shrugging,U+1F937 U+200D U+2642 U+FE0F,inferred_coherent
🤷‍♀️,woman shrugging,People & Body,,woman_shrugging,U+1F937 U+200D U+2640 U+FE0F,inferred_coherent
🧑‍⚕️,health worker,People & Body,,health_worker,U+1F9D1 U+200D U+2695 U+FE0F,inferred_coherent
👨‍⚕️,man health worker,People & Body,,man_health_worker,U+1F468 U+200D U+2695 U+FE0F,inferred_coherent
👩‍⚕️,woman health worker,People & Body,,woman_health_worker,U+1F469 U+200D U+2695 U+FE0F,inferred_coherent
🧑‍🎓,student,People & Body,,student,U+1F9D1 U+200D U+1F393,inferred_coherent
👨‍🎓,man student,People & Body,,man_student,U+1F468 U+200D U+1F393,inferred_coherent
👩‍🎓,woman student,People & Body,,woman_student,U+1F469 U+200D U+1F393,inferred_coherent
🧑‍🏫,teacher,People & Body,,teacher,U+1F9D1 U+200D U+1F3EB,inferred_coherent
👨‍🏫,man teacher,People & Body,,man_teacher,U+1F468 U+200D U+1F3EB,inferred_coherent
👩‍🏫,woman teacher,People & Body,,woman_teacher,U+1F469 U+200D U+1F3EB,inferred_coherent
🧑‍⚖️,judge,People & Body,,judge,U+1F9D1 U+200D U+2696 U+FE0F,inferred_coherent
👨‍⚖️,man judge,People & Body,,man_judge,U+1F468 U+200D U+2696 U+FE0F,inferred_coherent
👩‍⚖️,woman judge,People & Body,,woman_judge,U+1F469 U+200D U+2696 U+FE0F,inferred_coherent
🧑‍🌾,farmer,People & Body,,farmer,U+1F9D1 U+200D U+1F33E,inferred_coherent
👨‍🌾,man farmer,People & Body,,man_farmer,U+1F468 U+200D U+1F33E,inferred_coherent
👩‍🌾,woman farmer,People & Body,,woman_farmer,U+1F469 U+200D U+1F33E,inferred_coherent
🧑‍🍳,cook,People & Body,,cook,U+1F9D1 U+200D U+1F373,inferred_coherent
👨‍🍳,man cook,People & Body,,man_cook,U+1F468 U+200D U+1F373,inferred_coherent
👩‍🍳,woman cook,People & Body,,woman_cook,U+1F469 U+200D U+1F373,inferred_coherent
🧑‍🔧,mechanic,People & Body,,mechanic,U+1F9D1 U+200D U+1F527,inferred_coherent
👨‍🔧,man mechanic,People & Body,,man_mechanic,U+1F468 U+200D U+1F527,inferred_coherent
👩‍🔧,woman mechanic,People & Body,,woman_mechanic,U+1F469 U+200D U+1F527,inferred_coherent
🧑‍🏭,factory worker,People & Body,,factory_worker,U+1F9D1 U+200D U+1F3ED,inferred_coherent
👨‍🏭,man factory worker,People & Body,,man_factory_worker,U+1F468 U+200D U+1F3ED,inferred_coherent
👩‍🏭,woman factory worker,People & Body,,woman_factory_worker,U+1F469 U+200D U+1F3ED,inferred_coherent
🧑‍💼,office worker,People & Body,,office_worker,U+1F9D1 U+200D U+1F4BC,inferred_coherent
👨‍💼,man office worker,People & Body,,man_office_worker,U+1F468 U+200D U+1F4BC,inferred_coherent
👩‍💼,woman office worker,People & Body,,woman_office_worker,U+1F469 U+200D U+1F4BC,inferred_coherent
🧑‍🔬,scientist,People & Body,,scientist,U+1F9D1 U+200D U+1F52C,inferred_coherent
👨‍🔬,man scientist,People & Body,,man_scientist,U+1F468 U+200D U+1F52C,inferred_coherent
👩‍🔬,woman scientist,People & Body,,woman_scientist,U+1F469 U+200D U+1F52C,inferred_coherent
🧑‍💻,technologist,People & Body,,technologist,U+1F9D1 U+200D U+1F4BB,inferred_coherent
👨‍💻,man technologist,People & Body,,man_technologist,U+1F468 U+200D U+1F4BB,inferred_coherent
👩‍💻,woman technologist,People & Body,,woman_technologist,U+1F469 U+200D U+1F4BB,inferred_coherent
🧑‍🎤,singer,People & Body,,singer,U+1F9D1 U+200D U+1F3A4,inferred_coherent
👨‍🎤,man singer,People & Body,,man_singer,U+1F468 U+200D U+1F3A4,inferred_coherent
👩‍🎤,woman singer,People & Body,,woman_singer,U+1F469 U+200D U+1F3A4,inferred_coherent
🧑‍🎨,artist,People & Body,,artist,U+1F9D1 U+200D U+1F3A8,inferred_coherent
👨‍🎨,man artist,People & Body,,man_artist,U+1F468 U+200D U+1F3A8,inferred_coherent
👩‍🎨,woman artist,People & Body,,woman_artist,U+1F469 U+200D U+1F3A8,inferred_coherent
🧑‍✈️,pilot,People & Body,,pilot,U+1F9D1 U+200D U+2708 U+FE0F,inferred_coherent
👨‍✈️,man pilot,People & Body,,man_pilot,U+1F468 U+200D U+2708 U+FE0F,inferred_coherent
👩‍✈️,woman pilot,People & Body,,woman_pilot,U+1F469 U+200D U+2708 U+FE0F,inferred_coherent
🧑‍🚀,astronaut,People & Body,,astronaut,U+1F9D1 U+200D U+1F680,inferred_coherent
👨‍🚀,man astronaut,People & Body,,man_astronaut,U+1F468 U+200D U+1F680,inferred_coherent
👩‍🚀,woman astronaut,People & Body,,woman_astronaut,U+1F469 U+200D U+1F680,inferred_coherent
🧑‍🚒,firefighter,People & Body,,firefighter,U+1F9D1 U+200D U+1F692,inferred_coherent
👨‍🚒,man firefighter,People & Body,,man_firefighter,U+1F468 U+200D U+1F692,inferred_coherent
👩‍🚒,woman firefighter,People & Body,,woman_firefighter,U+1F469 U+200D U+1F692,inferred_coherent
👮,police officer,People & Body,,police_officer,U+1F46E,inferred_coherent
👮‍♂️,man police officer,People & Body,,man_police_officer,U+1F46E U+200D U+2642 U+FE0F,inferred_coherent
👮‍♀️,woman police officer,People & Body,,woman_police_officer,U+1F46E U+200D U+2640 U+FE0F,inferred_coherent
🕵️,detective,People & Body,,detective,U+1F575 U+FE0F,inferred_coherent
🕵️‍♂️,man detective,People & Body,,man_detective,U+1F575 U+FE0F U+200D U+2642 U+FE0F,inferred_coherent
🕵️‍♀️,woman detective,People & Body,,woman_detective,U+1F575 U+FE0F U+200D U+2640 U+FE0F,inferred_coherent
💂,guard,People & Body,,guard,U+1F482,inferred_coherent
💂‍♂️,man guard,People & Body,,man_guard,U+1F482 U+200D U+2642 U+FE0F,inferred_coherent
💂‍♀️,woman guard,People & Body,,woman_guard,U+1F482 U+200D U+2640 U+FE0F,inferred_coherent
🥷,ninja,People & Body,,ninja,U+1F977,inferred_coherent
👷,construction worker,People & Body,,construction_worker,U+1F477,inferred_coherent
👷‍♂️,man construction worker,People & Body,,man_construction_worker,U+1F477 U+200D U+2642 U+FE0F,inferred_coherent
👷‍♀️,woman construction worker,People & Body,,woman_construction_worker,U+1F477 U+200D U+2640 U+FE0F,inferred_coherent
🫅,person with crown,People & Body,,person_with_crown,U+1FAC5,inferred_coherent
🤴,prince,People & Body,,prince,U+1F934,inferred_coherent
👸,princess,People & Body,,princess,U+1F478,inferred_coherent
👳,person wearing turban,People & Body,,person_wearing_turban,U+1F473,inferred_coherent
👳‍♂️,man wearing turban,People & Body,,man_wearing_turban,U+1F473 U+200D U+2642 U+FE0F,inferred_coherent
👳‍♀️,woman wearing turban,People & Body,,woman_wearing_turban,U+1F473 U+200D U+2640 U+FE0F,inferred_coherent
👲,person with skullcap,People & Body,,person_with_skullcap,U+1F472,inferred_coherent
🧕,woman with headscarf,People & Body,,woman_with_headscarf,U+1F9D5,inferred_coherent
🤵,person in tuxedo,People & Body,,person_in_tuxedo,U+1F935,inferred_coherent
🤵‍♂️,man in tuxedo,People & Body,,man_in_tuxedo,U+1F935 U+200D U+2642 U+FE0F,inferred_coherent
🤵‍♀️,woman in tuxedo,People & Body,,woman_in_tuxedo,U+1F935 U+200D U+2640 U+FE0F,inferred_coherent
👰,person with veil,People & Body,,person_with_veil,U+1F470,inferred_coherent
👰‍♂️,man with veil,People & Body,,man_with_veil,U+1F470 U+200D U+2642 U+FE0F,inferred_coherent
👰‍♀️,woman with veil,People & Body,,woman_with_veil,U+1F470 U+200D U+2640 U+FE0F,inferred_coherent
🤰,pregnant woman,People & Body,,pregnant_woman,U+1F930,inferred_coherent
🫃,pregnant man,People & Body,,pregnant_man,U+1FAC3,inferred_coherent
🫄,pregnant person,People & Body,,pregnant_person,U+1FAC4,inferred_coherent
🤱,breast-feeding,People & Body,,breast_feeding,U+1F931,inferred_coherent
👩‍🍼,woman feeding baby,People & Body,,woman_feeding_baby,U+1F469 U+200D U+1F37C,inferred_coherent
👨‍🍼,man feeding baby,People & Body,,man_feeding_baby,U+1F468 U+200D U+1F37C,inferred_coherent
🧑‍🍼,person feeding baby,People & Body,,person_feeding_baby,U+1F9D1 U+200D U+1F37C,inferred_coherent
👼,baby angel,People & Body,,baby_angel,U+1F47C,inferred_coherent
🎅,Santa Claus,People & Body,,santa_claus,U+1F385,inferred_coherent
🤶,Mrs. Claus,People & Body,,mrs_claus,U+1F936,inferred_coherent
🧑‍🎄,Mx Claus,People & Body,,mx_claus,U+1F9D1 U+200D U+1F384,inferred_coherent
🦸,superhero,People & Body,,superhero,U+1F9B8,inferred_coherent
🦸‍♂️,man superhero,People & Body,,man_superhero,U+1F9B8 U+200D U+2642 U+FE0F,inferred_coherent
🦸‍♀️,woman superhero,People & Body,,woman_superhero,U+1F9B8 U+200D U+2640 U+FE0F,inferred_coherent
🦹,supervillain,People & Body,,supervillain,U+1F9B9,inferred_coherent
🦹‍♂️,man supervillain,People & Body,,man_supervillain,U+1F9B9 U+200D U+2642 U+FE0F,inferred_coherent
🦹‍♀️,woman supervillain,People & Body,,woman_supervillain,U+1F9B9 U+200D U+2640 U+FE0F,inferred_coherent
🧙,mage,People & Body,,mage,U+1F9D9,inferred_coherent
🧙‍♂️,man mage,People & Body,,man_mage,U+1F9D9 U+200D U+2642 U+FE0F,inferred_coherent
🧙‍♀️,woman mage,People & Body,,woman_mage,U+1F9D9 U+200D U+2640 U+FE0F,inferred_coherent
🧚,fairy,People & Body,,fairy,U+1F9DA,inferred_coherent
🧚‍♂️,man fairy,People & Body,,man_fairy,U+1F9DA U+200D U+2642 U+FE0F,inferred_coherent
🧚‍♀️,woman fairy,People & Body,,woman_fairy,U+1F9DA U+200D U+2640 U+FE0F,inferred_coherent
🧛,vampire,People & Body,,vampire,U+1F9DB,inferred_coherent
🧛‍♂️,man vampire,People & Body,,man_vampire,U+1F9DB U+200D U+2642 U+FE0F,inferred_coherent
🧛‍♀️,woman vampire,People & Body,,woman_vampire,U+1F9DB U+200D U+2640 U+FE0F,inferred_coherent
🧜,merperson,People & Body,,merperson,U+1F9DC,inferred_coherent
🧜‍♂️,merman,People & Body,,merman,U+1F9DC U+200D U+2642 U+FE0F,inferred_coherent
🧜‍♀️,mermaid,People & Body,,mermaid,U+1F9DC U+200D U+2640 U+FE0F,inferred_coherent
🧝,elf,People & Body,,elf,U+1F9DD,inferred_coherent
🧝‍♂️,man elf,People & Body,,man_elf,U+1F9DD U+200D U+2642 U+FE0F,inferred_coherent
🧝‍♀️,woman elf,People & Body,,woman_elf,U+1F9DD U+200D U+2640 U+FE0F,inferred_coherent
🧞,genie,People & Body,,genie,U+1F9DE,inferred_coherent
🧞‍♂️,man genie,People & Body,,man_genie,U+1F9DE U+200D U+2642 U+FE0F,inferred_coherent
🧞‍♀️,woman genie,People & Body,,woman_genie,U+1F9DE U+200D U+2640 U+FE0F,inferred_coherent
🧟,zombie,People & Body,,zombie,U+1F9DF,inferred_coherent
🧟‍♂️,man zombie,People & Body,,man_zombie,U+1F9DF U+200D U+2642 U+FE0F,inferred_coherent
🧟‍♀️,woman zombie,People & Body,,woman_zombie,U+1F9DF U+200D U+2640 U+FE0F,inferred_coherent
🧌,troll,People & Body,,troll,U+1F9CC,inferred_coherent
💆,person getting massage,People & Body,,person_getting_massage,U+1F486,inferred_coherent
💆‍♂️,man getting massage,People & Body,,man_getting_massage,U+1F486 U+200D U+2642 U+FE0F,inferred_coherent
💆‍♀️,woman getting massage,People & Body,,woman_getting_massage,U+1F486 U+200D U+2640 U+FE0F,inferred_coherent
💇,person getting haircut,People & Body,,person_getting_haircut,U+1F487,inferred_coherent
💇‍♂️,man getting haircut,People & Body,,man_getting_haircut,U+1F487 U+200D U+2642 U+FE0F,inferred_coherent
💇‍♀️,woman getting haircut,People & Body,,woman_getting_haircut,U+1F487 U+200D U+2640 U+FE0F,inferred_coherent
🚶,person walking,People & Body,,person_walking,U+1F6B6,inferred_coherent
🚶‍♂️,man walking,People & Body,,man_walking,U+1F6B6 U+200D U+2642 U+FE0F,inferred_coherent
🚶‍♀️,woman walking,People & Body,,woman_walking,U+1F6B6 U+200D U+2640 U+FE0F,inferred_coherent
🚶‍➡️,person walking facing right,People & Body,,person_walking_facing_right,U+1F6B6 U+200D U+27A1 U+FE0F,inferred_coherent
🚶‍♀️‍➡️,woman walking facing right,People & Body,,woman_walking_facing_right,U+1F6B6 U+200D U+2640 U+FE0F U+200D U+27A1 U+FE0F,inferred_coherent
🚶‍♂️‍➡️,man walking facing right,People & Body,,man_walking_facing_right,U+1F6B6 U+200D U+2642 U+FE0F U+200D U+27A1 U+FE0F,inferred_coherent
🧍,person standing,People & Body,,person_standing,U+1F9CD,inferred_coherent
🧍‍♂️,man standing,People & Body,,man_standing,U+1F9CD U+200D U+2642 U+FE0F,inferred_coherent
🧍‍♀️,woman standing,People & Body,,woman_standing,U+1F9CD U+200D U+2640 U+FE0F,inferred_coherent
🧎,person kneeling,People & Body,,person_kneeling,U+1F9CE,inferred_coherent
🧎‍♂️,man kneeling,People & Body,,man_kneeling,U+1F9CE U+200D U+2642 U+FE0F,inferred_coherent
🧎‍♀️,woman kneeling,People & Body,,woman_kneeling,U+1F9CE U+200D U+2640 U+FE0F,inferred_coherent
🧎‍➡️,person kneeling facing right,People & Body,,person_kneeling_facing_right,U+1F9CE U+200D U+27A1 U+FE0F,inferred_coherent
🧎‍♀️‍➡️,woman kneeling facing right,People & Body,,woman_kneeling_facing_right,U+1F9CE U+200D U+2640 U+FE0F U+200D U+27A1 U+FE0F,inferred_coherent
🧎‍♂️‍➡️,man kneeling facing right,People & Body,,man_kneeling_facing_right,U+1F9CE U+200D U+2642 U+FE0F U+200D U+27A1 U+FE0F,inferred_coherent
🧑‍🦯,person with white cane,People & Body,,person_with_white_cane,U+1F9D1 U+200D U+1F9AF,inferred_coherent
🧑‍🦯‍➡️,person with white cane facing right,People & Body,,person_with_white_cane_facing_right,U+1F9D1 U+200D U+1F9AF U+200D U+27A1 U+FE0F,inferred_coherent
👨‍🦯,man with white cane,People & Body,,man_with_white_cane,U+1F468 U+200D U+1F9AF,inferred_coherent
👨‍🦯‍➡️,man with white cane facing right,People & Body,,man_with_white_cane_facing_right,U+1F468 U+200D U+1F9AF U+200D U+27A1 U+FE0F,inferred_coherent
👩‍🦯,woman with white cane,People & Body,,woman_with_white_cane,U+1F469 U+200D U+1F9AF,inferred_coherent
👩‍🦯‍➡️,woman with white cane facing right,People & Body,,woman_with_white_cane_facing_right,U+1F469 U+200D U+1F9AF U+200D U+27A1 U+FE0F,inferred_coherent
🧑‍🦼,person in motorized wheelchair,People & Body,,person_in_motorized_wheelchair,U+1F9D1 U+200D U+1F9BC,inferred_coherent
🧑‍🦼‍➡️,person in motorized wheelchair facing right,People & Body,,person_in_motorized_wheelchair_facing_right,U+1F9D1 U+200D U+1F9BC U+200D U+27A1 U+FE0F,inferred_coherent
👨‍🦼,man in motorized wheelchair,People & Body,,man_in_motorized_wheelchair,U+1F468 U+200D U+1F9BC,inferred_coherent
👨‍🦼‍➡️,man in motorized wheelchair facing right,People & Body,,man_in_motorized_wheelchair_facing_right,U+1F468 U+200D U+1F9BC U+200D U+27A1 U+FE0F,inferred_coherent
👩‍🦼,woman in motorized wheelchair,People & Body,,woman_in_motorized_wheelchair,U+1F469 U+200D U+1F9BC,inferred_coherent
👩‍🦼‍➡️,woman in motorized wheelchair facing right,People & Body,,woman_in_motorized_wheelchair_facing_right,U+1F469 U+200D U+1F9BC U+200D U+27A1 U+FE0F,inferred_coherent
🧑‍🦽,person in manual wheelchair,People & Body,,person_in_manual_wheelchair,U+1F9D1 U+200D U+1F9BD,inferred_coherent
🧑‍🦽‍➡️,person in manual wheelchair facing right,People & Body,,person_in_manual_wheelchair_facing_right,U+1F9D1 U+200D U+1F9BD U+200D U+27A1 U+FE0F,inferred_coherent
👨‍🦽,man in manual wheelchair,People & Body,,man_in_manual_wheelchair,U+1F468 U+200D U+1F9BD,inferred_coherent
👨‍🦽‍➡️,man in manual wheelchair facing right,People & Body,,man_in_manual_wheelchair_facing_right,U+1F468 U+200D U+1F9BD U+200D U+27A1 U+FE0F,inferred_coherent
👩‍🦽,woman in manual wheelchair,People & Body,,woman_in_manual_wheelchair,U+1F469 U+200D U+1F9BD,inferred_coherent
👩‍🦽‍➡️,woman in manual wheelchair facing right,People & Body,,woman_in_manual_wheelchair_facing_right,U+1F469 U+200D U+1F9BD U+200D U+27A1 U+FE0F,inferred_coherent
🏃,person running,People & Body,,person_running,U+1F3C3,inferred_coherent
🏃‍♂️,man running,People & Body,,man_running,U+1F3C3 U+200D U+2642 U+FE0F,inferred_coherent
🏃‍♀️,woman running,People & Body,,woman_running,U+1F3C3 U+200D U+2640 U+FE0F,inferred_coherent
🏃‍➡️,person running facing right,People & Body,,person_running_facing_right,U+1F3C3 U+200D U+27A1 U+FE0F,inferred_coherent
🏃‍♀️‍➡️,woman running facing right,People & Body,,woman_running_facing_right,U+1F3C3 U+200D U+2640 U+FE0F U+200D U+27A1 U+FE0F,inferred_coherent
🏃‍♂️‍➡️,man running facing right,People & Body,,man_running_facing_right,U+1F3C3 U+200D U+2642 U+FE0F U+200D U+27A1 U+FE0F,inferred_coherent
💃,woman dancing,People & Body,,woman_dancing,U+1F483,inferred_coherent
🕺,man dancing,People & Body,,man_dancing,U+1F57A,inferred_coherent
🕴️,person in suit levitating,People & Body,,person_in_suit_levitating,U+1F574 U+FE0F,inferred_coherent
👯,people with bunny ears,People & Body,,people_with_bunny_ears,U+1F46F,inferred_coherent
👯‍♂️,men with bunny ears,People & Body,,men_with_bunny_ears,U+1F46F U+200D U+2642 U+FE0F,inferred_coherent
👯‍♀️,women with bunny ears,People & Body,,women_with_bunny_ears,U+1F46F U+200D U+2640 U+FE0F,inferred_coherent
🧖,person in steamy room,People & Body,,person_in_steamy_room,U+1F9D6,inferred_coherent
🧖‍♂️,man in steamy room,People & Body,,man_in_steamy_room,U+1F9D6 U+200D U+2642 U+FE0F,inferred_coherent
🧖‍♀️,woman in steamy room,People & Body,,woman_in_steamy_room,U+1F9D6 U+200D U+2640 U+FE0F,inferred_coherent
🧗,person climbing,People & Body,,person_climbing,U+1F9D7,inferred_coherent
🧗‍♂️,man climbing,People & Body,,man_climbing,U+1F9D7 U+200D U+2642 U+FE0F,inferred_coherent
🧗‍♀️,woman climbing,People & Body,,woman_climbing,U+1F9D7 U+200D U+2640 U+FE0F,inferred_coherent
🤺,person fencing,People & Body,,person_fencing,U+1F93A,inferred_coherent
🏇,horse racing,People & Body,,horse_racing,U+1F3C7,inferred_coherent
⛷️,skier,People & Body,,skier,U+26F7 U+FE0F,inferred_coherent
🏂,snowboarder,People & Body,,snowboarder,U+1F3C2,inferred_coherent
🏌️,person golfing,People & Body,,person_golfing,U+1F3CC U+FE0F,inferred_coherent
🏌️‍♂️,man golfing,People & Body,,man_golfing,U+1F3CC U+FE0F U+200D U+2642 U+FE0F,inferred_coherent
🏌️‍♀️,woman golfing,People & Body,,woman_golfing,U+1F3CC U+FE0F U+200D U+2640 U+FE0F,inferred_coherent
🏄,person surfing,People & Body,,person_surfing,U+1F3C4,inferred_coherent
🏄‍♂️,man surfing,People & Body,,man_surfing,U+1F3C4 U+200D U+2642 U+FE0F,inferred_coherent
🏄‍♀️,woman surfing,People & Body,,woman_surfing,U+1F3C4 U+200D U+2640 U+FE0F,inferred_coherent
🚣,person rowing boat,People & Body,,person_rowing_boat,U+1F6A3,inferred_coherent
🚣‍♂️,man rowing boat,People & Body,,man_rowing_boat,U+1F6A3 U+200D U+2642 U+FE0F,inferred_coherent
🚣‍♀️,woman rowing boat,People & Body,,woman_rowing_boat,U+1F6A3 U+200D U+2640 U+FE0F,inferred_coherent
🏊,person swimming,People & Body,,person_swimming,U+1F3CA,inferred_coherent
🏊‍♂️,man swimming,People & Body,,man_swimming,U+1F3CA U+200D U+2642 U+FE0F,inferred_coherent
🏊‍♀️,woman swimming,People & Body,,woman_swimming,U+1F3CA U+200D U+2640 U+FE0F,inferred_coherent
⛹️,person bouncing ball,People & Body,,person_bouncing_ball,U+26F9 U+FE0F,inferred_coherent
⛹️‍♂️,man bouncing ball,People & Body,,man_bouncing_ball,U+26F9 U+FE0F U+200D U+2642 U+FE0F,inferred_coherent
⛹️‍♀️,woman bouncing ball,People & Body,,woman_bouncing_ball,U+26F9 U+FE0F U+200D U+2640 U+FE0F,inferred_coherent
🏋️,person lifting weights,People & Body,,person_lifting_weights,U+1F3CB U+FE0F,inferred_coherent
🏋️‍♂️,man lifting weights,People & Body,,man_lifting_weights,U+1F3CB U+FE0F U+200D U+2642 U+FE0F,inferred_coherent
🏋️‍♀️,woman lifting weights,People & Body,,woman_lifting_weights,U+1F3CB U+FE0F U+200D U+2640 U+FE0F,inferred_coherent
🚴,person biking,People & Body,,person_biking,U+1F6B4,inferred_coherent
🚴‍♂️,man biking,People & Body,,man_biking,U+1F6B4 U+200D U+2642 U+FE0F,inferred_coherent
🚴‍♀️,woman biking,People & Body,,woman_biking,U+1F6B4 U+200D U+2640 U+FE0F,inferred_coherent
🚵,person mountain biking,People & Body,,person_mountain_biking,U+1F6B5,inferred_coherent
🚵‍♂️,man mountain biking,People & Body,,man_mountain_biking,U+1F6B5 U+200D U+2642 U+FE0F,inferred_coherent
🚵‍♀️,woman mountain biking,People & Body,,woman_mountain_biking,U+1F6B5 U+200D U+2640 U+FE0F,inferred_coherent
🤸,person cartwheeling,People & Body,,person_cartwheeling,U+1F938,inferred_coherent
🤸‍♂️,man cartwheeling,People & Body,,man_cartwheeling,U+1F938 U+200D U+2642 U+FE0F,inferred_coherent
🤸‍♀️,woman cartwheeling,People & Body,,woman_cartwheeling,U+1F938 U+200D U+2640 U+FE0F,inferred_coherent
🤼,people wrestling,People & Body,,people_wrestling,U+1F93C,inferred_coherent
🤼‍♂️,men wrestling,People & Body,,men_wrestling,U+1F93C U+200D U+2642 U+FE0F,inferred_coherent
🤼‍♀️,women wrestling,People & Body,,women_wrestling,U+1F93C U+200D U+2640 U+FE0F,inferred_coherent
🤽,person playing water polo,People & Body,,person_playing_water_polo,U+1F93D,inferred_coherent
🤽‍♂️,man playing water polo,People & Body,,man_playing_water_polo,U+1F93D U+200D U+2642 U+FE0F,inferred_coherent
🤽‍♀️,woman playing water polo,People & Body,,woman_playing_water_polo,U+1F93D U+200D U+2640 U+FE0F,inferred_coherent
🤾,person playing handball,People & Body,,person_playing_handball,U+1F93E,inferred_coherent
🤾‍♂️,man playing handball,People & Body,,man_playing_handball,U+1F93E U+200D U+2642 U+FE0F,inferred_coherent
🤾‍♀️,woman playing handball,People & Body,,woman_playing_handball,U+1F93E U+200D U+2640 U+FE0F,inferred_coherent
🤹,person juggling,People & Body,,person_juggling,U+1F939,inferred_coherent
🤹‍♂️,man juggling,People & Body,,man_juggling,U+1F939 U+200D U+2642 U+FE0F,inferred_coherent
🤹‍♀️,woman juggling,People & Body,,woman_juggling,U+1F939 U+200D U+2640 U+FE0F,inferred_coherent
🧘,person in lotus position,People & Body,,person_in_lotus_position,U+1F9D8,inferred_coherent
🧘‍♂️,man in lotus position,People & Body,,man_in_lotus_position,U+1F9D8 U+200D U+2642 U+FE0F,inferred_coherent
🧘‍♀️,woman in lotus position,People & Body,,woman_in_lotus_position,U+1F9D8 U+200D U+2640 U+FE0F,inferred_coherent
🛀,person taking bath,People & Body,,person_taking_bath,U+1F6C0,inferred_coherent
🛌,person in bed,People & Body,,person_in_bed,U+1F6CC,inferred_coherent
🧑‍🤝‍🧑,people holding hands,People & Body,,people_holding_hands,U+1F9D1 U+200D U+1F91D U+200D U+1F9D1,inferred_coherent
👭,women holding hands,People & Body,,women_holding_hands,U+1F46D,inferred_coherent
👫,woman and man holding hands,People & Body,,woman_and_man_holding_hands,U+1F46B,inferred_coherent
👬,men holding hands,People & Body,,men_holding_hands,U+1F46C,inferred_coherent
💏,kiss,People & Body,,kiss,U+1F48F,inferred_coherent
👩‍❤️‍💋‍👨,"kiss woman, man",People & Body,,kiss_woman_man,U+1F469 U+200D U+2764 U+FE0F U+200D U+1F48B U+200D U+1F468,inferred_coherent
👨‍❤️‍💋‍👨,"kiss man, man",People & Body,,kiss_man_man,U+1F468 U+200D U+2764 U+FE0F U+200D U+1F48B U+200D U+1F468,inferred_coherent
👩‍❤️‍💋‍👩,"kiss woman, woman",People & Body,,kiss_woman_woman,U+1F469 U+200D U+2764 U+FE0F U+200D U+1F48B U+200D U+1F469,inferred_coherent
💑,couple with heart,People & Body,,couple_with_heart,U+1F491,inferred_coherent
👩‍❤️‍👨,"couple with heart woman, man",People & Body,,couple_with_heart_woman_man,U+1F469 U+200D U+2764 U+FE0F U+200D U+1F468,inferred_coherent
👨‍❤️‍👨,"couple with heart man, man",People & Body,,couple_with_heart_man_man,U+1F468 U+200D U+2764 U+FE0F U+200D U+1F468,inferred_coherent
👩‍❤️‍👩,"couple with heart woman, woman",People & Body,,couple_with_heart_woman_woman,U+1F469 U+200D U+2764 U+FE0F U+200D U+1F469,inferred_coherent
👨‍👩‍👦,"family man, woman, boy",People & Body,,family_man_woman_boy,U+1F468 U+200D U+1F469 U+200D U+1F466,inferred_coherent
👨‍👩‍👧,"family man, woman, girl",People & Body,,family_man_woman_girl,U+1F468 U+200D U+1F469 U+200D U+1F467,inferred_coherent
👨‍👩‍👧‍👦,"family man, woman, girl, boy",People & Body,,family_man_woman_girl_boy,U+1F468 U+200D U+1F469 U+200D U+1F467 U+200D U+1F466,inferred_coherent
👨‍👩‍👦‍👦,"family man, woman, boy, boy",People & Body,,family_man_woman_boy_boy,U+1F468 U+200D U+1F469 U+200D U+1F466 U+200D U+1F466,inferred_coherent
👨‍👩‍👧‍👧,"family man, woman, girl, girl",People & Body,,family_man_woman_girl_girl,U+1F468 U+200D U+1F469 U+200D U+1F467 U+200D U+1F467,inferred_coherent
👨‍👨‍👦,"family man, man, boy",People & Body,,family_man_man_boy,U+1F468 U+200D U+1F468 U+200D U+1F466,inferred_coherent
👨‍👨‍👧,"family man, man, girl",People & Body,,family_man_man_girl,U+1F468 U+200D U+1F468 U+200D U+1F467,inferred_coherent
👨‍👨‍👧‍👦,"family man, man, girl, boy",People & Body,,family_man_man_girl_boy,U+1F468 U+200D U+1F468 U+200D U+1F467 U+200D U+1F466,inferred_coherent
👨‍👨‍👦‍👦,"family man, man, boy, boy",People & Body,,family_man_man_boy_boy,U+1F468 U+200D U+1F468 U+200D U+1F466 U+200D U+1F466,inferred_coherent
👨‍👨‍👧‍👧,"family man, man, girl, girl",People & Body,,family_man_man_girl_girl,U+1F468 U+200D U+1F468 U+200D U+1F467 U+200D U+1F467,inferred_coherent
👩‍👩‍👦,"family woman, woman, boy",People & Body,,family_woman_woman_boy,U+1F469 U+200D U+1F469 U+200D U+1F466,inferred_coherent
👩‍👩‍👧,"family woman, woman, girl",People & Body,,family_woman_woman_girl,U+1F469 U+200D U+1F469 U+200D U+1F467,inferred_coherent
👩‍👩‍👧‍👦,"family woman, woman, girl, boy",People & Body,,family_woman_woman_girl_boy,U+1F469 U+200D U+1F469 U+200D U+1F467 U+200D U+1F466,inferred_coherent
👩‍👩‍👦‍👦,"family woman, woman, boy, boy",People & Body,,family_woman_woman_boy_boy,U+1F469 U+200D U+1F469 U+200D U+1F466 U+200D U+1F466,inferred_coherent
👩‍👩‍👧‍👧,"family woman, woman, girl, girl",People & Body,,family_woman_woman_girl_girl,U+1F469 U+200D U+1F469 U+200D U+1F467 U+200D U+1F467,inferred_coherent
👨‍👦,"family man, boy",People & Body,,family_man_boy,U+1F468 U+200D U+1F466,inferred_coherent
👨‍👦‍👦,"family man, boy, boy",People & Body,,family_man_boy_boy,U+1F468 U+200D U+1F466 U+200D U+1F466,inferred_coherent
👨‍👧,"family man, girl",People & Body,,family_man_girl,U+1F468 U+200D U+1F467,inferred_coherent
👨‍👧‍👦,"family man, girl, boy",People & Body,,family_man_girl_boy,U+1F468 U+200D U+1F467 U+200D U+1F466,inferred_coherent
👨‍👧‍👧,"family man, girl, girl",People & Body,,family_man_girl_girl,U+1F468 U+200D U+1F467 U+200D U+1F467,inferred_coherent
👩‍👦,"family woman, boy",People & Body,,family_woman_boy,U+1F469 U+200D U+1F466,inferred_coherent
👩‍👦‍👦,"family woman, boy, boy",People & Body,,family_woman_boy_boy,U+1F469 U+200D U+1F466 U+200D U+1F466,inferred_coherent
👩‍👧,"family woman, girl",People & Body,,family_woman_girl,U+1F469 U+200D U+1F467,inferred_coherent
👩‍👧‍👦,"family woman, girl, boy",People & Body,,family_woman_girl_boy,U+1F469 U+200D U+1F467 U+200D U+1F466,inferred_coherent
👩‍👧‍👧,"family woman, girl, girl",People & Body,,family_woman_girl_girl,U+1F469 U+200D U+1F467 U+200D U+1F467,inferred_coherent
🗣️,speaking head,People & Body,,speaking_head,U+1F5E3 U+FE0F,inferred_coherent
👤,bust in silhouette,People & Body,,bust_in_silhouette,U+1F464,inferred_coherent
👥,busts in silhouette,People & Body,,busts_in_silhouette,U+1F465,inferred_coherent
🫂,people hugging,People & Body,,people_hugging,U+1FAC2,inferred_coherent
👪,family,People & Body,,family,U+1F46A,inferred_coherent
🧑‍🧑‍🧒,"family adult, adult, child",People & Body,,family_adult_adult_child,U+1F9D1 U+200D U+1F9D1 U+200D U+1F9D2,inferred_coherent
🧑‍🧑‍🧒‍🧒,"family adult, adult, child, child",People & Body,,family_adult_adult_child_child,U+1F9D1 U+200D U+1F9D1 U+200D U+1F9D2 U+200D U+1F9D2,inferred_coherent
🧑‍🧒,"family adult, child",People & Body,,family_adult_child,U+1F9D1 U+200D U+1F9D2,inferred_coherent
🧑‍🧒‍🧒,"family adult, child, child",People & Body,,family_adult_child_child,U+1F9D1 U+200D U+1F9D2 U+200D U+1F9D2,inferred_coherent
👣,footprints,People & Body,,footprints,U+1F463,inferred_coherent
🫆,fingerprint,People & Body,,fingerprint,U+1FAC6,inferred_coherent
🐵,monkey face,Animals & Nature,,monkey_face,U+1F435,inferred_coherent
🐒,monkey,Animals & Nature,,monkey,U+1F412,inferred_coherent
🦍,gorilla,Animals & Nature,,gorilla,U+1F98D,inferred_coherent
🦧,orangutan,Animals & Nature,,orangutan,U+1F9A7,inferred_coherent
🐶,dog face,Animals & Nature,,dog_face,U+1F436,inferred_coherent
🐕,dog,Animals & Nature,,dog,U+1F415,inferred_coherent
🦮,guide dog,Animals & Nature,,guide_dog,U+1F9AE,inferred_coherent
🐕‍🦺,service dog,Animals & Nature,,service_dog,U+1F415 U+200D U+1F9BA,inferred_coherent
🐩,poodle,Animals & Nature,,poodle,U+1F429,inferred_coherent
🐺,wolf,Animals & Nature,,wolf,U+1F43A,inferred_coherent
🦊,fox,Animals & Nature,,fox,U+1F98A,inferred_coherent
🦝,raccoon,Animals & Nature,,raccoon,U+1F99D,inferred_coherent
🐱,cat face,Animals & Nature,,cat_face,U+1F431,inferred_coherent
🐈,cat,Animals & Nature,,cat,U+1F408,inferred_coherent
🐈‍⬛,black cat,Animals & Nature,,black_cat,U+1F408 U+200D U+2B1B,inferred_coherent
🦁,lion,Animals & Nature,,lion,U+1F981,inferred_coherent
🐯,tiger face,Animals & Nature,,tiger_face,U+1F42F,inferred_coherent
🐅,tiger,Animals & Nature,,tiger,U+1F405,inferred_coherent
🐆,leopard,Animals & Nature,,leopard,U+1F406,inferred_coherent
🐴,horse face,Animals & Nature,,horse_face,U+1F434,inferred_coherent
🫎,moose,Animals & Nature,,moose,U+1FACE,inferred_coherent
🫏,donkey,Animals & Nature,,donkey,U+1FACF,inferred_coherent
🐎,horse,Animals & Nature,,horse,U+1F40E,inferred_coherent
🦄,unicorn,Animals & Nature,,unicorn,U+1F984,inferred_coherent
🦓,zebra,Animals & Nature,,zebra,U+1F993,inferred_coherent
🦌,deer,Animals & Nature,,deer,U+1F98C,inferred_coherent
🦬,bison,Animals & Nature,,bison,U+1F9AC,inferred_coherent
🐮,cow face,Animals & Nature,,cow_face,U+1F42E,inferred_coherent
🐂,ox,Animals & Nature,,ox,U+1F402,inferred_coherent
🐃,water buffalo,Animals & Nature,,water_buffalo,U+1F403,inferred_coherent
🐄,cow,Animals & Nature,,cow,U+1F404,inferred_coherent
🐷,pig face,Animals & Nature,,pig_face,U+1F437,inferred_coherent
🐖,pig,Animals & Nature,,pig,U+1F416,inferred_coherent
🐗,boar,Animals & Nature,,boar,U+1F417,inferred_coherent
🐽,pig nose,Animals & Nature,,pig_nose,U+1F43D,inferred_coherent
🐏,ram,Animals & Nature,,ram,U+1F40F,inferred_coherent
🐑,ewe,Animals & Nature,,ewe,U+1F411,inferred_coherent
🐐,goat,Animals & Nature,,goat,U+1F410,inferred_coherent
🐪,camel,Animals & Nature,,camel,U+1F42A,inferred_coherent
🐫,two-hump camel,Animals & Nature,,two_hump_camel,U+1F42B,inferred_coherent
🦙,llama,Animals & Nature,,llama,U+1F999,inferred_coherent
🦒,giraffe,Animals & Nature,,giraffe,U+1F992,inferred_coherent
🐘,elephant,Animals & Nature,,elephant,U+1F418,inferred_coherent
🦣,mammoth,Animals & Nature,,mammoth,U+1F9A3,inferred_coherent
🦏,rhinoceros,Animals & Nature,,rhinoceros,U+1F98F,inferred_coherent
🦛,hippopotamus,Animals & Nature,,hippopotamus,U+1F99B,inferred_coherent
🐭,mouse face,Animals & Nature,,mouse_face,U+1F42D,inferred_coherent
🐁,mouse,Animals & Nature,,mouse,U+1F401,inferred_coherent
🐀,rat,Animals & Nature,,rat,U+1F400,inferred_coherent
🐹,hamster,Animals & Nature,,hamster,U+1F439,inferred_coherent
🐰,rabbit face,Animals & Nature,,rabbit_face,U+1F430,inferred_coherent
🐇,rabbit,Animals & Nature,,rabbit,U+1F407,inferred_coherent
🐿️,chipmunk,Animals & Nature,,chipmunk,U+1F43F U+FE0F,inferred_coherent
🦫,beaver,Animals & Nature,,beaver,U+1F9AB,inferred_coherent
🦔,hedgehog,Animals & Nature,,hedgehog,U+1F994,inferred_coherent
🦇,bat,Animals & Nature,,bat,U+1F987,inferred_coherent
🐻,bear,Animals & Nature,,bear,U+1F43B,inferred_coherent
🐻‍❄️,polar bear,Animals & Nature,,polar_bear,U+1F43B U+200D U+2744 U+FE0F,inferred_coherent
🐨,koala,Animals & Nature,,koala,U+1F428,inferred_coherent
🐼,panda,Animals & Nature,,panda,U+1F43C,inferred_coherent
🦥,sloth,Animals & Nature,,sloth,U+1F9A5,inferred_coherent
🦦,otter,Animals & Nature,,otter,U+1F9A6,inferred_coherent
🦨,skunk,Animals & Nature,,skunk,U+1F9A8,inferred_coherent
🦘,kangaroo,Animals & Nature,,kangaroo,U+1F998,inferred_coherent
🦡,badger,Animals & Nature,,badger,U+1F9A1,inferred_coherent
🐾,paw prints,Animals & Nature,,paw_prints,U+1F43E,inferred_coherent
🦃,turkey,Animals & Nature,,turkey,U+1F983,inferred_coherent
🐔,chicken,Animals & Nature,,chicken,U+1F414,inferred_coherent
🐓,rooster,Animals & Nature,,rooster,U+1F413,inferred_coherent
🐣,hatching chick,Animals & Nature,,hatching_chick,U+1F423,inferred_coherent
🐤,baby chick,Animals & Nature,,baby_chick,U+1F424,inferred_coherent
🐥,front-facing baby chick,Animals & Nature,,front_facing_baby_chick,U+1F425,inferred_coherent
🐦,bird,Animals & Nature,,bird,U+1F426,inferred_coherent
🐧,penguin,Animals & Nature,,penguin,U+1F427,inferred_coherent
🕊️,dove,Animals & Nature,,dove,U+1F54A U+FE0F,inferred_coherent
🦅,eagle,Animals & Nature,,eagle,U+1F985,inferred_coherent
🦆,duck,Animals & Nature,,duck,U+1F986,inferred_coherent
🦢,swan,Animals & Nature,,swan,U+1F9A2,inferred_coherent
🦉,owl,Animals & Nature,,owl,U+1F989,inferred_coherent
🦤,dodo,Animals & Nature,,dodo,U+1F9A4,inferred_coherent
🪶,feather,Animals & Nature,,feather,U+1FAB6,inferred_coherent
🦩,flamingo,Animals & Nature,,flamingo,U+1F9A9,inferred_coherent
🦚,peacock,Animals & Nature,,peacock,U+1F99A,inferred_coherent
🦜,parrot,Animals & Nature,,parrot,U+1F99C,inferred_coherent
🪽,wing,Animals & Nature,,wing,U+1FABD,inferred_coherent
🐦‍⬛,black bird,Animals & Nature,,black_bird,U+1F426 U+200D U+2B1B,inferred_coherent
🪿,goose,Animals & Nature,,goose,U+1FABF,inferred_coherent
🐦‍🔥,phoenix,Animals & Nature,,phoenix,U+1F426 U+200D U+1F525,inferred_coherent
🐸,frog,Animals & Nature,,frog,U+1F438,inferred_coherent
🐊,crocodile,Animals & Nature,,crocodile,U+1F40A,inferred_coherent
🐢,turtle,Animals & Nature,,turtle,U+1F422,inferred_coherent
🦎,lizard,Animals & Nature,,lizard,U+1F98E,inferred_coherent
🐍,snake,Animals & Nature,,snake,U+1F40D,inferred_coherent
🐲,dragon face,Animals & Nature,,dragon_face,U+1F432,inferred_coherent
🐉,dragon,Animals & Nature,,dragon,U+1F409,inferred_coherent
🦕,sauropod,Animals & Nature,,sauropod,U+1F995,inferred_coherent
🦖,T-Rex,Animals & Nature,,t_rex,U+1F996,inferred_coherent
🐳,spouting whale,Animals & Nature,,spouting_whale,U+1F433,inferred_coherent
🐋,whale,Animals & Nature,,whale,U+1F40B,inferred_coherent
🐬,dolphin,Animals & Nature,,dolphin,U+1F42C,inferred_coherent
🦭,seal,Animals & Nature,,seal,U+1F9AD,inferred_coherent
🐟,fish,Animals & Nature,,fish,U+1F41F,inferred_coherent
🐠,tropical fish,Animals & Nature,,tropical_fish,U+1F420,inferred_coherent
🐡,blowfish,Animals & Nature,,blowfish,U+1F421,inferred_coherent
🦈,shark,Animals & Nature,,shark,U+1F988,inferred_coherent
🐙,octopus,Animals & Nature,,octopus,U+1F419,inferred_coherent
🐚,spiral shell,Animals & Nature,,spiral_shell,U+1F41A,inferred_coherent
🪸,coral,Animals & Nature,,coral,U+1FAB8,inferred_coherent
🪼,jellyfish,Animals & Nature,,jellyfish,U+1FABC,inferred_coherent
🦀,crab,Animals & Nature,,crab,U+1F980,inferred_coherent
🦞,lobster,Animals & Nature,,lobster,U+1F99E,inferred_coherent
🦐,shrimp,Animals & Nature,,shrimp,U+1F990,inferred_coherent
🦑,squid,Animals & Nature,,squid,U+1F991,inferred_coherent
🦪,oyster,Animals & Nature,,oyster,U+1F9AA,inferred_coherent
🐌,snail,Animals & Nature,,snail,U+1F40C,inferred_coherent
🦋,butterfly,Animals & Nature,,butterfly,U+1F98B,inferred_coherent
🐛,bug,Animals & Nature,,bug,U+1F41B,inferred_coherent
🐜,ant,Animals & Nature,,ant,U+1F41C,inferred_coherent
🐝,honeybee,Animals & Nature,,honeybee,U+1F41D,inferred_coherent
🪲,beetle,Animals & Nature,,beetle,U+1FAB2,inferred_coherent
🐞,lady beetle,Animals & Nature,,lady_beetle,U+1F41E,inferred_coherent
🦗,cricket,Animals & Nature,,cricket,U+1F997,inferred_coherent
🪳,cockroach,Animals & Nature,,cockroach,U+1FAB3,inferred_coherent
🕷️,spider,Animals & Nature,,spider,U+1F577 U+FE0F,inferred_coherent
🕸️,spider web,Animals & Nature,,spider_web,U+1F578 U+FE0F,inferred_coherent
🦂,scorpion,Animals & Nature,,scorpion,U+1F982,inferred_coherent
🦟,mosquito,Animals & Nature,,mosquito,U+1F99F,inferred_coherent
🪰,fly,Animals & Nature,,fly,U+1FAB0,inferred_coherent
🪱,worm,Animals & Nature,,worm,U+1FAB1,inferred_coherent
🦠,microbe,Animals & Nature,,microbe,U+1F9A0,inferred_coherent
💐,bouquet,Animals & Nature,,bouquet,U+1F490,inferred_coherent
🌸,cherry blossom,Animals & Nature,,cherry_blossom,U+1F338,inferred_coherent
💮,white flower,Animals & Nature,,white_flower,U+1F4AE,inferred_coherent
🪷,lotus,Animals & Nature,,lotus,U+1FAB7,inferred_coherent
🏵️,rosette,Animals & Nature,,rosette,U+1F3F5 U+FE0F,inferred_coherent
🌹,rose,Animals & Nature,,rose,U+1F339,inferred_coherent
🥀,wilted flower,Animals & Nature,,wilted_flower,U+1F940,inferred_coherent
🌺,hibiscus,Animals & Nature,,hibiscus,U+1F33A,inferred_coherent
🌻,sunflower,Animals & Nature,,sunflower,U+1F33B,inferred_coherent
🌼,blossom,Animals & Nature,,blossom,U+1F33C,inferred_coherent
🌷,tulip,Animals & Nature,,tulip,U+1F337,inferred_coherent
🪻,hyacinth,Animals & Nature,,hyacinth,U+1FABB,inferred_coherent
🌱,seedling,Animals & Nature,,seedling,U+1F331,inferred_coherent
🪴,potted plant,Animals & Nature,,potted_plant,U+1FAB4,inferred_coherent
🌲,evergreen tree,Animals & Nature,,evergreen_tree,U+1F332,inferred_coherent
🌳,deciduous tree,Animals & Nature,,deciduous_tree,U+1F333,inferred_coherent
🌴,palm tree,Animals & Nature,,palm_tree,U+1F334,inferred_coherent
🌵,cactus,Animals & Nature,,cactus,U+1F335,inferred_coherent
🌾,sheaf of rice,Animals & Nature,,sheaf_of_rice,U+1F33E,inferred_coherent
🌿,herb,Animals & Nature,,herb,U+1F33F,inferred_coherent
☘️,shamrock,Animals & Nature,,shamrock,U+2618 U+FE0F,inferred_coherent
🍀,four leaf clover,Animals & Nature,,four_leaf_clover,U+1F340,inferred_coherent
🍁,maple leaf,Animals & Nature,,maple_leaf,U+1F341,inferred_coherent
🍂,fallen leaf,Animals & Nature,,fallen_leaf,U+1F342,inferred_coherent
🍃,leaf fluttering in wind,Animals & Nature,,leaf_fluttering_in_wind,U+1F343,inferred_coherent
🪹,empty nest,Animals & Nature,,empty_nest,U+1FAB9,inferred_coherent
🪺,nest with eggs,Animals & Nature,,nest_with_eggs,U+1FABA,inferred_coherent
🍄,mushroom,Animals & Nature,,mushroom,U+1F344,inferred_coherent
🪾,leafless tree,Animals & Nature,,leafless_tree,U+1FABE,inferred_coherent
🍇,grapes,Food & Drink,,grapes,U+1F347,inferred_coherent
🍈,melon,Food & Drink,,melon,U+1F348,inferred_coherent
🍉,watermelon,Food & Drink,,watermelon,U+1F349,inferred_coherent
🍊,tangerine,Food & Drink,,tangerine,U+1F34A,inferred_coherent
🍋,lemon,Food & Drink,,lemon,U+1F34B,inferred_coherent
🍋‍🟩,lime,Food & Drink,,lime,U+1F34B U+200D U+1F7E9,inferred_coherent
🍌,banana,Food & Drink,,banana,U+1F34C,inferred_coherent
🍍,pineapple,Food & Drink,,pineapple,U+1F34D,inferred_coherent
🥭,mango,Food & Drink,,mango,U+1F96D,inferred_coherent
🍎,red apple,Food & Drink,,red_apple,U+1F34E,inferred_coherent
🍏,green apple,Food & Drink,,green_apple,U+1F34F,inferred_coherent
🍐,pear,Food & Drink,,pear,U+1F350,inferred_coherent
🍑,peach,Food & Drink,,peach,U+1F351,inferred_coherent
🍒,cherries,Food & Drink,,cherries,U+1F352,inferred_coherent
🍓,strawberry,Food & Drink,,strawberry,U+1F353,inferred_coherent
🫐,blueberries,Food & Drink,,blueberries,U+1FAD0,inferred_coherent
🥝,kiwi fruit,Food & Drink,,kiwi_fruit,U+1F95D,inferred_coherent
🍅,tomato,Food & Drink,,tomato,U+1F345,inferred_coherent
🫒,olive,Food & Drink,,olive,U+1FAD2,inferred_coherent
🥥,coconut,Food & Drink,,coconut,U+1F965,inferred_coherent
🥑,avocado,Food & Drink,,avocado,U+1F951,inferred_coherent
🍆,eggplant,Food & Drink,,eggplant,U+1F346,inferred_coherent
🥔,potato,Food & Drink,,potato,U+1F954,inferred_coherent
🥕,carrot,Food & Drink,,carrot,U+1F955,inferred_coherent
🌽,ear of corn,Food & Drink,,ear_of_corn,U+1F33D,inferred_coherent
🌶️,hot pepper,Food & Drink,,hot_pepper,U+1F336 U+FE0F,inferred_coherent
🫑,bell pepper,Food & Drink,,bell_pepper,U+1FAD1,inferred_coherent
🥒,cucumber,Food & Drink,,cucumber,U+1F952,inferred_coherent
🥬,leafy green,Food & Drink,,leafy_green,U+1F96C,inferred_coherent
🥦,broccoli,Food & Drink,,broccoli,U+1F966,inferred_coherent
🧄,garlic,Food & Drink,,garlic,U+1F9C4,inferred_coherent
🧅,onion,Food & Drink,,onion,U+1F9C5,inferred_coherent
🥜,peanuts,Food & Drink,,peanuts,U+1F95C,inferred_coherent
🫘,beans,Food & Drink,,beans,U+1FAD8,inferred_coherent
🌰,chestnut,Food & Drink,,chestnut,U+1F330,inferred_coherent
🫚,ginger root,Food & Drink,,ginger_root,U+1FADA,inferred_coherent
🫛,pea pod,Food & Drink,,pea_pod,U+1FADB,inferred_coherent
🍄‍🟫,brown mushroom,Food & Drink,,brown_mushroom,U+1F344 U+200D U+1F7EB,inferred_coherent
🫜,root vegetable,Food & Drink,,root_vegetable,U+1FADC,inferred_coherent
🍞,bread,Food & Drink,,bread,U+1F35E,inferred_coherent
🥐,croissant,Food & Drink,,croissant,U+1F950,inferred_coherent
🥖,baguette bread,Food & Drink,,baguette_bread,U+1F956,inferred_coherent
🫓,flatbread,Food & Drink,,flatbread,U+1FAD3,inferred_coherent
🥨,pretzel,Food & Drink,,pretzel,U+1F968,inferred_coherent
🥯,bagel,Food & Drink,,bagel,U+1F96F,inferred_coherent
🥞,pancakes,Food & Drink,,pancakes,U+1F95E,inferred_coherent
🧇,waffle,Food & Drink,,waffle,U+1F9C7,inferred_coherent
🧀,cheese wedge,Food & Drink,,cheese_wedge,U+1F9C0,inferred_coherent
🍖,meat on bone,Food & Drink,,meat_on_bone,U+1F356,inferred_coherent
🍗,poultry leg,Food & Drink,,poultry_leg,U+1F357,inferred_coherent
🥩,cut of meat,Food & Drink,,cut_of_meat,U+1F969,inferred_coherent
🥓,bacon,Food & Drink,,bacon,U+1F953,inferred_coherent
🍔,hamburger,Food & Drink,,hamburger,U+1F354,inferred_coherent
🍟,french fries,Food & Drink,,french_fries,U+1F35F,inferred_coherent
🍕,pizza,Food & Drink,,pizza,U+1F355,inferred_coherent
🌭,hot dog,Food & Drink,,hot_dog,U+1F32D,inferred_coherent
🥪,sandwich,Food & Drink,,sandwich,U+1F96A,inferred_coherent
🌮,taco,Food & Drink,,taco,U+1F32E,inferred_coherent
🌯,burrito,Food & Drink,,burrito,U+1F32F,inferred_coherent
🫔,tamale,Food & Drink,,tamale,U+1FAD4,inferred_coherent
🥙,stuffed flatbread,Food & Drink,,stuffed_flatbread,U+1F959,inferred_coherent
🧆,falafel,Food & Drink,,falafel,U+1F9C6,inferred_coherent
🥚,egg,Food & Drink,,egg,U+1F95A,inferred_coherent
🍳,cooking,Food & Drink,,cooking,U+1F373,inferred_coherent
🥘,shallow pan of food,Food & Drink,,shallow_pan_of_food,U+1F958,inferred_coherent
🍲,pot of food,Food & Drink,,pot_of_food,U+1F372,inferred_coherent
🫕,fondue,Food & Drink,,fondue,U+1FAD5,inferred_coherent
🥣,bowl with spoon,Food & Drink,,bowl_with_spoon,U+1F963,inferred_coherent
🥗,green salad,Food & Drink,,green_salad,U+1F957,inferred_coherent
🍿,popcorn,Food & Drink,,popcorn,U+1F37F,inferred_coherent
🧈,butter,Food & Drink,,butter,U+1F9C8,inferred_coherent
🧂,salt,Food & Drink,,salt,U+1F9C2,inferred_coherent
🥫,canned food,Food & Drink,,canned_food,U+1F96B,inferred_coherent
🍱,bento box,Food & Drink,,bento_box,U+1F371,inferred_coherent
🍘,rice cracker,Food & Drink,,rice_cracker,U+1F358,inferred_coherent
🍙,rice ball,Food & Drink,,rice_ball,U+1F359,inferred_coherent
🍚,cooked rice,Food & Drink,,cooked_rice,U+1F35A,inferred_coherent
🍛,curry rice,Food & Drink,,curry_rice,U+1F35B,inferred_coherent
🍜,steaming bowl,Food & Drink,,steaming_bowl,U+1F35C,inferred_coherent
🍝,spaghetti,Food & Drink,,spaghetti,U+1F35D,inferred_coherent
🍠,roasted sweet potato,Food & Drink,,roasted_sweet_potato,U+1F360,inferred_coherent
🍢,oden,Food & Drink,,oden,U+1F362,inferred_coherent
🍣,sushi,Food & Drink,,sushi,U+1F363,inferred_coherent
🍤,fried shrimp,Food & Drink,,fried_shrimp,U+1F364,inferred_coherent
🍥,fish cake with swirl,Food & Drink,,fish_cake_with_swirl,U+1F365,inferred_coherent
🥮,moon cake,Food & Drink,,moon_cake,U+1F96E,inferred_coherent
🍡,dango,Food & Drink,,dango,U+1F361,inferred_coherent
🥟,dumpling,Food & Drink,,dumpling,U+1F95F,inferred_coherent
🥠,fortune cookie,Food & Drink,,fortune_cookie,U+1F960,inferred_coherent
🥡,takeout box,Food & Drink,,takeout_box,U+1F961,inferred_coherent
🍦,soft ice cream,Food & Drink,,soft_ice_cream,U+1F366,inferred_coherent
🍧,shaved ice,Food & Drink,,shaved_ice,U+1F367,inferred_coherent
🍨,ice cream,Food & Drink,,ice_cream,U+1F368,inferred_coherent
🍩,doughnut,Food & Drink,,doughnut,U+1F369,inferred_coherent
🍪,cookie,Food & Drink,,cookie,U+1F36A,inferred_coherent
🎂,birthday cake,Food & Drink,,birthday_cake,U+1F382,inferred_coherent
🍰,shortcake,Food & Drink,,shortcake,U+1F370,inferred_coherent
🧁,cupcake,Food & Drink,,cupcake,U+1F9C1,inferred_coherent
🥧,pie,Food & Drink,,pie,U+1F967,inferred_coherent
🍫,chocolate bar,Food & Drink,,chocolate_bar,U+1F36B,inferred_coherent
🍬,candy,Food & Drink,,candy,U+1F36C,inferred_coherent
🍭,lollipop,Food & Drink,,lollipop,U+1F36D,inferred_coherent
🍮,custard,Food & Drink,,custard,U+1F36E,inferred_coherent
🍯,honey pot,Food & Drink,,honey_pot,U+1F36F,inferred_coherent
🍼,baby bottle,Food & Drink,,baby_bottle,U+1F37C,inferred_coherent
🥛,glass of milk,Food & Drink,,glass_of_milk,U+1F95B,inferred_coherent
☕,hot beverage,Food & Drink,,hot_beverage,U+2615,inferred_coherent
🫖,teapot,Food & Drink,,teapot,U+1FAD6,inferred_coherent
🍵,teacup without handle,Food & Drink,,teacup_without_handle,U+1F375,inferred_coherent
🍶,sake,Food & Drink,,sake,U+1F376,inferred_coherent
🍾,bottle with popping cork,Food & Drink,,bottle_with_popping_cork,U+1F37E,inferred_coherent
🍷,wine glass,Food & Drink,,wine_glass,U+1F377,inferred_coherent
🍸,cocktail glass,Food & Drink,,cocktail_glass,U+1F378,inferred_coherent
🍹,tropical drink,Food & Drink,,tropical_drink,U+1F379,inferred_coherent
🍺,beer mug,Food & Drink,,beer_mug,U+1F37A,inferred_coherent
🍻,clinking beer mugs,Food & Drink,,clinking_beer_mugs,U+1F37B,inferred_coherent
🥂,clinking glasses,Food & Drink,,clinking_glasses,U+1F942,inferred_coherent
🥃,tumbler glass,Food & Drink,,tumbler_glass,U+1F943,inferred_coherent
🫗,pouring liquid,Food & Drink,,pouring_liquid,U+1FAD7,inferred_coherent
🥤,cup with straw,Food & Drink,,cup_with_straw,U+1F964,inferred_coherent
🧋,bubble tea,Food & Drink,,bubble_tea,U+1F9CB,inferred_coherent
🧃,beverage box,Food & Drink,,beverage_box,U+1F9C3,inferred_coherent
🧉,mate,Food & Drink,,mate,U+1F9C9,inferred_coherent
🧊,ice,Food & Drink,,ice,U+1F9CA,inferred_coherent
🥢,chopsticks,Food & Drink,,chopsticks,U+1F962,inferred_coherent
🍽️,fork and knife with plate,Food & Drink,,fork_and_knife_with_plate,U+1F37D U+FE0F,inferred_coherent
🍴,fork and knife,Food & Drink,,fork_and_knife,U+1F374,inferred_coherent
🥄,spoon,Food & Drink,,spoon,U+1F944,inferred_coherent
🔪,kitchen knife,Food & Drink,,kitchen_knife,U+1F52A,inferred_coherent
🫙,jar,Food & Drink,,jar,U+1FAD9,inferred_coherent
🏺,amphora,Food & Drink,,amphora,U+1F3FA,inferred_coherent
🌍,globe showing Europe-Africa,Travel & Places,,globe_showing_europe_africa,U+1F30D,inferred_coherent
🌎,globe showing Americas,Travel & Places,,globe_showing_americas,U+1F30E,inferred_coherent
🌏,globe showing Asia-Australia,Travel & Places,,globe_showing_asia_australia,U+1F30F,inferred_coherent
🌐,globe with meridians,Travel & Places,,globe_with_meridians,U+1F310,inferred_coherent
🗺️,world map,Travel & Places,,world_map,U+1F5FA U+FE0F,inferred_coherent
🗾,map of Japan,Travel & Places,,map_of_japan,U+1F5FE,inferred_coherent
🧭,compass,Travel & Places,,compass,U+1F9ED,inferred_coherent
🏔️,snow-capped mountain,Travel & Places,,snow_capped_mountain,U+1F3D4 U+FE0F,inferred_coherent
⛰️,mountain,Travel & Places,,mountain,U+26F0 U+FE0F,inferred_coherent
🌋,volcano,Travel & Places,,volcano,U+1F30B,inferred_coherent
🗻,mount fuji,Travel & Places,,mount_fuji,U+1F5FB,inferred_coherent
🏕️,camping,Travel & Places,,camping,U+1F3D5 U+FE0F,inferred_coherent
🏖️,beach with umbrella,Travel & Places,,beach_with_umbrella,U+1F3D6 U+FE0F,inferred_coherent
🏜️,desert,Travel & Places,,desert,U+1F3DC U+FE0F,inferred_coherent
🏝️,desert island,Travel & Places,,desert_island,U+1F3DD U+FE0F,inferred_coherent
🏞️,national park,Travel & Places,,national_park,U+1F3DE U+FE0F,inferred_coherent
🏟️,stadium,Travel & Places,,stadium,U+1F3DF U+FE0F,inferred_coherent
🏛️,classical building,Travel & Places,,classical_building,U+1F3DB U+FE0F,inferred_coherent
🏗️,building construction,Travel & Places,,building_construction,U+1F3D7 U+FE0F,inferred_coherent
🧱,brick,Travel & Places,,brick,U+1F9F1,inferred_coherent
🪨,rock,Travel & Places,,rock,U+1FAA8,inferred_coherent
🪵,wood,Travel & Places,,wood,U+1FAB5,inferred_coherent
🛖,hut,Travel & Places,,hut,U+1F6D6,inferred_coherent
🏘️,houses,Travel & Places,,houses,U+1F3D8 U+FE0F,inferred_coherent
🏚️,derelict house,Travel & Places,,derelict_house,U+1F3DA U+FE0F,inferred_coherent
🏠,house,Travel & Places,,house,U+1F3E0,inferred_coherent
🏡,house with garden,Travel & Places,,house_with_garden,U+1F3E1,inferred_coherent
🏢,office building,Travel & Places,,office_building,U+1F3E2,inferred_coherent
🏣,Japanese post office,Travel & Places,,japanese_post_office,U+1F3E3,inferred_coherent
🏤,post office,Travel & Places,,post_office,U+1F3E4,inferred_coherent
🏥,hospital,Travel & Places,,hospital,U+1F3E5,inferred_coherent
🏦,bank,Travel & Places,,bank,U+1F3E6,inferred_coherent
🏨,hotel,Travel & Places,,hotel,U+1F3E8,inferred_coherent
🏩,love hotel,Travel & Places,,love_hotel,U+1F3E9,inferred_coherent
🏪,convenience store,Travel & Places,,convenience_store,U+1F3EA,inferred_coherent
🏫,school,Travel & Places,,school,U+1F3EB,inferred_coherent
🏬,department store,Travel & Places,,department_store,U+1F3EC,inferred_coherent
🏭,factory,Travel & Places,,factory,U+1F3ED,inferred_coherent
🏯,Japanese castle,Travel & Places,,japanese_castle,U+1F3EF,inferred_coherent
🏰,castle,Travel & Places,,castle,U+1F3F0,inferred_coherent
💒,wedding,Travel & Places,,wedding,U+1F492,inferred_coherent
🗼,Tokyo tower,Travel & Places,,tokyo_tower,U+1F5FC,inferred_coherent
🗽,Statue of Liberty,Travel & Places,,statue_of_liberty,U+1F5FD,inferred_coherent
⛪,church,Travel & Places,,church,U+26EA,inferred_coherent
🕌,mosque,Travel & Places,,mosque,U+1F54C,inferred_coherent
🛕,hindu temple,Travel & Places,,hindu_temple,U+1F6D5,inferred_coherent
🕍,synagogue,Travel & Places,,synagogue,U+1F54D,inferred_coherent
⛩️,shinto shrine,Travel & Places,,shinto_shrine,U+26E9 U+FE0F,inferred_coherent
🕋,kaaba,Travel & Places,,kaaba,U+1F54B,inferred_coherent
⛲,fountain,Travel & Places,,fountain,U+26F2,inferred_coherent
⛺,tent,Travel & Places,,tent,U+26FA,inferred_coherent
🌁,foggy,Travel & Places,,foggy,U+1F301,inferred_coherent
🌃,night with stars,Travel & Places,,night_with_stars,U+1F303,inferred_coherent
🏙️,cityscape,Travel & Places,,cityscape,U+1F3D9 U+FE0F,inferred_coherent
🌄,sunrise over mountains,Travel & Places,,sunrise_over_mountains,U+1F304,inferred_coherent
🌅,sunrise,Travel & Places,,sunrise,U+1F305,inferred_coherent
🌆,cityscape at dusk,Travel & Places,,cityscape_at_dusk,U+1F306,inferred_coherent
🌇,sunset,Travel & Places,,sunset,U+1F307,inferred_coherent
🌉,bridge at night,Travel & Places,,bridge_at_night,U+1F309,inferred_coherent
♨️,hot springs,Travel & Places,,hot_springs,U+2668 U+FE0F,inferred_coherent
🎠,carousel horse,Travel & Places,,carousel_horse,U+1F3A0,inferred_coherent
🛝,playground slide,Travel & Places,,playground_slide,U+1F6DD,inferred_coherent
🎡,ferris wheel,Travel & Places,,ferris_wheel,U+1F3A1,inferred_coherent
🎢,roller coaster,Travel & Places,,roller_coaster,U+1F3A2,inferred_coherent
💈,barber pole,Travel & Places,,barber_pole,U+1F488,inferred_coherent
🎪,circus tent,Travel & Places,,circus_tent,U+1F3AA,inferred_coherent
🚂,locomotive,Travel & Places,,locomotive,U+1F682,inferred_coherent
🚃,railway car,Travel & Places,,railway_car,U+1F683,inferred_coherent
🚄,high-speed train,Travel & Places,,high_speed_train,U+1F684,inferred_coherent
🚅,bullet train,Travel & Places,,bullet_train,U+1F685,inferred_coherent
🚆,train,Travel & Places,,train,U+1F686,inferred_coherent
🚇,metro,Travel & Places,,metro,U+1F687,inferred_coherent
🚈,light rail,Travel & Places,,light_rail,U+1F688,inferred_coherent
🚉,station,Travel & Places,,station,U+1F689,inferred_coherent
🚊,tram,Travel & Places,,tram,U+1F68A,inferred_coherent
🚝,monorail,Travel & Places,,monorail,U+1F69D,inferred_coherent
🚞,mountain railway,Travel & Places,,mountain_railway,U+1F69E,inferred_coherent
🚋,tram car,Travel & Places,,tram_car,U+1F68B,inferred_coherent
🚌,bus,Travel & Places,,bus,U+1F68C,inferred_coherent
🚍,oncoming bus,Travel & Places,,oncoming_bus,U+1F68D,inferred_coherent
🚎,trolleybus,Travel & Places,,trolleybus,U+1F68E,inferred_coherent
🚐,minibus,Travel & Places,,minibus,U+1F690,inferred_coherent
🚑,ambulance,Travel & Places,,ambulance,U+1F691,inferred_coherent
🚒,fire engine,Travel & Places,,fire_engine,U+1F692,inferred_coherent
🚓,police car,Travel & Places,,police_car,U+1F693,inferred_coherent
🚔,oncoming police car,Travel & Places,,oncoming_police_car,U+1F694,inferred_coherent
🚕,taxi,Travel & Places,,taxi,U+1F695,inferred_coherent
🚖,oncoming taxi,Travel & Places,,oncoming_taxi,U+1F696,inferred_coherent
🚗,automobile,Travel & Places,,automobile,U+1F697,inferred_coherent
🚘,oncoming automobile,Travel & Places,,oncoming_automobile,U+1F698,inferred_coherent
🚙,sport utility vehicle,Travel & Places,,sport_utility_vehicle,U+1F699,inferred_coherent
🛻,pickup truck,Travel & Places,,pickup_truck,U+1F6FB,inferred_coherent
🚚,delivery truck,Travel & Places,,delivery_truck,U+1F69A,inferred_coherent
🚛,articulated lorry,Travel & Places,,articulated_lorry,U+1F69B,inferred_coherent
🚜,tractor,Travel & Places,,tractor,U+1F69C,inferred_coherent
🏎️,racing car,Travel & Places,,racing_car,U+1F3CE U+FE0F,inferred_coherent
🏍️,motorcycle,Travel & Places,,motorcycle,U+1F3CD U+FE0F,inferred_coherent
🛵,motor scooter,Travel & Places,,motor_scooter,U+1F6F5,inferred_coherent
🦽,manual wheelchair,Travel & Places,,manual_wheelchair,U+1F9BD,inferred_coherent
🦼,motorized wheelchair,Travel & Places,,motorized_wheelchair,U+1F9BC,inferred_coherent
🛺,auto rickshaw,Travel & Places,,auto_rickshaw,U+1F6FA,inferred_coherent
🚲,bicycle,Travel & Places,,bicycle,U+1F6B2,inferred_coherent
🛴,kick scooter,Travel & Places,,kick_scooter,U+1F6F4,inferred_coherent
🛹,skateboard,Travel & Places,,skateboard,U+1F6F9,inferred_coherent
🛼,roller skate,Travel & Places,,roller_skate,U+1F6FC,inferred_coherent
🚏,bus stop,Travel & Places,,bus_stop,U+1F68F,inferred_coherent
🛣️,motorway,Travel & Places,,motorway,U+1F6E3 U+FE0F,inferred_coherent
🛤️,railway track,Travel & Places,,railway_track,U+1F6E4 U+FE0F,inferred_coherent
🛢️,oil drum,Travel & Places,,oil_drum,U+1F6E2 U+FE0F,inferred_coherent
⛽,fuel pump,Travel & Places,,fuel_pump,U+26FD,inferred_coherent
🛞,wheel,Travel & Places,,wheel,U+1F6DE,inferred_coherent
🚨,police car light,Travel & Places,,police_car_light,U+1F6A8,inferred_coherent
🚥,horizontal traffic light,Travel & Places,,horizontal_traffic_light,U+1F6A5,inferred_coherent
🚦,vertical traffic light,Travel & Places,,vertical_traffic_light,U+1F6A6,inferred_coherent
🛑,stop sign,Travel & Places,,stop_sign,U+1F6D1,inferred_coherent
🚧,construction,Travel & Places,,construction,U+1F6A7,inferred_coherent
⚓,anchor,Travel & Places,,anchor,U+2693,inferred_coherent
🛟,ring buoy,Travel & Places,,ring_buoy,U+1F6DF,inferred_coherent
⛵,sailboat,Travel & Places,,sailboat,U+26F5,inferred_coherent
🛶,canoe,Travel & Places,,canoe,U+1F6F6,inferred_coherent
🚤,speedboat,Travel & Places,,speedboat,U+1F6A4,inferred_coherent
🛳️,passenger ship,Travel & Places,,passenger_ship,U+1F6F3 U+FE0F,inferred_coherent
⛴️,ferry,Travel & Places,,ferry,U+26F4 U+FE0F,inferred_coherent
🛥️,motor boat,Travel & Places,,motor_boat,U+1F6E5 U+FE0F,inferred_coherent
🚢,ship,Travel & Places,,ship,U+1F6A2,inferred_coherent
✈️,airplane,Travel & Places,,airplane,U+2708 U+FE0F,inferred_coherent
🛩️,small airplane,Travel & Places,,small_airplane,U+1F6E9 U+FE0F,inferred_coherent
🛫,airplane departure,Travel & Places,,airplane_departure,U+1F6EB,inferred_coherent
🛬,airplane arrival,Travel & Places,,airplane_arrival,U+1F6EC,inferred_coherent
🪂,parachute,Travel & Places,,parachute,U+1FA82,inferred_coherent
💺,seat,Travel & Places,,seat,U+1F4BA,inferred_coherent
🚁,helicopter,Travel & Places,,helicopter,U+1F681,inferred_coherent
🚟,suspension railway,Travel & Places,,suspension_railway,U+1F69F,inferred_coherent
🚠,mountain cableway,Travel & Places,,mountain_cableway,U+1F6A0,inferred_coherent
🚡,aerial tramway,Travel & Places,,aerial_tramway,U+1F6A1,inferred_coherent
🛰️,satellite,Travel & Places,,satellite,U+1F6F0 U+FE0F,inferred_coherent
🚀,rocket,Travel & Places,,rocket,U+1F680,inferred_coherent
🛸,flying saucer,Travel & Places,,flying_saucer,U+1F6F8,inferred_coherent
🛎️,bellhop bell,Travel & Places,,bellhop_bell,U+1F6CE U+FE0F,inferred_coherent
🧳,luggage,Travel & Places,,luggage,U+1F9F3,inferred_coherent
⌛,hourglass done,Travel & Places,,hourglass_done,U+231B,inferred_coherent
⏳,hourglass not done,Travel & Places,,hourglass_not_done,U+23F3,inferred_coherent
⌚,watch,Travel & Places,,watch,U+231A,inferred_coherent
⏰,alarm clock,Travel & Places,,alarm_clock,U+23F0,inferred_coherent
⏱️,stopwatch,Travel & Places,,stopwatch,U+23F1 U+FE0F,inferred_coherent
⏲️,timer clock,Travel & Places,,timer_clock,U+23F2 U+FE0F,inferred_coherent
🕰️,mantelpiece clock,Travel & Places,,mantelpiece_clock,U+1F570 U+FE0F,inferred_coherent
🕛,twelve o’clock,Travel & Places,,twelve_o_clock,U+1F55B,inferred_coherent
🕧,twelve-thirty,Travel & Places,,twelve_thirty,U+1F567,inferred_coherent
🕐,one o’clock,Travel & Places,,one_o_clock,U+1F550,inferred_coherent
🕜,one-thirty,Travel & Places,,one_thirty,U+1F55C,inferred_coherent
🕑,two o’clock,Travel & Places,,two_o_clock,U+1F551,inferred_coherent
🕝,two-thirty,Travel & Places,,two_thirty,U+1F55D,inferred_coherent
🕒,three o’clock,Travel & Places,,three_o_clock,U+1F552,inferred_coherent
🕞,three-thirty,Travel & Places,,three_thirty,U+1F55E,inferred_coherent
🕓,four o’clock,Travel & Places,,four_o_clock,U+1F553,inferred_coherent
🕟,four-thirty,Travel & Places,,four_thirty,U+1F55F,inferred_coherent
🕔,five o’clock,Travel & Places,,five_o_clock,U+1F554,inferred_coherent
🕠,five-thirty,Travel & Places,,five_thirty,U+1F560,inferred_coherent
🕕,six o’clock,Travel & Places,,six_o_clock,U+1F555,inferred_coherent
🕡,six-thirty,Travel & Places,,six_thirty,U+1F561,inferred_coherent
🕖,seven o’clock,Travel & Places,,seven_o_clock,U+1F556,inferred_coherent
🕢,seven-thirty,Travel & Places,,seven_thirty,U+1F562,inferred_coherent
🕗,eight o’clock,Travel & Places,,eight_o_clock,U+1F557,inferred_coherent
🕣,eight-thirty,Travel & Places,,eight_thirty,U+1F563,inferred_coherent
🕘,nine o’clock,Travel & Places,,nine_o_clock,U+1F558,inferred_coherent
🕤,nine-thirty,Travel & Places,,nine_thirty,U+1F564,inferred_coherent
🕙,ten o’clock,Travel & Places,,ten_o_clock,U+1F559,inferred_coherent
🕥,ten-thirty,Travel & Places,,ten_thirty,U+1F565,inferred_coherent
🕚,eleven o’clock,Travel & Places,,eleven_o_clock,U+1F55A,inferred_coherent
🕦,eleven-thirty,Travel & Places,,eleven_thirty,U+1F566,inferred_coherent
🌑,new moon,Travel & Places,,new_moon,U+1F311,inferred_coherent
🌒,waxing crescent moon,Travel & Places,,waxing_crescent_moon,U+1F312,inferred_coherent
🌓,first quarter moon,Travel & Places,,first_quarter_moon,U+1F313,inferred_coherent
🌔,waxing gibbous moon,Travel & Places,,waxing_gibbous_moon,U+1F314,inferred_coherent
🌕,full moon,Travel & Places,,full_moon,U+1F315,inferred_coherent
🌖,waning gibbous moon,Travel & Places,,waning_gibbous_moon,U+1F316,inferred_coherent
🌗,last quarter moon,Travel & Places,,last_quarter_moon,U+1F317,inferred_coherent
🌘,waning crescent moon,Travel & Places,,waning_crescent_moon,U+1F318,inferred_coherent
🌙,crescent moon,Travel & Places,,crescent_moon,U+1F319,inferred_coherent
🌚,new moon face,Travel & Places,,new_moon_face,U+1F31A,inferred_coherent
🌛,first quarter moon face,Travel & Places,,first_quarter_moon_face,U+1F31B,inferred_coherent
🌜,last quarter moon face,Travel & Places,,last_quarter_moon_face,U+1F31C,inferred_coherent
🌡️,thermometer,Travel & Places,,thermometer,U+1F321 U+FE0F,inferred_coherent
☀️,sun,Travel & Places,,sun,U+2600 U+FE0F,inferred_coherent
🌝,full moon face,Travel & Places,,full_moon_face,U+1F31D,inferred_coherent
🌞,sun with face,Travel & Places,,sun_with_face,U+1F31E,inferred_coherent
🪐,ringed planet,Travel & Places,,ringed_planet,U+1FA90,inferred_coherent
⭐,star,Travel & Places,,star,U+2B50,inferred_coherent
🌟,glowing star,Travel & Places,,glowing_star,U+1F31F,inferred_coherent
🌠,shooting star,Travel & Places,,shooting_star,U+1F320,inferred_coherent
🌌,milky way,Travel & Places,,milky_way,U+1F30C,inferred_coherent
☁️,cloud,Travel & Places,,cloud,U+2601 U+FE0F,inferred_coherent
⛅,sun behind cloud,Travel & Places,,sun_behind_cloud,U+26C5,inferred_coherent
⛈️,cloud with lightning and rain,Travel & Places,,cloud_with_lightning_and_rain,U+26C8 U+FE0F,inferred_coherent
🌤️,sun behind small cloud,Travel & Places,,sun_behind_small_cloud,U+1F324 U+FE0F,inferred_coherent
🌥️,sun behind large cloud,Travel & Places,,sun_behind_large_cloud,U+1F325 U+FE0F,inferred_coherent
🌦️,sun behind rain cloud,Travel & Places,,sun_behind_rain_cloud,U+1F326 U+FE0F,inferred_coherent
🌧️,cloud with rain,Travel & Places,,cloud_with_rain,U+1F327 U+FE0F,inferred_coherent
🌨️,cloud with snow,Travel & Places,,cloud_with_snow,U+1F328 U+FE0F,inferred_coherent
🌩️,cloud with lightning,Travel & Places,,cloud_with_lightning,U+1F329 U+FE0F,inferred_coherent
🌪️,tornado,Travel & Places,,tornado,U+1F32A U+FE0F,inferred_coherent
🌫️,fog,Travel & Places,,fog,U+1F32B U+FE0F,inferred_coherent
🌬️,wind face,Travel & Places,,wind_face,U+1F32C U+FE0F,inferred_coherent
🌀,cyclone,Travel & Places,,cyclone,U+1F300,inferred_coherent
🌈,rainbow,Travel & Places,,rainbow,U+1F308,inferred_coherent
🌂,closed umbrella,Travel & Places,,closed_umbrella,U+1F302,inferred_coherent
☂️,umbrella,Travel & Places,,umbrella,U+2602 U+FE0F,inferred_coherent
☔,umbrella with rain drops,Travel & Places,,umbrella_with_rain_drops,U+2614,inferred_coherent
⛱️,umbrella on ground,Travel & Places,,umbrella_on_ground,U+26F1 U+FE0F,inferred_coherent
⚡,high voltage,Travel & Places,,high_voltage,U+26A1,inferred_coherent
❄️,snowflake,Travel & Places,,snowflake,U+2744 U+FE0F,inferred_coherent
☃️,snowman,Travel & Places,,snowman,U+2603 U+FE0F,inferred_coherent
⛄,snowman without snow,Travel & Places,,snowman_without_snow,U+26C4,inferred_coherent
☄️,comet,Travel & Places,,comet,U+2604 U+FE0F,inferred_coherent
🔥,fire,Travel & Places,,fire,U+1F525,inferred_coherent
💧,droplet,Travel & Places,,droplet,U+1F4A7,inferred_coherent
🌊,water wave,Travel & Places,,water_wave,U+1F30A,inferred_coherent
🎃,jack-o-lantern,Activities,,jack_o_lantern,U+1F383,inferred_coherent
🎄,Christmas tree,Activities,,christmas_tree,U+1F384,inferred_coherent
🎆,fireworks,Activities,,fireworks,U+1F386,inferred_coherent
🎇,sparkler,Activities,,sparkler,U+1F387,inferred_coherent
🧨,firecracker,Activities,,firecracker,U+1F9E8,inferred_coherent
✨,sparkles,Activities,,sparkles,U+2728,inferred_coherent
🎈,balloon,Activities,,balloon,U+1F388,inferred_coherent
🎉,party popper,Activities,,party_popper,U+1F389,inferred_coherent
🎊,confetti ball,Activities,,confetti_ball,U+1F38A,inferred_coherent
🎋,tanabata tree,Activities,,tanabata_tree,U+1F38B,inferred_coherent
🎍,pine decoration,Activities,,pine_decoration,U+1F38D,inferred_coherent
🎎,Japanese dolls,Activities,,japanese_dolls,U+1F38E,inferred_coherent
🎏,carp streamer,Activities,,carp_streamer,U+1F38F,inferred_coherent
🎐,wind chime,Activities,,wind_chime,U+1F390,inferred_coherent
🎑,moon viewing ceremony,Activities,,moon_viewing_ceremony,U+1F391,inferred_coherent
🧧,red envelope,Activities,,red_envelope,U+1F9E7,inferred_coherent
🎀,ribbon,Activities,,ribbon,U+1F380,inferred_coherent
🎁,wrapped gift,Activities,,wrapped_gift,U+1F381,inferred_coherent
🎗️,reminder ribbon,Activities,,reminder_ribbon,U+1F397 U+FE0F,inferred_coherent
🎟️,admission tickets,Activities,,admission_tickets,U+1F39F U+FE0F,inferred_coherent
🎫,ticket,Activities,,ticket,U+1F3AB,inferred_coherent
🎖️,military medal,Activities,,military_medal,U+1F396 U+FE0F,inferred_coherent
🏆,trophy,Activities,,trophy,U+1F3C6,inferred_coherent
🏅,sports medal,Activities,,sports_medal,U+1F3C5,inferred_coherent
🥇,1st place medal,Activities,,1st_place_medal,U+1F947,inferred_coherent
🥈,2nd place medal,Activities,,2nd_place_medal,U+1F948,inferred_coherent
🥉,3rd place medal,Activities,,3rd_place_medal,U+1F949,inferred_coherent
⚽,soccer ball,Activities,,soccer_ball,U+26BD,inferred_coherent
⚾,baseball,Activities,,baseball,U+26BE,inferred_coherent
🥎,softball,Activities,,softball,U+1F94E,inferred_coherent
🏀,basketball,Activities,,basketball,U+1F3C0,inferred_coherent
🏐,volleyball,Activities,,volleyball,U+1F3D0,inferred_coherent
🏈,american football,Activities,,american_football,U+1F3C8,inferred_coherent
🏉,rugby football,Activities,,rugby_football,U+1F3C9,inferred_coherent
🎾,tennis,Activities,,tennis,U+1F3BE,inferred_coherent
🥏,flying disc,Activities,,flying_disc,U+1F94F,inferred_coherent
🎳,bowling,Activities,,bowling,U+1F3B3,inferred_coherent
🏏,cricket game,Activities,,cricket_game,U+1F3CF,inferred_coherent
🏑,field hockey,Activities,,field_hockey,U+1F3D1,inferred_coherent
🏒,ice hockey,Activities,,ice_hockey,U+1F3D2,inferred_coherent
🥍,lacrosse,Activities,,lacrosse,U+1F94D,inferred_coherent
🏓,ping pong,Activities,,ping_pong,U+1F3D3,inferred_coherent
🏸,badminton,Activities,,badminton,U+1F3F8,inferred_coherent
🥊,boxing glove,Activities,,boxing_glove,U+1F94A,inferred_coherent
🥋,martial arts uniform,Activities,,martial_arts_uniform,U+1F94B,inferred_coherent
🥅,goal net,Activities,,goal_net,U+1F945,inferred_coherent
⛳,flag in hole,Activities,,flag_in_hole,U+26F3,inferred_coherent
⛸️,ice skate,Activities,,ice_skate,U+26F8 U+FE0F,inferred_coherent
🎣,fishing pole,Activities,,fishing_pole,U+1F3A3,inferred_coherent
🤿,diving mask,Activities,,diving_mask,U+1F93F,inferred_coherent
🎽,running shirt,Activities,,running_shirt,U+1F3BD,inferred_coherent
🎿,skis,Activities,,skis,U+1F3BF,inferred_coherent
🛷,sled,Activities,,sled,U+1F6F7,inferred_coherent
🥌,curling stone,Activities,,curling_stone,U+1F94C,inferred_coherent
🎯,bullseye,Activities,,bullseye,U+1F3AF,inferred_coherent
🪀,yo-yo,Activities,,yo_yo,U+1FA80,inferred_coherent
🪁,kite,Activities,,kite,U+1FA81,inferred_coherent
🔫,water pistol,Activities,,water_pistol,U+1F52B,inferred_coherent
🎱,pool 8 ball,Activities,,pool_8_ball,U+1F3B1,inferred_coherent
🔮,crystal ball,Activities,,crystal_ball,U+1F52E,inferred_coherent
🪄,magic wand,Activities,,magic_wand,U+1FA84,inferred_coherent
🎮,video game,Activities,,video_game,U+1F3AE,inferred_coherent
🕹️,joystick,Activities,,joystick,U+1F579 U+FE0F,inferred_coherent
🎰,slot machine,Activities,,slot_machine,U+1F3B0,inferred_coherent
🎲,game die,Activities,,game_die,U+1F3B2,inferred_coherent
🧩,puzzle piece,Activities,,puzzle_piece,U+1F9E9,inferred_coherent
🧸,teddy bear,Activities,,teddy_bear,U+1F9F8,inferred_coherent
🪅,piñata,Activities,,pinata,U+1FA85,inferred_coherent
🪩,mirror ball,Activities,,mirror_ball,U+1FAA9,inferred_coherent
🪆,nesting dolls,Activities,,nesting_dolls,U+1FA86,inferred_coherent
♠️,spade suit,Activities,,spade_suit,U+2660 U+FE0F,inferred_coherent
♥️,heart suit,Activities,,heart_suit,U+2665 U+FE0F,inferred_coherent
♦️,diamond suit,Activities,,diamond_suit,U+2666 U+FE0F,inferred_coherent
♣️,club suit,Activities,,club_suit,U+2663 U+FE0F,inferred_coherent
♟️,chess pawn,Activities,,chess_pawn,U+265F U+FE0F,inferred_coherent
🃏,joker,Activities,,joker,U+1F0CF,inferred_coherent
🀄,mahjong red dragon,Activities,,mahjong_red_dragon,U+1F004,inferred_coherent
🎴,flower playing cards,Activities,,flower_playing_cards,U+1F3B4,inferred_coherent
🎭,performing arts,Activities,,performing_arts,U+1F3AD,inferred_coherent
🖼️,framed picture,Activities,,framed_picture,U+1F5BC U+FE0F,inferred_coherent
🎨,artist palette,Activities,,artist_palette,U+1F3A8,inferred_coherent
🧵,thread,Activities,,thread,U+1F9F5,inferred_coherent
🪡,sewing needle,Activities,,sewing_needle,U+1FAA1,inferred_coherent
🧶,yarn,Activities,,yarn,U+1F9F6,inferred_coherent
🪢,knot,Activities,,knot,U+1FAA2,inferred_coherent
👓,glasses,Objects,,glasses,U+1F453,inferred_coherent
🕶️,sunglasses,Objects,,sunglasses,U+1F576 U+FE0F,inferred_coherent
🥽,goggles,Objects,,goggles,U+1F97D,inferred_coherent
🥼,lab coat,Objects,,lab_coat,U+1F97C,inferred_coherent
🦺,safety vest,Objects,,safety_vest,U+1F9BA,inferred_coherent
👔,necktie,Objects,,necktie,U+1F454,inferred_coherent
👕,t-shirt,Objects,,t_shirt,U+1F455,inferred_coherent
👖,jeans,Objects,,jeans,U+1F456,inferred_coherent
🧣,scarf,Objects,,scarf,U+1F9E3,inferred_coherent
🧤,gloves,Objects,,gloves,U+1F9E4,inferred_coherent
🧥,coat,Objects,,coat,U+1F9E5,inferred_coherent
🧦,socks,Objects,,socks,U+1F9E6,inferred_coherent
👗,dress,Objects,,dress,U+1F457,inferred_coherent
👘,kimono,Objects,,kimono,U+1F458,inferred_coherent
🥻,sari,Objects,,sari,U+1F97B,inferred_coherent
🩱,one-piece swimsuit,Objects,,one_piece_swimsuit,U+1FA71,inferred_coherent
🩲,briefs,Objects,,briefs,U+1FA72,inferred_coherent
🩳,shorts,Objects,,shorts,U+1FA73,inferred_coherent
👙,bikini,Objects,,bikini,U+1F459,inferred_coherent
👚,woman’s clothes,Objects,,woman_s_clothes,U+1F45A,inferred_coherent
🪭,folding hand fan,Objects,,folding_hand_fan,U+1FAAD,inferred_coherent
👛,purse,Objects,,purse,U+1F45B,inferred_coherent
👜,handbag,Objects,,handbag,U+1F45C,inferred_coherent
👝,clutch bag,Objects,,clutch_bag,U+1F45D,inferred_coherent
🛍️,shopping bags,Objects,,shopping_bags,U+1F6CD U+FE0F,inferred_coherent
🎒,backpack,Objects,,backpack,U+1F392,inferred_coherent
🩴,thong sandal,Objects,,thong_sandal,U+1FA74,inferred_coherent
👞,man’s shoe,Objects,,man_s_shoe,U+1F45E,inferred_coherent
👟,running shoe,Objects,,running_shoe,U+1F45F,inferred_coherent
🥾,hiking boot,Objects,,hiking_boot,U+1F97E,inferred_coherent
🥿,flat shoe,Objects,,flat_shoe,U+1F97F,inferred_coherent
👠,high-heeled shoe,Objects,,high_heeled_shoe,U+1F460,inferred_coherent
👡,woman’s sandal,Objects,,woman_s_sandal,U+1F461,inferred_coherent
🩰,ballet shoes,Objects,,ballet_shoes,U+1FA70,inferred_coherent
👢,woman’s boot,Objects,,woman_s_boot,U+1F462,inferred_coherent
🪮,hair pick,Objects,,hair_pick,U+1FAAE,inferred_coherent
👑,crown,Objects,,crown,U+1F451,inferred_coherent
👒,woman’s hat,Objects,,woman_s_hat,U+1F452,inferred_coherent
🎩,top hat,Objects,,top_hat,U+1F3A9,inferred_coherent
🎓,graduation cap,Objects,,graduation_cap,U+1F393,inferred_coherent
🧢,billed cap,Objects,,billed_cap,U+1F9E2,inferred_coherent
🪖,military helmet,Objects,,military_helmet,U+1FA96,inferred_coherent
⛑️,rescue worker’s helmet,Objects,,rescue_worker_s_helmet,U+26D1 U+FE0F,inferred_coherent
📿,prayer beads,Objects,,prayer_beads,U+1F4FF,inferred_coherent
💄,lipstick,Objects,,lipstick,U+1F484,inferred_coherent
💍,ring,Objects,,ring,U+1F48D,inferred_coherent
💎,gem stone,Objects,,gem_stone,U+1F48E,inferred_coherent
🔇,muted speaker,Objects,,muted_speaker,U+1F507,inferred_coherent
🔈,speaker low volume,Objects,,speaker_low_volume,U+1F508,inferred_coherent
🔉,speaker medium volume,Objects,,speaker_medium_volume,U+1F509,inferred_coherent
🔊,speaker high volume,Objects,,speaker_high_volume,U+1F50A,inferred_coherent
📢,loudspeaker,Objects,,loudspeaker,U+1F4E2,inferred_coherent
📣,megaphone,Objects,,megaphone,U+1F4E3,inferred_coherent
📯,postal horn,Objects,,postal_horn,U+1F4EF,inferred_coherent
🔔,bell,Objects,,bell,U+1F514,inferred_coherent
🔕,bell with slash,Objects,,bell_with_slash,U+1F515,inferred_coherent
🎼,musical score,Objects,,musical_score,U+1F3BC,inferred_coherent
🎵,musical note,Objects,,musical_note,U+1F3B5,inferred_coherent
🎶,musical notes,Objects,,musical_notes,U+1F3B6,inferred_coherent
🎙️,studio microphone,Objects,,studio_microphone,U+1F399 U+FE0F,inferred_coherent
🎚️,level slider,Objects,,level_slider,U+1F39A U+FE0F,inferred_coherent
🎛️,control knobs,Objects,,control_knobs,U+1F39B U+FE0F,inferred_coherent
🎤,microphone,Objects,,microphone,U+1F3A4,inferred_coherent
🎧,headphone,Objects,,headphone,U+1F3A7,inferred_coherent
📻,radio,Objects,,radio,U+1F4FB,inferred_coherent
🎷,saxophone,Objects,,saxophone,U+1F3B7,inferred_coherent
🪗,accordion,Objects,,accordion,U+1FA97,inferred_coherent
🎸,guitar,Objects,,guitar,U+1F3B8,inferred_coherent
🎹,musical keyboard,Objects,,musical_keyboard,U+1F3B9,inferred_coherent
🎺,trumpet,Objects,,trumpet,U+1F3BA,inferred_coherent
🎻,violin,Objects,,violin,U+1F3BB,inferred_coherent
🪕,banjo,Objects,,banjo,U+1FA95,inferred_coherent
🥁,drum,Objects,,drum,U+1F941,inferred_coherent
🪘,long drum,Objects,,long_drum,U+1FA98,inferred_coherent
🪇,maracas,Objects,,maracas,U+1FA87,inferred_coherent
🪈,flute,Objects,,flute,U+1FA88,inferred_coherent
🪉,harp,Objects,,harp,U+1FA89,inferred_coherent
📱,mobile phone,Objects,,mobile_phone,U+1F4F1,inferred_coherent
📲,mobile phone with arrow,Objects,,mobile_phone_with_arrow,U+1F4F2,inferred_coherent
☎️,telephone,Objects,,telephone,U+260E U+FE0F,inferred_coherent
📞,telephone receiver,Objects,,telephone_receiver,U+1F4DE,inferred_coherent
📟,pager,Objects,,pager,U+1F4DF,inferred_coherent
📠,fax machine,Objects,,fax_machine,U+1F4E0,inferred_coherent
🔋,battery,Objects,,battery,U+1F50B,inferred_coherent
🪫,low battery,Objects,,low_battery,U+1FAAB,inferred_coherent
🔌,electric plug,Objects,,electric_plug,U+1F50C,inferred_coherent
💻,laptop,Objects,,laptop,U+1F4BB,inferred_coherent
🖥️,desktop computer,Objects,,desktop_computer,U+1F5A5 U+FE0F,inferred_coherent
🖨️,printer,Objects,,printer,U+1F5A8 U+FE0F,inferred_coherent
⌨️,keyboard,Objects,,keyboard,U+2328 U+FE0F,inferred_coherent
🖱️,computer mouse,Objects,,computer_mouse,U+1F5B1 U+FE0F,inferred_coherent
🖲️,trackball,Objects,,trackball,U+1F5B2 U+FE0F,inferred_coherent
💽,computer disk,Objects,,computer_disk,U+1F4BD,inferred_coherent
💾,floppy disk,Objects,,floppy_disk,U+1F4BE,inferred_coherent
💿,optical disk,Objects,,optical_disk,U+1F4BF,inferred_coherent
📀,dvd,Objects,,dvd,U+1F4C0,inferred_coherent
🧮,abacus,Objects,,abacus,U+1F9EE,inferred_coherent
🎥,movie camera,Objects,,movie_camera,U+1F3A5,inferred_coherent
🎞️,film frames,Objects,,film_frames,U+1F39E U+FE0F,inferred_coherent
📽️,film projector,Objects,,film_projector,U+1F4FD U+FE0F,inferred_coherent
🎬,clapper board,Objects,,clapper_board,U+1F3AC,inferred_coherent
📺,television,Objects,,television,U+1F4FA,inferred_coherent
📷,camera,Objects,,camera,U+1F4F7,inferred_coherent
📸,camera with flash,Objects,,camera_with_flash,U+1F4F8,inferred_coherent
📹,video camera,Objects,,video_camera,U+1F4F9,inferred_coherent
📼,videocassette,Objects,,videocassette,U+1F4FC,inferred_coherent
🔍,magnifying glass tilted left,Objects,,magnifying_glass_tilted_left,U+1F50D,inferred_coherent
🔎,magnifying glass tilted right,Objects,,magnifying_glass_tilted_right,U+1F50E,inferred_coherent
🕯️,candle,Objects,,candle,U+1F56F U+FE0F,inferred_coherent
💡,light bulb,Objects,,light_bulb,U+1F4A1,inferred_coherent
🔦,flashlight,Objects,,flashlight,U+1F526,inferred_coherent
🏮,red paper lantern,Objects,,red_paper_lantern,U+1F3EE,inferred_coherent
🪔,diya lamp,Objects,,diya_lamp,U+1FA94,inferred_coherent
📔,notebook with decorative cover,Objects,,notebook_with_decorative_cover,U+1F4D4,inferred_coherent
📕,closed book,Objects,,closed_book,U+1F4D5,inferred_coherent
📖,open book,Objects,,open_book,U+1F4D6,inferred_coherent
📗,green book,Objects,,green_book,U+1F4D7,inferred_coherent
📘,blue book,Objects,,blue_book,U+1F4D8,inferred_coherent
📙,orange book,Objects,,orange_book,U+1F4D9,inferred_coherent
📚,books,Objects,,books,U+1F4DA,inferred_coherent
📓,notebook,Objects,,notebook,U+1F4D3,inferred_coherent
📒,ledger,Objects,,ledger,U+1F4D2,inferred_coherent
📃,page with curl,Objects,,page_with_curl,U+1F4C3,inferred_coherent
📜,scroll,Objects,,scroll,U+1F4DC,inferred_coherent
📄,page facing up,Objects,,page_facing_up,U+1F4C4,inferred_coherent
📰,newspaper,Objects,,newspaper,U+1F4F0,inferred_coherent
🗞️,rolled-up newspaper,Objects,,rolled_up_newspaper,U+1F5DE U+FE0F,inferred_coherent
📑,bookmark tabs,Objects,,bookmark_tabs,U+1F4D1,inferred_coherent
🔖,bookmark,Objects,,bookmark,U+1F516,inferred_coherent
🏷️,label,Objects,,label,U+1F3F7 U+FE0F,inferred_coherent
💰,money bag,Objects,,money_bag,U+1F4B0,inferred_coherent
🪙,coin,Objects,,coin,U+1FA99,inferred_coherent
💴,yen banknote,Objects,,yen_banknote,U+1F4B4,inferred_coherent
💵,dollar banknote,Objects,,dollar_banknote,U+1F4B5,inferred_coherent
💶,euro banknote,Objects,,euro_banknote,U+1F4B6,inferred_coherent
💷,pound banknote,Objects,,pound_banknote,U+1F4B7,inferred_coherent
💸,money with wings,Objects,,money_with_wings,U+1F4B8,inferred_coherent
💳,credit card,Objects,,credit_card,U+1F4B3,inferred_coherent
🧾,receipt,Objects,,receipt,U+1F9FE,inferred_coherent
💹,chart increasing with yen,Objects,,chart_increasing_with_yen,U+1F4B9,inferred_coherent
✉️,envelope,Objects,,envelope,U+2709 U+FE0F,inferred_coherent
📧,e-mail,Objects,,e_mail,U+1F4E7,inferred_coherent
📨,incoming envelope,Objects,,incoming_envelope,U+1F4E8,inferred_coherent
📩,envelope with arrow,Objects,,envelope_with_arrow,U+1F4E9,inferred_coherent
📤,outbox tray,Objects,,outbox_tray,U+1F4E4,inferred_coherent
📥,inbox tray,Objects,,inbox_tray,U+1F4E5,inferred_coherent
📦,package,Objects,,package,U+1F4E6,inferred_coherent
📫,closed mailbox with raised flag,Objects,,closed_mailbox_with_raised_flag,U+1F4EB,inferred_coherent
📪,closed mailbox with lowered flag,Objects,,closed_mailbox_with_lowered_flag,U+1F4EA,inferred_coherent
📬,open mailbox with raised flag,Objects,,open_mailbox_with_raised_flag,U+1F4EC,inferred_coherent
📭,open mailbox with lowered flag,Objects,,open_mailbox_with_lowered_flag,U+1F4ED,inferred_coherent
📮,postbox,Objects,,postbox,U+1F4EE,inferred_coherent
🗳️,ballot box with ballot,Objects,,ballot_box_with_ballot,U+1F5F3 U+FE0F,inferred_coherent
✏️,pencil,Objects,,pencil,U+270F U+FE0F,inferred_coherent
✒️,black nib,Objects,,black_nib,U+2712 U+FE0F,inferred_coherent
🖋️,fountain pen,Objects,,fountain_pen,U+1F58B U+FE0F,inferred_coherent
🖊️,pen,Objects,,pen,U+1F58A U+FE0F,inferred_coherent
🖌️,paintbrush,Objects,,paintbrush,U+1F58C U+FE0F,inferred_coherent
🖍️,crayon,Objects,,crayon,U+1F58D U+FE0F,inferred_coherent
📝,memo,Objects,,memo,U+1F4DD,inferred_coherent
💼,briefcase,Objects,,briefcase,U+1F4BC,inferred_coherent
📁,file folder,Objects,,file_folder,U+1F4C1,inferred_coherent
📂,open file folder,Objects,,open_file_folder,U+1F4C2,inferred_coherent
🗂️,card index dividers,Objects,,card_index_dividers,U+1F5C2 U+FE0F,inferred_coherent
📅,calendar,Objects,,calendar,U+1F4C5,inferred_coherent
📆,tear-off calendar,Objects,,tear_off_calendar,U+1F4C6,inferred_coherent
🗒️,spiral notepad,Objects,,spiral_notepad,U+1F5D2 U+FE0F,inferred_coherent
🗓️,spiral calendar,Objects,,spiral_calendar,U+1F5D3 U+FE0F,inferred_coherent
📇,card index,Objects,,card_index,U+1F4C7,inferred_coherent
📈,chart increasing,Objects,,chart_increasing,U+1F4C8,inferred_coherent
📉,chart decreasing,Objects,,chart_decreasing,U+1F4C9,inferred_coherent
📊,bar chart,Objects,,bar_chart,U+1F4CA,inferred_coherent
📋,clipboard,Objects,,clipboard,U+1F4CB,inferred_coherent
📌,pushpin,Objects,,pushpin,U+1F4CC,inferred_coherent
📍,round pushpin,Objects,,round_pushpin,U+1F4CD,inferred_coherent
📎,paperclip,Objects,,paperclip,U+1F4CE,inferred_coherent
🖇️,linked paperclips,Objects,,linked_paperclips,U+1F587 U+FE0F,inferred_coherent
📏,straight ruler,Objects,,straight_ruler,U+1F4CF,inferred_coherent
📐,triangular ruler,Objects,,triangular_ruler,U+1F4D0,inferred_coherent
✂️,scissors,Objects,,scissors,U+2702 U+FE0F,inferred_coherent
🗃️,card file box,Objects,,card_file_box,U+1F5C3 U+FE0F,inferred_coherent
🗄️,file cabinet,Objects,,file_cabinet,U+1F5C4 U+FE0F,inferred_coherent
🗑️,wastebasket,Objects,,wastebasket,U+1F5D1 U+FE0F,inferred_coherent
🔒,locked,Objects,,locked,U+1F512,inferred_coherent
🔓,unlocked,Objects,,unlocked,U+1F513,inferred_coherent
🔏,locked with pen,Objects,,locked_with_pen,U+1F50F,inferred_coherent
🔐,locked with key,Objects,,locked_with_key,U+1F510,inferred_coherent
🔑,key,Objects,,key,U+1F511,inferred_coherent
🗝️,old key,Objects,,old_key,U+1F5DD U+FE0F,inferred_coherent
🔨,hammer,Objects,,hammer,U+1F528,inferred_coherent
🪓,axe,Objects,,axe,U+1FA93,inferred_coherent
⛏️,pick,Objects,,pick,U+26CF U+FE0F,inferred_coherent
⚒️,hammer and pick,Objects,,hammer_and_pick,U+2692 U+FE0F,inferred_coherent
🛠️,hammer and wrench,Objects,,hammer_and_wrench,U+1F6E0 U+FE0F,inferred_coherent
🗡️,dagger,Objects,,dagger,U+1F5E1 U+FE0F,inferred_coherent
⚔️,crossed swords,Objects,,crossed_swords,U+2694 U+FE0F,inferred_coherent
💣,bomb,Objects,,bomb,U+1F4A3,inferred_coherent
🪃,boomerang,Objects,,boomerang,U+1FA83,inferred_coherent
🏹,bow and arrow,Objects,,bow_and_arrow,U+1F3F9,inferred_coherent
🛡️,shield,Objects,,shield,U+1F6E1 U+FE0F,inferred_coherent
🪚,carpentry saw,Objects,,carpentry_saw,U+1FA9A,inferred_coherent
🔧,wrench,Objects,,wrench,U+1F527,inferred_coherent
🪛,screwdriver,Objects,,screwdriver,U+1FA9B,inferred_coherent
🔩,nut and bolt,Objects,,nut_and_bolt,U+1F529,inferred_coherent
⚙️,gear,Objects,,gear,U+2699 U+FE0F,inferred_coherent
🗜️,clamp,Objects,,clamp,U+1F5DC U+FE0F,inferred_coherent
⚖️,balance scale,Objects,,balance_scale,U+2696 U+FE0F,inferred_coherent
🦯,white cane,Objects,,white_cane,U+1F9AF,inferred_coherent
🔗,link,Objects,,link,U+1F517,inferred_coherent
⛓️‍💥,broken chain,Objects,,broken_chain,U+26D3 U+FE0F U+200D U+1F4A5,inferred_coherent
⛓️,chains,Objects,,chains,U+26D3 U+FE0F,inferred_coherent
🪝,hook,Objects,,hook,U+1FA9D,inferred_coherent
🧰,toolbox,Objects,,toolbox,U+1F9F0,inferred_coherent
🧲,magnet,Objects,,magnet,U+1F9F2,inferred_coherent
🪜,ladder,Objects,,ladder,U+1FA9C,inferred_coherent
🪏,shovel,Objects,,shovel,U+1FA8F,inferred_coherent
⚗️,alembic,Objects,,alembic,U+2697 U+FE0F,inferred_coherent
🧪,test tube,Objects,,test_tube,U+1F9EA,inferred_coherent
🧫,petri dish,Objects,,petri_dish,U+1F9EB,inferred_coherent
🧬,dna,Objects,,dna,U+1F9EC,inferred_coherent
🔬,microscope,Objects,,microscope,U+1F52C,inferred_coherent
🔭,telescope,Objects,,telescope,U+1F52D,inferred_coherent
📡,satellite antenna,Objects,,satellite_antenna,U+1F4E1,inferred_coherent
💉,syringe,Objects,,syringe,U+1F489,inferred_coherent
🩸,drop of blood,Objects,,drop_of_blood,U+1FA78,inferred_coherent
💊,pill,Objects,,pill,U+1F48A,inferred_coherent
🩹,adhesive bandage,Objects,,adhesive_bandage,U+1FA79,inferred_coherent
🩼,crutch,Objects,,crutch,U+1FA7C,inferred_coherent
🩺,stethoscope,Objects,,stethoscope,U+1FA7A,inferred_coherent
🩻,x-ray,Objects,,x_ray,U+1FA7B,inferred_coherent
🚪,door,Objects,,door,U+1F6AA,inferred_coherent
🛗,elevator,Objects,,elevator,U+1F6D7,inferred_coherent
🪞,mirror,Objects,,mirror,U+1FA9E,inferred_coherent
🪟,window,Objects,,window,U+1FA9F,inferred_coherent
🛏️,bed,Objects,,bed,U+1F6CF U+FE0F,inferred_coherent
🛋️,couch and lamp,Objects,,couch_and_lamp,U+1F6CB U+FE0F,inferred_coherent
🪑,chair,Objects,,chair,U+1FA91,inferred_coherent
🚽,toilet,Objects,,toilet,U+1F6BD,inferred_coherent
🪠,plunger,Objects,,plunger,U+1FAA0,inferred_coherent
🚿,shower,Objects,,shower,U+1F6BF,inferred_coherent
🛁,bathtub,Objects,,bathtub,U+1F6C1,inferred_coherent
🪤,mouse trap,Objects,,mouse_trap,U+1FAA4,inferred_coherent
🪒,razor,Objects,,razor,U+1FA92,inferred_coherent
🧴,lotion bottle,Objects,,lotion_bottle,U+1F9F4,inferred_coherent
🧷,safety pin,Objects,,safety_pin,U+1F9F7,inferred_coherent
🧹,broom,Objects,,broom,U+1F9F9,inferred_coherent
🧺,basket,Objects,,basket,U+1F9FA,inferred_coherent
🧻,roll of paper,Objects,,roll_of_paper,U+1F9FB,inferred_coherent
🪣,bucket,Objects,,bucket,U+1FAA3,inferred_coherent
🧼,soap,Objects,,soap,U+1F9FC,inferred_coherent
🫧,bubbles,Objects,,bubbles,U+1FAE7,inferred_coherent
🪥,toothbrush,Objects,,toothbrush,U+1FAA5,inferred_coherent
🧽,sponge,Objects,,sponge,U+1F9FD,inferred_coherent
🧯,fire extinguisher,Objects,,fire_extinguisher,U+1F9EF,inferred_coherent
🛒,shopping cart,Objects,,shopping_cart,U+1F6D2,inferred_coherent
🚬,cigarette,Objects,,cigarette,U+1F6AC,inferred_coherent
⚰️,coffin,Objects,,coffin,U+26B0 U+FE0F,inferred_coherent
🪦,headstone,Objects,,headstone,U+1FAA6,inferred_coherent
⚱️,funeral urn,Objects,,funeral_urn,U+26B1 U+FE0F,inferred_coherent
🧿,nazar amulet,Objects,,nazar_amulet,U+1F9FF,inferred_coherent
🪬,hamsa,Objects,,hamsa,U+1FAAC,inferred_coherent
🗿,moai,Objects,,moai,U+1F5FF,inferred_coherent
🪧,placard,Objects,,placard,U+1FAA7,inferred_coherent
🪪,identification card,Objects,,identification_card,U+1FAAA,inferred_coherent
🏧,ATM sign,Symbols,,atm_sign,U+1F3E7,inferred_coherent
🚮,litter in bin sign,Symbols,,litter_in_bin_sign,U+1F6AE,inferred_coherent
🚰,potable water,Symbols,,potable_water,U+1F6B0,inferred_coherent
♿,wheelchair symbol,Symbols,,wheelchair_symbol,U+267F,inferred_coherent
🚹,men’s room,Symbols,,men_s_room,U+1F6B9,inferred_coherent
🚺,women’s room,Symbols,,women_s_room,U+1F6BA,inferred_coherent
🚻,restroom,Symbols,,restroom,U+1F6BB,inferred_coherent
🚼,baby symbol,Symbols,,baby_symbol,U+1F6BC,inferred_coherent
🚾,water closet,Symbols,,water_closet,U+1F6BE,inferred_coherent
🛂,passport control,Symbols,,passport_control,U+1F6C2,inferred_coherent
🛃,customs,Symbols,,customs,U+1F6C3,inferred_coherent
🛄,baggage claim,Symbols,,baggage_claim,U+1F6C4,inferred_coherent
🛅,left luggage,Symbols,,left_luggage,U+1F6C5,inferred_coherent
⚠️,warning,Symbols,,warning,U+26A0 U+FE0F,inferred_coherent
🚸,children crossing,Symbols,,children_crossing,U+1F6B8,inferred_coherent
⛔,no entry,Symbols,,no_entry,U+26D4,inferred_coherent
🚫,prohibited,Symbols,,prohibited,U+1F6AB,inferred_coherent
🚳,no bicycles,Symbols,,no_bicycles,U+1F6B3,inferred_coherent
🚭,no smoking,Symbols,,no_smoking,U+1F6AD,inferred_coherent
🚯,no littering,Symbols,,no_littering,U+1F6AF,inferred_coherent
🚱,non-potable water,Symbols,,non_potable_water,U+1F6B1,inferred_coherent
🚷,no pedestrians,Symbols,,no_pedestrians,U+1F6B7,inferred_coherent
📵,no mobile phones,Symbols,,no_mobile_phones,U+1F4F5,inferred_coherent
🔞,no one under eighteen,Symbols,,no_one_under_eighteen,U+1F51E,inferred_coherent
☢️,radioactive,Symbols,,radioactive,U+2622 U+FE0F,inferred_coherent
☣️,biohazard,Symbols,,biohazard,U+2623 U+FE0F,inferred_coherent
⬆️,up arrow,Symbols,,up_arrow,U+2B06 U+FE0F,inferred_coherent
↗️,up-right arrow,Symbols,,up_right_arrow,U+2197 U+FE0F,inferred_coherent
➡️,right arrow,Symbols,,right_arrow,U+27A1 U+FE0F,inferred_coherent
↘️,down-right arrow,Symbols,,down_right_arrow,U+2198 U+FE0F,inferred_coherent
⬇️,down arrow,Symbols,,down_arrow,U+2B07 U+FE0F,inferred_coherent
↙️,down-left arrow,Symbols,,down_left_arrow,U+2199 U+FE0F,inferred_coherent
⬅️,left arrow,Symbols,,left_arrow,U+2B05 U+FE0F,inferred_coherent
↖️,up-left arrow,Symbols,,up_left_arrow,U+2196 U+FE0F,inferred_coherent
↕️,up-down arrow,Symbols,,up_down_arrow,U+2195 U+FE0F,inferred_coherent
↔️,left-right arrow,Symbols,,left_right_arrow,U+2194 U+FE0F,inferred_coherent
↩️,right arrow curving left,Symbols,,right_arrow_curving_left,U+21A9 U+FE0F,inferred_coherent
↪️,left arrow curving right,Symbols,,left_arrow_curving_right,U+21AA U+FE0F,inferred_coherent
⤴️,right arrow curving up,Symbols,,right_arrow_curving_up,U+2934 U+FE0F,inferred_coherent
⤵️,right arrow curving down,Symbols,,right_arrow_curving_down,U+2935 U+FE0F,inferred_coherent
🔃,clockwise vertical arrows,Symbols,,clockwise_vertical_arrows,U+1F503,inferred_coherent
🔄,counterclockwise arrows button,Symbols,,counterclockwise_arrows_button,U+1F504,inferred_coherent
🔙,BACK arrow,Symbols,,back_arrow,U+1F519,inferred_coherent
🔚,END arrow,Symbols,,end_arrow,U+1F51A,inferred_coherent
🔛,ON! arrow,Symbols,,on_arrow,U+1F51B,inferred_coherent
🔜,SOON arrow,Symbols,,soon_arrow,U+1F51C,inferred_coherent
🔝,TOP arrow,Symbols,,top_arrow,U+1F51D,inferred_coherent
🛐,place of worship,Symbols,,place_of_worship,U+1F6D0,inferred_coherent
⚛️,atom symbol,Symbols,,atom_symbol,U+269B U+FE0F,inferred_coherent
🕉️,om,Symbols,,om,U+1F549 U+FE0F,inferred_coherent
✡️,star of David,Symbols,,star_of_david,U+2721 U+FE0F,inferred_coherent
☸️,wheel of dharma,Symbols,,wheel_of_dharma,U+2638 U+FE0F,inferred_coherent
☯️,yin yang,Symbols,,yin_yang,U+262F U+FE0F,inferred_coherent
✝️,latin cross,Symbols,,latin_cross,U+271D U+FE0F,inferred_coherent
☦️,orthodox cross,Symbols,,orthodox_cross,U+2626 U+FE0F,inferred_coherent
☪️,star and crescent,Symbols,,star_and_crescent,U+262A U+FE0F,inferred_coherent
☮️,peace symbol,Symbols,,peace_symbol,U+262E U+FE0F,inferred_coherent
🕎,menorah,Symbols,,menorah,U+1F54E,inferred_coherent
🔯,dotted six-pointed star,Symbols,,dotted_six_pointed_star,U+1F52F,inferred_coherent
🪯,khanda,Symbols,,khanda,U+1FAAF,inferred_coherent
♈,Aries,Symbols,,aries,U+2648,inferred_coherent
♉,Taurus,Symbols,,taurus,U+2649,inferred_coherent
♊,Gemini,Symbols,,gemini,U+264A,inferred_coherent
♋,Cancer,Symbols,,cancer,U+264B,inferred_coherent
♌,Leo,Symbols,,leo,U+264C,inferred_coherent
♍,Virgo,Symbols,,virgo,U+264D,inferred_coherent
♎,Libra,Symbols,,libra,U+264E,inferred_coherent
♏,Scorpio,Symbols,,scorpio,U+264F,inferred_coherent
♐,Sagittarius,Symbols,,sagittarius,U+2650,inferred_coherent
♑,Capricorn,Symbols,,capricorn,U+2651,inferred_coherent
♒,Aquarius,Symbols,,aquarius,U+2652,inferred_coherent
♓,Pisces,Symbols,,pisces,U+2653,inferred_coherent
⛎,Ophiuchus,Symbols,,ophiuchus,U+26CE,inferred_coherent
🔀,shuffle tracks button,Symbols,,shuffle_tracks_button,U+1F500,inferred_coherent
🔁,repeat button,Symbols,,repeat_button,U+1F501,inferred_coherent
🔂,repeat single button,Symbols,,repeat_single_button,U+1F502,inferred_coherent
▶️,play button,Symbols,,play_button,U+25B6 U+FE0F,inferred_coherent
⏩,fast-forward button,Symbols,,fast_forward_button,U+23E9,inferred_coherent
⏭️,next track button,Symbols,,next_track_button,U+23ED U+FE0F,inferred_coherent
⏯️,play or pause button,Symbols,,play_or_pause_button,U+23EF U+FE0F,inferred_coherent
◀️,reverse button,Symbols,,reverse_button,U+25C0 U+FE0F,inferred_coherent
⏪,fast reverse button,Symbols,,fast_reverse_button,U+23EA,inferred_coherent
⏮️,last track button,Symbols,,last_track_button,U+23EE U+FE0F,inferred_coherent
🔼,upwards button,Symbols,,upwards_button,U+1F53C,inferred_coherent
⏫,fast up button,Symbols,,fast_up_button,U+23EB,inferred_coherent
🔽,downwards button,Symbols,,downwards_button,U+1F53D,inferred_coherent
⏬,fast down button,Symbols,,fast_down_button,U+23EC,inferred_coherent
⏸️,pause button,Symbols,,pause_button,U+23F8 U+FE0F,inferred_coherent
⏹️,stop button,Symbols,,stop_button,U+23F9 U+FE0F,inferred_coherent
⏺️,record button,Symbols,,record_button,U+23FA U+FE0F,inferred_coherent
⏏️,eject button,Symbols,,eject_button,U+23CF U+FE0F,inferred_coherent
🎦,cinema,Symbols,,cinema,U+1F3A6,inferred_coherent
🔅,dim button,Symbols,,dim_button,U+1F505,inferred_coherent
🔆,bright button,Symbols,,bright_button,U+1F506,inferred_coherent
📶,antenna bars,Symbols,,antenna_bars,U+1F4F6,inferred_coherent
🛜,wireless,Symbols,,wireless,U+1F6DC,inferred_coherent
📳,vibration mode,Symbols,,vibration_mode,U+1F4F3,inferred_coherent
📴,mobile phone off,Symbols,,mobile_phone_off,U+1F4F4,inferred_coherent
♀️,female sign,Symbols,,female_sign,U+2640 U+FE0F,inferred_coherent
♂️,male sign,Symbols,,male_sign,U+2642 U+FE0F,inferred_coherent
⚧️,transgender symbol,Symbols,,transgender_symbol,U+26A7 U+FE0F,inferred_coherent
✖️,multiply,Symbols,,multiply,U+2716 U+FE0F,inferred_coherent
➕,plus,Symbols,,plus,U+2795,inferred_coherent
➖,minus,Symbols,,minus,U+2796,inferred_coherent
➗,divide,Symbols,,divide,U+2797,inferred_coherent
🟰,heavy equals sign,Symbols,,heavy_equals_sign,U+1F7F0,inferred_coherent
♾️,infinity,Symbols,,infinity,U+267E U+FE0F,inferred_coherent
‼️,double exclamation mark,Symbols,,double_exclamation_mark,U+203C U+FE0F,inferred_coherent
⁉️,exclamation question mark,Symbols,,exclamation_question_mark,U+2049 U+FE0F,inferred_coherent
❓,red question mark,Symbols,,red_question_mark,U+2753,inferred_coherent
❔,white question mark,Symbols,,white_question_mark,U+2754,inferred_coherent
❕,white exclamation mark,Symbols,,white_exclamation_mark,U+2755,inferred_coherent
❗,red exclamation mark,Symbols,,red_exclamation_mark,U+2757,inferred_coherent
〰️,wavy dash,Symbols,,wavy_dash,U+3030 U+FE0F,inferred_coherent
💱,currency exchange,Symbols,,currency_exchange,U+1F4B1,inferred_coherent
💲,heavy dollar sign,Symbols,,heavy_dollar_sign,U+1F4B2,inferred_coherent
⚕️,medical symbol,Symbols,,medical_symbol,U+2695 U+FE0F,inferred_coherent
♻️,recycling symbol,Symbols,,recycling_symbol,U+267B U+FE0F,inferred_coherent
⚜️,fleur-de-lis,Symbols,,fleur_de_lis,U+269C U+FE0F,inferred_coherent
🔱,trident emblem,Symbols,,trident_emblem,U+1F531,inferred_coherent
📛,name badge,Symbols,,name_badge,U+1F4DB,inferred_coherent
🔰,Japanese symbol for beginner,Symbols,,japanese_symbol_for_beginner,U+1F530,inferred_coherent
⭕,hollow red circle,Symbols,,hollow_red_circle,U+2B55,inferred_coherent
✅,check mark button,Symbols,,check_mark_button,U+2705,inferred_coherent
☑️,check box with check,Symbols,,check_box_with_check,U+2611 U+FE0F,inferred_coherent
✔️,check mark,Symbols,,check_mark,U+2714 U+FE0F,inferred_coherent
❌,cross mark,Symbols,,cross_mark,U+274C,inferred_coherent
❎,cross mark button,Symbols,,cross_mark_button,U+274E,inferred_coherent
➰,curly loop,Symbols,,curly_loop,U+27B0,inferred_coherent
➿,double curly loop,Symbols,,double_curly_loop,U+27BF,inferred_coherent
〽️,part alternation mark,Symbols,,part_alternation_mark,U+303D U+FE0F,inferred_coherent
✳️,eight-spoked asterisk,Symbols,,eight_spoked_asterisk,U+2733 U+FE0F,inferred_coherent
✴️,eight-pointed star,Symbols,,eight_pointed_star,U+2734 U+FE0F,inferred_coherent
❇️,sparkle,Symbols,,sparkle,U+2747 U+FE0F,inferred_coherent
©️,copyright,Symbols,,copyright,U+00A9 U+FE0F,inferred_coherent
®️,registered,Symbols,,registered,U+00AE U+FE0F,inferred_coherent
™️,trade mark,Symbols,,trade_mark,U+2122 U+FE0F,inferred_coherent
🫟,splatter,Symbols,,splatter,U+1FADF,inferred_coherent
#️⃣,keycap #,Symbols,,keycap_number_sign,U+0023 U+FE0F U+20E3,inferred_coherent
*️⃣,keycap *,Symbols,,keycap_asterisk,U+002A U+FE0F U+20E3,inferred_coherent
0️⃣,keycap 0,Symbols,,keycap_0,U+0030 U+FE0F U+20E3,inferred_coherent
1️⃣,keycap 1,Symbols,,keycap_1,U+0031 U+FE0F U+20E3,inferred_coherent
2️⃣,keycap 2,Symbols,,keycap_2,U+0032 U+FE0F U+20E3,inferred_coherent
3️⃣,keycap 3,Symbols,,keycap_3,U+0033 U+FE0F U+20E3,inferred_coherent
4️⃣,keycap 4,Symbols,,keycap_4,U+0034 U+FE0F U+20E3,inferred_coherent
5️⃣,keycap 5,Symbols,,keycap_5,U+0035 U+FE0F U+20E3,inferred_coherent
6️⃣,keycap 6,Symbols,,keycap_6,U+0036 U+FE0F U+20E3,inferred_coherent
7️⃣,keycap 7,Symbols,,keycap_7,U+0037 U+FE0F U+20E3,inferred_coherent
8️⃣,keycap 8,Symbols,,keycap_8,U+0038 U+FE0F U+20E3,inferred_coherent
9️⃣,keycap 9,Symbols,,keycap_9,U+0039 U+FE0F U+20E3,inferred_coherent
🔟,keycap 10,Symbols,,keycap_10,U+1F51F,inferred_coherent
🔠,input latin uppercase,Symbols,,input_latin_uppercase,U+1F520,inferred_coherent
🔡,input latin lowercase,Symbols,,input_latin_lowercase,U+1F521,inferred_coherent
🔢,input numbers,Symbols,,input_numbers,U+1F522,inferred_coherent
🔣,input symbols,Symbols,,input_symbols,U+1F523,inferred_coherent
🔤,input latin letters,Symbols,,input_latin_letters,U+1F524,inferred_coherent
🅰️,A button (blood type),Symbols,,a_button,U+1F170 U+FE0F,inferred_coherent
🆎,AB button (blood type),Symbols,,ab_button,U+1F18E,inferred_coherent
🅱️,B button (blood type),Symbols,,b_button,U+1F171 U+FE0F,inferred_coherent
🆑,CL button,Symbols,,cl_button,U+1F191,inferred_coherent
🆒,COOL button,Symbols,,cool_button,U+1F192,inferred_coherent
🆓,FREE button,Symbols,,free_button,U+1F193,inferred_coherent
ℹ️,information,Symbols,,information,U+2139 U+FE0F,inferred_coherent
🆔,ID button,Symbols,,id_button,U+1F194,inferred_coherent
Ⓜ️,circled M,Symbols,,circled_m,U+24C2 U+FE0F,inferred_coherent
🆕,NEW button,Symbols,,new_button,U+1F195,inferred_coherent
🆖,NG button,Symbols,,ng_button,U+1F196,inferred_coherent
🅾️,O button (blood type),Symbols,,o_button,U+1F17E U+FE0F,inferred_coherent
🆗,OK button,Symbols,,ok_button,U+1F197,inferred_coherent
🅿️,P button,Symbols,,p_button,U+1F17F U+FE0F,inferred_coherent
🆘,SOS button,Symbols,,sos_button,U+1F198,inferred_coherent
🆙,UP! button,Symbols,,up_button,U+1F199,inferred_coherent
🆚,VS button,Symbols,,vs_button,U+1F19A,inferred_coherent
🈁,Japanese “here” button,Symbols,,japanese_here_button,U+1F201,inferred_coherent
🈂️,Japanese “service charge” button,Symbols,,japanese_service_charge_button,U+1F202 U+FE0F,inferred_coherent
🈷️,Japanese “monthly amount” button,Symbols,,japanese_monthly_amount_button,U+1F237 U+FE0F,inferred_coherent
🈶,Japanese “not free of charge” button,Symbols,,japanese_not_free_of_charge_button,U+1F236,inferred_coherent
🈯,Japanese “reserved” button,Symbols,,japanese_reserved_button,U+1F22F,inferred_coherent
🉐,Japanese “bargain” button,Symbols,,japanese_bargain_button,U+1F250,inferred_coherent
🈹,Japanese “discount” button,Symbols,,japanese_discount_button,U+1F239,inferred_coherent
🈚,Japanese “free of charge” button,Symbols,,japanese_free_of_charge_button,U+1F21A,inferred_coherent
🈲,Japanese “prohibited” button,Symbols,,japanese_prohibited_button,U+1F232,inferred_coherent
🉑,Japanese “acceptable” button,Symbols,,japanese_acceptable_button,U+1F251,inferred_coherent
🈸,Japanese “application” button,Symbols,,japanese_application_button,U+1F238,inferred_coherent
🈴,Japanese “passing grade” button,Symbols,,japanese_passing_grade_button,U+1F234,inferred_coherent
🈳,Japanese “vacancy” button,Symbols,,japanese_vacancy_button,U+1F233,inferred_coherent
㊗️,Japanese “congratulations” button,Symbols,,japanese_congratulations_button,U+3297 U+FE0F,inferred_coherent
㊙️,Japanese “secret” button,Symbols,,japanese_secret_button,U+3299 U+FE0F,inferred_coherent
🈺,Japanese “open for business” button,Symbols,,japanese_open_for_business_button,U+1F23A,inferred_coherent
🈵,Japanese “no vacancy” button,Symbols,,japanese_no_vacancy_button,U+1F235,inferred_coherent
🔴,red circle,Symbols,,red_circle,U+1F534,inferred_coherent
🟠,orange circle,Symbols,,orange_circle,U+1F7E0,inferred_coherent
🟡,yellow circle,Symbols,,yellow_circle,U+1F7E1,inferred_coherent
🟢,green circle,Symbols,,green_circle,U+1F7E2,inferred_coherent
🔵,blue circle,Symbols,,blue_circle,U+1F535,inferred_coherent
🟣,purple circle,Symbols,,purple_circle,U+1F7E3,inferred_coherent
🟤,brown circle,Symbols,,brown_circle,U+1F7E4,inferred_coherent
⚫,black circle,Symbols,,black_circle,U+26AB,inferred_coherent
⚪,white circle,Symbols,,white_circle,U+26AA,inferred_coherent
🟥,red square,Symbols,,red_square,U+1F7E5,inferred_coherent
🟧,orange square,Symbols,,orange_square,U+1F7E7,inferred_coherent
🟨,yellow square,Symbols,,yellow_square,U+1F7E8,inferred_coherent
🟩,green square,Symbols,,green_square,U+1F7E9,inferred_coherent
🟦,blue square,Symbols,,blue_square,U+1F7E6,inferred_coherent
🟪,purple square,Symbols,,purple_square,U+1F7EA,inferred_coherent
🟫,brown square,Symbols,,brown_square,U+1F7EB,inferred_coherent
⬛,black large square,Symbols,,black_large_square,U+2B1B,inferred_coherent
⬜,white large square,Symbols,,white_large_square,U+2B1C,inferred_coherent
◼️,black medium square,Symbols,,black_medium_square,U+25FC U+FE0F,inferred_coherent
◻️,white medium square,Symbols,,white_medium_square,U+25FB U+FE0F,inferred_coherent
◾,black medium-small square,Symbols,,black_medium_small_square,U+25FE,inferred_coherent
◽,white medium-small square,Symbols,,white_medium_small_square,U+25FD,inferred_coherent
▪️,black small square,Symbols,,black_small_square,U+25AA U+FE0F,inferred_coherent
▫️,white small square,Symbols,,white_small_square,U+25AB U+FE0F,inferred_coherent
🔶,large orange diamond,Symbols,,large_orange_diamond,U+1F536,inferred_coherent
🔷,large blue diamond,Symbols,,large_blue_diamond,U+1F537,inferred_coherent
🔸,small orange diamond,Symbols,,small_orange_diamond,U+1F538,inferred_coherent
🔹,small blue diamond,Symbols,,small_blue_diamond,U+1F539,inferred_coherent
🔺,red triangle pointed up,Symbols,,red_triangle_pointed_up,U+1F53A,inferred_coherent
🔻,red triangle pointed down,Symbols,,red_triangle_pointed_down,U+1F53B,inferred_coherent
💠,diamond with a dot,Symbols,,diamond_with_a_dot,U+1F4A0,inferred_coherent
🔘,radio button,Symbols,,radio_button,U+1F518,inferred_coherent
🔳,white square button,Symbols,,white_square_button,U+1F533,inferred_coherent
🔲,black square button,Symbols,,black_square_button,U+1F532,inferred_coherent
🏁,chequered flag,Flags,,chequered_flag,U+1F3C1,inferred_coherent
🚩,triangular flag,Flags,,triangular_flag,U+1F6A9,inferred_coherent
🎌,crossed flags,Flags,,crossed_flags,U+1F38C,inferred_coherent
🏴,black flag,Flags,,black_flag,U+1F3F4,inferred_coherent
🏳️,white flag,Flags,,white_flag,U+1F3F3 U+FE0F,inferred_coherent
🏳️‍🌈,rainbow flag,Flags,,rainbow_flag,U+1F3F3 U+FE0F U+200D U+1F308,inferred_coherent
🏳️‍⚧️,transgender flag,Flags,,transgender_flag,U+1F3F3 U+FE0F U+200D U+26A7 U+FE0F,inferred_coherent
🏴‍☠️,pirate flag,Flags,,pirate_flag,U+1F3F4 U+200D U+2620 U+FE0F,inferred_coherent
🇦🇨,flag Ascension Island,Flags,,flag_ascension_island,U+1F1E6 U+1F1E8,inferred_coherent
🇦🇩,flag Andorra,Flags,,flag_andorra,U+1F1E6 U+1F1E9,inferred_coherent
🇦🇪,flag United Arab Emirates,Flags,,flag_united_arab_emirates,U+1F1E6 U+1F1EA,inferred_coherent
🇦🇫,flag Afghanistan,Flags,,flag_afghanistan,U+1F1E6 U+1F1EB,inferred_coherent
🇦🇬,flag Antigua & Barbuda,Flags,,flag_antigua_barbuda,U+1F1E6 U+1F1EC,inferred_coherent
🇦🇮,flag Anguilla,Flags,,flag_anguilla,U+1F1E6 U+1F1EE,inferred_coherent
🇦🇱,flag Albania,Flags,,flag_albania,U+1F1E6 U+1F1F1,inferred_coherent
🇦🇲,flag Armenia,Flags,,flag_armenia,U+1F1E6 U+1F1F2,inferred_coherent
🇦🇴,flag Angola,Flags,,flag_angola,U+1F1E6 U+1F1F4,inferred_coherent
🇦🇶,flag Antarctica,Flags,,flag_antarctica,U+1F1E6 U+1F1F6,inferred_coherent
🇦🇷,flag Argentina,Flags,,flag_argentina,U+1F1E6 U+1F1F7,inferred_coherent
🇦🇸,flag American Samoa,Flags,,flag_american_samoa,U+1F1E6 U+1F1F8,inferred_coherent
🇦🇹,flag Austria,Flags,,flag_austria,U+1F1E6 U+1F1F9,inferred_coherent
🇦🇺,flag Australia,Flags,,flag_australia,U+1F1E6 U+1F1FA,inferred_coherent
🇦🇼,flag Aruba,Flags,,flag_aruba,U+1F1E6 U+1F1FC,inferred_coherent
🇦🇽,flag Åland Islands,Flags,,flag_aland_islands,U+1F1E6 U+1F1FD,inferred_coherent
🇦🇿,flag Azerbaijan,Flags,,flag_azerbaijan,U+1F1E6 U+1F1FF,inferred_coherent
🇧🇦,flag Bosnia & Herzegovina,Flags,,flag_bosnia_herzegovina,U+1F1E7 U+1F1E6,inferred_coherent
🇧🇧,flag Barbados,Flags,,flag_barbados,U+1F1E7 U+1F1E7,inferred_coherent
🇧🇩,flag Bangladesh,Flags,,flag_bangladesh,U+1F1E7 U+1F1E9,inferred_coherent
🇧🇪,flag Belgium,Flags,,flag_belgium,U+1F1E7 U+1F1EA,inferred_coherent
🇧🇫,flag Burkina Faso,Flags,,flag_burkina_faso,U+1F1E7 U+1F1EB,inferred_coherent
🇧🇬,flag Bulgaria,Flags,,flag_bulgaria,U+1F1E7 U+1F1EC,inferred_coherent
🇧🇭,flag Bahrain,Flags,,flag_bahrain,U+1F1E7 U+1F1ED,inferred_coherent
🇧🇮,flag Burundi,Flags,,flag_burundi,U+1F1E7 U+1F1EE,inferred_coherent
🇧🇯,flag Benin,Flags,,flag_benin,U+1F1E7 U+1F1EF,inferred_coherent
🇧🇱,flag St. Barthélemy,Flags,,flag_st_barthelemy,U+1F1E7 U+1F1F1,inferred_coherent
🇧🇲,flag Bermuda,Flags,,flag_bermuda,U+1F1E7 U+1F1F2,inferred_coherent
🇧🇳,flag Brunei,Flags,,flag_brunei,U+1F1E7 U+1F1F3,inferred_coherent
🇧🇴,flag Bolivia,Flags,,flag_bolivia,U+1F1E7 U+1F1F4,inferred_coherent
🇧🇶,flag Caribbean Netherlands,Flags,,flag_caribbean_netherlands,U+1F1E7 U+1F1F6,inferred_coherent
🇧🇷,flag Brazil,Flags,,flag_brazil,U+1F1E7 U+1F1F7,inferred_coherent
🇧🇸,flag Bahamas,Flags,,flag_bahamas,U+1F1E7 U+1F1F8,inferred_coherent
🇧🇹,flag Bhutan,Flags,,flag_bhutan,U+1F1E7 U+1F1F9,inferred_coherent
🇧🇻,flag Bouvet Island,Flags,,flag_bouvet_island,U+1F1E7 U+1F1FB,inferred_coherent
🇧🇼,flag Botswana,Flags,,flag_botswana,U+1F1E7 U+1F1FC,inferred_coherent
🇧🇾,flag Belarus,Flags,,flag_belarus,U+1F1E7 U+1F1FE,inferred_coherent
🇧🇿,flag Belize,Flags,,flag_belize,U+1F1E7 U+1F1FF,inferred_coherent
🇨🇦,flag Canada,Flags,,flag_canada,U+1F1E8 U+1F1E6,inferred_coherent
🇨🇨,flag Cocos (Keeling) Islands,Flags,,flag_cocos_islands,U+1F1E8 U+1F1E8,inferred_coherent
🇨🇩,flag Congo - Kinshasa,Flags,,flag_congo_kinshasa,U+1F1E8 U+1F1E9,inferred_coherent
🇨🇫,flag Central African Republic,Flags,,flag_central_african_republic,U+1F1E8 U+1F1EB,inferred_coherent
🇨🇬,flag Congo - Brazzaville,Flags,,flag_congo_brazzaville,U+1F1E8 U+1F1EC,inferred_coherent
🇨🇭,flag Switzerland,Flags,,flag_switzerland,U+1F1E8 U+1F1ED,inferred_coherent
🇨🇮,flag Côte d’Ivoire,Flags,,flag_cote_d_ivoire,U+1F1E8 U+1F1EE,inferred_coherent
🇨🇰,flag Cook Islands,Flags,,flag_cook_islands,U+1F1E8 U+1F1F0,inferred_coherent
🇨🇱,flag Chile,Flags,,flag_chile,U+1F1E8 U+1F1F1,inferred_coherent
🇨🇲,flag Cameroon,Flags,,flag_cameroon,U+1F1E8 U+1F1F2,inferred_coherent
🇨🇳,flag China,Flags,,flag_china,U+1F1E8 U+1F1F3,inferred_coherent
🇨🇴,flag Colombia,Flags,,flag_colombia,U+1F1E8 U+1F1F4,inferred_coherent
🇨🇵,flag Clipperton Island,Flags,,flag_clipperton_island,U+1F1E8 U+1F1F5,inferred_coherent
🇨🇶,flag Sark,Flags,,flag_sark,U+1F1E8 U+1F1F6,inferred_coherent
🇨🇷,flag Costa Rica,Flags,,flag_costa_rica,U+1F1E8 U+1F1F7,inferred_coherent
🇨🇺,flag Cuba,Flags,,flag_cuba,U+1F1E8 U+1F1FA,inferred_coherent
🇨🇻,flag Cape Verde,Flags,,flag_cape_verde,U+1F1E8 U+1F1FB,inferred_coherent
🇨🇼,flag Curaçao,Flags,,flag_curacao,U+1F1E8 U+1F1FC,inferred_coherent
🇨🇽,flag Christmas Island,Flags,,flag_christmas_island,U+1F1E8 U+1F1FD,inferred_coherent
🇨🇾,flag Cyprus,Flags,,flag_cyprus,U+1F1E8 U+1F1FE,inferred_coherent
🇨🇿,flag Czechia,Flags,,flag_czechia,U+1F1E8 U+1F1FF,inferred_coherent
🇩🇪,flag Germany,Flags,,flag_germany,U+1F1E9 U+1F1EA,inferred_coherent
🇩🇬,flag Diego Garcia,Flags,,flag_diego_garcia,U+1F1E9 U+1F1EC,inferred_coherent
🇩🇯,flag Djibouti,Flags,,flag_djibouti,U+1F1E9 U+1F1EF,inferred_coherent
🇩🇰,flag Denmark,Flags,,flag_denmark,U+1F1E9 U+1F1F0,inferred_coherent
🇩🇲,flag Dominica,Flags,,flag_dominica,U+1F1E9 U+1F1F2,inferred_coherent
🇩🇴,flag Dominican Republic,Flags,,flag_dominican_republic,U+1F1E9 U+1F1F4,inferred_coherent
🇩🇿,flag Algeria,Flags,,flag_algeria,U+1F1E9 U+1F1FF,inferred_coherent
🇪🇦,flag Ceuta & Melilla,Flags,,flag_ceuta_melilla,U+1F1EA U+1F1E6,inferred_coherent
🇪🇨,flag Ecuador,Flags,,flag_ecuador,U+1F1EA U+1F1E8,inferred_coherent
🇪🇪,flag Estonia,Flags,,flag_estonia,U+1F1EA U+1F1EA,inferred_coherent
🇪🇬,flag Egypt,Flags,,flag_egypt,U+1F1EA U+1F1EC,inferred_coherent
🇪🇭,flag Western Sahara,Flags,,flag_western_sahara,U+1F1EA U+1F1ED,inferred_coherent
🇪🇷,flag Eritrea,Flags,,flag_eritrea,U+1F1EA U+1F1F7,inferred_coherent
🇪🇸,flag Spain,Flags,,flag_spain,U+1F1EA U+1F1F8,inferred_coherent
🇪🇹,flag Ethiopia,Flags,,flag_ethiopia,U+1F1EA U+1F1F9,inferred_coherent
🇪🇺,flag European Union,Flags,,flag_european_union,U+1F1EA U+1F1FA,inferred_coherent
🇫🇮,flag Finland,Flags,,flag_finland,U+1F1EB U+1F1EE,inferred_coherent
🇫🇯,flag Fiji,Flags,,flag_fiji,U+1F1EB U+1F1EF,inferred_coherent
🇫🇰,flag Falkland Islands,Flags,,flag_falkland_islands,U+1F1EB U+1F1F0,inferred_coherent
🇫🇲,flag Micronesia,Flags,,flag_micronesia,U+1F1EB U+1F1F2,inferred_coherent
🇫🇴,flag Faroe Islands,Flags,,flag_faroe_islands,U+1F1EB U+1F1F4,inferred_coherent
🇫🇷,flag France,Flags,,flag_france,U+1F1EB U+1F1F7,inferred_coherent
🇬🇦,flag Gabon,Flags,,flag_gabon,U+1F1EC U+1F1E6,inferred_coherent
🇬🇧,flag United Kingdom,Flags,,flag_united_kingdom,U+1F1EC U+1F1E7,inferred_coherent
🇬🇩,flag Grenada,Flags,,flag_grenada,U+1F1EC U+1F1E9,inferred_coherent
🇬🇪,flag Georgia,Flags,,flag_georgia,U+1F1EC U+1F1EA,inferred_coherent
🇬🇫,flag French Guiana,Flags,,flag_french_guiana,U+1F1EC U+1F1EB,inferred_coherent
🇬🇬,flag Guernsey,Flags,,flag_guernsey,U+1F1EC U+1F1EC,inferred_coherent
🇬🇭,flag Ghana,Flags,,flag_ghana,U+1F1EC U+1F1ED,inferred_coherent
🇬🇮,flag Gibraltar,Flags,,flag_gibraltar,U+1F1EC U+1F1EE,inferred_coherent
🇬🇱,flag Greenland,Flags,,flag_greenland,U+1F1EC U+1F1F1,inferred_coherent
🇬🇲,flag Gambia,Flags,,flag_gambia,U+1F1EC U+1F1F2,inferred_coherent
🇬🇳,flag Guinea,Flags,,flag_guinea,U+1F1EC U+1F1F3,inferred_coherent
🇬🇵,flag Guadeloupe,Flags,,flag_guadeloupe,U+1F1EC U+1F1F5,inferred_coherent
🇬🇶,flag Equatorial Guinea,Flags,,flag_equatorial_guinea,U+1F1EC U+1F1F6,inferred_coherent
🇬🇷,flag Greece,Flags,,flag_greece,U+1F1EC U+1F1F7,inferred_coherent
🇬🇸,flag South Georgia & South Sandwich Islands,Flags,,flag_south_georgia_south_sandwich_islands,U+1F1EC U+1F1F8,inferred_coherent
🇬🇹,flag Guatemala,Flags,,flag_guatemala,U+1F1EC U+1F1F9,inferred_coherent
🇬🇺,flag Guam,Flags,,flag_guam,U+1F1EC U+1F1FA,inferred_coherent
🇬🇼,flag Guinea-Bissau,Flags,,flag_guinea_bissau,U+1F1EC U+1F1FC,inferred_coherent
🇬🇾,flag Guyana,Flags,,flag_guyana,U+1F1EC U+1F1FE,inferred_coherent
🇭🇰,flag Hong Kong SAR China,Flags,,flag_hong_kong_sar_china,U+1F1ED U+1F1F0,inferred_coherent
🇭🇲,flag Heard & McDonald Islands,Flags,,flag_heard_mcdonald_islands,U+1F1ED U+1F1F2,inferred_coherent
🇭🇳,flag Honduras,Flags,,flag_honduras,U+1F1ED U+1F1F3,inferred_coherent
🇭🇷,flag Croatia,Flags,,flag_croatia,U+1F1ED U+1F1F7,inferred_coherent
🇭🇹,flag Haiti,Flags,,flag_haiti,U+1F1ED U+1F1F9,inferred_coherent
🇭🇺,flag Hungary,Flags,,flag_hungary,U+1F1ED U+1F1FA,inferred_coherent
🇮🇨,flag Canary Islands,Flags,,flag_canary_islands,U+1F1EE U+1F1E8,inferred_coherent
🇮🇩,flag Indonesia,Flags,,flag_indonesia,U+1F1EE U+1F1E9,inferred_coherent
🇮🇪,flag Ireland,Flags,,flag_ireland,U+1F1EE U+1F1EA,inferred_coherent
🇮🇱,flag Israel,Flags,,flag_israel,U+1F1EE U+1F1F1,inferred_coherent
🇮🇲,flag Isle of Man,Flags,,flag_isle_of_man,U+1F1EE U+1F1F2,inferred_coherent
🇮🇳,flag India,Flags,,flag_india,U+1F1EE U+1F1F3,inferred_coherent
🇮🇴,flag British Indian Ocean Territory,Flags,,flag_british_indian_ocean_territory,U+1F1EE U+1F1F4,inferred_coherent
🇮🇶,flag Iraq,Flags,,flag_iraq,U+1F1EE U+1F1F6,inferred_coherent
🇮🇷,flag Iran,Flags,,flag_iran,U+1F1EE U+1F1F7,inferred_coherent
🇮🇸,flag Iceland,Flags,,flag_iceland,U+1F1EE U+1F1F8,inferred_coherent
🇮🇹,flag Italy,Flags,,flag_italy,U+1F1EE U+1F1F9,inferred_coherent
🇯🇪,flag Jersey,Flags,,flag_jersey,U+1F1EF U+1F1EA,inferred_coherent
🇯🇲,flag Jamaica,Flags,,flag_jamaica,U+1F1EF U+1F1F2,inferred_coherent
🇯🇴,flag Jordan,Flags,,flag_jordan,U+1F1EF U+1F1F4,inferred_coherent
🇯🇵,flag Japan,Flags,,flag_japan,U+1F1EF U+1F1F5,inferred_coherent
🇰🇪,flag Kenya,Flags,,flag_kenya,U+1F1F0 U+1F1EA,inferred_coherent
🇰🇬,flag Kyrgyzstan,Flags,,flag_kyrgyzstan,U+1F1F0 U+1F1EC,inferred_coherent
🇰🇭,flag Cambodia,Flags,,flag_cambodia,U+1F1F0 U+1F1ED,inferred_coherent
🇰🇮,flag Kiribati,Flags,,flag_kiribati,U+1F1F0 U+1F1EE,inferred_coherent
🇰🇲,flag Comoros,Flags,,flag_comoros,U+1F1F0 U+1F1F2,inferred_coherent
🇰🇳,flag St. Kitts & Nevis,Flags,,flag_st_kitts_nevis,U+1F1F0 U+1F1F3,inferred_coherent
🇰🇵,flag North Korea,Flags,,flag_north_korea,U+1F1F0 U+1F1F5,inferred_coherent
🇰🇷,flag South Korea,Flags,,flag_south_korea,U+1F1F0 U+1F1F7,inferred_coherent
🇰🇼,flag Kuwait,Flags,,flag_kuwait,U+1F1F0 U+1F1FC,inferred_coherent
🇰🇾,flag Cayman Islands,Flags,,flag_cayman_islands,U+1F1F0 U+1F1FE,inferred_coherent
🇰🇿,flag Kazakhstan,Flags,,flag_kazakhstan,U+1F1F0 U+1F1FF,inferred_coherent
🇱🇦,flag Laos,Flags,,flag_laos,U+1F1F1 U+1F1E6,inferred_coherent
🇱🇧,flag Lebanon,Flags,,flag_lebanon,U+1F1F1 U+1F1E7,inferred_coherent
🇱🇨,flag St. Lucia,Flags,,flag_st_lucia,U+1F1F1 U+1F1E8,inferred_coherent
🇱🇮,flag Liechtenstein,Flags,,flag_liechtenstein,U+1F1F1 U+1F1EE,inferred_coherent
🇱🇰,flag Sri Lanka,Flags,,flag_sri_lanka,U+1F1F1 U+1F1F0,inferred_coherent
🇱🇷,flag Liberia,Flags,,flag_liberia,U+1F1F1 U+1F1F7,inferred_coherent
🇱🇸,flag Lesotho,Flags,,flag_lesotho,U+1F1F1 U+1F1F8,inferred_coherent
🇱🇹,flag Lithuania,Flags,,flag_lithuania,U+1F1F1 U+1F1F9,inferred_coherent
🇱🇺,flag Luxembourg,Flags,,flag_luxembourg,U+1F1F1 U+1F1FA,inferred_coherent
🇱🇻,flag Latvia,Flags,,flag_latvia,U+1F1F1 U+1F1FB,inferred_coherent
🇱🇾,flag Libya,Flags,,flag_libya,U+1F1F1 U+1F1FE,inferred_coherent
🇲🇦,flag Morocco,Flags,,flag_morocco,U+1F1F2 U+1F1E6,inferred_coherent
🇲🇨,flag Monaco,Flags,,flag_monaco,U+1F1F2 U+1F1E8,inferred_coherent
🇲🇩,flag Moldova,Flags,,flag_moldova,U+1F1F2 U+1F1E9,inferred_coherent
🇲🇪,flag Montenegro,Flags,,flag_montenegro,U+1F1F2 U+1F1EA,inferred_coherent
🇲🇫,flag St. Martin,Flags,,flag_st_martin,U+1F1F2 U+1F1EB,inferred_coherent
🇲🇬,flag Madagascar,Flags,,flag_madagascar,U+1F1F2 U+1F1EC,inferred_coherent
🇲🇭,flag Marshall Islands,Flags,,flag_marshall_islands,U+1F1F2 U+1F1ED,inferred_coherent
🇲🇰,flag North Macedonia,Flags,,flag_north_macedonia,U+1F1F2 U+1F1F0,inferred_coherent
🇲🇱,flag Mali,Flags,,flag_mali,U+1F1F2 U+1F1F1,inferred_coherent
🇲🇲,flag Myanmar (Burma),Flags,,flag_myanmar,U+1F1F2 U+1F1F2,inferred_coherent
🇲🇳,flag Mongolia,Flags,,flag_mongolia,U+1F1F2 U+1F1F3,inferred_coherent
🇲🇴,flag Macao SAR China,Flags,,flag_macao_sar_china,U+1F1F2 U+1F1F4,inferred_coherent
🇲🇵,flag Northern Mariana Islands,Flags,,flag_northern_mariana_islands,U+1F1F2 U+1F1F5,inferred_coherent
🇲🇶,flag Martinique,Flags,,flag_martinique,U+1F1F2 U+1F1F6,inferred_coherent
🇲🇷,flag Mauritania,Flags,,flag_mauritania,U+1F1F2 U+1F1F7,inferred_coherent
🇲🇸,flag Montserrat,Flags,,flag_montserrat,U+1F1F2 U+1F1F8,inferred_coherent
🇲🇹,flag Malta,Flags,,flag_malta,U+1F1F2 U+1F1F9,inferred_coherent
🇲🇺,flag Mauritius,Flags,,flag_mauritius,U+1F1F2 U+1F1FA,inferred_coherent
🇲🇻,flag Maldives,Flags,,flag_maldives,U+1F1F2 U+1F1FB,inferred_coherent
🇲🇼,flag Malawi,Flags,,flag_malawi,U+1F1F2 U+1F1FC,inferred_coherent
🇲🇽,flag Mexico,Flags,,flag_mexico,U+1F1F2 U+1F1FD,inferred_coherent
🇲🇾,flag Malaysia,Flags,,flag_malaysia,U+1F1F2 U+1F1FE,inferred_coherent
🇲🇿,flag Mozambique,Flags,,flag_mozambique,U+1F1F2 U+1F1FF,inferred_coherent
🇳🇦,flag Namibia,Flags,,flag_namibia,U+1F1F3 U+1F1E6,inferred_coherent
🇳🇨,flag New Caledonia,Flags,,flag_new_caledonia,U+1F1F3 U+1F1E8,inferred_coherent
🇳🇪,flag Niger,Flags,,flag_niger,U+1F1F3 U+1F1EA,inferred_coherent
🇳🇫,flag Norfolk Island,Flags,,flag_norfolk_island,U+1F1F3 U+1F1EB,inferred_coherent
🇳🇬,flag Nigeria,Flags,,flag_nigeria,U+1F1F3 U+1F1EC,inferred_coherent
🇳🇮,flag Nicaragua,Flags,,flag_nicaragua,U+1F1F3 U+1F1EE,inferred_coherent
🇳🇱,flag Netherlands,Flags,,flag_netherlands,U+1F1F3 U+1F1F1,inferred_coherent
🇳🇴,flag Norway,Flags,,flag_norway,U+1F1F3 U+1F1F4,inferred_coherent
🇳🇵,flag Nepal,Flags,,flag_nepal,U+1F1F3 U+1F1F5,inferred_coherent
🇳🇷,flag Nauru,Flags,,flag_nauru,U+1F1F3 U+1F1F7,inferred_coherent
🇳🇺,flag Niue,Flags,,flag_niue,U+1F1F3 U+1F1FA,inferred_coherent
🇳🇿,flag New Zealand,Flags,,flag_new_zealand,U+1F1F3 U+1F1FF,inferred_coherent
🇴🇲,flag Oman,Flags,,flag_oman,U+1F1F4 U+1F1F2,inferred_coherent
🇵🇦,flag Panama,Flags,,flag_panama,U+1F1F5 U+1F1E6,inferred_coherent
🇵🇪,flag Peru,Flags,,flag_peru,U+1F1F5 U+1F1EA,inferred_coherent
🇵🇫,flag French Polynesia,Flags,,flag_french_polynesia,U+1F1F5 U+1F1EB,inferred_coherent
🇵🇬,flag Papua New Guinea,Flags,,flag_papua_new_guinea,U+1F1F5 U+1F1EC,inferred_coherent
🇵🇭,flag Philippines,Flags,,flag_philippines,U+1F1F5 U+1F1ED,inferred_coherent
🇵🇰,flag Pakistan,Flags,,flag_pakistan,U+1F1F5 U+1F1F0,inferred_coherent
🇵🇱,flag Poland,Flags,,flag_poland,U+1F1F5 U+1F1F1,inferred_coherent
🇵🇲,flag St. Pierre & Miquelon,Flags,,flag_st_pierre_miquelon,U+1F1F5 U+1F1F2,inferred_coherent
🇵🇳,flag Pitcairn Islands,Flags,,flag_pitcairn_islands,U+1F1F5 U+1F1F3,inferred_coherent
🇵🇷,flag Puerto Rico,Flags,,flag_puerto_rico,U+1F1F5 U+1F1F7,inferred_coherent
🇵🇸,flag Palestinian Territories,Flags,,flag_palestinian_territories,U+1F1F5 U+1F1F8,inferred_coherent
🇵🇹,flag Portugal,Flags,,flag_portugal,U+1F1F5 U+1F1F9,inferred_coherent
🇵🇼,flag Palau,Flags,,flag_palau,U+1F1F5 U+1F1FC,inferred_coherent
🇵🇾,flag Paraguay,Flags,,flag_paraguay,U+1F1F5 U+1F1FE,inferred_coherent
🇶🇦,flag Qatar,Flags,,flag_qatar,U+1F1F6 U+1F1E6,inferred_coherent
🇷🇪,flag Réunion,Flags,,flag_reunion,U+1F1F7 U+1F1EA,inferred_coherent
🇷🇴,flag Romania,Flags,,flag_romania,U+1F1F7 U+1F1F4,inferred_coherent
🇷🇸,flag Serbia,Flags,,flag_serbia,U+1F1F7 U+1F1F8,inferred_coherent
🇷🇺,flag Russia,Flags,,flag_russia,U+1F1F7 U+1F1FA,inferred_coherent
🇷🇼,flag Rwanda,Flags,,flag_rwanda,U+1F1F7 U+1F1FC,inferred_coherent
🇸🇦,flag Saudi Arabia,Flags,,flag_saudi_arabia,U+1F1F8 U+1F1E6,inferred_coherent
🇸🇧,flag Solomon Islands,Flags,,flag_solomon_islands,U+1F1F8 U+1F1E7,inferred_coherent
🇸🇨,flag Seychelles,Flags,,flag_seychelles,U+1F1F8 U+1F1E8,inferred_coherent
🇸🇩,flag Sudan,Flags,,flag_sudan,U+1F1F8 U+1F1E9,inferred_coherent
🇸🇪,flag Sweden,Flags,,flag_sweden,U+1F1F8 U+1F1EA,inferred_coherent
🇸🇬,flag Singapore,Flags,,flag_singapore,U+1F1F8 U+1F1EC,inferred_coherent
🇸🇭,flag St. Helena,Flags,,flag_st_helena,U+1F1F8 U+1F1ED,inferred_coherent
🇸🇮,flag Slovenia,Flags,,flag_slovenia,U+1F1F8 U+1F1EE,inferred_coherent
🇸🇯,flag Svalbard & Jan Mayen,Flags,,flag_svalbard_jan_mayen,U+1F1F8 U+1F1EF,inferred_coherent
🇸🇰,flag Slovakia,Flags,,flag_slovakia,U+1F1F8 U+1F1F0,inferred_coherent
🇸🇱,flag Sierra Leone,Flags,,flag_sierra_leone,U+1F1F8 U+1F1F1,inferred_coherent
🇸🇲,flag San Marino,Flags,,flag_san_marino,U+1F1F8 U+1F1F2,inferred_coherent
🇸🇳,flag Senegal,Flags,,flag_senegal,U+1F1F8 U+1F1F3,inferred_coherent
🇸🇴,flag Somalia,Flags,,flag_somalia,U+1F1F8 U+1F1F4,inferred_coherent
🇸🇷,flag Suriname,Flags,,flag_suriname,U+1F1F8 U+1F1F7,inferred_coherent
🇸🇸,flag South Sudan,Flags,,flag_south_sudan,U+1F1F8 U+1F1F8,inferred_coherent
🇸🇹,flag São Tomé & Príncipe,Flags,,flag_sao_tome_principe,U+1F1F8 U+1F1F9,inferred_coherent
🇸🇻,flag El Salvador,Flags,,flag_el_salvador,U+1F1F8 U+1F1FB,inferred_coherent
🇸🇽,flag Sint Maarten,Flags,,flag_sint_maarten,U+1F1F8 U+1F1FD,inferred_coherent
🇸🇾,flag Syria,Flags,,flag_syria,U+1F1F8 U+1F1FE,inferred_coherent
🇸🇿,flag Eswatini,Flags,,flag_eswatini,U+1F1F8 U+1F1FF,inferred_coherent
🇹🇦,flag Tristan da Cunha,Flags,,flag_tristan_da_cunha,U+1F1F9 U+1F1E6,inferred_coherent
🇹🇨,flag Turks & Caicos Islands,Flags,,flag_turks_caicos_islands,U+1F1F9 U+1F1E8,inferred_coherent
🇹🇩,flag Chad,Flags,,flag_chad,U+1F1F9 U+1F1E9,inferred_coherent
🇹🇫,flag French Southern Territories,Flags,,flag_french_southern_territories,U+1F1F9 U+1F1EB,inferred_coherent
🇹🇬,flag Togo,Flags,,flag_togo,U+1F1F9 U+1F1EC,inferred_coherent
🇹🇭,flag Thailand,Flags,,flag_thailand,U+1F1F9 U+1F1ED,inferred_coherent
🇹🇯,flag Tajikistan,Flags,,flag_tajikistan,U+1F1F9 U+1F1EF,inferred_coherent
🇹🇰,flag Tokelau,Flags,,flag_tokelau,U+1F1F9 U+1F1F0,inferred_coherent
🇹🇱,flag Timor-Leste,Flags,,flag_timor_leste,U+1F1F9 U+1F1F1,inferred_coherent
🇹🇲,flag Turkmenistan,Flags,,flag_turkmenistan,U+1F1F9 U+1F1F2,inferred_coherent
🇹🇳,flag Tunisia,Flags,,flag_tunisia,U+1F1F9 U+1F1F3,inferred_coherent
🇹🇴,flag Tonga,Flags,,flag_tonga,U+1F1F9 U+1F1F4,inferred_coherent
🇹🇷,flag Türkiye,Flags,,flag_turkiye,U+1F1F9 U+1F1F7,inferred_coherent
🇹🇹,flag Trinidad & Tobago,Flags,,flag_trinidad_tobago,U+1F1F9 U+1F1F9,inferred_coherent
🇹🇻,flag Tuvalu,Flags,,flag_tuvalu,U+1F1F9 U+1F1FB,inferred_coherent
🇹🇼,flag Taiwan,Flags,,flag_taiwan,U+1F1F9 U+1F1FC,inferred_coherent
🇹🇿,flag Tanzania,Flags,,flag_tanzania,U+1F1F9 U+1F1FF,inferred_coherent
🇺🇦,flag Ukraine,Flags,,flag_ukraine,U+1F1FA U+1F1E6,inferred_coherent
🇺🇬,flag Uganda,Flags,,flag_uganda,U+1F1FA U+1F1EC,inferred_coherent
🇺🇲,flag U.S. Outlying Islands,Flags,,flag_u_s_outlying_islands,U+1F1FA U+1F1F2,inferred_coherent
🇺🇳,flag United Nations,Flags,,flag_united_nations,U+1F1FA U+1F1F3,inferred_coherent
🇺🇸,flag United States,Flags,,flag_united_states,U+1F1FA U+1F1F8,inferred_coherent
🇺🇾,flag Uruguay,Flags,,flag_uruguay,U+1F1FA U+1F1FE,inferred_coherent
🇺🇿,flag Uzbekistan,Flags,,flag_uzbekistan,U+1F1FA U+1F1FF,inferred_coherent
🇻🇦,flag Vatican City,Flags,,flag_vatican_city,U+1F1FB U+1F1E6,inferred_coherent
🇻🇨,flag St. Vincent & Grenadines,Flags,,flag_st_vincent_grenadines,U+1F1FB U+1F1E8,inferred_coherent
🇻🇪,flag Venezuela,Flags,,flag_venezuela,U+1F1FB U+1F1EA,inferred_coherent
🇻🇬,flag British Virgin Islands,Flags,,flag_british_virgin_islands,U+1F1FB U+1F1EC,inferred_coherent
🇻🇮,flag U.S. Virgin Islands,Flags,,flag_u_s_virgin_islands,U+1F1FB U+1F1EE,inferred_coherent
🇻🇳,flag Vietnam,Flags,,flag_vietnam,U+1F1FB U+1F1F3,inferred_coherent
🇻🇺,flag Vanuatu,Flags,,flag_vanuatu,U+1F1FB U+1F1FA,inferred_coherent
🇼🇫,flag Wallis & Futuna,Flags,,flag_wallis_futuna,U+1F1FC U+1F1EB,inferred_coherent
🇼🇸,flag Samoa,Flags,,flag_samoa,U+1F1FC U+1F1F8,inferred_coherent
🇽🇰,flag Kosovo,Flags,,flag_kosovo,U+1F1FD U+1F1F0,inferred_coherent
🇾🇪,flag Yemen,Flags,,flag_yemen,U+1F1FE U+1F1EA,inferred_coherent
🇾🇹,flag Mayotte,Flags,,flag_mayotte,U+1F1FE U+1F1F9,inferred_coherent
🇿🇦,flag South Africa,Flags,,flag_south_africa,U+1F1FF U+1F1E6,inferred_coherent
🇿🇲,flag Zambia,Flags,,flag_zambia,U+1F1FF U+1F1F2,inferred_coherent
🇿🇼,flag Zimbabwe,Flags,,flag_zimbabwe,U+1F1FF U+1F1FC,inferred_coherent
🏴󠁧󠁢󠁥󠁮󠁧󠁿,flag England,Flags,,flag_england,U+1F3F4 U+E0067 U+E0062 U+E0065 U+E006E U+E0067 U+E007F,inferred_coherent
🏴󠁧󠁢󠁳󠁣󠁴󠁿,flag Scotland,Flags,,flag_scotland,U+1F3F4 U+E0067 U+E0062 U+E0073 U+E0063 U+E0074 U+E007F,inferred_coherent
🏴󠁧󠁢󠁷󠁬󠁳󠁿,flag Wales,Flags,,flag_wales,U+1F3F4 U+E0067 U+E0062 U+E0077 U+E006C U+E0073 U+E007F,inferred_coherent
