emoji,unicode_name,group,graha,element,layer,nakshatra,varna,rasa,dosha,vastu_zone,confidence,method,attestation
😀,grinning face,Smileys & Emotion,,ether,S6,,universal,,,,0.3,group_default,SYNTHESIS
😃,grinning face with big eyes,Smileys & Emotion,,ether,S6,,universal,,,,0.3,group_default,SYNTHESIS
😄,grinning face with smiling eyes,Smileys & Emotion,,ether,S6,,universal,,,,0.3,group_default,SYNTHESIS
😁,beaming face with smiling eyes,Smileys & Emotion,,ether,S6,,universal,,,,0.3,group_default,SYNTHESIS
😆,grinning squinting face,Smileys & Emotion,,ether,S6,,universal,,,,0.3,group_default,SYNTHESIS
😅,grinning face with sweat,Smileys & Emotion,,ether,S6,,universal,,,,0.3,group_default,SYNTHESIS
🤣,rolling on the floor laughing,Smileys & Emotion,,ether,S6,,universal,,,,0.3,group_default,SYNTHESIS
😂,face with tears of joy,Smileys & Emotion,,ether,S6,,universal,,,,0.3,group_default,SYNTHESIS
🙂,slightly smiling face,Smileys & Emotion,,ether,S6,,universal,,,,0.3,group_default,SYNTHESIS
🙃,upside-down face,Smileys & Emotion,,ether,S6,,universal,,,,0.3,group_default,SYNTHESIS
🫠,melting face,Smileys & Emotion,,ether,S6,,universal,,,,0.3,group_default,SYNTHESIS
😉,winking face,Smileys & Emotion,,ether,S6,,universal,,,,0.3,group_default,SYNTHESIS
😊,smiling face with smiling eyes,Smileys & Emotion,,ether,S6,,universal,,,,0.3,group_default,SYNTHESIS
😇,smiling face with halo,Smileys & Emotion,,ether,S6,,universal,,,,0.3,group_default,SYNTHESIS
🥰,smiling face with hearts,Smileys & Emotion,,ether,S6,,universal,,,,0.3,group_default,SYNTHESIS
😍,smiling face with heart-eyes,Smileys & Emotion,,ether,S6,,universal,,,,0.3,group_default,SYNTHESIS
🤩,star-struck,Smileys & Emotion,,ether,S6,,universal,,,,0.3,group_default,SYNTHESIS
😘,face blowing a kiss,Smileys & Emotion,,ether,S6,,universal,,,,0.3,group_default,SYNTHESIS
😗,kissing face,Smileys & Emotion,,ether,S6,,universal,,,,0.3,group_default,SYNTHESIS
☺️,smiling face,Smileys & Emotion,,ether,S6,,universal,,,,0.3,group_default,SYNTHESIS
😚,kissing face with closed eyes,Smileys & Emotion,,ether,S6,,universal,,,,0.3,group_default,SYNTHESIS
😙,kissing face with smiling eyes,Smileys & Emotion,,ether,S6,,universal,,,,0.3,group_default,SYNTHESIS
🥲,smiling face with tear,Smileys & Emotion,,ether,S6,,universal,,,,0.3,group_default,SYNTHESIS
😋,face savoring food,Smileys & Emotion,,ether,S6,,universal,,,,0.3,group_default,SYNTHESIS
😛,face with tongue,Smileys & Emotion,,ether,S6,,universal,,,,0.3,group_default,SYNTHESIS
😜,winking face with tongue,Smileys & Emotion,,ether,S6,,universal,,,,0.3,group_default,SYNTHESIS
🤪,zany face,Smileys & Emotion,,ether,S6,,universal,,,,0.3,group_default,SYNTHESIS
😝,squinting face with tongue,Smileys & Emotion,,ether,S6,,universal,,,,0.3,group_default,SYNTHESIS
🤑,money-mouth face,Smileys & Emotion,,ether,S6,,universal,,,,0.3,group_default,SYNTHESIS
🤗,smiling face with open hands,Smileys & Emotion,,ether,S6,,universal,,,,0.3,group_default,SYNTHESIS
🤭,face with hand over mouth,Smileys & Emotion,,ether,S6,,universal,,,,0.3,group_default,SYNTHESIS
🫢,face with open eyes and hand over mouth,Smileys & Emotion,,ether,S6,,universal,,,,0.3,group_default,SYNTHESIS
🫣,face with peeking eye,Smileys & Emotion,,ether,S6,,universal,,,,0.3,group_default,SYNTHESIS
🤫,shushing face,Smileys & Emotion,,ether,S6,,universal,,,,0.3,group_default,SYNTHESIS
🤔,thinking face,Smileys & Emotion,,ether,S6,,universal,,,,0.3,group_default,SYNTHESIS
🫡,saluting face,Smileys & Emotion,,ether,S6,,universal,,,,0.3,group_default,SYNTHESIS
🤐,zipper-mouth face,Smileys & Emotion,,ether,S6,,universal,,,,0.3,group_default,SYNTHESIS
🤨,face with raised eyebrow,Smileys & Emotion,,ether,S6,,universal,,,,0.3,group_default,SYNTHESIS
😐,neutral face,Smileys & Emotion,,ether,S6,,universal,,,,0.3,group_default,SYNTHESIS
😑,expressionless face,Smileys & Emotion,,ether,S6,,universal,,,,0.3,group_default,SYNTHESIS
😶,face without mouth,Smileys & Emotion,,ether,S6,,universal,,,,0.3,group_default,SYNTHESIS
🫥,dotted line face,Smileys & Emotion,,ether,S6,,universal,,,,0.3,group_default,SYNTHESIS
😶‍🌫️,face in clouds,Smileys & Emotion,,ether,S6,,universal,,,,0.3,group_default,SYNTHESIS
😏,smirking face,Smileys & Emotion,,ether,S6,,universal,,,,0.3,group_default,SYNTHESIS
😒,unamused face,Smileys & Emotion,,ether,S6,,universal,,,,0.3,group_default,SYNTHESIS
🙄,face with rolling eyes,Smileys & Emotion,,ether,S6,,universal,,,,0.3,group_default,SYNTHESIS
😬,grimacing face,Smileys & Emotion,,ether,S6,,universal,,,,0.3,group_default,SYNTHESIS
😮‍💨,face exhaling,Smileys & Emotion,,ether,S6,,universal,,,,0.3,group_default,SYNTHESIS
🤥,lying face,Smileys & Emotion,,ether,S6,,universal,,,,0.3,group_default,SYNTHESIS
🫨,shaking face,Smileys & Emotion,,ether,S6,,universal,,,,0.3,group_default,SYNTHESIS
🙂‍↔️,head shaking horizontally,Smileys & Emotion,,ether,S6,,universal,,,,0.3,group_default,SYNTHESIS
🙂‍↕️,head shaking vertically,Smileys & Emotion,,ether,S6,,universal,,,,0.3,group_default,SYNTHESIS
😌,relieved face,Smileys & Emotion,,ether,S6,,universal,,,,0.3,group_default,SYNTHESIS
😔,pensive face,Smileys & Emotion,,ether,S6,,universal,,,,0.3,group_default,SYNTHESIS
😪,sleepy face,Smileys & Emotion,,ether,S6,,universal,,,,0.3,group_default,SYNTHESIS
🤤,drooling face,Smileys & Emotion,,ether,S6,,universal,,,,0.3,group_default,SYNTHESIS
😴,sleeping face,Smileys & Emotion,,ether,S6,,universal,,,,0.3,group_default,SYNTHESIS
🫩,face with bags under eyes,Smileys & Emotion,,ether,S6,,universal,,,,0.3,group_default,SYNTHESIS
😷,face with medical mask,Smileys & Emotion,,ether,S6,,universal,,,,0.3,group_default,SYNTHESIS
🤒,face with thermometer,Smileys & Emotion,,ether,S6,,universal,,,,0.3,group_default,SYNTHESIS
🤕,face with head-bandage,Smileys & Emotion,,ether,S6,,universal,,,,0.3,group_default,SYNTHESIS
🤢,nauseated face,Smileys & Emotion,,ether,S6,,universal,,,,0.3,group_default,SYNTHESIS
🤮,face vomiting,Smileys & Emotion,,ether,S6,,universal,,,,0.3,group_default,SYNTHESIS
🤧,sneezing face,Smileys & Emotion,,ether,S6,,universal,,,,0.3,group_default,SYNTHESIS
🥵,hot face,Smileys & Emotion,,ether,S6,,universal,,,,0.3,group_default,SYNTHESIS
🥶,cold face,Smileys & Emotion,,ether,S6,,universal,,,,0.3,group_default,SYNTHESIS
🥴,woozy face,Smileys & Emotion,,ether,S6,,universal,,,,0.3,group_default,SYNTHESIS
😵,face with crossed-out eyes,Smileys & Emotion,,ether,S6,,universal,,,,0.3,group_default,SYNTHESIS
😵‍💫,face with spiral eyes,Smileys & Emotion,,ether,S6,,universal,,,,0.3,group_default,SYNTHESIS
🤯,exploding head,Smileys & Emotion,,ether,S6,,universal,,,,0.3,group_default,SYNTHESIS
🤠,cowboy hat face,Smileys & Emotion,,ether,S6,,universal,,,,0.3,group_default,SYNTHESIS
🥳,partying face,Smileys & Emotion,,ether,S6,,universal,,,,0.3,group_default,SYNTHESIS
🥸,disguised face,Smileys & Emotion,,ether,S6,,universal,,,,0.3,group_default,SYNTHESIS
😎,smiling face with sunglasses,Smileys & Emotion,,ether,S6,,universal,,,,0.3,group_default,SYNTHESIS
🤓,nerd face,Smileys & Emotion,,ether,S6,,universal,,,,0.3,group_default,SYNTHESIS
🧐,face with monocle,Smileys & Emotion,,ether,S6,,universal,,,,0.3,group_default,SYNTHESIS
😕,confused face,Smileys & Emotion,,ether,S6,,universal,,,,0.3,group_default,SYNTHESIS
🫤,face with diagonal mouth,Smileys & Emotion,,ether,S6,,universal,,,,0.3,group_default,SYNTHESIS
😟,worried face,Smileys & Emotion,,ether,S6,,universal,,,,0.3,group_default,SYNTHESIS
🙁,slightly frowning face,Smileys & Emotion,,ether,S6,,universal,,,,0.3,group_default,SYNTHESIS
☹️,frowning face,Smileys & Emotion,,ether,S6,,universal,,,,0.3,group_default,SYNTHESIS
😮,face with open mouth,Smileys & Emotion,,ether,S6,,universal,,,,0.3,group_default,SYNTHESIS
😯,hushed face,Smileys & Emotion,,ether,S6,,universal,,,,0.3,group_default,SYNTHESIS
😲,astonished face,Smileys & Emotion,,ether,S6,,universal,,,,0.3,group_default,SYNTHESIS
😳,flushed face,Smileys & Emotion,,ether,S6,,universal,,,,0.3,group_default,SYNTHESIS
🥺,pleading face,Smileys & Emotion,,ether,S6,,universal,,,,0.3,group_default,SYNTHESIS
🥹,face holding back tears,Smileys & Emotion,,ether,S6,,universal,,,,0.3,group_default,SYNTHESIS
😦,frowning face with open mouth,Smileys & Emotion,,ether,S6,,universal,,,,0.3,group_default,SYNTHESIS
😧,anguished face,Smileys & Emotion,,ether,S6,,universal,,,,0.3,group_default,SYNTHESIS
😨,fearful face,Smileys & Emotion,,ether,S6,,universal,,,,0.3,group_default,SYNTHESIS
😰,anxious face with sweat,Smileys & Emotion,,ether,S6,,universal,,,,0.3,group_default,SYNTHESIS
😥,sad but relieved face,Smileys & Emotion,,ether,S6,,universal,,,,0.3,group_default,SYNTHESIS
😢,crying face,Smileys & Emotion,,ether,S6,,universal,,,,0.3,group_default,SYNTHESIS
😭,loudly crying face,Smileys & Emotion,,ether,S6,,universal,,,,0.3,group_default,SYNTHESIS
😱,face screaming in fear,Smileys & Emotion,,ether,S6,,universal,,,,0.3,group_default,SYNTHESIS
😖,confounded face,Smileys & Emotion,,ether,S6,,universal,,,,0.3,group_default,SYNTHESIS
😣,persevering face,Smileys & Emotion,,ether,S6,,universal,,,,0.3,group_default,SYNTHESIS
😞,disappointed face,Smileys & Emotion,,ether,S6,,universal,,,,0.3,group_default,SYNTHESIS
😓,downcast face with sweat,Smileys & Emotion,,ether,S6,,universal,,,,0.3,group_default,SYNTHESIS
😩,weary face,Smileys & Emotion,,ether,S6,,universal,,,,0.3,group_default,SYNTHESIS
😫,tired face,Smileys & Emotion,,ether,S6,,universal,,,,0.3,group_default,SYNTHESIS
🥱,yawning face,Smileys & Emotion,,ether,S6,,universal,,,,0.3,group_default,SYNTHESIS
😤,face with steam from nose,Smileys & Emotion,,ether,S6,,universal,,,,0.3,group_default,SYNTHESIS
😡,enraged face,Smileys & Emotion,,ether,S6,,universal,,,,0.3,group_default,SYNTHESIS
😠,angry face,Smileys & Emotion,,ether,S6,,universal,,,,0.3,group_default,SYNTHESIS
🤬,face with symbols on mouth,Smileys & Emotion,,ether,S6,,universal,,,,0.3,group_default,SYNTHESIS
😈,smiling face with horns,Smileys & Emotion,,ether,S6,,universal,,,,0.3,group_default,SYNTHESIS
👿,angry face with horns,Smileys & Emotion,,ether,S6,,universal,,,,0.3,group_default,SYNTHESIS
💀,skull,Smileys & Emotion,,ether,S6,,universal,,,,0.3,group_default,SYNTHESIS
☠️,skull and crossbones,Smileys & Emotion,,ether,S6,,universal,,,,0.3,group_default,SYNTHESIS
💩,pile of poo,Smileys & Emotion,,ether,S6,,universal,,,,0.3,group_default,SYNTHESIS
🤡,clown face,Smileys & Emotion,,ether,S6,,universal,,,,0.3,group_default,SYNTHESIS
👹,ogre,Smileys & Emotion,,ether,S6,,universal,,,,0.3,group_default,SYNTHESIS
👺,goblin,Smileys & Emotion,,ether,S6,,universal,,,,0.3,group_default,SYNTHESIS
👻,ghost,Smileys & Emotion,,ether,S6,,universal,,,,0.3,group_default,SYNTHESIS
👽,alien,Smileys & Emotion,,ether,S6,,universal,,,,0.3,group_default,SYNTHESIS
👾,alien monster,Smileys & Emotion,,ether,S6,,universal,,,,0.3,group_default,SYNTHESIS
🤖,robot,Smileys & Emotion,,ether,S6,,universal,,,,0.3,group_default,SYNTHESIS
😺,grinning cat,Smileys & Emotion,,ether,S6,,universal,,,,0.3,group_default,SYNTHESIS
😸,grinning cat with smiling eyes,Smileys & Emotion,,ether,S6,,universal,,,,0.3,group_default,SYNTHESIS
😹,cat with tears of joy,Smileys & Emotion,,ether,S6,,universal,,,,0.3,group_default,SYNTHESIS
😻,smiling cat with heart-eyes,Smileys & Emotion,,ether,S6,,universal,,,,0.3,group_default,SYNTHESIS
😼,cat with wry smile,Smileys & Emotion,,ether,S6,,universal,,,,0.3,group_default,SYNTHESIS
😽,kissing cat,Smileys & Emotion,,ether,S6,,universal,,,,0.3,group_default,SYNTHESIS
🙀,weary cat,Smileys & Emotion,,ether,S6,,universal,,,,0.3,group_default,SYNTHESIS
😿,crying cat,Smileys & Emotion,,ether,S6,,universal,,,,0.3,group_default,SYNTHESIS
😾,pouting cat,Smileys & Emotion,,ether,S6,,universal,,,,0.3,group_default,SYNTHESIS
🙈,see-no-evil monkey,Smileys & Emotion,,ether,S6,,universal,,,,0.3,group_default,SYNTHESIS
🙉,hear-no-evil monkey,Smileys & Emotion,,ether,S6,,universal,,,,0.3,group_default,SYNTHESIS
🙊,speak-no-evil monkey,Smileys & Emotion,,ether,S6,,universal,,,,0.3,group_default,SYNTHESIS
💌,love letter,Smileys & Emotion,,ether,S6,,universal,,,,0.3,group_default,SYNTHESIS
💘,heart with arrow,Smileys & Emotion,,ether,S6,,universal,,,,0.3,group_default,SYNTHESIS
💝,heart with ribbon,Smileys & Emotion,,ether,S6,,universal,,,,0.3,group_default,SYNTHESIS
💖,sparkling heart,Smileys & Emotion,,ether,S6,,universal,,,,0.3,group_default,SYNTHESIS
💗,growing heart,Smileys & Emotion,,ether,S6,,universal,,,,0.3,group_default,SYNTHESIS
💓,beating heart,Smileys & Emotion,,ether,S6,,universal,,,,0.3,group_default,SYNTHESIS
💞,revolving hearts,Smileys & Emotion,,ether,S6,,universal,,,,0.3,group_default,SYNTHESIS
💕,two hearts,Smileys & Emotion,,ether,S6,,universal,,,,0.3,group_default,SYNTHESIS
💟,heart decoration,Smileys & Emotion,,ether,S6,,universal,,,,0.3,group_default,SYNTHESIS
❣️,heart exclamation,Smileys & Emotion,,ether,S6,,universal,,,,0.3,group_default,SYNTHESIS
💔,broken heart,Smileys & Emotion,,ether,S6,,universal,,,,0.3,group_default,SYNTHESIS
❤️‍🔥,heart on fire,Smileys & Emotion,,ether,S6,,universal,,,,0.3,group_default,SYNTHESIS
❤️‍🩹,mending heart,Smileys & Emotion,,ether,S6,,universal,,,,0.3,group_default,SYNTHESIS
❤️,red heart,Smileys & Emotion,,ether,S6,,universal,,,,0.3,group_default,SYNTHESIS
🩷,pink heart,Smileys & Emotion,,ether,S6,,universal,,,,0.3,group_default,SYNTHESIS
🧡,orange heart,Smileys & Emotion,,ether,S6,,universal,,,,0.3,group_default,SYNTHESIS
💛,yellow heart,Smileys & Emotion,,ether,S6,,universal,,,,0.3,group_default,SYNTHESIS
💚,green heart,Smileys & Emotion,,ether,S6,,universal,,,,0.3,group_default,SYNTHESIS
💙,blue heart,Smileys & Emotion,,ether,S6,,universal,,,,0.3,group_default,SYNTHESIS
🩵,light blue heart,Smileys & Emotion,,ether,S6,,universal,,,,0.3,group_default,SYNTHESIS
💜,purple heart,Smileys & Emotion,,ether,S6,,universal,,,,0.3,group_default,SYNTHESIS
🤎,brown heart,Smileys & Emotion,,ether,S6,,universal,,,,0.3,group_default,SYNTHESIS
🖤,black heart,Smileys & Emotion,,ether,S6,,universal,,,,0.3,group_default,SYNTHESIS
🩶,grey heart,Smileys & Emotion,,ether,S6,,universal,,,,0.3,group_default,SYNTHESIS
🤍,white heart,Smileys & Emotion,,ether,S6,,universal,,,,0.3,group_default,SYNTHESIS
💋,kiss mark,Smileys & Emotion,,ether,S6,,universal,,,,0.3,group_default,SYNTHESIS
💯,hundred points,Smileys & Emotion,,ether,S6,,universal,,,,0.3,group_default,SYNTHESIS
💢,anger symbol,Smileys & Emotion,,ether,S6,,universal,,,,0.3,group_default,SYNTHESIS
💥,collision,Smileys & Emotion,,ether,S6,,universal,,,,0.3,group_default,SYNTHESIS
💫,dizzy,Smileys & Emotion,,ether,S6,,universal,,,,0.3,group_default,SYNTHESIS
💦,sweat droplets,Smileys & Emotion,,ether,S6,,universal,,,,0.3,group_default,SYNTHESIS
💨,dashing away,Smileys & Emotion,,ether,S6,,universal,,,,0.3,group_default,SYNTHESIS
🕳️,hole,Smileys & Emotion,,ether,S6,,universal,,,,0.3,group_default,SYNTHESIS
💬,speech balloon,Smileys & Emotion,,ether,S6,,universal,,,,0.3,group_default,SYNTHESIS
👁️‍🗨️,eye in speech bubble,Smileys & Emotion,,ether,S6,,universal,,,,0.3,group_default,SYNTHESIS
🗨️,left speech bubble,Smileys & Emotion,,ether,S6,,universal,,,,0.3,group_default,SYNTHESIS
🗯️,right anger bubble,Smileys & Emotion,,ether,S6,,universal,,,,0.3,group_default,SYNTHESIS
💭,thought balloon,Smileys & Emotion,,ether,S6,,universal,,,,0.3,group_default,SYNTHESIS
💤,ZZZ,Smileys & Emotion,,ether,S6,,universal,,,,0.3,group_default,SYNTHESIS
👋,waving hand,People & Body,budha,ether,S5,,universal,,,,0.5,body_mercury,SYNTHESIS
🤚,raised back of hand,People & Body,budha,ether,S5,,universal,,,,0.5,body_mercury,SYNTHESIS
🖐️,hand with fingers splayed,People & Body,budha,ether,S5,,universal,,,,0.5,body_mercury,SYNTHESIS
✋,raised hand,People & Body,budha,ether,S5,,universal,,,,0.5,body_mercury,SYNTHESIS
🖖,vulcan salute,People & Body,,ether,S6,,universal,,,,0.3,group_default,SYNTHESIS
🫱,rightwards hand,People & Body,budha,ether,S5,,universal,,,,0.5,body_mercury,SYNTHESIS
🫲,leftwards hand,People & Body,budha,ether,S5,,universal,,,,0.5,body_mercury,SYNTHESIS
🫳,palm down hand,People & Body,budha,ether,S5,,universal,,,,0.5,body_mercury,SYNTHESIS
🫴,palm up hand,People & Body,budha,ether,S5,,universal,,,,0.5,body_mercury,SYNTHESIS
🫷,leftwards pushing hand,People & Body,budha,ether,S5,,universal,,,,0.5,body_mercury,SYNTHESIS
🫸,rightwards pushing hand,People & Body,budha,ether,S5,,universal,,,,0.5,body_mercury,SYNTHESIS
👌,OK hand,People & Body,budha,ether,S5,,universal,,,,0.5,body_mercury,SYNTHESIS
🤌,pinched fingers,People & Body,budha,ether,S5,,universal,,,,0.5,body_mercury,SYNTHESIS
🤏,pinching hand,People & Body,budha,ether,S5,,universal,,,,0.5,body_mercury,SYNTHESIS
✌️,victory hand,People & Body,budha,ether,S5,,universal,,,,0.5,body_mercury,SYNTHESIS
🤞,crossed fingers,People & Body,budha,ether,S5,,universal,,,,0.5,body_mercury,SYNTHESIS
🫰,hand with index finger and thumb crossed,People & Body,budha,ether,S5,,universal,,,,0.5,body_mercury,SYNTHESIS
🤟,love-you gesture,People & Body,,ether,S6,,universal,,,,0.3,group_default,SYNTHESIS
🤘,sign of the horns,People & Body,,ether,S6,,universal,,,,0.3,group_default,SYNTHESIS
🤙,call me hand,People & Body,budha,ether,S5,,universal,,,,0.5,body_mercury,SYNTHESIS
👈,backhand index pointing left,People & Body,budha,ether,S5,,universal,,,,0.5,body_mercury,SYNTHESIS
👉,backhand index pointing right,People & Body,budha,ether,S5,,universal,,,,0.5,body_mercury,SYNTHESIS
👆,backhand index pointing up,People & Body,budha,ether,S5,,universal,,,,0.5,body_mercury,SYNTHESIS
🖕,middle finger,People & Body,budha,ether,S5,,universal,,,,0.5,body_mercury,SYNTHESIS
👇,backhand index pointing down,People & Body,budha,ether,S5,,universal,,,,0.5,body_mercury,SYNTHESIS
☝️,index pointing up,People & Body,,ether,S6,,universal,,,,0.3,group_default,SYNTHESIS
🫵,index pointing at the viewer,People & Body,,ether,S6,,universal,,,,0.3,group_default,SYNTHESIS
👍,thumbs up,People & Body,,ether,S6,,universal,,,,0.3,group_default,SYNTHESIS
👎,thumbs down,People & Body,,ether,S6,,universal,,,,0.3,group_default,SYNTHESIS
✊,raised fist,People & Body,budha,ether,S5,,universal,,,,0.5,body_mercury,SYNTHESIS
👊,oncoming fist,People & Body,budha,ether,S5,,universal,,,,0.5,body_mercury,SYNTHESIS
🤛,left-facing fist,People & Body,budha,ether,S5,,universal,,,,0.5,body_mercury,SYNTHESIS
🤜,right-facing fist,People & Body,budha,ether,S5,,universal,,,,0.5,body_mercury,SYNTHESIS
👏,clapping hands,People & Body,budha,ether,S5,,universal,,,,0.5,body_mercury,SYNTHESIS
🙌,raising hands,People & Body,budha,ether,S5,,universal,,,,0.5,body_mercury,SYNTHESIS
🫶,heart hands,People & Body,budha,ether,S5,,universal,,,,0.5,body_mercury,SYNTHESIS
👐,open hands,People & Body,budha,ether,S5,,universal,,,,0.5,body_mercury,SYNTHESIS
🤲,palms up together,People & Body,budha,ether,S5,,universal,,,,0.5,body_mercury,SYNTHESIS
🤝,handshake,People & Body,budha,ether,S5,,universal,,,,0.5,body_mercury,SYNTHESIS
🙏,folded hands,People & Body,shani,ether,S6,,universal,,,,0.7,profession_map,SYNTHESIS
✍️,writing hand,People & Body,budha,ether,S5,,universal,,,,0.5,body_mercury,SYNTHESIS
💅,nail polish,People & Body,,ether,S6,,universal,,,,0.3,group_default,SYNTHESIS
🤳,selfie,People & Body,chandra,ether,S1,,universal,,,,0.7,profession_map,SYNTHESIS
💪,flexed biceps,People & Body,,ether,S6,,universal,,,,0.3,group_default,SYNTHESIS
🦾,mechanical arm,People & Body,mangala,ether,S4,,shudra,,,,0.7,profession_map,SYNTHESIS
🦿,mechanical leg,People & Body,mangala,ether,S4,,shudra,,,,0.7,profession_map,SYNTHESIS
🦵,leg,People & Body,,ether,S6,,universal,,,,0.3,group_default,SYNTHESIS
🦶,foot,People & Body,,ether,S6,,universal,,,,0.3,group_default,SYNTHESIS
👂,ear,People & Body,surya,ether,S5,,universal,,,,0.5,sense_sun,SYNTHESIS
🦻,ear with hearing aid,People & Body,surya,ether,S5,,universal,,,,0.5,sense_sun,SYNTHESIS
👃,nose,People & Body,surya,ether,S5,,universal,,,,0.5,sense_sun,SYNTHESIS
🧠,brain,People & Body,chandra,ether,S5,,universal,,,,0.5,organ_moon,SYNTHESIS
🫀,anatomical heart,People & Body,surya,ether,S5,,universal,,,,0.5,sense_sun,SYNTHESIS
🫁,lungs,People & Body,,ether,S6,,universal,,,,0.3,group_default,SYNTHESIS
🦷,tooth,People & Body,,ether,S6,,universal,,,,0.3,group_default,SYNTHESIS
🦴,bone,People & Body,,ether,S6,,universal,,,,0.3,group_default,SYNTHESIS
👀,eyes,People & Body,surya,ether,S5,,universal,,,,0.5,sense_sun,SYNTHESIS
👁️,eye,People & Body,surya,ether,S5,,universal,,,,0.5,sense_sun,SYNTHESIS
👅,tongue,People & Body,surya,ether,S5,,universal,,,,0.5,sense_sun,SYNTHESIS
👄,mouth,People & Body,surya,ether,S5,,universal,,,,0.5,sense_sun,SYNTHESIS
🫦,biting lip,People & Body,,ether,S6,,universal,,,,0.3,group_default,SYNTHESIS
👶,baby,People & Body,chandra,ether,S5,,universal,,,,0.7,profession_map,SYNTHESIS
🧒,child,People & Body,chandra,ether,S5,,universal,,,,0.7,profession_map,SYNTHESIS
👦,boy,People & Body,,ether,S6,,universal,,,,0.3,group_default,SYNTHESIS
👧,girl,People & Body,,ether,S6,,universal,,,,0.3,group_default,SYNTHESIS
🧑,person,People & Body,surya,ether,S6,,universal,,,,0.7,profession_map,SYNTHESIS
👱,person blond hair,People & Body,surya,ether,S6,,universal,,,,0.7,profession_map,SYNTHESIS
👨,man,People & Body,,ether,S6,,universal,,,,0.3,group_default,SYNTHESIS
🧔,person beard,People & Body,surya,ether,S6,,universal,,,,0.7,profession_map,SYNTHESIS
🧔‍♂️,man beard,People & Body,surya,ether,S5,,universal,,,,0.5,sense_sun,SYNTHESIS
🧔‍♀️,woman beard,People & Body,surya,ether,S5,,universal,,,,0.5,sense_sun,SYNTHESIS
👨‍🦰,man red hair,People & Body,,ether,S6,,universal,,,,0.3,group_default,SYNTHESIS
👨‍🦱,man curly hair,People & Body,,ether,S6,,universal,,,,0.3,group_default,SYNTHESIS
👨‍🦳,man white hair,People & Body,,ether,S6,,universal,,,,0.3,group_default,SYNTHESIS
👨‍🦲,man bald,People & Body,,ether,S6,,universal,,,,0.3,group_default,SYNTHESIS
👩,woman,People & Body,,ether,S6,,universal,,,,0.3,group_default,SYNTHESIS
👩‍🦰,woman red hair,People & Body,,ether,S6,,universal,,,,0.3,group_default,SYNTHESIS
🧑‍🦰,person red hair,People & Body,surya,ether,S6,,universal,,,,0.7,profession_map,SYNTHESIS
👩‍🦱,woman curly hair,People & Body,,ether,S6,,universal,,,,0.3,group_default,SYNTHESIS
🧑‍🦱,person curly hair,People & Body,surya,ether,S6,,universal,,,,0.7,profession_map,SYNTHESIS
👩‍🦳,woman white hair,People & Body,,ether,S6,,universal,,,,0.3,group_default,SYNTHESIS
🧑‍🦳,person white hair,People & Body,surya,ether,S6,,universal,,,,0.7,profession_map,SYNTHESIS
👩‍🦲,woman bald,People & Body,,ether,S6,,universal,,,,0.3,group_default,SYNTHESIS
🧑‍🦲,person bald,People & Body,surya,ether,S6,,universal,,,,0.7,profession_map,SYNTHESIS
👱‍♀️,woman blond hair,People & Body,,ether,S6,,universal,,,,0.3,group_default,SYNTHESIS
👱‍♂️,man blond hair,People & Body,,ether,S6,,universal,,,,0.3,group_default,SYNTHESIS
🧓,older person,People & Body,shani,ether,S6,,universal,,,,0.7,profession_map,SYNTHESIS
👴,old man,People & Body,shani,ether,S6,,universal,,,,0.7,profession_map,SYNTHESIS
👵,old woman,People & Body,shani,ether,S6,,universal,,,,0.7,profession_map,SYNTHESIS
🙍,person frowning,People & Body,surya,ether,S6,,universal,,,,0.7,profession_map,SYNTHESIS
🙍‍♂️,man frowning,People & Body,,ether,S6,,universal,,,,0.3,group_default,SYNTHESIS
🙍‍♀️,woman frowning,People & Body,,ether,S6,,universal,,,,0.3,group_default,SYNTHESIS
🙎,person pouting,People & Body,surya,ether,S6,,universal,,,,0.7,profession_map,SYNTHESIS
🙎‍♂️,man pouting,People & Body,,ether,S6,,universal,,,,0.3,group_default,SYNTHESIS
🙎‍♀️,woman pouting,People & Body,,ether,S6,,universal,,,,0.3,group_default,SYNTHESIS
🙅,person gesturing NO,People & Body,surya,ether,S6,,universal,,,,0.7,profession_map,SYNTHESIS
🙅‍♂️,man gesturing NO,People & Body,,ether,S6,,universal,,,,0.3,group_default,SYNTHESIS
🙅‍♀️,woman gesturing NO,People & Body,,ether,S6,,universal,,,,0.3,group_default,SYNTHESIS
🙆,person gesturing OK,People & Body,surya,ether,S6,,universal,,,,0.7,profession_map,SYNTHESIS
🙆‍♂️,man gesturing OK,People & Body,,ether,S6,,universal,,,,0.3,group_default,SYNTHESIS
🙆‍♀️,woman gesturing OK,People & Body,,ether,S6,,universal,,,,0.3,group_default,SYNTHESIS
💁,person tipping hand,People & Body,surya,ether,S6,,universal,,,,0.7,profession_map,SYNTHESIS
💁‍♂️,man tipping hand,People & Body,budha,ether,S5,,universal,,,,0.5,body_mercury,SYNTHESIS
💁‍♀️,woman tipping hand,People & Body,budha,ether,S5,,universal,,,,0.5,body_mercury,SYNTHESIS
🙋,person raising hand,People & Body,surya,ether,S6,,universal,,,,0.7,profession_map,SYNTHESIS
🙋‍♂️,man raising hand,People & Body,budha,ether,S5,,universal,,,,0.5,body_mercury,SYNTHESIS
🙋‍♀️,woman raising hand,People & Body,budha,ether,S5,,universal,,,,0.5,body_mercury,SYNTHESIS
🧏,deaf person,People & Body,surya,ether,S6,,universal,,,,0.7,profession_map,SYNTHESIS
🧏‍♂️,deaf man,People & Body,,ether,S6,,universal,,,,0.3,group_default,SYNTHESIS
🧏‍♀️,deaf woman,People & Body,,ether,S6,,universal,,,,0.3,group_default,SYNTHESIS
🙇,person bowing,People & Body,surya,ether,S6,,universal,,,,0.7,profession_map,SYNTHESIS
🙇‍♂️,man bowing,People & Body,,ether,S6,,universal,,,,0.3,group_default,SYNTHESIS
🙇‍♀️,woman bowing,People & Body,,ether,S6,,universal,,,,0.3,group_default,SYNTHESIS
🤦,person facepalming,People & Body,surya,ether,S6,,universal,,,,0.7,profession_map,SYNTHESIS
🤦‍♂️,man facepalming,People & Body,budha,ether,S5,,universal,,,,0.5,body_mercury,SYNTHESIS
🤦‍♀️,woman facepalming,People & Body,budha,ether,S5,,universal,,,,0.5,body_mercury,SYNTHESIS
🤷,person shrugging,People & Body,surya,ether,S6,,universal,,,,0.7,profession_map,SYNTHESIS
🤷‍♂️,man shrugging,People & Body,,ether,S6,,universal,,,,0.3,group_default,SYNTHESIS
🤷‍♀️,woman shrugging,People & Body,,ether,S6,,universal,,,,0.3,group_default,SYNTHESIS
🧑‍⚕️,health worker,People & Body,,ether,S6,,universal,,,,0.3,group_default,SYNTHESIS
👨‍⚕️,man health worker,People & Body,,ether,S6,,universal,,,,0.3,group_default,SYNTHESIS
👩‍⚕️,woman health worker,People & Body,,ether,S6,,universal,,,,0.3,group_default,SYNTHESIS
🧑‍🎓,student,People & Body,budha,ether,S6,,brahmana,,,,0.7,profession_map,SYNTHESIS
👨‍🎓,man student,People & Body,budha,ether,S6,,brahmana,,,,0.7,profession_map,SYNTHESIS
👩‍🎓,woman student,People & Body,budha,ether,S6,,brahmana,,,,0.7,profession_map,SYNTHESIS
🧑‍🏫,teacher,People & Body,guru,ether,S1,,brahmana,,,,0.7,profession_map,SYNTHESIS
👨‍🏫,man teacher,People & Body,guru,ether,S1,,brahmana,,,,0.7,profession_map,SYNTHESIS
👩‍🏫,woman teacher,People & Body,guru,ether,S1,,brahmana,,,,0.7,profession_map,SYNTHESIS
🧑‍⚖️,judge,People & Body,guru,ether,S3,,brahmana,,,,0.7,profession_map,SYNTHESIS
👨‍⚖️,man judge,People & Body,guru,ether,S3,,brahmana,,,,0.7,profession_map,SYNTHESIS
👩‍⚖️,woman judge,People & Body,guru,ether,S3,,brahmana,,,,0.7,profession_map,SYNTHESIS
🧑‍🌾,farmer,People & Body,chandra,ether,S5,,vaishya,,,,0.7,profession_map,SYNTHESIS
👨‍🌾,man farmer,People & Body,chandra,ether,S5,,vaishya,,,,0.7,profession_map,SYNTHESIS
👩‍🌾,woman farmer,People & Body,chandra,ether,S5,,vaishya,,,,0.7,profession_map,SYNTHESIS
🧑‍🍳,cook,People & Body,mangala,ether,S5,,vaishya,,,,0.7,profession_map,SYNTHESIS
👨‍🍳,man cook,People & Body,mangala,ether,S5,,vaishya,,,,0.7,profession_map,SYNTHESIS
👩‍🍳,woman cook,People & Body,mangala,ether,S5,,vaishya,,,,0.7,profession_map,SYNTHESIS
🧑‍🔧,mechanic,People & Body,mangala,ether,S4,,shudra,,,,0.7,profession_map,SYNTHESIS
👨‍🔧,man mechanic,People & Body,mangala,ether,S4,,shudra,,,,0.7,profession_map,SYNTHESIS
👩‍🔧,woman mechanic,People & Body,mangala,ether,S4,,shudra,,,,0.7,profession_map,SYNTHESIS
🧑‍🏭,factory worker,People & Body,shani,ether,S6,,shudra,,,,0.7,profession_map,SYNTHESIS
👨‍🏭,man factory worker,People & Body,shani,ether,S6,,shudra,,,,0.7,profession_map,SYNTHESIS
👩‍🏭,woman factory worker,People & Body,shani,ether,S6,,shudra,,,,0.7,profession_map,SYNTHESIS
🧑‍💼,office worker,People & Body,budha,ether,S6,,vaishya,,,,0.7,profession_map,SYNTHESIS
👨‍💼,man office worker,People & Body,budha,ether,S6,,vaishya,,,,0.7,profession_map,SYNTHESIS
👩‍💼,woman office worker,People & Body,budha,ether,S6,,vaishya,,,,0.7,profession_map,SYNTHESIS
🧑‍🔬,scientist,People & Body,budha,ether,S4,,brahmana,,,,0.7,profession_map,SYNTHESIS
👨‍🔬,man scientist,People & Body,budha,ether,S4,,brahmana,,,,0.7,profession_map,SYNTHESIS
👩‍🔬,woman scientist,People & Body,budha,ether,S4,,brahmana,,,,0.7,profession_map,SYNTHESIS
🧑‍💻,technologist,People & Body,budha,ether,S4,,brahmana,,,,0.7,profession_map,SYNTHESIS
👨‍💻,man technologist,People & Body,budha,ether,S4,,brahmana,,,,0.7,profession_map,SYNTHESIS
👩‍💻,woman technologist,People & Body,budha,ether,S4,,brahmana,,,,0.7,profession_map,SYNTHESIS
🧑‍🎤,singer,People & Body,shukra,ether,S2,,brahmana,,,,0.7,profession_map,SYNTHESIS
👨‍🎤,man singer,People & Body,shukra,ether,S2,,brahmana,,,,0.7,profession_map,SYNTHESIS
👩‍🎤,woman singer,People & Body,shukra,ether,S2,,brahmana,,,,0.7,profession_map,SYNTHESIS
🧑‍🎨,artist,People & Body,shukra,ether,S2,,brahmana,,,,0.7,profession_map,SYNTHESIS
👨‍🎨,man artist,People & Body,shukra,ether,S2,,brahmana,,,,0.7,profession_map,SYNTHESIS
👩‍🎨,woman artist,People & Body,shukra,ether,S2,,brahmana,,,,0.7,profession_map,SYNTHESIS
🧑‍✈️,pilot,People & Body,surya,ether,S4,,kshatriya,,,,0.7,profession_map,SYNTHESIS
👨‍✈️,man pilot,People & Body,surya,ether,S4,,kshatriya,,,,0.7,profession_map,SYNTHESIS
👩‍✈️,woman pilot,People & Body,surya,ether,S4,,kshatriya,,,,0.7,profession_map,SYNTHESIS
🧑‍🚀,astronaut,People & Body,ketu,ether,S0,,sannyasa,,,,0.7,profession_map,SYNTHESIS
👨‍🚀,man astronaut,People & Body,ketu,ether,S0,,sannyasa,,,,0.7,profession_map,SYNTHESIS
👩‍🚀,woman astronaut,People & Body,ketu,ether,S0,,sannyasa,,,,0.7,profession_map,SYNTHESIS
🧑‍🚒,firefighter,People & Body,mangala,ether,S6,,kshatriya,,,,0.7,profession_map,SYNTHESIS
👨‍🚒,man firefighter,People & Body,mangala,ether,S6,,kshatriya,,,,0.7,profession_map,SYNTHESIS
👩‍🚒,woman firefighter,People & Body,mangala,ether,S6,,kshatriya,,,,0.7,profession_map,SYNTHESIS
👮,police officer,People & Body,budha,ether,S6,,vaishya,,,,0.7,profession_map,SYNTHESIS
👮‍♂️,man police officer,People & Body,budha,ether,S6,,vaishya,,,,0.7,profession_map,SYNTHESIS
👮‍♀️,woman police officer,People & Body,budha,ether,S6,,vaishya,,,,0.7,profession_map,SYNTHESIS
🕵️,detective,People & Body,mangala,ether,S6,,kshatriya,,,,0.7,profession_map,SYNTHESIS
🕵️‍♂️,man detective,People & Body,mangala,ether,S6,,kshatriya,,,,0.7,profession_map,SYNTHESIS
🕵️‍♀️,woman detective,People & Body,mangala,ether,S6,,kshatriya,,,,0.7,profession_map,SYNTHESIS
💂,guard,People & Body,mangala,ether,S6,,kshatriya,,,,0.7,profession_map,SYNTHESIS
💂‍♂️,man guard,People & Body,mangala,ether,S6,,kshatriya,,,,0.7,profession_map,SYNTHESIS
💂‍♀️,woman guard,People & Body,mangala,ether,S6,,kshatriya,,,,0.7,profession_map,SYNTHESIS
🥷,ninja,People & Body,,ether,S6,,universal,,,,0.3,group_default,SYNTHESIS
👷,construction worker,People & Body,mangala,ether,S4,,shudra,,,,0.7,profession_map,SYNTHESIS
👷‍♂️,man construction worker,People & Body,mangala,ether,S4,,shudra,,,,0.7,profession_map,SYNTHESIS
👷‍♀️,woman construction worker,People & Body,mangala,ether,S4,,shudra,,,,0.7,profession_map,SYNTHESIS
🫅,person with crown,People & Body,surya,ether,S6,,universal,,,,0.7,profession_map,SYNTHESIS
🤴,prince,People & Body,surya,ether,S1,,kshatriya,,,,0.7,profession_map,SYNTHESIS
👸,princess,People & Body,surya,ether,S1,,kshatriya,,,,0.7,profession_map,SYNTHESIS
👳,person wearing turban,People & Body,surya,ether,S6,,universal,,,,0.7,profession_map,SYNTHESIS
👳‍♂️,man wearing turban,People & Body,surya,ether,S5,,universal,,,,0.5,sense_sun,SYNTHESIS
👳‍♀️,woman wearing turban,People & Body,surya,ether,S5,,universal,,,,0.5,sense_sun,SYNTHESIS
👲,person with skullcap,People & Body,surya,ether,S6,,universal,,,,0.7,profession_map,SYNTHESIS
🧕,woman with headscarf,People & Body,,ether,S6,,universal,,,,0.3,group_default,SYNTHESIS
🤵,person in tuxedo,People & Body,surya,ether,S6,,universal,,,,0.7,profession_map,SYNTHESIS
🤵‍♂️,man in tuxedo,People & Body,,ether,S6,,universal,,,,0.3,group_default,SYNTHESIS
🤵‍♀️,woman in tuxedo,People & Body,,ether,S6,,universal,,,,0.3,group_default,SYNTHESIS
👰,person with veil,People & Body,surya,ether,S6,,universal,,,,0.7,profession_map,SYNTHESIS
👰‍♂️,man with veil,People & Body,,ether,S6,,universal,,,,0.3,group_default,SYNTHESIS
👰‍♀️,woman with veil,People & Body,,ether,S6,,universal,,,,0.3,group_default,SYNTHESIS
🤰,pregnant woman,People & Body,,ether,S6,,universal,,,,0.3,group_default,SYNTHESIS
🫃,pregnant man,People & Body,,ether,S6,,universal,,,,0.3,group_default,SYNTHESIS
🫄,pregnant person,People & Body,surya,ether,S6,,universal,,,,0.7,profession_map,SYNTHESIS
🤱,breast-feeding,People & Body,,ether,S6,,universal,,,,0.3,group_default,SYNTHESIS
👩‍🍼,woman feeding baby,People & Body,chandra,ether,S5,,universal,,,,0.7,profession_map,SYNTHESIS
👨‍🍼,man feeding baby,People & Body,chandra,ether,S5,,universal,,,,0.7,profession_map,SYNTHESIS
🧑‍🍼,person feeding baby,People & Body,chandra,ether,S5,,universal,,,,0.7,profession_map,SYNTHESIS
👼,baby angel,People & Body,chandra,ether,S5,,universal,,,,0.7,profession_map,SYNTHESIS
🎅,Santa Claus,People & Body,,ether,S6,,universal,,,,0.3,group_default,SYNTHESIS
🤶,Mrs. Claus,People & Body,,ether,S6,,universal,,,,0.3,group_default,SYNTHESIS
🧑‍🎄,Mx Claus,People & Body,,ether,S6,,universal,,,,0.3,group_default,SYNTHESIS
🦸,superhero,People & Body,surya,ether,S1,,kshatriya,,,,0.7,profession_map,SYNTHESIS
🦸‍♂️,man superhero,People & Body,surya,ether,S1,,kshatriya,,,,0.7,profession_map,SYNTHESIS
🦸‍♀️,woman superhero,People & Body,surya,ether,S1,,kshatriya,,,,0.7,profession_map,SYNTHESIS
🦹,supervillain,People & Body,,ether,S6,,universal,,,,0.3,group_default,SYNTHESIS
🦹‍♂️,man supervillain,People & Body,,ether,S6,,universal,,,,0.3,group_default,SYNTHESIS
🦹‍♀️,woman supervillain,People & Body,,ether,S6,,universal,,,,0.3,group_default,SYNTHESIS
🧙,mage,People & Body,rahu,ether,S1,,brahmana,,,,0.7,profession_map,SYNTHESIS
🧙‍♂️,man mage,People & Body,rahu,ether,S1,,brahmana,,,,0.7,profession_map,SYNTHESIS
🧙‍♀️,woman mage,People & Body,rahu,ether,S1,,brahmana,,,,0.7,profession_map,SYNTHESIS
🧚,fairy,People & Body,shukra,ether,S1,,universal,,,,0.7,profession_map,SYNTHESIS
🧚‍♂️,man fairy,People & Body,shukra,ether,S1,,universal,,,,0.7,profession_map,SYNTHESIS
🧚‍♀️,woman fairy,People & Body,shukra,ether,S1,,universal,,,,0.7,profession_map,SYNTHESIS
🧛,vampire,People & Body,rahu,ether,S1,,universal,,,,0.7,profession_map,SYNTHESIS
🧛‍♂️,man vampire,People & Body,rahu,ether,S1,,universal,,,,0.7,profession_map,SYNTHESIS
🧛‍♀️,woman vampire,People & Body,rahu,ether,S1,,universal,,,,0.7,profession_map,SYNTHESIS
🧜,merperson,People & Body,surya,ether,S6,,universal,,,,0.7,profession_map,SYNTHESIS
🧜‍♂️,merman,People & Body,,ether,S6,,universal,,,,0.3,group_default,SYNTHESIS
🧜‍♀️,mermaid,People & Body,,ether,S6,,universal,,,,0.3,group_default,SYNTHESIS
🧝,elf,People & Body,chandra,ether,S1,,universal,,,,0.7,profession_map,SYNTHESIS
🧝‍♂️,man elf,People & Body,chandra,ether,S1,,universal,,,,0.7,profession_map,SYNTHESIS
🧝‍♀️,woman elf,People & Body,chandra,ether,S1,,universal,,,,0.7,profession_map,SYNTHESIS
🧞,genie,People & Body,,ether,S6,,universal,,,,0.3,group_default,SYNTHESIS
🧞‍♂️,man genie,People & Body,,ether,S6,,universal,,,,0.3,group_default,SYNTHESIS
🧞‍♀️,woman genie,People & Body,,ether,S6,,universal,,,,0.3,group_default,SYNTHESIS
🧟,zombie,People & Body,shani,ether,S1,,universal,,,,0.7,profession_map,SYNTHESIS
🧟‍♂️,man zombie,People & Body,shani,ether,S1,,universal,,,,0.7,profession_map,SYNTHESIS
🧟‍♀️,woman zombie,People & Body,shani,ether,S1,,universal,,,,0.7,profession_map,SYNTHESIS
🧌,troll,People & Body,,ether,S6,,universal,,,,0.3,group_default,SYNTHESIS
💆,person getting massage,People & Body,surya,ether,S6,,universal,,,,0.7,profession_map,SYNTHESIS
💆‍♂️,man getting massage,People & Body,,ether,S6,,universal,,,,0.3,group_default,SYNTHESIS
💆‍♀️,woman getting massage,People & Body,,ether,S6,,universal,,,,0.3,group_default,SYNTHESIS
💇,person getting haircut,People & Body,surya,ether,S6,,universal,,,,0.7,profession_map,SYNTHESIS
💇‍♂️,man getting haircut,People & Body,,ether,S6,,universal,,,,0.3,group_default,SYNTHESIS
💇‍♀️,woman getting haircut,People & Body,,ether,S6,,universal,,,,0.3,group_default,SYNTHESIS
🚶,person walking,People & Body,surya,ether,S1,,kshatriya,,,,0.7,profession_map,SYNTHESIS
🚶‍♂️,man walking,People & Body,surya,ether,S1,,kshatriya,,,,0.7,profession_map,SYNTHESIS
🚶‍♀️,woman walking,People & Body,surya,ether,S1,,kshatriya,,,,0.7,profession_map,SYNTHESIS
🚶‍➡️,person walking facing right,People & Body,surya,ether,S1,,kshatriya,,,,0.7,profession_map,SYNTHESIS
🚶‍♀️‍➡️,woman walking facing right,People & Body,surya,ether,S1,,kshatriya,,,,0.7,profession_map,SYNTHESIS
🚶‍♂️‍➡️,man walking facing right,People & Body,surya,ether,S1,,kshatriya,,,,0.7,profession_map,SYNTHESIS
🧍,person standing,People & Body,surya,ether,S6,,universal,,,,0.7,profession_map,SYNTHESIS
🧍‍♂️,man standing,People & Body,,ether,S6,,universal,,,,0.3,group_default,SYNTHESIS
🧍‍♀️,woman standing,People & Body,,ether,S6,,universal,,,,0.3,group_default,SYNTHESIS
🧎,person kneeling,People & Body,surya,ether,S6,,universal,,,,0.7,profession_map,SYNTHESIS
🧎‍♂️,man kneeling,People & Body,,ether,S6,,universal,,,,0.3,group_default,SYNTHESIS
🧎‍♀️,woman kneeling,People & Body,,ether,S6,,universal,,,,0.3,group_default,SYNTHESIS
🧎‍➡️,person kneeling facing right,People & Body,surya,ether,S6,,universal,,,,0.7,profession_map,SYNTHESIS
🧎‍♀️‍➡️,woman kneeling facing right,People & Body,,ether,S6,,universal,,,,0.3,group_default,SYNTHESIS
🧎‍♂️‍➡️,man kneeling facing right,People & Body,,ether,S6,,universal,,,,0.3,group_default,SYNTHESIS
🧑‍🦯,person with white cane,People & Body,surya,ether,S6,,universal,,,,0.7,profession_map,SYNTHESIS
🧑‍🦯‍➡️,person with white cane facing right,People & Body,surya,ether,S6,,universal,,,,0.7,profession_map,SYNTHESIS
👨‍🦯,man with white cane,People & Body,,ether,S6,,universal,,,,0.3,group_default,SYNTHESIS
👨‍🦯‍➡️,man with white cane facing right,People & Body,,ether,S6,,universal,,,,0.3,group_default,SYNTHESIS
👩‍🦯,woman with white cane,People & Body,,ether,S6,,universal,,,,0.3,group_default,SYNTHESIS
👩‍🦯‍➡️,woman with white cane facing right,People & Body,,ether,S6,,universal,,,,0.3,group_default,SYNTHESIS
🧑‍🦼,person in motorized wheelchair,People & Body,surya,ether,S6,,universal,,,,0.7,profession_map,SYNTHESIS
🧑‍🦼‍➡️,person in motorized wheelchair facing right,People & Body,surya,ether,S6,,universal,,,,0.7,profession_map,SYNTHESIS
👨‍🦼,man in motorized wheelchair,People & Body,,ether,S6,,universal,,,,0.3,group_default,SYNTHESIS
👨‍🦼‍➡️,man in motorized wheelchair facing right,People & Body,,ether,S6,,universal,,,,0.3,group_default,SYNTHESIS
👩‍🦼,woman in motorized wheelchair,People & Body,,ether,S6,,universal,,,,0.3,group_default,SYNTHESIS
👩‍🦼‍➡️,woman in motorized wheelchair facing right,People & Body,,ether,S6,,universal,,,,0.3,group_default,SYNTHESIS
🧑‍🦽,person in manual wheelchair,People & Body,surya,ether,S6,,universal,,,,0.7,profession_map,SYNTHESIS
🧑‍🦽‍➡️,person in manual wheelchair facing right,People & Body,surya,ether,S6,,universal,,,,0.7,profession_map,SYNTHESIS
👨‍🦽,man in manual wheelchair,People & Body,,ether,S6,,universal,,,,0.3,group_default,SYNTHESIS
👨‍🦽‍➡️,man in manual wheelchair facing right,People & Body,,ether,S6,,universal,,,,0.3,group_default,SYNTHESIS
👩‍🦽,woman in manual wheelchair,People & Body,,ether,S6,,universal,,,,0.3,group_default,SYNTHESIS
👩‍🦽‍➡️,woman in manual wheelchair facing right,People & Body,,ether,S6,,universal,,,,0.3,group_default,SYNTHESIS
🏃,person running,People & Body,surya,ether,S6,,universal,,,,0.7,profession_map,SYNTHESIS
🏃‍♂️,man running,People & Body,,ether,S6,,universal,,,,0.3,group_default,SYNTHESIS
🏃‍♀️,woman running,People & Body,,ether,S6,,universal,,,,0.3,group_default,SYNTHESIS
🏃‍➡️,person running facing right,People & Body,surya,ether,S6,,universal,,,,0.7,profession_map,SYNTHESIS
🏃‍♀️‍➡️,woman running facing right,People & Body,,ether,S6,,universal,,,,0.3,group_default,SYNTHESIS
🏃‍♂️‍➡️,man running facing right,People & Body,,ether,S6,,universal,,,,0.3,group_default,SYNTHESIS
💃,woman dancing,People & Body,,ether,S6,,universal,,,,0.3,group_default,SYNTHESIS
🕺,man dancing,People & Body,,ether,S6,,universal,,,,0.3,group_default,SYNTHESIS
🕴️,person in suit levitating,People & Body,surya,ether,S6,,universal,,,,0.7,profession_map,SYNTHESIS
👯,people with bunny ears,People & Body,surya,ether,S5,,universal,,,,0.5,sense_sun,SYNTHESIS
👯‍♂️,men with bunny ears,People & Body,surya,ether,S5,,universal,,,,0.5,sense_sun,SYNTHESIS
👯‍♀️,women with bunny ears,People & Body,surya,ether,S5,,universal,,,,0.5,sense_sun,SYNTHESIS
🧖,person in steamy room,People & Body,surya,ether,S6,,universal,,,,0.7,profession_map,SYNTHESIS
🧖‍♂️,man in steamy room,People & Body,,ether,S6,,universal,,,,0.3,group_default,SYNTHESIS
🧖‍♀️,woman in steamy room,People & Body,,ether,S6,,universal,,,,0.3,group_default,SYNTHESIS
🧗,person climbing,People & Body,surya,ether,S6,,universal,,,,0.7,profession_map,SYNTHESIS
🧗‍♂️,man climbing,People & Body,,ether,S6,,universal,,,,0.3,group_default,SYNTHESIS
🧗‍♀️,woman climbing,People & Body,,ether,S6,,universal,,,,0.3,group_default,SYNTHESIS
🤺,person fencing,People & Body,surya,ether,S6,,universal,,,,0.7,profession_map,SYNTHESIS
🏇,horse racing,People & Body,,ether,S6,,universal,,,,0.3,group_default,SYNTHESIS
⛷️,skier,People & Body,,ether,S6,,universal,,,,0.3,group_default,SYNTHESIS
🏂,snowboarder,People & Body,,ether,S6,,universal,,,,0.3,group_default,SYNTHESIS
🏌️,person golfing,People & Body,surya,ether,S6,,universal,,,,0.7,profession_map,SYNTHESIS
🏌️‍♂️,man golfing,People & Body,,ether,S6,,universal,,,,0.3,group_default,SYNTHESIS
🏌️‍♀️,woman golfing,People & Body,,ether,S6,,universal,,,,0.3,group_default,SYNTHESIS
🏄,person surfing,People & Body,surya,ether,S6,,universal,,,,0.7,profession_map,SYNTHESIS
🏄‍♂️,man surfing,People & Body,,ether,S6,,universal,,,,0.3,group_default,SYNTHESIS
🏄‍♀️,woman surfing,People & Body,,ether,S6,,universal,,,,0.3,group_default,SYNTHESIS
🚣,person rowing boat,People & Body,surya,ether,S6,,universal,,,,0.7,profession_map,SYNTHESIS
🚣‍♂️,man rowing boat,People & Body,,ether,S6,,universal,,,,0.3,group_default,SYNTHESIS
🚣‍♀️,woman rowing boat,People & Body,,ether,S6,,universal,,,,0.3,group_default,SYNTHESIS
🏊,person swimming,People & Body,surya,ether,S6,,universal,,,,0.7,profession_map,SYNTHESIS
🏊‍♂️,man swimming,People & Body,,ether,S6,,universal,,,,0.3,group_default,SYNTHESIS
🏊‍♀️,woman swimming,People & Body,,ether,S6,,universal,,,,0.3,group_default,SYNTHESIS
⛹️,person bouncing ball,People & Body,surya,ether,S6,,universal,,,,0.7,profession_map,SYNTHESIS
⛹️‍♂️,man bouncing ball,People & Body,,ether,S6,,universal,,,,0.3,group_default,SYNTHESIS
⛹️‍♀️,woman bouncing ball,People & Body,,ether,S6,,universal,,,,0.3,group_default,SYNTHESIS
🏋️,person lifting weights,People & Body,surya,ether,S6,,universal,,,,0.7,profession_map,SYNTHESIS
🏋️‍♂️,man lifting weights,People & Body,,ether,S6,,universal,,,,0.3,group_default,SYNTHESIS
🏋️‍♀️,woman lifting weights,People & Body,,ether,S6,,universal,,,,0.3,group_default,SYNTHESIS
🚴,person biking,People & Body,surya,ether,S1,,kshatriya,,,,0.7,profession_map,SYNTHESIS
🚴‍♂️,man biking,People & Body,surya,ether,S1,,kshatriya,,,,0.7,profession_map,SYNTHESIS
🚴‍♀️,woman biking,People & Body,surya,ether,S1,,kshatriya,,,,0.7,profession_map,SYNTHESIS
🚵,person mountain biking,People & Body,surya,ether,S1,,kshatriya,,,,0.7,profession_map,SYNTHESIS
🚵‍♂️,man mountain biking,People & Body,surya,ether,S1,,kshatriya,,,,0.7,profession_map,SYNTHESIS
🚵‍♀️,woman mountain biking,People & Body,surya,ether,S1,,kshatriya,,,,0.7,profession_map,SYNTHESIS
🤸,person cartwheeling,People & Body,surya,ether,S6,,universal,,,,0.7,profession_map,SYNTHESIS
🤸‍♂️,man cartwheeling,People & Body,,ether,S6,,universal,,,,0.3,group_default,SYNTHESIS
🤸‍♀️,woman cartwheeling,People & Body,,ether,S6,,universal,,,,0.3,group_default,SYNTHESIS
🤼,people wrestling,People & Body,,ether,S6,,universal,,,,0.3,group_default,SYNTHESIS
🤼‍♂️,men wrestling,People & Body,,ether,S6,,universal,,,,0.3,group_default,SYNTHESIS
🤼‍♀️,women wrestling,People & Body,,ether,S6,,universal,,,,0.3,group_default,SYNTHESIS
🤽,person playing water polo,People & Body,surya,ether,S6,,universal,,,,0.7,profession_map,SYNTHESIS
🤽‍♂️,man playing water polo,People & Body,,ether,S6,,universal,,,,0.3,group_default,SYNTHESIS
🤽‍♀️,woman playing water polo,People & Body,,ether,S6,,universal,,,,0.3,group_default,SYNTHESIS
🤾,person playing handball,People & Body,surya,ether,S6,,universal,,,,0.7,profession_map,SYNTHESIS
🤾‍♂️,man playing handball,People & Body,budha,ether,S5,,universal,,,,0.5,body_mercury,SYNTHESIS
🤾‍♀️,woman playing handball,People & Body,budha,ether,S5,,universal,,,,0.5,body_mercury,SYNTHESIS
🤹,person juggling,People & Body,surya,ether,S6,,universal,,,,0.7,profession_map,SYNTHESIS
🤹‍♂️,man juggling,People & Body,,ether,S6,,universal,,,,0.3,group_default,SYNTHESIS
🤹‍♀️,woman juggling,People & Body,,ether,S6,,universal,,,,0.3,group_default,SYNTHESIS
🧘,person in lotus position,People & Body,surya,ether,S6,,universal,,,,0.7,profession_map,SYNTHESIS
🧘‍♂️,man in lotus position,People & Body,,ether,S6,,universal,,,,0.3,group_default,SYNTHESIS
🧘‍♀️,woman in lotus position,People & Body,,ether,S6,,universal,,,,0.3,group_default,SYNTHESIS
🛀,person taking bath,People & Body,surya,ether,S1,,kshatriya,,,,0.7,profession_map,SYNTHESIS
🛌,person in bed,People & Body,surya,ether,S6,,universal,,,,0.7,profession_map,SYNTHESIS
🧑‍🤝‍🧑,people holding hands,People & Body,shani,ether,S6,,universal,,,,0.7,profession_map,SYNTHESIS
👭,women holding hands,People & Body,shani,ether,S6,,universal,,,,0.7,profession_map,SYNTHESIS
👫,woman and man holding hands,People & Body,shani,ether,S6,,universal,,,,0.7,profession_map,SYNTHESIS
👬,men holding hands,People & Body,shani,ether,S6,,universal,,,,0.7,profession_map,SYNTHESIS
💏,kiss,People & Body,,ether,S6,,universal,,,,0.3,group_default,SYNTHESIS
👩‍❤️‍💋‍👨,"kiss woman, man",People & Body,,ether,S6,,universal,,,,0.3,group_default,SYNTHESIS
👨‍❤️‍💋‍👨,"kiss man, man",People & Body,,ether,S6,,universal,,,,0.3,group_default,SYNTHESIS
👩‍❤️‍💋‍👩,"kiss woman, woman",People & Body,,ether,S6,,universal,,,,0.3,group_default,SYNTHESIS
💑,couple with heart,People & Body,surya,ether,S5,,universal,,,,0.5,sense_sun,SYNTHESIS
👩‍❤️‍👨,"couple with heart woman, man",People & Body,surya,ether,S5,,universal,,,,0.5,sense_sun,SYNTHESIS
👨‍❤️‍👨,"couple with heart man, man",People & Body,surya,ether,S5,,universal,,,,0.5,sense_sun,SYNTHESIS
👩‍❤️‍👩,"couple with heart woman, woman",People & Body,surya,ether,S5,,universal,,,,0.5,sense_sun,SYNTHESIS
👨‍👩‍👦,"family man, woman, boy",People & Body,,ether,S6,,universal,,,,0.3,group_default,SYNTHESIS
👨‍👩‍👧,"family man, woman, girl",People & Body,,ether,S6,,universal,,,,0.3,group_default,SYNTHESIS
👨‍👩‍👧‍👦,"family man, woman, girl, boy",People & Body,,ether,S6,,universal,,,,0.3,group_default,SYNTHESIS
👨‍👩‍👦‍👦,"family man, woman, boy, boy",People & Body,,ether,S6,,universal,,,,0.3,group_default,SYNTHESIS
👨‍👩‍👧‍👧,"family man, woman, girl, girl",People & Body,,ether,S6,,universal,,,,0.3,group_default,SYNTHESIS
👨‍👨‍👦,"family man, man, boy",People & Body,,ether,S6,,universal,,,,0.3,group_default,SYNTHESIS
👨‍👨‍👧,"family man, man, girl",People & Body,,ether,S6,,universal,,,,0.3,group_default,SYNTHESIS
👨‍👨‍👧‍👦,"family man, man, girl, boy",People & Body,,ether,S6,,universal,,,,0.3,group_default,SYNTHESIS
👨‍👨‍👦‍👦,"family man, man, boy, boy",People & Body,,ether,S6,,universal,,,,0.3,group_default,SYNTHESIS
👨‍👨‍👧‍👧,"family man, man, girl, girl",People & Body,,ether,S6,,universal,,,,0.3,group_default,SYNTHESIS
👩‍👩‍👦,"family woman, woman, boy",People & Body,,ether,S6,,universal,,,,0.3,group_default,SYNTHESIS
👩‍👩‍👧,"family woman, woman, girl",People & Body,,ether,S6,,universal,,,,0.3,group_default,SYNTHESIS
👩‍👩‍👧‍👦,"family woman, woman, girl, boy",People & Body,,ether,S6,,universal,,,,0.3,group_default,SYNTHESIS
👩‍👩‍👦‍👦,"family woman, woman, boy, boy",People & Body,,ether,S6,,universal,,,,0.3,group_default,SYNTHESIS
👩‍👩‍👧‍👧,"family woman, woman, girl, girl",People & Body,,ether,S6,,universal,,,,0.3,group_default,SYNTHESIS
👨‍👦,"family man, boy",People & Body,,ether,S6,,universal,,,,0.3,group_default,SYNTHESIS
👨‍👦‍👦,"family man, boy, boy",People & Body,,ether,S6,,universal,,,,0.3,group_default,SYNTHESIS
👨‍👧,"family man, girl",People & Body,,ether,S6,,universal,,,,0.3,group_default,SYNTHESIS
👨‍👧‍👦,"family man, girl, boy",People & Body,,ether,S6,,universal,,,,0.3,group_default,SYNTHESIS
👨‍👧‍👧,"family man, girl, girl",People & Body,,ether,S6,,universal,,,,0.3,group_default,SYNTHESIS
👩‍👦,"family woman, boy",People & Body,,ether,S6,,universal,,,,0.3,group_default,SYNTHESIS
👩‍👦‍👦,"family woman, boy, boy",People & Body,,ether,S6,,universal,,,,0.3,group_default,SYNTHESIS
👩‍👧,"family woman, girl",People & Body,,ether,S6,,universal,,,,0.3,group_default,SYNTHESIS
👩‍👧‍👦,"family woman, girl, boy",People & Body,,ether,S6,,universal,,,,0.3,group_default,SYNTHESIS
👩‍👧‍👧,"family woman, girl, girl",People & Body,,ether,S6,,universal,,,,0.3,group_default,SYNTHESIS
🗣️,speaking head,People & Body,surya,ether,S1,,kshatriya,,,,0.7,profession_map,SYNTHESIS
👤,bust in silhouette,People & Body,,ether,S6,,universal,,,,0.3,group_default,SYNTHESIS
👥,busts in silhouette,People & Body,,ether,S6,,universal,,,,0.3,group_default,SYNTHESIS
🫂,people hugging,People & Body,,ether,S6,,universal,,,,0.3,group_default,SYNTHESIS
👪,family,People & Body,,ether,S6,,universal,,,,0.3,group_default,SYNTHESIS
🧑‍🧑‍🧒,"family adult, adult, child",People & Body,chandra,ether,S5,,universal,,,,0.7,profession_map,SYNTHESIS
🧑‍🧑‍🧒‍🧒,"family adult, adult, child, child",People & Body,chandra,ether,S5,,universal,,,,0.7,profession_map,SYNTHESIS
🧑‍🧒,"family adult, child",People & Body,chandra,ether,S5,,universal,,,,0.7,profession_map,SYNTHESIS
🧑‍🧒‍🧒,"family adult, child, child",People & Body,chandra,ether,S5,,universal,,,,0.7,profession_map,SYNTHESIS
👣,footprints,People & Body,,ether,S6,,universal,,,,0.3,group_default,SYNTHESIS
🫆,fingerprint,People & Body,budha,ether,S5,,universal,,,,0.5,body_mercury,SYNTHESIS
🐵,monkey face,Animals & Nature,mangala,air,S6,,universal,,,,1.0,vahana_map,TRADITIONAL
🐒,monkey,Animals & Nature,mangala,air,S6,,universal,,,,1.0,vahana_map,TRADITIONAL
🦍,gorilla,Animals & Nature,,earth,S5,,universal,,,,0.3,group_default,SYNTHESIS
🦧,orangutan,Animals & Nature,,earth,S5,,universal,,,,0.3,group_default,SYNTHESIS
🐶,dog face,Animals & Nature,rahu,air,S5,,universal,,,,0.8,vahana_map,SYNTHESIS
🐕,dog,Animals & Nature,rahu,air,S5,,universal,,,,0.8,vahana_map,SYNTHESIS
🦮,guide dog,Animals & Nature,rahu,air,S5,,universal,,,,0.8,vahana_map,SYNTHESIS
🐕‍🦺,service dog,Animals & Nature,rahu,air,S5,,universal,,,,0.8,vahana_map,SYNTHESIS
🐩,poodle,Animals & Nature,,earth,S5,,universal,,,,0.3,group_default,SYNTHESIS
🐺,wolf,Animals & Nature,,earth,S5,,universal,,,,0.3,group_default,SYNTHESIS
🦊,fox,Animals & Nature,,earth,S5,,universal,,,,0.3,group_default,SYNTHESIS
🦝,raccoon,Animals & Nature,,earth,S5,,universal,,,,0.3,group_default,SYNTHESIS
🐱,cat face,Animals & Nature,rahu,air,S5,,universal,,,,0.7,vahana_map,SYNTHESIS
🐈,cat,Animals & Nature,rahu,air,S5,,universal,,,,0.7,vahana_map,SYNTHESIS
🐈‍⬛,black cat,Animals & Nature,rahu,air,S5,,universal,,,,0.7,vahana_map,SYNTHESIS
🦁,lion,Animals & Nature,surya,fire,S1,,kshatriya,,,,1.0,vahana_map,TRADITIONAL
🐯,tiger face,Animals & Nature,mangala,fire,S1,,kshatriya,,,,1.0,vahana_map,TRADITIONAL
🐅,tiger,Animals & Nature,mangala,fire,S1,,kshatriya,,,,1.0,vahana_map,TRADITIONAL
🐆,leopard,Animals & Nature,,earth,S5,,universal,,,,0.3,group_default,SYNTHESIS
🐴,horse face,Animals & Nature,ketu,fire,S1,,universal,,,,1.0,vahana_map,TRADITIONAL
🫎,moose,Animals & Nature,,earth,S5,,universal,,,,0.3,group_default,SYNTHESIS
🫏,donkey,Animals & Nature,,earth,S5,,universal,,,,0.3,group_default,SYNTHESIS
🐎,horse,Animals & Nature,ketu,fire,S1,,universal,,,,1.0,vahana_map,TRADITIONAL
🦄,unicorn,Animals & Nature,,earth,S5,,universal,,,,0.3,group_default,SYNTHESIS
🦓,zebra,Animals & Nature,,earth,S5,,universal,,,,0.3,group_default,SYNTHESIS
🦌,deer,Animals & Nature,chandra,earth,S5,,universal,,,,0.8,vahana_map,SYNTHESIS
🦬,bison,Animals & Nature,,earth,S5,,universal,,,,0.3,group_default,SYNTHESIS
🐮,cow face,Animals & Nature,chandra,earth,S0,,universal,,,,1.0,vahana_map,TRADITIONAL
🐂,ox,Animals & Nature,,earth,S5,,universal,,,,0.3,group_default,SYNTHESIS
🐃,water buffalo,Animals & Nature,shani,earth,S1,,universal,,,,0.9,vahana_map,TRADITIONAL
🐄,cow,Animals & Nature,chandra,earth,S0,,universal,,,,1.0,vahana_map,TRADITIONAL
🐷,pig face,Animals & Nature,,earth,S5,,universal,,,,0.3,group_default,SYNTHESIS
🐖,pig,Animals & Nature,,earth,S5,,universal,,,,0.3,group_default,SYNTHESIS
🐗,boar,Animals & Nature,,earth,S5,,universal,,,,0.3,group_default,SYNTHESIS
🐽,pig nose,Animals & Nature,,earth,S5,,universal,,,,0.3,group_default,SYNTHESIS
🐏,ram,Animals & Nature,,earth,S5,,universal,,,,0.3,group_default,SYNTHESIS
🐑,ewe,Animals & Nature,,earth,S5,,universal,,,,0.3,group_default,SYNTHESIS
🐐,goat,Animals & Nature,,earth,S5,,universal,,,,0.3,group_default,SYNTHESIS
🐪,camel,Animals & Nature,,earth,S5,,universal,,,,0.3,group_default,SYNTHESIS
🐫,two-hump camel,Animals & Nature,,earth,S5,,universal,,,,0.3,group_default,SYNTHESIS
🦙,llama,Animals & Nature,,earth,S5,,universal,,,,0.3,group_default,SYNTHESIS
🦒,giraffe,Animals & Nature,,earth,S5,,universal,,,,0.3,group_default,SYNTHESIS
🐘,elephant,Animals & Nature,guru,earth,S1,,universal,,,,1.0,vahana_map,TRADITIONAL
🦣,mammoth,Animals & Nature,,earth,S5,,universal,,,,0.3,group_default,SYNTHESIS
🦏,rhinoceros,Animals & Nature,,earth,S5,,universal,,,,0.3,group_default,SYNTHESIS
🦛,hippopotamus,Animals & Nature,,earth,S5,,universal,,,,0.3,group_default,SYNTHESIS
🐭,mouse face,Animals & Nature,,earth,S5,,universal,,,,0.3,group_default,SYNTHESIS
🐁,mouse,Animals & Nature,,earth,S5,,universal,,,,0.3,group_default,SYNTHESIS
🐀,rat,Animals & Nature,budha,earth,S1,,universal,,,,1.0,vahana_map,TRADITIONAL
🐹,hamster,Animals & Nature,,earth,S5,,universal,,,,0.3,group_default,SYNTHESIS
🐰,rabbit face,Animals & Nature,chandra,earth,S5,,universal,,,,0.7,vahana_map,SYNTHESIS
🐇,rabbit,Animals & Nature,chandra,earth,S5,,universal,,,,0.7,vahana_map,SYNTHESIS
🐿️,chipmunk,Animals & Nature,,earth,S5,,universal,,,,0.3,group_default,SYNTHESIS
🦫,beaver,Animals & Nature,,earth,S5,,universal,,,,0.3,group_default,SYNTHESIS
🦔,hedgehog,Animals & Nature,,earth,S5,,universal,,,,0.3,group_default,SYNTHESIS
🦇,bat,Animals & Nature,,air,S5,,universal,,,,0.5,habitat_element,SYNTHESIS
🐻,bear,Animals & Nature,,earth,S5,,universal,,,,0.3,group_default,SYNTHESIS
🐻‍❄️,polar bear,Animals & Nature,,earth,S5,,universal,,,,0.3,group_default,SYNTHESIS
🐨,koala,Animals & Nature,,earth,S5,,universal,,,,0.3,group_default,SYNTHESIS
🐼,panda,Animals & Nature,,earth,S5,,universal,,,,0.3,group_default,SYNTHESIS
🦥,sloth,Animals & Nature,,earth,S5,,universal,,,,0.3,group_default,SYNTHESIS
🦦,otter,Animals & Nature,,earth,S5,,universal,,,,0.3,group_default,SYNTHESIS
🦨,skunk,Animals & Nature,,earth,S5,,universal,,,,0.3,group_default,SYNTHESIS
🦘,kangaroo,Animals & Nature,,earth,S5,,universal,,,,0.3,group_default,SYNTHESIS
🦡,badger,Animals & Nature,,earth,S5,,universal,,,,0.3,group_default,SYNTHESIS
🐾,paw prints,Animals & Nature,,earth,S5,,universal,,,,0.3,group_default,SYNTHESIS
🦃,turkey,Animals & Nature,,earth,S5,,universal,,,,0.3,group_default,SYNTHESIS
🐔,chicken,Animals & Nature,,earth,S5,,universal,,,,0.3,group_default,SYNTHESIS
🐓,rooster,Animals & Nature,,earth,S5,,universal,,,,0.3,group_default,SYNTHESIS
🐣,hatching chick,Animals & Nature,,earth,S5,,universal,,,,0.3,group_default,SYNTHESIS
🐤,baby chick,Animals & Nature,,earth,S5,,universal,,,,0.3,group_default,SYNTHESIS
🐥,front-facing baby chick,Animals & Nature,,earth,S5,,universal,,,,0.3,group_default,SYNTHESIS
🐦,bird,Animals & Nature,,air,S5,,universal,,,,0.5,habitat_element,SYNTHESIS
🐧,penguin,Animals & Nature,,earth,S5,,universal,,,,0.3,group_default,SYNTHESIS
🕊️,dove,Animals & Nature,,air,S5,,universal,,,,0.5,habitat_element,SYNTHESIS
🦅,eagle,Animals & Nature,surya,fire,S1,,universal,,,,1.0,vahana_map,TRADITIONAL
🦆,duck,Animals & Nature,,air,S5,,universal,,,,0.5,habitat_element,SYNTHESIS
🦢,swan,Animals & Nature,guru,air,S1,,brahmana,,,,1.0,vahana_map,TRADITIONAL
🦉,owl,Animals & Nature,shani,ether,S1,,universal,,,,0.9,vahana_map,TRADITIONAL
🦤,dodo,Animals & Nature,,earth,S5,,universal,,,,0.3,group_default,SYNTHESIS
🪶,feather,Animals & Nature,,earth,S5,,universal,,,,0.3,group_default,SYNTHESIS
🦩,flamingo,Animals & Nature,,air,S5,,universal,,,,0.5,habitat_element,SYNTHESIS
🦚,peacock,Animals & Nature,mangala,fire,S1,,universal,,,,1.0,vahana_map,TRADITIONAL
🦜,parrot,Animals & Nature,shukra,air,S2,,universal,,,,0.8,vahana_map,TRADITIONAL
🪽,wing,Animals & Nature,,earth,S5,,universal,,,,0.3,group_default,SYNTHESIS
🐦‍⬛,black bird,Animals & Nature,,air,S5,,universal,,,,0.5,habitat_element,SYNTHESIS
🪿,goose,Animals & Nature,,earth,S5,,universal,,,,0.3,group_default,SYNTHESIS
🐦‍🔥,phoenix,Animals & Nature,,earth,S5,,universal,,,,0.3,group_default,SYNTHESIS
🐸,frog,Animals & Nature,,earth,S5,,universal,,,,0.3,group_default,SYNTHESIS
🐊,crocodile,Animals & Nature,mangala,water,S5,,universal,,,,0.8,vahana_map,TRADITIONAL
🐢,turtle,Animals & Nature,shani,water,S1,,universal,,,,1.0,vahana_map,TRADITIONAL
🦎,lizard,Animals & Nature,,earth,S5,,universal,,,,0.3,group_default,SYNTHESIS
🐍,snake,Animals & Nature,rahu,water,S1,,universal,,,,1.0,vahana_map,TRADITIONAL
🐲,dragon face,Animals & Nature,,earth,S5,,universal,,,,0.3,group_default,SYNTHESIS
🐉,dragon,Animals & Nature,,earth,S5,,universal,,,,0.3,group_default,SYNTHESIS
🦕,sauropod,Animals & Nature,,earth,S5,,universal,,,,0.3,group_default,SYNTHESIS
🦖,T-Rex,Animals & Nature,,earth,S5,,universal,,,,0.3,group_default,SYNTHESIS
🐳,spouting whale,Animals & Nature,,water,S5,,universal,,,,0.5,habitat_element,SYNTHESIS
🐋,whale,Animals & Nature,,water,S5,,universal,,,,0.5,habitat_element,SYNTHESIS
🐬,dolphin,Animals & Nature,,water,S5,,universal,,,,0.5,habitat_element,SYNTHESIS
🦭,seal,Animals & Nature,,water,S5,,universal,,,,0.5,habitat_element,SYNTHESIS
🐟,fish,Animals & Nature,chandra,water,S1,,universal,,,,1.0,vahana_map,TRADITIONAL
🐠,tropical fish,Animals & Nature,chandra,water,S1,,universal,,,,1.0,vahana_map,TRADITIONAL
🐡,blowfish,Animals & Nature,chandra,water,S1,,universal,,,,1.0,vahana_map,TRADITIONAL
🦈,shark,Animals & Nature,,water,S5,,universal,,,,0.5,habitat_element,SYNTHESIS
🐙,octopus,Animals & Nature,,water,S5,,universal,,,,0.5,habitat_element,SYNTHESIS
🐚,spiral shell,Animals & Nature,,earth,S5,,universal,,,,0.3,group_default,SYNTHESIS
🪸,coral,Animals & Nature,,earth,S5,,universal,,,,0.3,group_default,SYNTHESIS
🪼,jellyfish,Animals & Nature,chandra,water,S1,,universal,,,,1.0,vahana_map,TRADITIONAL
🦀,crab,Animals & Nature,,water,S5,,universal,,,,0.5,habitat_element,SYNTHESIS
🦞,lobster,Animals & Nature,,water,S5,,universal,,,,0.5,habitat_element,SYNTHESIS
🦐,shrimp,Animals & Nature,,water,S5,,universal,,,,0.5,habitat_element,SYNTHESIS
🦑,squid,Animals & Nature,,water,S5,,universal,,,,0.5,habitat_element,SYNTHESIS
🦪,oyster,Animals & Nature,,earth,S5,,universal,,,,0.3,group_default,SYNTHESIS
🐌,snail,Animals & Nature,,earth,S5,,universal,,,,0.5,habitat_element,SYNTHESIS
🦋,butterfly,Animals & Nature,,air,S5,,universal,,,,0.5,habitat_element,SYNTHESIS
🐛,bug,Animals & Nature,,earth,S5,,universal,,,,0.3,group_default,SYNTHESIS
🐜,ant,Animals & Nature,,earth,S5,,universal,,,,0.5,habitat_element,SYNTHESIS
🐝,honeybee,Animals & Nature,,air,S5,,universal,,,,0.5,habitat_element,SYNTHESIS
🪲,beetle,Animals & Nature,,air,S5,,universal,,,,0.5,habitat_element,SYNTHESIS
🐞,lady beetle,Animals & Nature,,air,S5,,universal,,,,0.5,habitat_element,SYNTHESIS
🦗,cricket,Animals & Nature,,earth,S5,,universal,,,,0.3,group_default,SYNTHESIS
🪳,cockroach,Animals & Nature,,earth,S5,,universal,,,,0.3,group_default,SYNTHESIS
🕷️,spider,Animals & Nature,,earth,S5,,universal,,,,0.5,habitat_element,SYNTHESIS
🕸️,spider web,Animals & Nature,,earth,S5,,universal,,,,0.5,habitat_element,SYNTHESIS
🦂,scorpion,Animals & Nature,,fire,S5,,universal,,,,0.5,habitat_element,SYNTHESIS
🦟,mosquito,Animals & Nature,,earth,S5,,universal,,,,0.3,group_default,SYNTHESIS
🪰,fly,Animals & Nature,,air,S5,,universal,,,,0.5,habitat_element,SYNTHESIS
🪱,worm,Animals & Nature,,earth,S5,,universal,,,,0.5,habitat_element,SYNTHESIS
🦠,microbe,Animals & Nature,,earth,S5,,universal,,,,0.3,group_default,SYNTHESIS
💐,bouquet,Animals & Nature,,earth,S5,,universal,,,,0.3,group_default,SYNTHESIS
🌸,cherry blossom,Animals & Nature,shukra,water,S5,,universal,,,,0.5,plant_venus,SYNTHESIS
💮,white flower,Animals & Nature,shukra,water,S5,,universal,,,,0.5,plant_venus,SYNTHESIS
🪷,lotus,Animals & Nature,,earth,S5,,universal,,,,0.3,group_default,SYNTHESIS
🏵️,rosette,Animals & Nature,shukra,water,S5,,universal,,,,0.5,plant_venus,SYNTHESIS
🌹,rose,Animals & Nature,shukra,water,S5,,universal,,,,0.5,plant_venus,SYNTHESIS
🥀,wilted flower,Animals & Nature,shukra,water,S5,,universal,,,,0.5,plant_venus,SYNTHESIS
🌺,hibiscus,Animals & Nature,shukra,water,S5,,universal,,,,0.5,plant_venus,SYNTHESIS
🌻,sunflower,Animals & Nature,surya,fire,S3,,universal,,,,0.6,weather,SYNTHESIS
🌼,blossom,Animals & Nature,shukra,water,S5,,universal,,,,0.5,plant_venus,SYNTHESIS
🌷,tulip,Animals & Nature,shukra,water,S5,,universal,,,,0.5,plant_venus,SYNTHESIS
🪻,hyacinth,Animals & Nature,,earth,S5,,universal,,,,0.3,group_default,SYNTHESIS
🌱,seedling,Animals & Nature,guru,earth,S5,,universal,,,,0.5,plant_jupiter,SYNTHESIS
🪴,potted plant,Animals & Nature,,earth,S5,,universal,,,,0.5,habitat_element,SYNTHESIS
🌲,evergreen tree,Animals & Nature,guru,earth,S5,,universal,,,,0.5,plant_jupiter,SYNTHESIS
🌳,deciduous tree,Animals & Nature,guru,earth,S5,,universal,,,,0.5,plant_jupiter,SYNTHESIS
🌴,palm tree,Animals & Nature,guru,earth,S5,,universal,,,,0.5,plant_jupiter,SYNTHESIS
🌵,cactus,Animals & Nature,guru,earth,S5,,universal,,,,0.5,plant_jupiter,SYNTHESIS
🌾,sheaf of rice,Animals & Nature,,earth,S5,,universal,,,,0.3,group_default,SYNTHESIS
🌿,herb,Animals & Nature,guru,earth,S5,,universal,,,,0.5,plant_jupiter,SYNTHESIS
☘️,shamrock,Animals & Nature,,earth,S5,,universal,,,,0.3,group_default,SYNTHESIS
🍀,four leaf clover,Animals & Nature,guru,earth,S5,,universal,,,,0.5,plant_jupiter,SYNTHESIS
🍁,maple leaf,Animals & Nature,guru,earth,S5,,universal,,,,0.5,plant_jupiter,SYNTHESIS
🍂,fallen leaf,Animals & Nature,guru,earth,S5,,universal,,,,0.5,plant_jupiter,SYNTHESIS
🍃,leaf fluttering in wind,Animals & Nature,guru,air,S3,,universal,,,,0.6,weather,SYNTHESIS
🪹,empty nest,Animals & Nature,,earth,S5,,universal,,,,0.3,group_default,SYNTHESIS
🪺,nest with eggs,Animals & Nature,,earth,S5,,universal,,,,0.3,group_default,SYNTHESIS
🍄,mushroom,Animals & Nature,,earth,S5,,universal,,,,0.3,group_default,SYNTHESIS
🪾,leafless tree,Animals & Nature,guru,earth,S5,,universal,,,,0.5,plant_jupiter,SYNTHESIS
🍇,grapes,Food & Drink,shukra,earth,S5,,universal,,,SE,0.4,food_default,SYNTHESIS
🍈,melon,Food & Drink,shukra,earth,S5,,universal,,,SE,0.4,food_default,SYNTHESIS
🍉,watermelon,Food & Drink,shukra,earth,S5,,universal,,,SE,0.4,food_default,SYNTHESIS
🍊,tangerine,Food & Drink,shukra,earth,S5,,universal,,,SE,0.4,food_default,SYNTHESIS
🍋,lemon,Food & Drink,surya,earth,S5,,universal,amla,pitta,SE,0.7,rasa_map,SYNTHESIS
🍋‍🟩,lime,Food & Drink,shukra,earth,S5,,universal,,,SE,0.4,food_default,SYNTHESIS
🍌,banana,Food & Drink,shukra,earth,S5,,universal,,,SE,0.4,food_default,SYNTHESIS
🍍,pineapple,Food & Drink,shukra,earth,S5,,universal,,,SE,0.4,food_default,SYNTHESIS
🥭,mango,Food & Drink,shukra,earth,S5,,universal,,,SE,0.4,food_default,SYNTHESIS
🍎,red apple,Food & Drink,shukra,earth,S5,,universal,,,SE,0.4,food_default,SYNTHESIS
🍏,green apple,Food & Drink,shukra,earth,S5,,universal,,,SE,0.4,food_default,SYNTHESIS
🍐,pear,Food & Drink,shukra,earth,S5,,universal,,,SE,0.4,food_default,SYNTHESIS
🍑,peach,Food & Drink,shukra,earth,S5,,universal,,,SE,0.4,food_default,SYNTHESIS
🍒,cherries,Food & Drink,shukra,earth,S5,,universal,,,SE,0.4,food_default,SYNTHESIS
🍓,strawberry,Food & Drink,shukra,earth,S5,,universal,,,SE,0.4,food_default,SYNTHESIS
🫐,blueberries,Food & Drink,shukra,earth,S5,,universal,,,SE,0.4,food_default,SYNTHESIS
🥝,kiwi fruit,Food & Drink,shukra,earth,S5,,universal,madhura,kapha,SE,0.7,rasa_map,SYNTHESIS
🍅,tomato,Food & Drink,shukra,earth,S5,,universal,,,SE,0.4,food_default,SYNTHESIS
🫒,olive,Food & Drink,shukra,earth,S5,,universal,,,SE,0.4,food_default,SYNTHESIS
🥥,coconut,Food & Drink,shukra,earth,S5,,universal,,,SE,0.4,food_default,SYNTHESIS
🥑,avocado,Food & Drink,shukra,earth,S5,,universal,,,SE,0.4,food_default,SYNTHESIS
🍆,eggplant,Food & Drink,chandra,earth,S5,,universal,madhura,kapha,SE,0.7,rasa_map,SYNTHESIS
🥔,potato,Food & Drink,shukra,earth,S5,,universal,,,SE,0.4,food_default,SYNTHESIS
🥕,carrot,Food & Drink,shukra,earth,S5,,universal,,,SE,0.4,food_default,SYNTHESIS
🌽,ear of corn,Food & Drink,surya,earth,S5,,universal,madhura,kapha,SE,0.7,rasa_map,SYNTHESIS
🌶️,hot pepper,Food & Drink,mangala,earth,S5,,universal,katu,pitta,SE,0.7,rasa_map,SYNTHESIS
🫑,bell pepper,Food & Drink,mangala,earth,S5,,universal,katu,pitta,SE,0.7,rasa_map,SYNTHESIS
🥒,cucumber,Food & Drink,shukra,earth,S5,,universal,,,SE,0.4,food_default,SYNTHESIS
🥬,leafy green,Food & Drink,shukra,earth,S5,,universal,,,SE,0.4,food_default,SYNTHESIS
🥦,broccoli,Food & Drink,budha,earth,S5,,universal,kashaya,vata,SE,0.7,rasa_map,SYNTHESIS
🧄,garlic,Food & Drink,mangala,earth,S5,,universal,katu,pitta,SE,0.7,rasa_map,SYNTHESIS
🧅,onion,Food & Drink,shukra,earth,S5,,universal,,,SE,0.4,food_default,SYNTHESIS
🥜,peanuts,Food & Drink,shukra,earth,S5,,universal,,,SE,0.4,food_default,SYNTHESIS
🫘,beans,Food & Drink,shukra,earth,S5,,universal,,,SE,0.4,food_default,SYNTHESIS
🌰,chestnut,Food & Drink,shukra,earth,S5,,universal,,,SE,0.4,food_default,SYNTHESIS
🫚,ginger root,Food & Drink,surya,earth,S5,,universal,katu,pitta,SE,0.7,rasa_map,SYNTHESIS
🫛,pea pod,Food & Drink,shukra,earth,S5,,universal,,,SE,0.4,food_default,SYNTHESIS
🍄‍🟫,brown mushroom,Food & Drink,shani,earth,S5,,universal,kashaya,kapha,SE,0.7,rasa_map,SYNTHESIS
🫜,root vegetable,Food & Drink,budha,earth,S5,,universal,kashaya,vata,SE,0.7,rasa_map,SYNTHESIS
🍞,bread,Food & Drink,budha,earth,S5,,universal,madhura,kapha,SE,0.7,rasa_map,SYNTHESIS
🥐,croissant,Food & Drink,shukra,earth,S5,,universal,,,SE,0.4,food_default,SYNTHESIS
🥖,baguette bread,Food & Drink,budha,earth,S5,,universal,madhura,kapha,SE,0.7,rasa_map,SYNTHESIS
🫓,flatbread,Food & Drink,budha,earth,S5,,universal,madhura,kapha,SE,0.7,rasa_map,SYNTHESIS
🥨,pretzel,Food & Drink,shukra,earth,S5,,universal,,,SE,0.4,food_default,SYNTHESIS
🥯,bagel,Food & Drink,shukra,earth,S5,,universal,,,SE,0.4,food_default,SYNTHESIS
🥞,pancakes,Food & Drink,shukra,earth,S5,,universal,madhura,kapha,SE,0.7,rasa_map,SYNTHESIS
🧇,waffle,Food & Drink,shukra,earth,S5,,universal,,,SE,0.4,food_default,SYNTHESIS
🧀,cheese wedge,Food & Drink,shukra,earth,S5,,universal,,,SE,0.4,food_default,SYNTHESIS
🍖,meat on bone,Food & Drink,mangala,earth,S5,,universal,madhura,pitta,SE,0.7,rasa_map,SYNTHESIS
🍗,poultry leg,Food & Drink,shukra,earth,S5,,universal,,,SE,0.4,food_default,SYNTHESIS
🥩,cut of meat,Food & Drink,mangala,earth,S5,,universal,madhura,pitta,SE,0.7,rasa_map,SYNTHESIS
🥓,bacon,Food & Drink,shukra,earth,S5,,universal,,,SE,0.4,food_default,SYNTHESIS
🍔,hamburger,Food & Drink,shukra,earth,S5,,universal,,,SE,0.4,food_default,SYNTHESIS
🍟,french fries,Food & Drink,shukra,earth,S5,,universal,,,SE,0.4,food_default,SYNTHESIS
🍕,pizza,Food & Drink,shukra,earth,S5,,universal,,,SE,0.4,food_default,SYNTHESIS
🌭,hot dog,Food & Drink,mangala,earth,S5,,universal,katu,pitta,SE,0.7,rasa_map,SYNTHESIS
🥪,sandwich,Food & Drink,shukra,earth,S5,,universal,,,SE,0.4,food_default,SYNTHESIS
🌮,taco,Food & Drink,shukra,earth,S5,,universal,,,SE,0.4,food_default,SYNTHESIS
🌯,burrito,Food & Drink,shukra,earth,S5,,universal,,,SE,0.4,food_default,SYNTHESIS
🫔,tamale,Food & Drink,shukra,earth,S5,,universal,,,SE,0.4,food_default,SYNTHESIS
🥙,stuffed flatbread,Food & Drink,budha,earth,S5,,universal,madhura,kapha,SE,0.7,rasa_map,SYNTHESIS
🧆,falafel,Food & Drink,shukra,earth,S5,,universal,,,SE,0.4,food_default,SYNTHESIS
🥚,egg,Food & Drink,chandra,earth,S5,,universal,madhura,kapha,SE,0.7,rasa_map,SYNTHESIS
🍳,cooking,Food & Drink,shukra,earth,S5,,universal,,,SE,0.4,food_default,SYNTHESIS
🥘,shallow pan of food,Food & Drink,shukra,earth,S5,,universal,,,SE,0.4,food_default,SYNTHESIS
🍲,pot of food,Food & Drink,shukra,earth,S5,,universal,,,SE,0.4,food_default,SYNTHESIS
🫕,fondue,Food & Drink,shukra,earth,S5,,universal,,,SE,0.4,food_default,SYNTHESIS
🥣,bowl with spoon,Food & Drink,shukra,earth,S5,,universal,,,SE,0.4,food_default,SYNTHESIS
🥗,green salad,Food & Drink,shukra,earth,S5,,universal,,,SE,0.4,food_default,SYNTHESIS
🍿,popcorn,Food & Drink,surya,earth,S5,,universal,madhura,kapha,SE,0.7,rasa_map,SYNTHESIS
🧈,butter,Food & Drink,shukra,earth,S5,,universal,,,SE,0.4,food_default,SYNTHESIS
🧂,salt,Food & Drink,chandra,earth,S5,,universal,lavana,kapha,SE,0.7,rasa_map,SYNTHESIS
🥫,canned food,Food & Drink,shukra,earth,S5,,universal,,,SE,0.4,food_default,SYNTHESIS
🍱,bento box,Food & Drink,shukra,earth,S5,,universal,,,SE,0.4,food_default,SYNTHESIS
🍘,rice cracker,Food & Drink,chandra,earth,S5,,universal,madhura,kapha,SE,0.7,rasa_map,SYNTHESIS
🍙,rice ball,Food & Drink,chandra,earth,S5,,universal,madhura,kapha,SE,0.7,rasa_map,SYNTHESIS
🍚,cooked rice,Food & Drink,chandra,earth,S5,,universal,madhura,kapha,SE,0.7,rasa_map,SYNTHESIS
🍛,curry rice,Food & Drink,chandra,earth,S5,,universal,madhura,kapha,SE,0.7,rasa_map,SYNTHESIS
🍜,steaming bowl,Food & Drink,budha,earth,S5,,universal,tikta,vata,SE,0.7,rasa_map,SYNTHESIS
🍝,spaghetti,Food & Drink,shukra,earth,S5,,universal,,,SE,0.4,food_default,SYNTHESIS
🍠,roasted sweet potato,Food & Drink,shukra,earth,S5,,universal,madhura,kapha,SE,0.7,rasa_map,SYNTHESIS
🍢,oden,Food & Drink,shukra,earth,S5,,universal,,,SE,0.4,food_default,SYNTHESIS
🍣,sushi,Food & Drink,shukra,earth,S5,,universal,,,SE,0.4,food_default,SYNTHESIS
🍤,fried shrimp,Food & Drink,shukra,earth,S5,,universal,,,SE,0.4,food_default,SYNTHESIS
🍥,fish cake with swirl,Food & Drink,shukra,earth,S5,,universal,madhura,kapha,SE,0.7,rasa_map,SYNTHESIS
🥮,moon cake,Food & Drink,shukra,earth,S5,,universal,madhura,kapha,SE,0.7,rasa_map,SYNTHESIS
🍡,dango,Food & Drink,shukra,earth,S5,,universal,,,SE,0.4,food_default,SYNTHESIS
🥟,dumpling,Food & Drink,shukra,earth,S5,,universal,,,SE,0.4,food_default,SYNTHESIS
🥠,fortune cookie,Food & Drink,shukra,earth,S5,,universal,,,SE,0.4,food_default,SYNTHESIS
🥡,takeout box,Food & Drink,shukra,earth,S5,,universal,,,SE,0.4,food_default,SYNTHESIS
🍦,soft ice cream,Food & Drink,chandra,earth,S5,,universal,madhura,kapha,SE,0.7,rasa_map,SYNTHESIS
🍧,shaved ice,Food & Drink,shukra,earth,S5,,universal,,,SE,0.4,food_default,SYNTHESIS
🍨,ice cream,Food & Drink,chandra,earth,S5,,universal,madhura,kapha,SE,0.7,rasa_map,SYNTHESIS
🍩,doughnut,Food & Drink,shukra,earth,S5,,universal,,,SE,0.4,food_default,SYNTHESIS
🍪,cookie,Food & Drink,shukra,earth,S5,,universal,,,SE,0.4,food_default,SYNTHESIS
🎂,birthday cake,Food & Drink,shukra,earth,S5,,universal,madhura,kapha,SE,0.7,rasa_map,SYNTHESIS
🍰,shortcake,Food & Drink,shukra,earth,S5,,universal,madhura,kapha,SE,0.7,rasa_map,SYNTHESIS
🧁,cupcake,Food & Drink,shukra,earth,S5,,universal,madhura,kapha,SE,0.7,rasa_map,SYNTHESIS
🥧,pie,Food & Drink,shukra,earth,S5,,universal,,,SE,0.4,food_default,SYNTHESIS
🍫,chocolate bar,Food & Drink,shukra,earth,S5,,universal,madhura,kapha,SE,0.7,rasa_map,SYNTHESIS
🍬,candy,Food & Drink,shukra,earth,S5,,universal,madhura,kapha,SE,0.7,rasa_map,SYNTHESIS
🍭,lollipop,Food & Drink,shukra,earth,S5,,universal,,,SE,0.4,food_default,SYNTHESIS
🍮,custard,Food & Drink,shukra,earth,S5,,universal,,,SE,0.4,food_default,SYNTHESIS
🍯,honey pot,Food & Drink,guru,earth,S5,,universal,madhura,kapha,SE,0.7,rasa_map,SYNTHESIS
🍼,baby bottle,Food & Drink,shukra,earth,S5,,universal,,,SE,0.4,food_default,SYNTHESIS
🥛,glass of milk,Food & Drink,chandra,earth,S5,,universal,madhura,kapha,SE,0.7,rasa_map,SYNTHESIS
☕,hot beverage,Food & Drink,mangala,earth,S5,,universal,katu,pitta,SE,0.7,rasa_map,SYNTHESIS
🫖,teapot,Food & Drink,budha,earth,S5,,universal,tikta,vata,SE,0.7,rasa_map,SYNTHESIS
🍵,teacup without handle,Food & Drink,budha,earth,S5,,universal,tikta,vata,SE,0.7,rasa_map,SYNTHESIS
🍶,sake,Food & Drink,shukra,earth,S5,,universal,,,SE,0.4,food_default,SYNTHESIS
🍾,bottle with popping cork,Food & Drink,shukra,earth,S5,,universal,,,SE,0.4,food_default,SYNTHESIS
🍷,wine glass,Food & Drink,shukra,earth,S5,,universal,madhura,pitta,SE,0.7,rasa_map,SYNTHESIS
🍸,cocktail glass,Food & Drink,shukra,earth,S5,,universal,,,SE,0.4,food_default,SYNTHESIS
🍹,tropical drink,Food & Drink,shukra,earth,S5,,universal,,,SE,0.4,food_default,SYNTHESIS
🍺,beer mug,Food & Drink,rahu,earth,S5,,universal,tikta,pitta,SE,0.7,rasa_map,SYNTHESIS
🍻,clinking beer mugs,Food & Drink,rahu,earth,S5,,universal,tikta,pitta,SE,0.7,rasa_map,SYNTHESIS
🥂,clinking glasses,Food & Drink,shukra,earth,S5,,universal,,,SE,0.4,food_default,SYNTHESIS
🥃,tumbler glass,Food & Drink,shukra,earth,S5,,universal,,,SE,0.4,food_default,SYNTHESIS
🫗,pouring liquid,Food & Drink,shukra,earth,S5,,universal,,,SE,0.4,food_default,SYNTHESIS
🥤,cup with straw,Food & Drink,shukra,earth,S5,,universal,,,SE,0.4,food_default,SYNTHESIS
🧋,bubble tea,Food & Drink,budha,earth,S5,,universal,tikta,vata,SE,0.7,rasa_map,SYNTHESIS
🧃,beverage box,Food & Drink,shukra,earth,S5,,universal,,,SE,0.4,food_default,SYNTHESIS
🧉,mate,Food & Drink,shukra,earth,S5,,universal,,,SE,0.4,food_default,SYNTHESIS
🧊,ice,Food & Drink,shukra,earth,S5,,universal,,,SE,0.4,food_default,SYNTHESIS
🥢,chopsticks,Food & Drink,shukra,earth,S5,,universal,,,SE,0.4,food_default,SYNTHESIS
🍽️,fork and knife with plate,Food & Drink,shukra,earth,S5,,universal,,,SE,0.4,food_default,SYNTHESIS
🍴,fork and knife,Food & Drink,shukra,earth,S5,,universal,,,SE,0.4,food_default,SYNTHESIS
🥄,spoon,Food & Drink,shukra,earth,S5,,universal,,,SE,0.4,food_default,SYNTHESIS
🔪,kitchen knife,Food & Drink,shukra,earth,S5,,universal,,,SE,0.4,food_default,SYNTHESIS
🫙,jar,Food & Drink,shukra,earth,S5,,universal,,,SE,0.4,food_default,SYNTHESIS
🏺,amphora,Food & Drink,shukra,earth,S5,,universal,,,SE,0.4,food_default,SYNTHESIS
🌍,globe showing Europe-Africa,Travel & Places,,earth,S4,,universal,,,,0.3,group_default,SYNTHESIS
🌎,globe showing Americas,Travel & Places,,earth,S4,,universal,,,,0.3,group_default,SYNTHESIS
🌏,globe showing Asia-Australia,Travel & Places,,earth,S4,,universal,,,,0.3,group_default,SYNTHESIS
🌐,globe with meridians,Travel & Places,,earth,S4,,universal,,,,0.3,group_default,SYNTHESIS
🗺️,world map,Travel & Places,,earth,S4,,universal,,,,0.3,group_default,SYNTHESIS
🗾,map of Japan,Travel & Places,,earth,S4,,universal,,,,0.3,group_default,SYNTHESIS
🧭,compass,Travel & Places,,earth,S4,,universal,,,,0.3,group_default,SYNTHESIS
🏔️,snow-capped mountain,Travel & Places,shani,earth,S4,,universal,,,,0.5,landscape_earth,SYNTHESIS
⛰️,mountain,Travel & Places,shani,earth,S4,,universal,,,,0.5,landscape_earth,SYNTHESIS
🌋,volcano,Travel & Places,shani,earth,S4,,universal,,,,0.5,landscape_earth,SYNTHESIS
🗻,mount fuji,Travel & Places,,earth,S4,,universal,,,,0.3,group_default,SYNTHESIS
🏕️,camping,Travel & Places,,earth,S4,,universal,,,,0.3,group_default,SYNTHESIS
🏖️,beach with umbrella,Travel & Places,,earth,S4,,universal,,,,0.3,group_default,SYNTHESIS
🏜️,desert,Travel & Places,shani,earth,S4,,universal,,,,0.5,landscape_earth,SYNTHESIS
🏝️,desert island,Travel & Places,shani,earth,S4,,universal,,,,0.5,landscape_earth,SYNTHESIS
🏞️,national park,Travel & Places,,earth,S4,,universal,,,,0.3,group_default,SYNTHESIS
🏟️,stadium,Travel & Places,,earth,S4,,universal,,,,0.3,group_default,SYNTHESIS
🏛️,classical building,Travel & Places,,earth,S4,,universal,,,,0.3,group_default,SYNTHESIS
🏗️,building construction,Travel & Places,,earth,S4,,universal,,,,0.3,group_default,SYNTHESIS
🧱,brick,Travel & Places,,earth,S4,,universal,,,,0.3,group_default,SYNTHESIS
🪨,rock,Travel & Places,,earth,S4,,universal,,,,0.3,group_default,SYNTHESIS
🪵,wood,Travel & Places,,earth,S4,,universal,,,,0.3,group_default,SYNTHESIS
🛖,hut,Travel & Places,,earth,S4,,universal,,,,0.3,group_default,SYNTHESIS
🏘️,houses,Travel & Places,,earth,S4,,universal,,,,0.3,group_default,SYNTHESIS
🏚️,derelict house,Travel & Places,,earth,S4,,universal,,,,0.3,group_default,SYNTHESIS
🏠,house,Travel & Places,,earth,S4,,universal,,,,0.3,group_default,SYNTHESIS
🏡,house with garden,Travel & Places,,earth,S4,,universal,,,,0.3,group_default,SYNTHESIS
🏢,office building,Travel & Places,,earth,S4,,universal,,,,0.3,group_default,SYNTHESIS
🏣,Japanese post office,Travel & Places,,earth,S4,,universal,,,,0.3,group_default,SYNTHESIS
🏤,post office,Travel & Places,,earth,S4,,universal,,,,0.3,group_default,SYNTHESIS
🏥,hospital,Travel & Places,,earth,S4,,universal,,,,0.3,group_default,SYNTHESIS
🏦,bank,Travel & Places,,earth,S4,,universal,,,,0.3,group_default,SYNTHESIS
🏨,hotel,Travel & Places,,earth,S4,,universal,,,,0.3,group_default,SYNTHESIS
🏩,love hotel,Travel & Places,,earth,S4,,universal,,,,0.3,group_default,SYNTHESIS
🏪,convenience store,Travel & Places,,earth,S4,,universal,,,,0.3,group_default,SYNTHESIS
🏫,school,Travel & Places,,earth,S4,,universal,,,,0.3,group_default,SYNTHESIS
🏬,department store,Travel & Places,,earth,S4,,universal,,,,0.3,group_default,SYNTHESIS
🏭,factory,Travel & Places,,earth,S4,,universal,,,,0.3,group_default,SYNTHESIS
🏯,Japanese castle,Travel & Places,,earth,S4,,universal,,,,0.3,group_default,SYNTHESIS
🏰,castle,Travel & Places,,earth,S4,,universal,,,,0.3,group_default,SYNTHESIS
💒,wedding,Travel & Places,,earth,S4,,universal,,,,0.3,group_default,SYNTHESIS
🗼,Tokyo tower,Travel & Places,,earth,S4,,universal,,,,0.3,group_default,SYNTHESIS
🗽,Statue of Liberty,Travel & Places,,earth,S4,,universal,,,,0.3,group_default,SYNTHESIS
⛪,church,Travel & Places,guru,earth,S4,,brahmana,,,,0.6,building_sacred,SYNTHESIS
🕌,mosque,Travel & Places,guru,earth,S4,,brahmana,,,,0.6,building_sacred,SYNTHESIS
🛕,hindu temple,Travel & Places,guru,earth,S4,,brahmana,,,,0.6,building_sacred,SYNTHESIS
🕍,synagogue,Travel & Places,guru,earth,S4,,brahmana,,,,0.6,building_sacred,SYNTHESIS
⛩️,shinto shrine,Travel & Places,,earth,S4,,universal,,,,0.3,group_default,SYNTHESIS
🕋,kaaba,Travel & Places,,earth,S4,,universal,,,,0.3,group_default,SYNTHESIS
⛲,fountain,Travel & Places,,earth,S4,,universal,,,,0.3,group_default,SYNTHESIS
⛺,tent,Travel & Places,,earth,S4,,universal,,,,0.3,group_default,SYNTHESIS
🌁,foggy,Travel & Places,,earth,S4,,universal,,,,0.3,group_default,SYNTHESIS
🌃,night with stars,Travel & Places,,earth,S4,,universal,,,,0.3,group_default,SYNTHESIS
🏙️,cityscape,Travel & Places,,earth,S4,,universal,,,,0.3,group_default,SYNTHESIS
🌄,sunrise over mountains,Travel & Places,shani,earth,S4,,universal,,,,0.5,landscape_earth,SYNTHESIS
🌅,sunrise,Travel & Places,,earth,S4,,universal,,,,0.3,group_default,SYNTHESIS
🌆,cityscape at dusk,Travel & Places,,earth,S4,,universal,,,,0.3,group_default,SYNTHESIS
🌇,sunset,Travel & Places,,earth,S4,,universal,,,,0.3,group_default,SYNTHESIS
🌉,bridge at night,Travel & Places,,earth,S4,,universal,,,,0.3,group_default,SYNTHESIS
♨️,hot springs,Travel & Places,,earth,S4,,universal,,,,0.3,group_default,SYNTHESIS
🎠,carousel horse,Travel & Places,,earth,S4,,universal,,,,0.3,group_default,SYNTHESIS
🛝,playground slide,Travel & Places,,earth,S4,,universal,,,,0.3,group_default,SYNTHESIS
🎡,ferris wheel,Travel & Places,,earth,S4,,universal,,,,0.3,group_default,SYNTHESIS
🎢,roller coaster,Travel & Places,,earth,S4,,universal,,,,0.3,group_default,SYNTHESIS
💈,barber pole,Travel & Places,,earth,S4,,universal,,,,0.3,group_default,SYNTHESIS
🎪,circus tent,Travel & Places,,earth,S4,,universal,,,,0.3,group_default,SYNTHESIS
🚂,locomotive,Travel & Places,,earth,S4,,universal,,,,0.3,group_default,SYNTHESIS
🚃,railway car,Travel & Places,,earth,S4,,universal,,,,0.3,group_default,SYNTHESIS
🚄,high-speed train,Travel & Places,,earth,S4,,universal,,,,0.3,group_default,SYNTHESIS
🚅,bullet train,Travel & Places,,earth,S4,,universal,,,,0.3,group_default,SYNTHESIS
🚆,train,Travel & Places,,earth,S4,,universal,,,,0.3,group_default,SYNTHESIS
🚇,metro,Travel & Places,,earth,S4,,universal,,,,0.3,group_default,SYNTHESIS
🚈,light rail,Travel & Places,,earth,S4,,universal,,,,0.3,group_default,SYNTHESIS
🚉,station,Travel & Places,,earth,S4,,universal,,,,0.3,group_default,SYNTHESIS
🚊,tram,Travel & Places,,earth,S4,,universal,,,,0.3,group_default,SYNTHESIS
🚝,monorail,Travel & Places,,earth,S4,,universal,,,,0.3,group_default,SYNTHESIS
🚞,mountain railway,Travel & Places,shani,earth,S4,,universal,,,,0.5,landscape_earth,SYNTHESIS
🚋,tram car,Travel & Places,,earth,S4,,universal,,,,0.3,group_default,SYNTHESIS
🚌,bus,Travel & Places,,earth,S4,,universal,,,,0.3,group_default,SYNTHESIS
🚍,oncoming bus,Travel & Places,,earth,S4,,universal,,,,0.3,group_default,SYNTHESIS
🚎,trolleybus,Travel & Places,,earth,S4,,universal,,,,0.3,group_default,SYNTHESIS
🚐,minibus,Travel & Places,,earth,S4,,universal,,,,0.3,group_default,SYNTHESIS
🚑,ambulance,Travel & Places,,earth,S4,,universal,,,,0.3,group_default,SYNTHESIS
🚒,fire engine,Travel & Places,,earth,S4,,universal,,,,0.3,group_default,SYNTHESIS
🚓,police car,Travel & Places,,earth,S4,,universal,,,,0.3,group_default,SYNTHESIS
🚔,oncoming police car,Travel & Places,,earth,S4,,universal,,,,0.3,group_default,SYNTHESIS
🚕,taxi,Travel & Places,,earth,S4,,universal,,,,0.3,group_default,SYNTHESIS
🚖,oncoming taxi,Travel & Places,,earth,S4,,universal,,,,0.3,group_default,SYNTHESIS
🚗,automobile,Travel & Places,,earth,S4,,universal,,,,0.3,group_default,SYNTHESIS
🚘,oncoming automobile,Travel & Places,,earth,S4,,universal,,,,0.3,group_default,SYNTHESIS
🚙,sport utility vehicle,Travel & Places,,earth,S4,,universal,,,,0.3,group_default,SYNTHESIS
🛻,pickup truck,Travel & Places,,earth,S4,,universal,,,,0.3,group_default,SYNTHESIS
🚚,delivery truck,Travel & Places,,earth,S4,,universal,,,,0.3,group_default,SYNTHESIS
🚛,articulated lorry,Travel & Places,,earth,S4,,universal,,,,0.3,group_default,SYNTHESIS
🚜,tractor,Travel & Places,,earth,S4,,universal,,,,0.3,group_default,SYNTHESIS
🏎️,racing car,Travel & Places,,earth,S4,,universal,,,,0.3,group_default,SYNTHESIS
🏍️,motorcycle,Travel & Places,,earth,S4,,universal,,,,0.3,group_default,SYNTHESIS
🛵,motor scooter,Travel & Places,,earth,S4,,universal,,,,0.3,group_default,SYNTHESIS
🦽,manual wheelchair,Travel & Places,,earth,S4,,universal,,,,0.3,group_default,SYNTHESIS
🦼,motorized wheelchair,Travel & Places,,earth,S4,,universal,,,,0.3,group_default,SYNTHESIS
🛺,auto rickshaw,Travel & Places,,earth,S4,,universal,,,,0.3,group_default,SYNTHESIS
🚲,bicycle,Travel & Places,,earth,S4,,universal,,,,0.3,group_default,SYNTHESIS
🛴,kick scooter,Travel & Places,,earth,S4,,universal,,,,0.3,group_default,SYNTHESIS
🛹,skateboard,Travel & Places,,earth,S4,,universal,,,,0.3,group_default,SYNTHESIS
🛼,roller skate,Travel & Places,,earth,S4,,universal,,,,0.3,group_default,SYNTHESIS
🚏,bus stop,Travel & Places,,earth,S4,,universal,,,,0.3,group_default,SYNTHESIS
🛣️,motorway,Travel & Places,,earth,S4,,universal,,,,0.3,group_default,SYNTHESIS
🛤️,railway track,Travel & Places,,earth,S4,,universal,,,,0.3,group_default,SYNTHESIS
🛢️,oil drum,Travel & Places,,earth,S4,,universal,,,,0.3,group_default,SYNTHESIS
⛽,fuel pump,Travel & Places,,earth,S4,,universal,,,,0.3,group_default,SYNTHESIS
🛞,wheel,Travel & Places,,earth,S4,,universal,,,,0.3,group_default,SYNTHESIS
🚨,police car light,Travel & Places,,earth,S4,,universal,,,,0.3,group_default,SYNTHESIS
🚥,horizontal traffic light,Travel & Places,,earth,S4,,universal,,,,0.3,group_default,SYNTHESIS
🚦,vertical traffic light,Travel & Places,,earth,S4,,universal,,,,0.3,group_default,SYNTHESIS
🛑,stop sign,Travel & Places,,earth,S4,,universal,,,,0.3,group_default,SYNTHESIS
🚧,construction,Travel & Places,,earth,S4,,universal,,,,0.3,group_default,SYNTHESIS
⚓,anchor,Travel & Places,,earth,S4,,universal,,,,0.3,group_default,SYNTHESIS
🛟,ring buoy,Travel & Places,,earth,S4,,universal,,,,0.3,group_default,SYNTHESIS
⛵,sailboat,Travel & Places,,earth,S4,,universal,,,,0.3,group_default,SYNTHESIS
🛶,canoe,Travel & Places,,earth,S4,,universal,,,,0.3,group_default,SYNTHESIS
🚤,speedboat,Travel & Places,,earth,S4,,universal,,,,0.3,group_default,SYNTHESIS
🛳️,passenger ship,Travel & Places,,earth,S4,,universal,,,,0.3,group_default,SYNTHESIS
⛴️,ferry,Travel & Places,,earth,S4,,universal,,,,0.3,group_default,SYNTHESIS
🛥️,motor boat,Travel & Places,,earth,S4,,universal,,,,0.3,group_default,SYNTHESIS
🚢,ship,Travel & Places,,earth,S4,,universal,,,,0.3,group_default,SYNTHESIS
✈️,airplane,Travel & Places,,earth,S4,,universal,,,,0.3,group_default,SYNTHESIS
🛩️,small airplane,Travel & Places,,earth,S4,,universal,,,,0.3,group_default,SYNTHESIS
🛫,airplane departure,Travel & Places,,earth,S4,,universal,,,,0.3,group_default,SYNTHESIS
🛬,airplane arrival,Travel & Places,,earth,S4,,universal,,,,0.3,group_default,SYNTHESIS
🪂,parachute,Travel & Places,,earth,S4,,universal,,,,0.3,group_default,SYNTHESIS
💺,seat,Travel & Places,,earth,S4,,universal,,,,0.3,group_default,SYNTHESIS
🚁,helicopter,Travel & Places,,earth,S4,,universal,,,,0.3,group_default,SYNTHESIS
🚟,suspension railway,Travel & Places,,earth,S4,,universal,,,,0.3,group_default,SYNTHESIS
🚠,mountain cableway,Travel & Places,shani,earth,S4,,universal,,,,0.5,landscape_earth,SYNTHESIS
🚡,aerial tramway,Travel & Places,,earth,S4,,universal,,,,0.3,group_default,SYNTHESIS
🛰️,satellite,Travel & Places,,earth,S4,,universal,,,,0.3,group_default,SYNTHESIS
🚀,rocket,Travel & Places,,earth,S4,,universal,,,,0.3,group_default,SYNTHESIS
🛸,flying saucer,Travel & Places,,earth,S4,,universal,,,,0.3,group_default,SYNTHESIS
🛎️,bellhop bell,Travel & Places,,earth,S4,,universal,,,,0.3,group_default,SYNTHESIS
🧳,luggage,Travel & Places,,earth,S4,,universal,,,,0.3,group_default,SYNTHESIS
⌛,hourglass done,Travel & Places,,earth,S4,,universal,,,,0.3,group_default,SYNTHESIS
⏳,hourglass not done,Travel & Places,,earth,S4,,universal,,,,0.3,group_default,SYNTHESIS
⌚,watch,Travel & Places,,earth,S4,,universal,,,,0.3,group_default,SYNTHESIS
⏰,alarm clock,Travel & Places,,earth,S4,,universal,,,,0.3,group_default,SYNTHESIS
⏱️,stopwatch,Travel & Places,,earth,S4,,universal,,,,0.3,group_default,SYNTHESIS
⏲️,timer clock,Travel & Places,,earth,S4,,universal,,,,0.3,group_default,SYNTHESIS
🕰️,mantelpiece clock,Travel & Places,,earth,S4,,universal,,,,0.3,group_default,SYNTHESIS
🕛,twelve o’clock,Travel & Places,,earth,S4,,universal,,,,0.3,group_default,SYNTHESIS
🕧,twelve-thirty,Travel & Places,,earth,S4,,universal,,,,0.3,group_default,SYNTHESIS
🕐,one o’clock,Travel & Places,,earth,S4,,universal,,,,0.3,group_default,SYNTHESIS
🕜,one-thirty,Travel & Places,,earth,S4,,universal,,,,0.3,group_default,SYNTHESIS
🕑,two o’clock,Travel & Places,,earth,S4,,universal,,,,0.3,group_default,SYNTHESIS
🕝,two-thirty,Travel & Places,,earth,S4,,universal,,,,0.3,group_default,SYNTHESIS
🕒,three o’clock,Travel & Places,,earth,S4,,universal,,,,0.3,group_default,SYNTHESIS
🕞,three-thirty,Travel & Places,,earth,S4,,universal,,,,0.3,group_default,SYNTHESIS
🕓,four o’clock,Travel & Places,,earth,S4,,universal,,,,0.3,group_default,SYNTHESIS
🕟,four-thirty,Travel & Places,,earth,S4,,universal,,,,0.3,group_default,SYNTHESIS
🕔,five o’clock,Travel & Places,,earth,S4,,universal,,,,0.3,group_default,SYNTHESIS
🕠,five-thirty,Travel & Places,,earth,S4,,universal,,,,0.3,group_default,SYNTHESIS
🕕,six o’clock,Travel & Places,,earth,S4,,universal,,,,0.3,group_default,SYNTHESIS
🕡,six-thirty,Travel & Places,,earth,S4,,universal,,,,0.3,group_default,SYNTHESIS
🕖,seven o’clock,Travel & Places,,earth,S4,,universal,,,,0.3,group_default,SYNTHESIS
🕢,seven-thirty,Travel & Places,,earth,S4,,universal,,,,0.3,group_default,SYNTHESIS
🕗,eight o’clock,Travel & Places,,earth,S4,,universal,,,,0.3,group_default,SYNTHESIS
🕣,eight-thirty,Travel & Places,,earth,S4,,universal,,,,0.3,group_default,SYNTHESIS
🕘,nine o’clock,Travel & Places,,earth,S4,,universal,,,,0.3,group_default,SYNTHESIS
🕤,nine-thirty,Travel & Places,,earth,S4,,universal,,,,0.3,group_default,SYNTHESIS
🕙,ten o’clock,Travel & Places,,earth,S4,,universal,,,,0.3,group_default,SYNTHESIS
🕥,ten-thirty,Travel & Places,,earth,S4,,universal,,,,0.3,group_default,SYNTHESIS
🕚,eleven o’clock,Travel & Places,,earth,S4,,universal,,,,0.3,group_default,SYNTHESIS
🕦,eleven-thirty,Travel & Places,,earth,S4,,universal,,,,0.3,group_default,SYNTHESIS
🌑,new moon,Travel & Places,,earth,S4,,universal,,,,0.3,group_default,SYNTHESIS
🌒,waxing crescent moon,Travel & Places,,earth,S4,,universal,,,,0.3,group_default,SYNTHESIS
🌓,first quarter moon,Travel & Places,,earth,S4,,universal,,,,0.3,group_default,SYNTHESIS
🌔,waxing gibbous moon,Travel & Places,,earth,S4,,universal,,,,0.3,group_default,SYNTHESIS
🌕,full moon,Travel & Places,,earth,S4,,universal,,,,0.3,group_default,SYNTHESIS
🌖,waning gibbous moon,Travel & Places,,earth,S4,,universal,,,,0.3,group_default,SYNTHESIS
🌗,last quarter moon,Travel & Places,,earth,S4,,universal,,,,0.3,group_default,SYNTHESIS
🌘,waning crescent moon,Travel & Places,,earth,S4,,universal,,,,0.3,group_default,SYNTHESIS
🌙,crescent moon,Travel & Places,,earth,S4,,universal,,,,0.3,group_default,SYNTHESIS
🌚,new moon face,Travel & Places,,earth,S4,,universal,,,,0.3,group_default,SYNTHESIS
🌛,first quarter moon face,Travel & Places,,earth,S4,,universal,,,,0.3,group_default,SYNTHESIS
🌜,last quarter moon face,Travel & Places,,earth,S4,,universal,,,,0.3,group_default,SYNTHESIS
🌡️,thermometer,Travel & Places,,earth,S4,,universal,,,,0.3,group_default,SYNTHESIS
☀️,sun,Travel & Places,,earth,S4,,universal,,,,0.3,group_default,SYNTHESIS
🌝,full moon face,Travel & Places,,earth,S4,,universal,,,,0.3,group_default,SYNTHESIS
🌞,sun with face,Travel & Places,,earth,S4,,universal,,,,0.3,group_default,SYNTHESIS
🪐,ringed planet,Travel & Places,,earth,S4,,universal,,,,0.3,group_default,SYNTHESIS
⭐,star,Travel & Places,,earth,S4,,universal,,,,0.3,group_default,SYNTHESIS
🌟,glowing star,Travel & Places,,earth,S4,,universal,,,,0.3,group_default,SYNTHESIS
🌠,shooting star,Travel & Places,,earth,S4,,universal,,,,0.3,group_default,SYNTHESIS
🌌,milky way,Travel & Places,,earth,S4,,universal,,,,0.3,group_default,SYNTHESIS
☁️,cloud,Travel & Places,,earth,S4,,universal,,,,0.3,group_default,SYNTHESIS
⛅,sun behind cloud,Travel & Places,,earth,S4,,universal,,,,0.3,group_default,SYNTHESIS
⛈️,cloud with lightning and rain,Travel & Places,,earth,S4,,universal,,,,0.3,group_default,SYNTHESIS
🌤️,sun behind small cloud,Travel & Places,,earth,S4,,universal,,,,0.3,group_default,SYNTHESIS
🌥️,sun behind large cloud,Travel & Places,,earth,S4,,universal,,,,0.3,group_default,SYNTHESIS
🌦️,sun behind rain cloud,Travel & Places,,earth,S4,,universal,,,,0.3,group_default,SYNTHESIS
🌧️,cloud with rain,Travel & Places,,earth,S4,,universal,,,,0.3,group_default,SYNTHESIS
🌨️,cloud with snow,Travel & Places,,earth,S4,,universal,,,,0.3,group_default,SYNTHESIS
🌩️,cloud with lightning,Travel & Places,,earth,S4,,universal,,,,0.3,group_default,SYNTHESIS
🌪️,tornado,Travel & Places,,earth,S4,,universal,,,,0.3,group_default,SYNTHESIS
🌫️,fog,Travel & Places,,earth,S4,,universal,,,,0.3,group_default,SYNTHESIS
🌬️,wind face,Travel & Places,,earth,S4,,universal,,,,0.3,group_default,SYNTHESIS
🌀,cyclone,Travel & Places,,earth,S4,,universal,,,,0.3,group_default,SYNTHESIS
🌈,rainbow,Travel & Places,,earth,S4,,universal,,,,0.3,group_default,SYNTHESIS
🌂,closed umbrella,Travel & Places,,earth,S4,,universal,,,,0.3,group_default,SYNTHESIS
☂️,umbrella,Travel & Places,,earth,S4,,universal,,,,0.3,group_default,SYNTHESIS
☔,umbrella with rain drops,Travel & Places,,earth,S4,,universal,,,,0.3,group_default,SYNTHESIS
⛱️,umbrella on ground,Travel & Places,,earth,S4,,universal,,,,0.3,group_default,SYNTHESIS
⚡,high voltage,Travel & Places,,earth,S4,,universal,,,,0.3,group_default,SYNTHESIS
❄️,snowflake,Travel & Places,chandra,water,S4,,universal,,,,0.5,landscape_water,SYNTHESIS
☃️,snowman,Travel & Places,,earth,S4,,universal,,,,0.3,group_default,SYNTHESIS
⛄,snowman without snow,Travel & Places,,earth,S4,,universal,,,,0.3,group_default,SYNTHESIS
☄️,comet,Travel & Places,,earth,S4,,universal,,,,0.3,group_default,SYNTHESIS
🔥,fire,Travel & Places,,earth,S4,,universal,,,,0.3,group_default,SYNTHESIS
💧,droplet,Travel & Places,,earth,S4,,universal,,,,0.3,group_default,SYNTHESIS
🌊,water wave,Travel & Places,chandra,water,S4,,universal,,,,0.5,landscape_water,SYNTHESIS
🎃,jack-o-lantern,Activities,,fire,S6,,universal,,,,0.3,group_default,SYNTHESIS
🎄,Christmas tree,Activities,,fire,S6,,universal,,,,0.3,group_default,SYNTHESIS
🎆,fireworks,Activities,,fire,S6,,universal,,,,0.3,group_default,SYNTHESIS
🎇,sparkler,Activities,,fire,S6,,universal,,,,0.3,group_default,SYNTHESIS
🧨,firecracker,Activities,,fire,S6,,universal,,,,0.3,group_default,SYNTHESIS
✨,sparkles,Activities,,fire,S6,,universal,,,,0.3,group_default,SYNTHESIS
🎈,balloon,Activities,,fire,S6,,universal,,,,0.3,group_default,SYNTHESIS
🎉,party popper,Activities,shukra,fire,S2,,brahmana,,,,0.7,activity_art,SYNTHESIS
🎊,confetti ball,Activities,,fire,S6,,universal,,,,0.3,group_default,SYNTHESIS
🎋,tanabata tree,Activities,,fire,S6,,universal,,,,0.3,group_default,SYNTHESIS
🎍,pine decoration,Activities,,fire,S6,,universal,,,,0.3,group_default,SYNTHESIS
🎎,Japanese dolls,Activities,,fire,S6,,universal,,,,0.3,group_default,SYNTHESIS
🎏,carp streamer,Activities,,fire,S6,,universal,,,,0.3,group_default,SYNTHESIS
🎐,wind chime,Activities,,fire,S6,,universal,,,,0.3,group_default,SYNTHESIS
🎑,moon viewing ceremony,Activities,,fire,S6,,universal,,,,0.3,group_default,SYNTHESIS
🧧,red envelope,Activities,,fire,S6,,universal,,,,0.3,group_default,SYNTHESIS
🎀,ribbon,Activities,,fire,S6,,universal,,,,0.3,group_default,SYNTHESIS
🎁,wrapped gift,Activities,,fire,S6,,universal,,,,0.3,group_default,SYNTHESIS
🎗️,reminder ribbon,Activities,,fire,S6,,universal,,,,0.3,group_default,SYNTHESIS
🎟️,admission tickets,Activities,,fire,S6,,universal,,,,0.3,group_default,SYNTHESIS
🎫,ticket,Activities,,fire,S6,,universal,,,,0.3,group_default,SYNTHESIS
🎖️,military medal,Activities,surya,fire,S6,,kshatriya,,,,0.6,activity_victory,SYNTHESIS
🏆,trophy,Activities,surya,fire,S6,,kshatriya,,,,0.6,activity_victory,SYNTHESIS
🏅,sports medal,Activities,surya,fire,S6,,kshatriya,,,,0.6,activity_victory,SYNTHESIS
🥇,1st place medal,Activities,surya,fire,S6,,kshatriya,,,,0.6,activity_victory,SYNTHESIS
🥈,2nd place medal,Activities,surya,fire,S6,,kshatriya,,,,0.6,activity_victory,SYNTHESIS
🥉,3rd place medal,Activities,surya,fire,S6,,kshatriya,,,,0.6,activity_victory,SYNTHESIS
⚽,soccer ball,Activities,,fire,S6,,universal,,,,0.3,group_default,SYNTHESIS
⚾,baseball,Activities,,fire,S6,,universal,,,,0.3,group_default,SYNTHESIS
🥎,softball,Activities,,fire,S6,,universal,,,,0.3,group_default,SYNTHESIS
🏀,basketball,Activities,,fire,S6,,universal,,,,0.3,group_default,SYNTHESIS
🏐,volleyball,Activities,,fire,S6,,universal,,,,0.3,group_default,SYNTHESIS
🏈,american football,Activities,,fire,S6,,universal,,,,0.3,group_default,SYNTHESIS
🏉,rugby football,Activities,,fire,S6,,universal,,,,0.3,group_default,SYNTHESIS
🎾,tennis,Activities,,fire,S6,,universal,,,,0.3,group_default,SYNTHESIS
🥏,flying disc,Activities,,fire,S6,,universal,,,,0.3,group_default,SYNTHESIS
🎳,bowling,Activities,,fire,S6,,universal,,,,0.3,group_default,SYNTHESIS
🏏,cricket game,Activities,,fire,S6,,universal,,,,0.3,group_default,SYNTHESIS
🏑,field hockey,Activities,,fire,S6,,universal,,,,0.3,group_default,SYNTHESIS
🏒,ice hockey,Activities,,fire,S6,,universal,,,,0.3,group_default,SYNTHESIS
🥍,lacrosse,Activities,,fire,S6,,universal,,,,0.3,group_default,SYNTHESIS
🏓,ping pong,Activities,,fire,S6,,universal,,,,0.3,group_default,SYNTHESIS
🏸,badminton,Activities,,fire,S6,,universal,,,,0.3,group_default,SYNTHESIS
🥊,boxing glove,Activities,,fire,S6,,universal,,,,0.3,group_default,SYNTHESIS
🥋,martial arts uniform,Activities,shukra,fire,S2,,brahmana,,,,0.7,activity_art,SYNTHESIS
🥅,goal net,Activities,,fire,S6,,universal,,,,0.3,group_default,SYNTHESIS
⛳,flag in hole,Activities,,fire,S6,,universal,,,,0.3,group_default,SYNTHESIS
⛸️,ice skate,Activities,,fire,S6,,universal,,,,0.3,group_default,SYNTHESIS
🎣,fishing pole,Activities,,fire,S6,,universal,,,,0.3,group_default,SYNTHESIS
🤿,diving mask,Activities,,fire,S6,,universal,,,,0.3,group_default,SYNTHESIS
🎽,running shirt,Activities,,fire,S6,,universal,,,,0.3,group_default,SYNTHESIS
🎿,skis,Activities,,fire,S6,,universal,,,,0.3,group_default,SYNTHESIS
🛷,sled,Activities,,fire,S6,,universal,,,,0.3,group_default,SYNTHESIS
🥌,curling stone,Activities,,fire,S6,,universal,,,,0.3,group_default,SYNTHESIS
🎯,bullseye,Activities,,fire,S6,,universal,,,,0.3,group_default,SYNTHESIS
🪀,yo-yo,Activities,,fire,S6,,universal,,,,0.3,group_default,SYNTHESIS
🪁,kite,Activities,,fire,S6,,universal,,,,0.3,group_default,SYNTHESIS
🔫,water pistol,Activities,,fire,S6,,universal,,,,0.3,group_default,SYNTHESIS
🎱,pool 8 ball,Activities,,fire,S6,,universal,,,,0.3,group_default,SYNTHESIS
🔮,crystal ball,Activities,,fire,S6,,universal,,,,0.3,group_default,SYNTHESIS
🪄,magic wand,Activities,,fire,S6,,universal,,,,0.3,group_default,SYNTHESIS
🎮,video game,Activities,,fire,S6,,universal,,,,0.3,group_default,SYNTHESIS
🕹️,joystick,Activities,,fire,S6,,universal,,,,0.3,group_default,SYNTHESIS
🎰,slot machine,Activities,,fire,S6,,universal,,,,0.3,group_default,SYNTHESIS
🎲,game die,Activities,,fire,S6,,universal,,,,0.3,group_default,SYNTHESIS
🧩,puzzle piece,Activities,,fire,S6,,universal,,,,0.3,group_default,SYNTHESIS
🧸,teddy bear,Activities,,fire,S6,,universal,,,,0.3,group_default,SYNTHESIS
🪅,piñata,Activities,,fire,S6,,universal,,,,0.3,group_default,SYNTHESIS
🪩,mirror ball,Activities,,fire,S6,,universal,,,,0.3,group_default,SYNTHESIS
🪆,nesting dolls,Activities,,fire,S6,,universal,,,,0.3,group_default,SYNTHESIS
♠️,spade suit,Activities,,fire,S6,,universal,,,,0.3,group_default,SYNTHESIS
♥️,heart suit,Activities,shukra,fire,S2,,brahmana,,,,0.7,activity_art,SYNTHESIS
♦️,diamond suit,Activities,,fire,S6,,universal,,,,0.3,group_default,SYNTHESIS
♣️,club suit,Activities,,fire,S6,,universal,,,,0.3,group_default,SYNTHESIS
♟️,chess pawn,Activities,,fire,S6,,universal,,,,0.3,group_default,SYNTHESIS
🃏,joker,Activities,,fire,S6,,universal,,,,0.3,group_default,SYNTHESIS
🀄,mahjong red dragon,Activities,,fire,S6,,universal,,,,0.3,group_default,SYNTHESIS
🎴,flower playing cards,Activities,,fire,S6,,universal,,,,0.3,group_default,SYNTHESIS
🎭,performing arts,Activities,shukra,fire,S2,,brahmana,,,,0.7,activity_art,SYNTHESIS
🖼️,framed picture,Activities,,fire,S6,,universal,,,,0.3,group_default,SYNTHESIS
🎨,artist palette,Activities,shukra,fire,S2,,brahmana,,,,0.7,activity_art,SYNTHESIS
🧵,thread,Activities,,fire,S6,,universal,,,,0.3,group_default,SYNTHESIS
🪡,sewing needle,Activities,,fire,S6,,universal,,,,0.3,group_default,SYNTHESIS
🧶,yarn,Activities,,fire,S6,,universal,,,,0.3,group_default,SYNTHESIS
🪢,knot,Activities,,fire,S6,,universal,,,,0.3,group_default,SYNTHESIS
👓,glasses,Objects,,earth,S4,,universal,,,,0.3,group_default,SYNTHESIS
🕶️,sunglasses,Objects,,earth,S4,,universal,,,,0.3,group_default,SYNTHESIS
🥽,goggles,Objects,,earth,S4,,universal,,,,0.3,group_default,SYNTHESIS
🥼,lab coat,Objects,,earth,S4,,universal,,,,0.3,group_default,SYNTHESIS
🦺,safety vest,Objects,,earth,S4,,universal,,,,0.3,group_default,SYNTHESIS
👔,necktie,Objects,,earth,S4,,universal,,,,0.3,group_default,SYNTHESIS
👕,t-shirt,Objects,,earth,S4,,universal,,,,0.3,group_default,SYNTHESIS
👖,jeans,Objects,,earth,S4,,universal,,,,0.3,group_default,SYNTHESIS
🧣,scarf,Objects,,earth,S4,,universal,,,,0.3,group_default,SYNTHESIS
🧤,gloves,Objects,,earth,S4,,universal,,,,0.3,group_default,SYNTHESIS
🧥,coat,Objects,,earth,S4,,universal,,,,0.3,group_default,SYNTHESIS
🧦,socks,Objects,,earth,S4,,universal,,,,0.3,group_default,SYNTHESIS
👗,dress,Objects,,earth,S4,,universal,,,,0.3,group_default,SYNTHESIS
👘,kimono,Objects,,earth,S4,,universal,,,,0.3,group_default,SYNTHESIS
🥻,sari,Objects,,earth,S4,,universal,,,,0.3,group_default,SYNTHESIS
🩱,one-piece swimsuit,Objects,,earth,S4,,universal,,,,0.3,group_default,SYNTHESIS
🩲,briefs,Objects,,earth,S4,,universal,,,,0.3,group_default,SYNTHESIS
🩳,shorts,Objects,,earth,S4,,universal,,,,0.3,group_default,SYNTHESIS
👙,bikini,Objects,,earth,S4,,universal,,,,0.3,group_default,SYNTHESIS
👚,woman’s clothes,Objects,,earth,S4,,universal,,,,0.3,group_default,SYNTHESIS
🪭,folding hand fan,Objects,,earth,S4,,universal,,,,0.3,group_default,SYNTHESIS
👛,purse,Objects,,earth,S4,,universal,,,,0.3,group_default,SYNTHESIS
👜,handbag,Objects,,earth,S4,,universal,,,,0.3,group_default,SYNTHESIS
👝,clutch bag,Objects,,earth,S4,,universal,,,,0.3,group_default,SYNTHESIS
🛍️,shopping bags,Objects,,earth,S4,,universal,,,,0.3,group_default,SYNTHESIS
🎒,backpack,Objects,,earth,S4,,universal,,,,0.3,group_default,SYNTHESIS
🩴,thong sandal,Objects,,earth,S4,,universal,,,,0.3,group_default,SYNTHESIS
👞,man’s shoe,Objects,,earth,S4,,universal,,,,0.3,group_default,SYNTHESIS
👟,running shoe,Objects,,earth,S4,,universal,,,,0.3,group_default,SYNTHESIS
🥾,hiking boot,Objects,,earth,S4,,universal,,,,0.3,group_default,SYNTHESIS
🥿,flat shoe,Objects,,earth,S4,,universal,,,,0.3,group_default,SYNTHESIS
👠,high-heeled shoe,Objects,,earth,S4,,universal,,,,0.3,group_default,SYNTHESIS
👡,woman’s sandal,Objects,,earth,S4,,universal,,,,0.3,group_default,SYNTHESIS
🩰,ballet shoes,Objects,,earth,S4,,universal,,,,0.3,group_default,SYNTHESIS
👢,woman’s boot,Objects,,earth,S4,,universal,,,,0.3,group_default,SYNTHESIS
🪮,hair pick,Objects,,earth,S4,,universal,,,,0.3,group_default,SYNTHESIS
👑,crown,Objects,shukra,water,S4,,universal,,,,0.6,jewel_venus,SYNTHESIS
👒,woman’s hat,Objects,,earth,S4,,universal,,,,0.3,group_default,SYNTHESIS
🎩,top hat,Objects,,earth,S4,,universal,,,,0.3,group_default,SYNTHESIS
🎓,graduation cap,Objects,,earth,S4,,universal,,,,0.3,group_default,SYNTHESIS
🧢,billed cap,Objects,,earth,S4,,universal,,,,0.3,group_default,SYNTHESIS
🪖,military helmet,Objects,,earth,S4,,universal,,,,0.3,group_default,SYNTHESIS
⛑️,rescue worker’s helmet,Objects,,earth,S4,,universal,,,,0.3,group_default,SYNTHESIS
📿,prayer beads,Objects,guru,earth,S6,,brahmana,,,,0.7,ritual_object,SYNTHESIS
💄,lipstick,Objects,,earth,S4,,universal,,,,0.3,group_default,SYNTHESIS
💍,ring,Objects,shukra,water,S4,,universal,,,,0.6,jewel_venus,SYNTHESIS
💎,gem stone,Objects,shukra,water,S4,,universal,,,,0.6,jewel_venus,SYNTHESIS
🔇,muted speaker,Objects,,earth,S4,,universal,,,,0.3,group_default,SYNTHESIS
🔈,speaker low volume,Objects,,earth,S4,,universal,,,,0.3,group_default,SYNTHESIS
🔉,speaker medium volume,Objects,,earth,S4,,universal,,,,0.3,group_default,SYNTHESIS
🔊,speaker high volume,Objects,,earth,S4,,universal,,,,0.3,group_default,SYNTHESIS
📢,loudspeaker,Objects,,earth,S4,,universal,,,,0.3,group_default,SYNTHESIS
📣,megaphone,Objects,,earth,S4,,universal,,,,0.3,group_default,SYNTHESIS
📯,postal horn,Objects,,earth,S4,,universal,,,,0.3,group_default,SYNTHESIS
🔔,bell,Objects,guru,earth,S6,,brahmana,,,,0.7,ritual_object,SYNTHESIS
🔕,bell with slash,Objects,guru,earth,S6,,brahmana,,,,0.7,ritual_object,SYNTHESIS
🎼,musical score,Objects,,earth,S4,,universal,,,,0.3,group_default,SYNTHESIS
🎵,musical note,Objects,,earth,S4,,universal,,,,0.3,group_default,SYNTHESIS
🎶,musical notes,Objects,,earth,S4,,universal,,,,0.3,group_default,SYNTHESIS
🎙️,studio microphone,Objects,,earth,S4,,universal,,,,0.3,group_default,SYNTHESIS
🎚️,level slider,Objects,,earth,S4,,universal,,,,0.3,group_default,SYNTHESIS
🎛️,control knobs,Objects,,earth,S4,,universal,,,,0.3,group_default,SYNTHESIS
🎤,microphone,Objects,,earth,S4,,universal,,,,0.3,group_default,SYNTHESIS
🎧,headphone,Objects,,earth,S4,,universal,,,,0.3,group_default,SYNTHESIS
📻,radio,Objects,,earth,S4,,universal,,,,0.3,group_default,SYNTHESIS
🎷,saxophone,Objects,,earth,S4,,universal,,,,0.3,group_default,SYNTHESIS
🪗,accordion,Objects,,earth,S4,,universal,,,,0.3,group_default,SYNTHESIS
🎸,guitar,Objects,,earth,S4,,universal,,,,0.3,group_default,SYNTHESIS
🎹,musical keyboard,Objects,,earth,S4,,universal,,,,0.3,group_default,SYNTHESIS
🎺,trumpet,Objects,,earth,S4,,universal,,,,0.3,group_default,SYNTHESIS
🎻,violin,Objects,,earth,S4,,universal,,,,0.3,group_default,SYNTHESIS
🪕,banjo,Objects,,earth,S4,,universal,,,,0.3,group_default,SYNTHESIS
🥁,drum,Objects,,earth,S4,,universal,,,,0.3,group_default,SYNTHESIS
🪘,long drum,Objects,,earth,S4,,universal,,,,0.3,group_default,SYNTHESIS
🪇,maracas,Objects,,earth,S4,,universal,,,,0.3,group_default,SYNTHESIS
🪈,flute,Objects,,earth,S4,,universal,,,,0.3,group_default,SYNTHESIS
🪉,harp,Objects,,earth,S4,,universal,,,,0.3,group_default,SYNTHESIS
📱,mobile phone,Objects,,earth,S4,,universal,,,,0.3,group_default,SYNTHESIS
📲,mobile phone with arrow,Objects,,earth,S4,,universal,,,,0.3,group_default,SYNTHESIS
☎️,telephone,Objects,,earth,S4,,universal,,,,0.3,group_default,SYNTHESIS
📞,telephone receiver,Objects,,earth,S4,,universal,,,,0.3,group_default,SYNTHESIS
📟,pager,Objects,,earth,S4,,universal,,,,0.3,group_default,SYNTHESIS
📠,fax machine,Objects,,earth,S4,,universal,,,,0.3,group_default,SYNTHESIS
🔋,battery,Objects,,earth,S4,,universal,,,,0.3,group_default,SYNTHESIS
🪫,low battery,Objects,,earth,S4,,universal,,,,0.3,group_default,SYNTHESIS
🔌,electric plug,Objects,,earth,S4,,universal,,,,0.3,group_default,SYNTHESIS
💻,laptop,Objects,,earth,S4,,universal,,,,0.3,group_default,SYNTHESIS
🖥️,desktop computer,Objects,,earth,S4,,universal,,,,0.3,group_default,SYNTHESIS
🖨️,printer,Objects,,earth,S4,,universal,,,,0.3,group_default,SYNTHESIS
⌨️,keyboard,Objects,,earth,S4,,universal,,,,0.3,group_default,SYNTHESIS
🖱️,computer mouse,Objects,,earth,S4,,universal,,,,0.3,group_default,SYNTHESIS
🖲️,trackball,Objects,,earth,S4,,universal,,,,0.3,group_default,SYNTHESIS
💽,computer disk,Objects,,earth,S4,,universal,,,,0.3,group_default,SYNTHESIS
💾,floppy disk,Objects,,earth,S4,,universal,,,,0.3,group_default,SYNTHESIS
💿,optical disk,Objects,,earth,S4,,universal,,,,0.3,group_default,SYNTHESIS
📀,dvd,Objects,,earth,S4,,universal,,,,0.3,group_default,SYNTHESIS
🧮,abacus,Objects,,earth,S4,,universal,,,,0.3,group_default,SYNTHESIS
🎥,movie camera,Objects,,earth,S4,,universal,,,,0.3,group_default,SYNTHESIS
🎞️,film frames,Objects,,earth,S4,,universal,,,,0.3,group_default,SYNTHESIS
📽️,film projector,Objects,,earth,S4,,universal,,,,0.3,group_default,SYNTHESIS
🎬,clapper board,Objects,,earth,S4,,universal,,,,0.3,group_default,SYNTHESIS
📺,television,Objects,,earth,S4,,universal,,,,0.3,group_default,SYNTHESIS
📷,camera,Objects,,earth,S4,,universal,,,,0.3,group_default,SYNTHESIS
📸,camera with flash,Objects,,earth,S4,,universal,,,,0.3,group_default,SYNTHESIS
📹,video camera,Objects,,earth,S4,,universal,,,,0.3,group_default,SYNTHESIS
📼,videocassette,Objects,,earth,S4,,universal,,,,0.3,group_default,SYNTHESIS
🔍,magnifying glass tilted left,Objects,,earth,S4,,universal,,,,0.3,group_default,SYNTHESIS
🔎,magnifying glass tilted right,Objects,,earth,S4,,universal,,,,0.3,group_default,SYNTHESIS
🕯️,candle,Objects,guru,earth,S6,,brahmana,,,,0.7,ritual_object,SYNTHESIS
💡,light bulb,Objects,,earth,S4,,universal,,,,0.3,group_default,SYNTHESIS
🔦,flashlight,Objects,,earth,S4,,universal,,,,0.3,group_default,SYNTHESIS
🏮,red paper lantern,Objects,,earth,S4,,universal,,,,0.3,group_default,SYNTHESIS
🪔,diya lamp,Objects,,earth,S4,,universal,,,,0.3,group_default,SYNTHESIS
📔,notebook with decorative cover,Objects,budha,earth,S4,,brahmana,,,,0.6,writing,SYNTHESIS
📕,closed book,Objects,budha,earth,S4,,brahmana,,,,0.6,writing,SYNTHESIS
📖,open book,Objects,budha,earth,S4,,brahmana,,,,0.6,writing,SYNTHESIS
📗,green book,Objects,budha,earth,S4,,brahmana,,,,0.6,writing,SYNTHESIS
📘,blue book,Objects,budha,earth,S4,,brahmana,,,,0.6,writing,SYNTHESIS
📙,orange book,Objects,budha,earth,S4,,brahmana,,,,0.6,writing,SYNTHESIS
📚,books,Objects,budha,earth,S4,,brahmana,,,,0.6,writing,SYNTHESIS
📓,notebook,Objects,budha,earth,S4,,brahmana,,,,0.6,writing,SYNTHESIS
📒,ledger,Objects,,earth,S4,,universal,,,,0.3,group_default,SYNTHESIS
📃,page with curl,Objects,,earth,S4,,universal,,,,0.3,group_default,SYNTHESIS
📜,scroll,Objects,budha,earth,S4,,brahmana,,,,0.6,writing,SYNTHESIS
📄,page facing up,Objects,,earth,S4,,universal,,,,0.3,group_default,SYNTHESIS
📰,newspaper,Objects,,earth,S4,,universal,,,,0.3,group_default,SYNTHESIS
🗞️,rolled-up newspaper,Objects,,earth,S4,,universal,,,,0.3,group_default,SYNTHESIS
📑,bookmark tabs,Objects,budha,earth,S4,,brahmana,,,,0.6,writing,SYNTHESIS
🔖,bookmark,Objects,budha,earth,S4,,brahmana,,,,0.6,writing,SYNTHESIS
🏷️,label,Objects,,earth,S4,,universal,,,,0.3,group_default,SYNTHESIS
💰,money bag,Objects,,earth,S4,,universal,,,,0.3,group_default,SYNTHESIS
🪙,coin,Objects,,earth,S4,,universal,,,,0.3,group_default,SYNTHESIS
💴,yen banknote,Objects,,earth,S4,,universal,,,,0.3,group_default,SYNTHESIS
💵,dollar banknote,Objects,,earth,S4,,universal,,,,0.3,group_default,SYNTHESIS
💶,euro banknote,Objects,,earth,S4,,universal,,,,0.3,group_default,SYNTHESIS
💷,pound banknote,Objects,,earth,S4,,universal,,,,0.3,group_default,SYNTHESIS
💸,money with wings,Objects,,earth,S4,,universal,,,,0.3,group_default,SYNTHESIS
💳,credit card,Objects,,earth,S4,,universal,,,,0.3,group_default,SYNTHESIS
🧾,receipt,Objects,,earth,S4,,universal,,,,0.3,group_default,SYNTHESIS
💹,chart increasing with yen,Objects,,earth,S4,,universal,,,,0.3,group_default,SYNTHESIS
✉️,envelope,Objects,,earth,S4,,universal,,,,0.3,group_default,SYNTHESIS
📧,e-mail,Objects,,earth,S4,,universal,,,,0.3,group_default,SYNTHESIS
📨,incoming envelope,Objects,,earth,S4,,universal,,,,0.3,group_default,SYNTHESIS
📩,envelope with arrow,Objects,,earth,S4,,universal,,,,0.3,group_default,SYNTHESIS
📤,outbox tray,Objects,,earth,S4,,universal,,,,0.3,group_default,SYNTHESIS
📥,inbox tray,Objects,,earth,S4,,universal,,,,0.3,group_default,SYNTHESIS
📦,package,Objects,,earth,S4,,universal,,,,0.3,group_default,SYNTHESIS
📫,closed mailbox with raised flag,Objects,,earth,S4,,universal,,,,0.3,group_default,SYNTHESIS
📪,closed mailbox with lowered flag,Objects,,earth,S4,,universal,,,,0.3,group_default,SYNTHESIS
📬,open mailbox with raised flag,Objects,budha,earth,S4,,brahmana,,,,0.6,writing,SYNTHESIS
📭,open mailbox with lowered flag,Objects,budha,earth,S4,,brahmana,,,,0.6,writing,SYNTHESIS
📮,postbox,Objects,,earth,S4,,universal,,,,0.3,group_default,SYNTHESIS
🗳️,ballot box with ballot,Objects,,earth,S4,,universal,,,,0.3,group_default,SYNTHESIS
✏️,pencil,Objects,budha,earth,S4,,brahmana,,,,0.6,writing,SYNTHESIS
✒️,black nib,Objects,,earth,S4,,universal,,,,0.3,group_default,SYNTHESIS
🖋️,fountain pen,Objects,budha,earth,S4,,brahmana,,,,0.6,writing,SYNTHESIS
🖊️,pen,Objects,budha,earth,S4,,brahmana,,,,0.6,writing,SYNTHESIS
🖌️,paintbrush,Objects,,earth,S4,,universal,,,,0.3,group_default,SYNTHESIS
🖍️,crayon,Objects,,earth,S4,,universal,,,,0.3,group_default,SYNTHESIS
📝,memo,Objects,,earth,S4,,universal,,,,0.3,group_default,SYNTHESIS
💼,briefcase,Objects,,earth,S4,,universal,,,,0.3,group_default,SYNTHESIS
📁,file folder,Objects,,earth,S4,,universal,,,,0.3,group_default,SYNTHESIS
📂,open file folder,Objects,budha,earth,S4,,brahmana,,,,0.6,writing,SYNTHESIS
🗂️,card index dividers,Objects,,earth,S4,,universal,,,,0.3,group_default,SYNTHESIS
📅,calendar,Objects,,earth,S4,,universal,,,,0.3,group_default,SYNTHESIS
📆,tear-off calendar,Objects,,earth,S4,,universal,,,,0.3,group_default,SYNTHESIS
🗒️,spiral notepad,Objects,,earth,S4,,universal,,,,0.3,group_default,SYNTHESIS
🗓️,spiral calendar,Objects,,earth,S4,,universal,,,,0.3,group_default,SYNTHESIS
📇,card index,Objects,,earth,S4,,universal,,,,0.3,group_default,SYNTHESIS
📈,chart increasing,Objects,,earth,S4,,universal,,,,0.3,group_default,SYNTHESIS
📉,chart decreasing,Objects,,earth,S4,,universal,,,,0.3,group_default,SYNTHESIS
📊,bar chart,Objects,,earth,S4,,universal,,,,0.3,group_default,SYNTHESIS
📋,clipboard,Objects,,earth,S4,,universal,,,,0.3,group_default,SYNTHESIS
📌,pushpin,Objects,,earth,S4,,universal,,,,0.3,group_default,SYNTHESIS
📍,round pushpin,Objects,,earth,S4,,universal,,,,0.3,group_default,SYNTHESIS
📎,paperclip,Objects,,earth,S4,,universal,,,,0.3,group_default,SYNTHESIS
🖇️,linked paperclips,Objects,,earth,S4,,universal,,,,0.3,group_default,SYNTHESIS
📏,straight ruler,Objects,,earth,S4,,universal,,,,0.3,group_default,SYNTHESIS
📐,triangular ruler,Objects,,earth,S4,,universal,,,,0.3,group_default,SYNTHESIS
✂️,scissors,Objects,,earth,S4,,universal,,,,0.3,group_default,SYNTHESIS
🗃️,card file box,Objects,,earth,S4,,universal,,,,0.3,group_default,SYNTHESIS
🗄️,file cabinet,Objects,,earth,S4,,universal,,,,0.3,group_default,SYNTHESIS
🗑️,wastebasket,Objects,,earth,S4,,universal,,,,0.3,group_default,SYNTHESIS
🔒,locked,Objects,,earth,S4,,universal,,,,0.3,group_default,SYNTHESIS
🔓,unlocked,Objects,,earth,S4,,universal,,,,0.3,group_default,SYNTHESIS
🔏,locked with pen,Objects,budha,earth,S4,,brahmana,,,,0.6,writing,SYNTHESIS
🔐,locked with key,Objects,,earth,S4,,universal,,,,0.3,group_default,SYNTHESIS
🔑,key,Objects,,earth,S4,,universal,,,,0.3,group_default,SYNTHESIS
🗝️,old key,Objects,,earth,S4,,universal,,,,0.3,group_default,SYNTHESIS
🔨,hammer,Objects,,earth,S4,,universal,,,,0.3,group_default,SYNTHESIS
🪓,axe,Objects,,earth,S4,,universal,,,,0.3,group_default,SYNTHESIS
⛏️,pick,Objects,,earth,S4,,universal,,,,0.3,group_default,SYNTHESIS
⚒️,hammer and pick,Objects,,earth,S4,,universal,,,,0.3,group_default,SYNTHESIS
🛠️,hammer and wrench,Objects,,earth,S4,,universal,,,,0.3,group_default,SYNTHESIS
🗡️,dagger,Objects,mangala,fire,S4,,kshatriya,,,,0.7,weapon,SYNTHESIS
⚔️,crossed swords,Objects,mangala,fire,S4,,kshatriya,,,,0.7,weapon,SYNTHESIS
💣,bomb,Objects,,earth,S4,,universal,,,,0.3,group_default,SYNTHESIS
🪃,boomerang,Objects,,earth,S4,,universal,,,,0.3,group_default,SYNTHESIS
🏹,bow and arrow,Objects,mangala,fire,S4,,kshatriya,,,,0.7,weapon,SYNTHESIS
🛡️,shield,Objects,mangala,fire,S4,,kshatriya,,,,0.7,weapon,SYNTHESIS
🪚,carpentry saw,Objects,budha,earth,S4,,brahmana,,,,0.6,writing,SYNTHESIS
🔧,wrench,Objects,,earth,S4,,universal,,,,0.3,group_default,SYNTHESIS
🪛,screwdriver,Objects,,earth,S4,,universal,,,,0.3,group_default,SYNTHESIS
🔩,nut and bolt,Objects,,earth,S4,,universal,,,,0.3,group_default,SYNTHESIS
⚙️,gear,Objects,,earth,S4,,universal,,,,0.3,group_default,SYNTHESIS
🗜️,clamp,Objects,,earth,S4,,universal,,,,0.3,group_default,SYNTHESIS
⚖️,balance scale,Objects,,earth,S4,,universal,,,,0.3,group_default,SYNTHESIS
🦯,white cane,Objects,,earth,S4,,universal,,,,0.3,group_default,SYNTHESIS
🔗,link,Objects,,earth,S4,,universal,,,,0.3,group_default,SYNTHESIS
⛓️‍💥,broken chain,Objects,,earth,S4,,universal,,,,0.3,group_default,SYNTHESIS
⛓️,chains,Objects,,earth,S4,,universal,,,,0.3,group_default,SYNTHESIS
🪝,hook,Objects,,earth,S4,,universal,,,,0.3,group_default,SYNTHESIS
🧰,toolbox,Objects,,earth,S4,,universal,,,,0.3,group_default,SYNTHESIS
🧲,magnet,Objects,,earth,S4,,universal,,,,0.3,group_default,SYNTHESIS
🪜,ladder,Objects,,earth,S4,,universal,,,,0.3,group_default,SYNTHESIS
🪏,shovel,Objects,,earth,S4,,universal,,,,0.3,group_default,SYNTHESIS
⚗️,alembic,Objects,,earth,S4,,universal,,,,0.3,group_default,SYNTHESIS
🧪,test tube,Objects,,earth,S4,,universal,,,,0.3,group_default,SYNTHESIS
🧫,petri dish,Objects,,earth,S4,,universal,,,,0.3,group_default,SYNTHESIS
🧬,dna,Objects,,earth,S4,,universal,,,,0.3,group_default,SYNTHESIS
🔬,microscope,Objects,,earth,S4,,universal,,,,0.3,group_default,SYNTHESIS
🔭,telescope,Objects,,earth,S4,,universal,,,,0.3,group_default,SYNTHESIS
📡,satellite antenna,Objects,,earth,S4,,universal,,,,0.3,group_default,SYNTHESIS
💉,syringe,Objects,shukra,water,S4,,universal,,,,0.6,jewel_venus,SYNTHESIS
🩸,drop of blood,Objects,,earth,S4,,universal,,,,0.3,group_default,SYNTHESIS
💊,pill,Objects,,earth,S4,,universal,,,,0.3,group_default,SYNTHESIS
🩹,adhesive bandage,Objects,,earth,S4,,universal,,,,0.3,group_default,SYNTHESIS
🩼,crutch,Objects,,earth,S4,,universal,,,,0.3,group_default,SYNTHESIS
🩺,stethoscope,Objects,,earth,S4,,universal,,,,0.3,group_default,SYNTHESIS
🩻,x-ray,Objects,,earth,S4,,universal,,,,0.3,group_default,SYNTHESIS
🚪,door,Objects,,earth,S4,,universal,,,,0.3,group_default,SYNTHESIS
🛗,elevator,Objects,,earth,S4,,universal,,,,0.3,group_default,SYNTHESIS
🪞,mirror,Objects,,earth,S4,,universal,,,,0.3,group_default,SYNTHESIS
🪟,window,Objects,,earth,S4,,universal,,,,0.3,group_default,SYNTHESIS
🛏️,bed,Objects,,earth,S4,,universal,,,,0.3,group_default,SYNTHESIS
🛋️,couch and lamp,Objects,,earth,S4,,universal,,,,0.3,group_default,SYNTHESIS
🪑,chair,Objects,,earth,S4,,universal,,,,0.3,group_default,SYNTHESIS
🚽,toilet,Objects,,earth,S4,,universal,,,,0.3,group_default,SYNTHESIS
🪠,plunger,Objects,,earth,S4,,universal,,,,0.3,group_default,SYNTHESIS
🚿,shower,Objects,,earth,S4,,universal,,,,0.3,group_default,SYNTHESIS
🛁,bathtub,Objects,,earth,S4,,universal,,,,0.3,group_default,SYNTHESIS
🪤,mouse trap,Objects,,earth,S4,,universal,,,,0.3,group_default,SYNTHESIS
🪒,razor,Objects,,earth,S4,,universal,,,,0.3,group_default,SYNTHESIS
🧴,lotion bottle,Objects,,earth,S4,,universal,,,,0.3,group_default,SYNTHESIS
🧷,safety pin,Objects,,earth,S4,,universal,,,,0.3,group_default,SYNTHESIS
🧹,broom,Objects,,earth,S4,,universal,,,,0.3,group_default,SYNTHESIS
🧺,basket,Objects,,earth,S4,,universal,,,,0.3,group_default,SYNTHESIS
🧻,roll of paper,Objects,,earth,S4,,universal,,,,0.3,group_default,SYNTHESIS
🪣,bucket,Objects,,earth,S4,,universal,,,,0.3,group_default,SYNTHESIS
🧼,soap,Objects,,earth,S4,,universal,,,,0.3,group_default,SYNTHESIS
🫧,bubbles,Objects,,earth,S4,,universal,,,,0.3,group_default,SYNTHESIS
🪥,toothbrush,Objects,,earth,S4,,universal,,,,0.3,group_default,SYNTHESIS
🧽,sponge,Objects,,earth,S4,,universal,,,,0.3,group_default,SYNTHESIS
🧯,fire extinguisher,Objects,,earth,S4,,universal,,,,0.3,group_default,SYNTHESIS
🛒,shopping cart,Objects,,earth,S4,,universal,,,,0.3,group_default,SYNTHESIS
🚬,cigarette,Objects,,earth,S4,,universal,,,,0.3,group_default,SYNTHESIS
⚰️,coffin,Objects,,earth,S4,,universal,,,,0.3,group_default,SYNTHESIS
🪦,headstone,Objects,,earth,S4,,universal,,,,0.3,group_default,SYNTHESIS
⚱️,funeral urn,Objects,,earth,S4,,universal,,,,0.3,group_default,SYNTHESIS
🧿,nazar amulet,Objects,,earth,S4,,universal,,,,0.3,group_default,SYNTHESIS
🪬,hamsa,Objects,,earth,S4,,universal,,,,0.3,group_default,SYNTHESIS
🗿,moai,Objects,,earth,S4,,universal,,,,0.3,group_default,SYNTHESIS
🪧,placard,Objects,,earth,S4,,universal,,,,0.3,group_default,SYNTHESIS
🪪,identification card,Objects,,earth,S4,,universal,,,,0.3,group_default,SYNTHESIS
🏧,ATM sign,Symbols,,ether,S3,,universal,,,,0.3,group_default,SYNTHESIS
🚮,litter in bin sign,Symbols,,ether,S3,,universal,,,,0.3,group_default,SYNTHESIS
🚰,potable water,Symbols,,ether,S3,,universal,,,,0.3,group_default,SYNTHESIS
♿,wheelchair symbol,Symbols,guru,ether,S0,,sannyasa,,,,0.8,symbol_direct,OBSERVED
🚹,men’s room,Symbols,guru,ether,S0,,sannyasa,,,,0.8,symbol_direct,OBSERVED
🚺,women’s room,Symbols,guru,ether,S0,,sannyasa,,,,0.8,symbol_direct,OBSERVED
🚻,restroom,Symbols,guru,ether,S0,,sannyasa,,,,0.8,symbol_direct,OBSERVED
🚼,baby symbol,Symbols,,ether,S3,,universal,,,,0.3,group_default,SYNTHESIS
🚾,water closet,Symbols,,ether,S3,,universal,,,,0.3,group_default,SYNTHESIS
🛂,passport control,Symbols,,ether,S3,,universal,,,,0.3,group_default,SYNTHESIS
🛃,customs,Symbols,guru,ether,S0,,sannyasa,,,,0.8,symbol_direct,OBSERVED
🛄,baggage claim,Symbols,,ether,S3,,universal,,,,0.3,group_default,SYNTHESIS
🛅,left luggage,Symbols,,ether,S3,,universal,,,,0.3,group_default,SYNTHESIS
⚠️,warning,Symbols,,ether,S3,,universal,,,,0.3,group_default,SYNTHESIS
🚸,children crossing,Symbols,guru,ether,S1,,universal,,,,0.6,symbol_religious,SYNTHESIS
⛔,no entry,Symbols,,ether,S3,,universal,,,,0.3,group_default,SYNTHESIS
🚫,prohibited,Symbols,,ether,S3,,universal,,,,0.3,group_default,SYNTHESIS
🚳,no bicycles,Symbols,,ether,S3,,universal,,,,0.3,group_default,SYNTHESIS
🚭,no smoking,Symbols,,ether,S3,,universal,,,,0.3,group_default,SYNTHESIS
🚯,no littering,Symbols,,ether,S3,,universal,,,,0.3,group_default,SYNTHESIS
🚱,non-potable water,Symbols,,ether,S3,,universal,,,,0.3,group_default,SYNTHESIS
🚷,no pedestrians,Symbols,,ether,S3,,universal,,,,0.3,group_default,SYNTHESIS
📵,no mobile phones,Symbols,,ether,S3,,universal,,,,0.3,group_default,SYNTHESIS
🔞,no one under eighteen,Symbols,,ether,S3,,universal,,,,0.3,group_default,SYNTHESIS
☢️,radioactive,Symbols,,ether,S3,,universal,,,,0.3,group_default,SYNTHESIS
☣️,biohazard,Symbols,,ether,S3,,universal,,,,0.3,group_default,SYNTHESIS
⬆️,up arrow,Symbols,,ether,S4,,universal,,,,0.5,symbol_geometry,SYNTHESIS
↗️,up-right arrow,Symbols,,ether,S4,,universal,,,,0.5,symbol_geometry,SYNTHESIS
➡️,right arrow,Symbols,,ether,S4,,universal,,,,0.5,symbol_geometry,SYNTHESIS
↘️,down-right arrow,Symbols,,ether,S4,,universal,,,,0.5,symbol_geometry,SYNTHESIS
⬇️,down arrow,Symbols,,ether,S4,,universal,,,,0.5,symbol_geometry,SYNTHESIS
↙️,down-left arrow,Symbols,,ether,S4,,universal,,,,0.5,symbol_geometry,SYNTHESIS
⬅️,left arrow,Symbols,,ether,S4,,universal,,,,0.5,symbol_geometry,SYNTHESIS
↖️,up-left arrow,Symbols,,ether,S4,,universal,,,,0.5,symbol_geometry,SYNTHESIS
↕️,up-down arrow,Symbols,,ether,S4,,universal,,,,0.5,symbol_geometry,SYNTHESIS
↔️,left-right arrow,Symbols,,ether,S4,,universal,,,,0.5,symbol_geometry,SYNTHESIS
↩️,right arrow curving left,Symbols,,ether,S4,,universal,,,,0.5,symbol_geometry,SYNTHESIS
↪️,left arrow curving right,Symbols,,ether,S4,,universal,,,,0.5,symbol_geometry,SYNTHESIS
⤴️,right arrow curving up,Symbols,,ether,S4,,universal,,,,0.5,symbol_geometry,SYNTHESIS
⤵️,right arrow curving down,Symbols,,ether,S4,,universal,,,,0.5,symbol_geometry,SYNTHESIS
🔃,clockwise vertical arrows,Symbols,,ether,S4,,universal,,,,0.5,symbol_geometry,SYNTHESIS
🔄,counterclockwise arrows button,Symbols,,ether,S4,,universal,,,,0.5,symbol_geometry,SYNTHESIS
🔙,BACK arrow,Symbols,,ether,S4,,universal,,,,0.5,symbol_geometry,SYNTHESIS
🔚,END arrow,Symbols,,ether,S4,,universal,,,,0.5,symbol_geometry,SYNTHESIS
🔛,ON! arrow,Symbols,,ether,S4,,universal,,,,0.5,symbol_geometry,SYNTHESIS
🔜,SOON arrow,Symbols,,ether,S4,,universal,,,,0.5,symbol_geometry,SYNTHESIS
🔝,TOP arrow,Symbols,,ether,S4,,universal,,,,0.5,symbol_geometry,SYNTHESIS
🛐,place of worship,Symbols,,ether,S3,,universal,,,,0.3,group_default,SYNTHESIS
⚛️,atom symbol,Symbols,guru,ether,S0,,sannyasa,,,,0.8,symbol_direct,OBSERVED
🕉️,om,Symbols,guru,ether,S0,,sannyasa,,,,0.8,symbol_direct,OBSERVED
✡️,star of David,Symbols,guru,ether,S1,,universal,,,,0.6,symbol_religious,SYNTHESIS
☸️,wheel of dharma,Symbols,guru,ether,S0,,sannyasa,,,,0.8,symbol_direct,OBSERVED
☯️,yin yang,Symbols,guru,ether,S0,,sannyasa,,,,0.8,symbol_direct,OBSERVED
✝️,latin cross,Symbols,guru,ether,S1,,universal,,,,0.6,symbol_religious,SYNTHESIS
☦️,orthodox cross,Symbols,guru,ether,S1,,universal,,,,0.6,symbol_religious,SYNTHESIS
☪️,star and crescent,Symbols,,ether,S3,,universal,,,,0.3,group_default,SYNTHESIS
☮️,peace symbol,Symbols,guru,ether,S0,,sannyasa,,,,0.8,symbol_direct,OBSERVED
🕎,menorah,Symbols,guru,ether,S1,,universal,,,,0.6,symbol_religious,SYNTHESIS
🔯,dotted six-pointed star,Symbols,,ether,S3,,universal,,,,0.3,group_default,SYNTHESIS
🪯,khanda,Symbols,,ether,S3,,universal,,,,0.3,group_default,SYNTHESIS
♈,Aries,Symbols,,ether,S3,,universal,,,,0.3,group_default,SYNTHESIS
♉,Taurus,Symbols,,ether,S3,,universal,,,,0.3,group_default,SYNTHESIS
♊,Gemini,Symbols,,ether,S3,,universal,,,,0.3,group_default,SYNTHESIS
♋,Cancer,Symbols,,ether,S3,,universal,,,,0.3,group_default,SYNTHESIS
♌,Leo,Symbols,,ether,S3,,universal,,,,0.3,group_default,SYNTHESIS
♍,Virgo,Symbols,,ether,S3,,universal,,,,0.3,group_default,SYNTHESIS
♎,Libra,Symbols,,ether,S3,,universal,,,,0.3,group_default,SYNTHESIS
♏,Scorpio,Symbols,,ether,S3,,universal,,,,0.3,group_default,SYNTHESIS
♐,Sagittarius,Symbols,,ether,S3,,universal,,,,0.3,group_default,SYNTHESIS
♑,Capricorn,Symbols,,ether,S3,,universal,,,,0.3,group_default,SYNTHESIS
♒,Aquarius,Symbols,,ether,S3,,universal,,,,0.3,group_default,SYNTHESIS
♓,Pisces,Symbols,,ether,S3,,universal,,,,0.3,group_default,SYNTHESIS
⛎,Ophiuchus,Symbols,,ether,S3,,universal,,,,0.3,group_default,SYNTHESIS
🔀,shuffle tracks button,Symbols,,ether,S3,,universal,,,,0.3,group_default,SYNTHESIS
🔁,repeat button,Symbols,,ether,S3,,universal,,,,0.3,group_default,SYNTHESIS
🔂,repeat single button,Symbols,,ether,S3,,universal,,,,0.3,group_default,SYNTHESIS
▶️,play button,Symbols,,ether,S3,,universal,,,,0.3,group_default,SYNTHESIS
⏩,fast-forward button,Symbols,,ether,S3,,universal,,,,0.3,group_default,SYNTHESIS
⏭️,next track button,Symbols,,ether,S3,,universal,,,,0.3,group_default,SYNTHESIS
⏯️,play or pause button,Symbols,,ether,S3,,universal,,,,0.3,group_default,SYNTHESIS
◀️,reverse button,Symbols,,ether,S3,,universal,,,,0.3,group_default,SYNTHESIS
⏪,fast reverse button,Symbols,,ether,S3,,universal,,,,0.3,group_default,SYNTHESIS
⏮️,last track button,Symbols,,ether,S3,,universal,,,,0.3,group_default,SYNTHESIS
🔼,upwards button,Symbols,,ether,S3,,universal,,,,0.3,group_default,SYNTHESIS
⏫,fast up button,Symbols,,ether,S3,,universal,,,,0.3,group_default,SYNTHESIS
🔽,downwards button,Symbols,,ether,S3,,universal,,,,0.3,group_default,SYNTHESIS
⏬,fast down button,Symbols,,ether,S3,,universal,,,,0.3,group_default,SYNTHESIS
⏸️,pause button,Symbols,,ether,S3,,universal,,,,0.3,group_default,SYNTHESIS
⏹️,stop button,Symbols,,ether,S3,,universal,,,,0.3,group_default,SYNTHESIS
⏺️,record button,Symbols,,ether,S3,,universal,,,,0.3,group_default,SYNTHESIS
⏏️,eject button,Symbols,,ether,S3,,universal,,,,0.3,group_default,SYNTHESIS
🎦,cinema,Symbols,,ether,S3,,universal,,,,0.3,group_default,SYNTHESIS
🔅,dim button,Symbols,,ether,S3,,universal,,,,0.3,group_default,SYNTHESIS
🔆,bright button,Symbols,,ether,S3,,universal,,,,0.3,group_default,SYNTHESIS
📶,antenna bars,Symbols,,ether,S3,,universal,,,,0.3,group_default,SYNTHESIS
🛜,wireless,Symbols,,ether,S3,,universal,,,,0.3,group_default,SYNTHESIS
📳,vibration mode,Symbols,,ether,S3,,universal,,,,0.3,group_default,SYNTHESIS
📴,mobile phone off,Symbols,,ether,S3,,universal,,,,0.3,group_default,SYNTHESIS
♀️,female sign,Symbols,,ether,S3,,universal,,,,0.3,group_default,SYNTHESIS
♂️,male sign,Symbols,,ether,S3,,universal,,,,0.3,group_default,SYNTHESIS
⚧️,transgender symbol,Symbols,,ether,S3,,universal,,,,0.3,group_default,SYNTHESIS
✖️,multiply,Symbols,,ether,S3,,universal,,,,0.3,group_default,SYNTHESIS
➕,plus,Symbols,,ether,S3,,universal,,,,0.3,group_default,SYNTHESIS
➖,minus,Symbols,,ether,S3,,universal,,,,0.3,group_default,SYNTHESIS
➗,divide,Symbols,,ether,S3,,universal,,,,0.3,group_default,SYNTHESIS
🟰,heavy equals sign,Symbols,,ether,S3,,universal,,,,0.3,group_default,SYNTHESIS
♾️,infinity,Symbols,,ether,S3,,universal,,,,0.3,group_default,SYNTHESIS
‼️,double exclamation mark,Symbols,,ether,S3,,universal,,,,0.3,group_default,SYNTHESIS
⁉️,exclamation question mark,Symbols,,ether,S3,,universal,,,,0.3,group_default,SYNTHESIS
❓,red question mark,Symbols,,ether,S3,,universal,,,,0.3,group_default,SYNTHESIS
❔,white question mark,Symbols,,ether,S3,,universal,,,,0.3,group_default,SYNTHESIS
❕,white exclamation mark,Symbols,,ether,S3,,universal,,,,0.3,group_default,SYNTHESIS
❗,red exclamation mark,Symbols,,ether,S3,,universal,,,,0.3,group_default,SYNTHESIS
〰️,wavy dash,Symbols,,ether,S3,,universal,,,,0.3,group_default,SYNTHESIS
💱,currency exchange,Symbols,,ether,S3,,universal,,,,0.3,group_default,SYNTHESIS
💲,heavy dollar sign,Symbols,,ether,S3,,universal,,,,0.3,group_default,SYNTHESIS
⚕️,medical symbol,Symbols,,ether,S3,,universal,,,,0.3,group_default,SYNTHESIS
♻️,recycling symbol,Symbols,,ether,S3,,universal,,,,0.3,group_default,SYNTHESIS
⚜️,fleur-de-lis,Symbols,,ether,S3,,universal,,,,0.3,group_default,SYNTHESIS
🔱,trident emblem,Symbols,,ether,S3,,universal,,,,0.3,group_default,SYNTHESIS
📛,name badge,Symbols,,ether,S3,,universal,,,,0.3,group_default,SYNTHESIS
🔰,Japanese symbol for beginner,Symbols,,ether,S3,,universal,,,,0.3,group_default,SYNTHESIS
⭕,hollow red circle,Symbols,,ether,S4,,universal,,,,0.5,symbol_geometry,SYNTHESIS
✅,check mark button,Symbols,,ether,S3,,universal,,,,0.3,group_default,SYNTHESIS
☑️,check box with check,Symbols,,ether,S3,,universal,,,,0.3,group_default,SYNTHESIS
✔️,check mark,Symbols,,ether,S3,,universal,,,,0.3,group_default,SYNTHESIS
❌,cross mark,Symbols,guru,ether,S1,,universal,,,,0.6,symbol_religious,SYNTHESIS
❎,cross mark button,Symbols,guru,ether,S1,,universal,,,,0.6,symbol_religious,SYNTHESIS
➰,curly loop,Symbols,,ether,S3,,universal,,,,0.3,group_default,SYNTHESIS
➿,double curly loop,Symbols,,ether,S3,,universal,,,,0.3,group_default,SYNTHESIS
〽️,part alternation mark,Symbols,,ether,S3,,universal,,,,0.3,group_default,SYNTHESIS
✳️,eight-spoked asterisk,Symbols,,ether,S3,,universal,,,,0.3,group_default,SYNTHESIS
✴️,eight-pointed star,Symbols,,ether,S3,,universal,,,,0.3,group_default,SYNTHESIS
❇️,sparkle,Symbols,,ether,S3,,universal,,,,0.3,group_default,SYNTHESIS
©️,copyright,Symbols,,ether,S3,,universal,,,,0.3,group_default,SYNTHESIS
®️,registered,Symbols,,ether,S3,,universal,,,,0.3,group_default,SYNTHESIS
™️,trade mark,Symbols,,ether,S3,,universal,,,,0.3,group_default,SYNTHESIS
🫟,splatter,Symbols,,ether,S3,,universal,,,,0.3,group_default,SYNTHESIS
#️⃣,keycap #,Symbols,,ether,S3,,universal,,,,0.3,group_default,SYNTHESIS
*️⃣,keycap *,Symbols,,ether,S3,,universal,,,,0.3,group_default,SYNTHESIS
0️⃣,keycap 0,Symbols,,ether,S3,,universal,,,,0.3,group_default,SYNTHESIS
1️⃣,keycap 1,Symbols,,ether,S3,,universal,,,,0.3,group_default,SYNTHESIS
2️⃣,keycap 2,Symbols,,ether,S3,,universal,,,,0.3,group_default,SYNTHESIS
3️⃣,keycap 3,Symbols,,ether,S3,,universal,,,,0.3,group_default,SYNTHESIS
4️⃣,keycap 4,Symbols,,ether,S3,,universal,,,,0.3,group_default,SYNTHESIS
5️⃣,keycap 5,Symbols,,ether,S3,,universal,,,,0.3,group_default,SYNTHESIS
6️⃣,keycap 6,Symbols,,ether,S3,,universal,,,,0.3,group_default,SYNTHESIS
7️⃣,keycap 7,Symbols,,ether,S3,,universal,,,,0.3,group_default,SYNTHESIS
8️⃣,keycap 8,Symbols,,ether,S3,,universal,,,,0.3,group_default,SYNTHESIS
9️⃣,keycap 9,Symbols,,ether,S3,,universal,,,,0.3,group_default,SYNTHESIS
🔟,keycap 10,Symbols,,ether,S3,,universal,,,,0.3,group_default,SYNTHESIS
🔠,input latin uppercase,Symbols,,ether,S3,,universal,,,,0.3,group_default,SYNTHESIS
🔡,input latin lowercase,Symbols,,ether,S3,,universal,,,,0.3,group_default,SYNTHESIS
🔢,input numbers,Symbols,,ether,S3,,universal,,,,0.3,group_default,SYNTHESIS
🔣,input symbols,Symbols,,ether,S3,,universal,,,,0.3,group_default,SYNTHESIS
🔤,input latin letters,Symbols,,ether,S3,,universal,,,,0.3,group_default,SYNTHESIS
🅰️,A button (blood type),Symbols,,ether,S3,,universal,,,,0.3,group_default,SYNTHESIS
🆎,AB button (blood type),Symbols,,ether,S3,,universal,,,,0.3,group_default,SYNTHESIS
🅱️,B button (blood type),Symbols,,ether,S3,,universal,,,,0.3,group_default,SYNTHESIS
🆑,CL button,Symbols,,ether,S3,,universal,,,,0.3,group_default,SYNTHESIS
🆒,COOL button,Symbols,,ether,S3,,universal,,,,0.3,group_default,SYNTHESIS
🆓,FREE button,Symbols,,ether,S3,,universal,,,,0.3,group_default,SYNTHESIS
ℹ️,information,Symbols,,ether,S3,,universal,,,,0.3,group_default,SYNTHESIS
🆔,ID button,Symbols,,ether,S3,,universal,,,,0.3,group_default,SYNTHESIS
Ⓜ️,circled M,Symbols,,ether,S4,,universal,,,,0.5,symbol_geometry,SYNTHESIS
🆕,NEW button,Symbols,,ether,S3,,universal,,,,0.3,group_default,SYNTHESIS
🆖,NG button,Symbols,,ether,S3,,universal,,,,0.3,group_default,SYNTHESIS
🅾️,O button (blood type),Symbols,,ether,S3,,universal,,,,0.3,group_default,SYNTHESIS
🆗,OK button,Symbols,,ether,S3,,universal,,,,0.3,group_default,SYNTHESIS
🅿️,P button,Symbols,,ether,S3,,universal,,,,0.3,group_default,SYNTHESIS
🆘,SOS button,Symbols,,ether,S3,,universal,,,,0.3,group_default,SYNTHESIS
🆙,UP! button,Symbols,,ether,S3,,universal,,,,0.3,group_default,SYNTHESIS
🆚,VS button,Symbols,,ether,S3,,universal,,,,0.3,group_default,SYNTHESIS
🈁,Japanese “here” button,Symbols,,ether,S3,,universal,,,,0.3,group_default,SYNTHESIS
🈂️,Japanese “service charge” button,Symbols,,ether,S3,,universal,,,,0.3,group_default,SYNTHESIS
🈷️,Japanese “monthly amount” button,Symbols,,ether,S3,,universal,,,,0.3,group_default,SYNTHESIS
🈶,Japanese “not free of charge” button,Symbols,,ether,S3,,universal,,,,0.3,group_default,SYNTHESIS
🈯,Japanese “reserved” button,Symbols,,ether,S3,,universal,,,,0.3,group_default,SYNTHESIS
🉐,Japanese “bargain” button,Symbols,,ether,S3,,universal,,,,0.3,group_default,SYNTHESIS
🈹,Japanese “discount” button,Symbols,,ether,S3,,universal,,,,0.3,group_default,SYNTHESIS
🈚,Japanese “free of charge” button,Symbols,,ether,S3,,universal,,,,0.3,group_default,SYNTHESIS
🈲,Japanese “prohibited” button,Symbols,,ether,S3,,universal,,,,0.3,group_default,SYNTHESIS
🉑,Japanese “acceptable” button,Symbols,,ether,S3,,universal,,,,0.3,group_default,SYNTHESIS
🈸,Japanese “application” button,Symbols,,ether,S3,,universal,,,,0.3,group_default,SYNTHESIS
🈴,Japanese “passing grade” button,Symbols,,ether,S3,,universal,,,,0.3,group_default,SYNTHESIS
🈳,Japanese “vacancy” button,Symbols,,ether,S3,,universal,,,,0.3,group_default,SYNTHESIS
㊗️,Japanese “congratulations” button,Symbols,,ether,S3,,universal,,,,0.3,group_default,SYNTHESIS
㊙️,Japanese “secret” button,Symbols,,ether,S3,,universal,,,,0.3,group_default,SYNTHESIS
🈺,Japanese “open for business” button,Symbols,,ether,S3,,universal,,,,0.3,group_default,SYNTHESIS
🈵,Japanese “no vacancy” button,Symbols,,ether,S3,,universal,,,,0.3,group_default,SYNTHESIS
🔴,red circle,Symbols,,ether,S4,,universal,,,,0.5,symbol_geometry,SYNTHESIS
🟠,orange circle,Symbols,,ether,S4,,universal,,,,0.5,symbol_geometry,SYNTHESIS
🟡,yellow circle,Symbols,,ether,S4,,universal,,,,0.5,symbol_geometry,SYNTHESIS
🟢,green circle,Symbols,,ether,S4,,universal,,,,0.5,symbol_geometry,SYNTHESIS
🔵,blue circle,Symbols,,ether,S4,,universal,,,,0.5,symbol_geometry,SYNTHESIS
🟣,purple circle,Symbols,,ether,S4,,universal,,,,0.5,symbol_geometry,SYNTHESIS
🟤,brown circle,Symbols,,ether,S4,,universal,,,,0.5,symbol_geometry,SYNTHESIS
⚫,black circle,Symbols,,ether,S4,,universal,,,,0.5,symbol_geometry,SYNTHESIS
⚪,white circle,Symbols,,ether,S4,,universal,,,,0.5,symbol_geometry,SYNTHESIS
🟥,red square,Symbols,,ether,S4,,universal,,,,0.5,symbol_geometry,SYNTHESIS
🟧,orange square,Symbols,,ether,S4,,universal,,,,0.5,symbol_geometry,SYNTHESIS
🟨,yellow square,Symbols,,ether,S4,,universal,,,,0.5,symbol_geometry,SYNTHESIS
🟩,green square,Symbols,,ether,S4,,universal,,,,0.5,symbol_geometry,SYNTHESIS
🟦,blue square,Symbols,,ether,S4,,universal,,,,0.5,symbol_geometry,SYNTHESIS
🟪,purple square,Symbols,,ether,S4,,universal,,,,0.5,symbol_geometry,SYNTHESIS
🟫,brown square,Symbols,,ether,S4,,universal,,,,0.5,symbol_geometry,SYNTHESIS
⬛,black large square,Symbols,,ether,S4,,universal,,,,0.5,symbol_geometry,SYNTHESIS
⬜,white large square,Symbols,,ether,S4,,universal,,,,0.5,symbol_geometry,SYNTHESIS
◼️,black medium square,Symbols,,ether,S4,,universal,,,,0.5,symbol_geometry,SYNTHESIS
◻️,white medium square,Symbols,,ether,S4,,universal,,,,0.5,symbol_geometry,SYNTHESIS
◾,black medium-small square,Symbols,,ether,S4,,universal,,,,0.5,symbol_geometry,SYNTHESIS
◽,white medium-small square,Symbols,,ether,S4,,universal,,,,0.5,symbol_geometry,SYNTHESIS
▪️,black small square,Symbols,,ether,S4,,universal,,,,0.5,symbol_geometry,SYNTHESIS
▫️,white small square,Symbols,,ether,S4,,universal,,,,0.5,symbol_geometry,SYNTHESIS
🔶,large orange diamond,Symbols,,ether,S4,,universal,,,,0.5,symbol_geometry,SYNTHESIS
🔷,large blue diamond,Symbols,,ether,S4,,universal,,,,0.5,symbol_geometry,SYNTHESIS
🔸,small orange diamond,Symbols,,ether,S4,,universal,,,,0.5,symbol_geometry,SYNTHESIS
🔹,small blue diamond,Symbols,,ether,S4,,universal,,,,0.5,symbol_geometry,SYNTHESIS
🔺,red triangle pointed up,Symbols,,ether,S4,,universal,,,,0.5,symbol_geometry,SYNTHESIS
🔻,red triangle pointed down,Symbols,,ether,S4,,universal,,,,0.5,symbol_geometry,SYNTHESIS
💠,diamond with a dot,Symbols,,ether,S4,,universal,,,,0.5,symbol_geometry,SYNTHESIS
🔘,radio button,Symbols,,ether,S3,,universal,,,,0.3,group_default,SYNTHESIS
🔳,white square button,Symbols,,ether,S4,,universal,,,,0.5,symbol_geometry,SYNTHESIS
🔲,black square button,Symbols,,ether,S4,,universal,,,,0.5,symbol_geometry,SYNTHESIS
🏁,chequered flag,Flags,,earth,S4,,universal,,,,0.3,group_default,SYNTHESIS
🚩,triangular flag,Flags,,earth,S4,,universal,,,,0.3,group_default,SYNTHESIS
🎌,crossed flags,Flags,,earth,S4,,universal,,,,0.3,group_default,SYNTHESIS
🏴,black flag,Flags,,earth,S4,,universal,,,,0.3,group_default,SYNTHESIS
🏳️,white flag,Flags,,earth,S4,,universal,,,,0.3,group_default,SYNTHESIS
🏳️‍🌈,rainbow flag,Flags,,earth,S4,,universal,,,,0.3,group_default,SYNTHESIS
🏳️‍⚧️,transgender flag,Flags,,earth,S4,,universal,,,,0.3,group_default,SYNTHESIS
🏴‍☠️,pirate flag,Flags,,earth,S4,,universal,,,,0.3,group_default,SYNTHESIS
🇦🇨,flag Ascension Island,Flags,,earth,S4,,universal,,,,0.3,group_default,SYNTHESIS
🇦🇩,flag Andorra,Flags,,earth,S4,,universal,,,,0.3,group_default,SYNTHESIS
🇦🇪,flag United Arab Emirates,Flags,,earth,S4,,universal,,,,0.3,group_default,SYNTHESIS
🇦🇫,flag Afghanistan,Flags,,earth,S4,,universal,,,,0.3,group_default,SYNTHESIS
🇦🇬,flag Antigua & Barbuda,Flags,,earth,S4,,universal,,,,0.3,group_default,SYNTHESIS
🇦🇮,flag Anguilla,Flags,,earth,S4,,universal,,,,0.3,group_default,SYNTHESIS
🇦🇱,flag Albania,Flags,,earth,S4,,universal,,,,0.3,group_default,SYNTHESIS
🇦🇲,flag Armenia,Flags,,earth,S4,,universal,,,,0.3,group_default,SYNTHESIS
🇦🇴,flag Angola,Flags,,earth,S4,,universal,,,,0.3,group_default,SYNTHESIS
🇦🇶,flag Antarctica,Flags,,earth,S4,,universal,,,,0.3,group_default,SYNTHESIS
🇦🇷,flag Argentina,Flags,,earth,S4,,universal,,,,0.3,group_default,SYNTHESIS
🇦🇸,flag American Samoa,Flags,,earth,S4,,universal,,,,0.3,group_default,SYNTHESIS
🇦🇹,flag Austria,Flags,,earth,S4,,universal,,,,0.3,group_default,SYNTHESIS
🇦🇺,flag Australia,Flags,,earth,S4,,universal,,,,0.3,group_default,SYNTHESIS
🇦🇼,flag Aruba,Flags,,earth,S4,,universal,,,,0.3,group_default,SYNTHESIS
🇦🇽,flag Åland Islands,Flags,,earth,S4,,universal,,,,0.3,group_default,SYNTHESIS
🇦🇿,flag Azerbaijan,Flags,,earth,S4,,universal,,,,0.3,group_default,SYNTHESIS
🇧🇦,flag Bosnia & Herzegovina,Flags,,earth,S4,,universal,,,,0.3,group_default,SYNTHESIS
🇧🇧,flag Barbados,Flags,,earth,S4,,universal,,,,0.3,group_default,SYNTHESIS
🇧🇩,flag Bangladesh,Flags,,earth,S4,,universal,,,,0.3,group_default,SYNTHESIS
🇧🇪,flag Belgium,Flags,,earth,S4,,universal,,,,0.3,group_default,SYNTHESIS
🇧🇫,flag Burkina Faso,Flags,,earth,S4,,universal,,,,0.3,group_default,SYNTHESIS
🇧🇬,flag Bulgaria,Flags,,earth,S4,,universal,,,,0.3,group_default,SYNTHESIS
🇧🇭,flag Bahrain,Flags,,earth,S4,,universal,,,,0.3,group_default,SYNTHESIS
🇧🇮,flag Burundi,Flags,,earth,S4,,universal,,,,0.3,group_default,SYNTHESIS
🇧🇯,flag Benin,Flags,,earth,S4,,universal,,,,0.3,group_default,SYNTHESIS
🇧🇱,flag St. Barthélemy,Flags,,earth,S4,,universal,,,,0.3,group_default,SYNTHESIS
🇧🇲,flag Bermuda,Flags,,earth,S4,,universal,,,,0.3,group_default,SYNTHESIS
🇧🇳,flag Brunei,Flags,,earth,S4,,universal,,,,0.3,group_default,SYNTHESIS
🇧🇴,flag Bolivia,Flags,,earth,S4,,universal,,,,0.3,group_default,SYNTHESIS
🇧🇶,flag Caribbean Netherlands,Flags,,earth,S4,,universal,,,,0.3,group_default,SYNTHESIS
🇧🇷,flag Brazil,Flags,,earth,S4,,universal,,,,0.3,group_default,SYNTHESIS
🇧🇸,flag Bahamas,Flags,,earth,S4,,universal,,,,0.3,group_default,SYNTHESIS
🇧🇹,flag Bhutan,Flags,,earth,S4,,universal,,,,0.3,group_default,SYNTHESIS
🇧🇻,flag Bouvet Island,Flags,,earth,S4,,universal,,,,0.3,group_default,SYNTHESIS
🇧🇼,flag Botswana,Flags,,earth,S4,,universal,,,,0.3,group_default,SYNTHESIS
🇧🇾,flag Belarus,Flags,,earth,S4,,universal,,,,0.3,group_default,SYNTHESIS
🇧🇿,flag Belize,Flags,,earth,S4,,universal,,,,0.3,group_default,SYNTHESIS
🇨🇦,flag Canada,Flags,,earth,S4,,universal,,,,0.3,group_default,SYNTHESIS
🇨🇨,flag Cocos (Keeling) Islands,Flags,,earth,S4,,universal,,,,0.3,group_default,SYNTHESIS
🇨🇩,flag Congo - Kinshasa,Flags,,earth,S4,,universal,,,,0.3,group_default,SYNTHESIS
🇨🇫,flag Central African Republic,Flags,,earth,S4,,universal,,,,0.3,group_default,SYNTHESIS
🇨🇬,flag Congo - Brazzaville,Flags,,earth,S4,,universal,,,,0.3,group_default,SYNTHESIS
🇨🇭,flag Switzerland,Flags,,earth,S4,,universal,,,,0.3,group_default,SYNTHESIS
🇨🇮,flag Côte d’Ivoire,Flags,,earth,S4,,universal,,,,0.3,group_default,SYNTHESIS
🇨🇰,flag Cook Islands,Flags,,earth,S4,,universal,,,,0.3,group_default,SYNTHESIS
🇨🇱,flag Chile,Flags,,earth,S4,,universal,,,,0.3,group_default,SYNTHESIS
🇨🇲,flag Cameroon,Flags,,earth,S4,,universal,,,,0.3,group_default,SYNTHESIS
🇨🇳,flag China,Flags,,earth,S4,,universal,,,,0.3,group_default,SYNTHESIS
🇨🇴,flag Colombia,Flags,,earth,S4,,universal,,,,0.3,group_default,SYNTHESIS
🇨🇵,flag Clipperton Island,Flags,,earth,S4,,universal,,,,0.3,group_default,SYNTHESIS
🇨🇶,flag Sark,Flags,,earth,S4,,universal,,,,0.3,group_default,SYNTHESIS
🇨🇷,flag Costa Rica,Flags,,earth,S4,,universal,,,,0.3,group_default,SYNTHESIS
🇨🇺,flag Cuba,Flags,,earth,S4,,universal,,,,0.3,group_default,SYNTHESIS
🇨🇻,flag Cape Verde,Flags,,earth,S4,,universal,,,,0.3,group_default,SYNTHESIS
🇨🇼,flag Curaçao,Flags,,earth,S4,,universal,,,,0.3,group_default,SYNTHESIS
🇨🇽,flag Christmas Island,Flags,,earth,S4,,universal,,,,0.3,group_default,SYNTHESIS
🇨🇾,flag Cyprus,Flags,,earth,S4,,universal,,,,0.3,group_default,SYNTHESIS
🇨🇿,flag Czechia,Flags,,earth,S4,,universal,,,,0.3,group_default,SYNTHESIS
🇩🇪,flag Germany,Flags,,earth,S4,,universal,,,,0.3,group_default,SYNTHESIS
🇩🇬,flag Diego Garcia,Flags,,earth,S4,,universal,,,,0.3,group_default,SYNTHESIS
🇩🇯,flag Djibouti,Flags,,earth,S4,,universal,,,,0.3,group_default,SYNTHESIS
🇩🇰,flag Denmark,Flags,,earth,S4,,universal,,,,0.3,group_default,SYNTHESIS
🇩🇲,flag Dominica,Flags,,earth,S4,,universal,,,,0.3,group_default,SYNTHESIS
🇩🇴,flag Dominican Republic,Flags,,earth,S4,,universal,,,,0.3,group_default,SYNTHESIS
🇩🇿,flag Algeria,Flags,,earth,S4,,universal,,,,0.3,group_default,SYNTHESIS
🇪🇦,flag Ceuta & Melilla,Flags,,earth,S4,,universal,,,,0.3,group_default,SYNTHESIS
🇪🇨,flag Ecuador,Flags,,earth,S4,,universal,,,,0.3,group_default,SYNTHESIS
🇪🇪,flag Estonia,Flags,,earth,S4,,universal,,,,0.3,group_default,SYNTHESIS
🇪🇬,flag Egypt,Flags,,earth,S4,,universal,,,,0.3,group_default,SYNTHESIS
🇪🇭,flag Western Sahara,Flags,,earth,S4,,universal,,,,0.3,group_default,SYNTHESIS
🇪🇷,flag Eritrea,Flags,,earth,S4,,universal,,,,0.3,group_default,SYNTHESIS
🇪🇸,flag Spain,Flags,,earth,S4,,universal,,,,0.3,group_default,SYNTHESIS
🇪🇹,flag Ethiopia,Flags,,earth,S4,,universal,,,,0.3,group_default,SYNTHESIS
🇪🇺,flag European Union,Flags,,earth,S4,,universal,,,,0.3,group_default,SYNTHESIS
🇫🇮,flag Finland,Flags,,earth,S4,,universal,,,,0.3,group_default,SYNTHESIS
🇫🇯,flag Fiji,Flags,,earth,S4,,universal,,,,0.3,group_default,SYNTHESIS
🇫🇰,flag Falkland Islands,Flags,,earth,S4,,universal,,,,0.3,group_default,SYNTHESIS
🇫🇲,flag Micronesia,Flags,,earth,S4,,universal,,,,0.3,group_default,SYNTHESIS
🇫🇴,flag Faroe Islands,Flags,,earth,S4,,universal,,,,0.3,group_default,SYNTHESIS
🇫🇷,flag France,Flags,,earth,S4,,universal,,,,0.3,group_default,SYNTHESIS
🇬🇦,flag Gabon,Flags,,earth,S4,,universal,,,,0.3,group_default,SYNTHESIS
🇬🇧,flag United Kingdom,Flags,,earth,S4,,universal,,,,0.3,group_default,SYNTHESIS
🇬🇩,flag Grenada,Flags,,earth,S4,,universal,,,,0.3,group_default,SYNTHESIS
🇬🇪,flag Georgia,Flags,,earth,S4,,universal,,,,0.3,group_default,SYNTHESIS
🇬🇫,flag French Guiana,Flags,,earth,S4,,universal,,,,0.3,group_default,SYNTHESIS
🇬🇬,flag Guernsey,Flags,,earth,S4,,universal,,,,0.3,group_default,SYNTHESIS
🇬🇭,flag Ghana,Flags,,earth,S4,,universal,,,,0.3,group_default,SYNTHESIS
🇬🇮,flag Gibraltar,Flags,,earth,S4,,universal,,,,0.3,group_default,SYNTHESIS
🇬🇱,flag Greenland,Flags,,earth,S4,,universal,,,,0.3,group_default,SYNTHESIS
🇬🇲,flag Gambia,Flags,,earth,S4,,universal,,,,0.3,group_default,SYNTHESIS
🇬🇳,flag Guinea,Flags,,earth,S4,,universal,,,,0.3,group_default,SYNTHESIS
🇬🇵,flag Guadeloupe,Flags,,earth,S4,,universal,,,,0.3,group_default,SYNTHESIS
🇬🇶,flag Equatorial Guinea,Flags,,earth,S4,,universal,,,,0.3,group_default,SYNTHESIS
🇬🇷,flag Greece,Flags,,earth,S4,,universal,,,,0.3,group_default,SYNTHESIS
🇬🇸,flag South Georgia & South Sandwich Islands,Flags,,earth,S4,,universal,,,,0.3,group_default,SYNTHESIS
🇬🇹,flag Guatemala,Flags,,earth,S4,,universal,,,,0.3,group_default,SYNTHESIS
🇬🇺,flag Guam,Flags,,earth,S4,,universal,,,,0.3,group_default,SYNTHESIS
🇬🇼,flag Guinea-Bissau,Flags,,earth,S4,,universal,,,,0.3,group_default,SYNTHESIS
🇬🇾,flag Guyana,Flags,,earth,S4,,universal,,,,0.3,group_default,SYNTHESIS
🇭🇰,flag Hong Kong SAR China,Flags,,earth,S4,,universal,,,,0.3,group_default,SYNTHESIS
🇭🇲,flag Heard & McDonald Islands,Flags,,earth,S4,,universal,,,,0.3,group_default,SYNTHESIS
🇭🇳,flag Honduras,Flags,,earth,S4,,universal,,,,0.3,group_default,SYNTHESIS
🇭🇷,flag Croatia,Flags,,earth,S4,,universal,,,,0.3,group_default,SYNTHESIS
🇭🇹,flag Haiti,Flags,,earth,S4,,universal,,,,0.3,group_default,SYNTHESIS
🇭🇺,flag Hungary,Flags,,earth,S4,,universal,,,,0.3,group_default,SYNTHESIS
🇮🇨,flag Canary Islands,Flags,,earth,S4,,universal,,,,0.3,group_default,SYNTHESIS
🇮🇩,flag Indonesia,Flags,,earth,S4,,universal,,,,0.3,group_default,SYNTHESIS
🇮🇪,flag Ireland,Flags,,earth,S4,,universal,,,,0.3,group_default,SYNTHESIS
🇮🇱,flag Israel,Flags,,earth,S4,,universal,,,,0.3,group_default,SYNTHESIS
🇮🇲,flag Isle of Man,Flags,,earth,S4,,universal,,,,0.3,group_default,SYNTHESIS
🇮🇳,flag India,Flags,,earth,S4,,universal,,,,0.3,group_default,SYNTHESIS
🇮🇴,flag British Indian Ocean Territory,Flags,,earth,S4,,universal,,,,0.3,group_default,SYNTHESIS
🇮🇶,flag Iraq,Flags,,earth,S4,,universal,,,,0.3,group_default,SYNTHESIS
🇮🇷,flag Iran,Flags,,earth,S4,,universal,,,,0.3,group_default,SYNTHESIS
🇮🇸,flag Iceland,Flags,,earth,S4,,universal,,,,0.3,group_default,SYNTHESIS
🇮🇹,flag Italy,Flags,,earth,S4,,universal,,,,0.3,group_default,SYNTHESIS
🇯🇪,flag Jersey,Flags,,earth,S4,,universal,,,,0.3,group_default,SYNTHESIS
🇯🇲,flag Jamaica,Flags,,earth,S4,,universal,,,,0.3,group_default,SYNTHESIS
🇯🇴,flag Jordan,Flags,,earth,S4,,universal,,,,0.3,group_default,SYNTHESIS
🇯🇵,flag Japan,Flags,,earth,S4,,universal,,,,0.3,group_default,SYNTHESIS
🇰🇪,flag Kenya,Flags,,earth,S4,,universal,,,,0.3,group_default,SYNTHESIS
🇰🇬,flag Kyrgyzstan,Flags,,earth,S4,,universal,,,,0.3,group_default,SYNTHESIS
🇰🇭,flag Cambodia,Flags,,earth,S4,,universal,,,,0.3,group_default,SYNTHESIS
🇰🇮,flag Kiribati,Flags,,earth,S4,,universal,,,,0.3,group_default,SYNTHESIS
🇰🇲,flag Comoros,Flags,,earth,S4,,universal,,,,0.3,group_default,SYNTHESIS
🇰🇳,flag St. Kitts & Nevis,Flags,,earth,S4,,universal,,,,0.3,group_default,SYNTHESIS
🇰🇵,flag North Korea,Flags,,earth,S4,,universal,,,,0.3,group_default,SYNTHESIS
🇰🇷,flag South Korea,Flags,,earth,S4,,universal,,,,0.3,group_default,SYNTHESIS
🇰🇼,flag Kuwait,Flags,,earth,S4,,universal,,,,0.3,group_default,SYNTHESIS
🇰🇾,flag Cayman Islands,Flags,,earth,S4,,universal,,,,0.3,group_default,SYNTHESIS
🇰🇿,flag Kazakhstan,Flags,,earth,S4,,universal,,,,0.3,group_default,SYNTHESIS
🇱🇦,flag Laos,Flags,,earth,S4,,universal,,,,0.3,group_default,SYNTHESIS
🇱🇧,flag Lebanon,Flags,,earth,S4,,universal,,,,0.3,group_default,SYNTHESIS
🇱🇨,flag St. Lucia,Flags,,earth,S4,,universal,,,,0.3,group_default,SYNTHESIS
🇱🇮,flag Liechtenstein,Flags,,earth,S4,,universal,,,,0.3,group_default,SYNTHESIS
🇱🇰,flag Sri Lanka,Flags,,earth,S4,,universal,,,,0.3,group_default,SYNTHESIS
🇱🇷,flag Liberia,Flags,,earth,S4,,universal,,,,0.3,group_default,SYNTHESIS
🇱🇸,flag Lesotho,Flags,,earth,S4,,universal,,,,0.3,group_default,SYNTHESIS
🇱🇹,flag Lithuania,Flags,,earth,S4,,universal,,,,0.3,group_default,SYNTHESIS
🇱🇺,flag Luxembourg,Flags,,earth,S4,,universal,,,,0.3,group_default,SYNTHESIS
🇱🇻,flag Latvia,Flags,,earth,S4,,universal,,,,0.3,group_default,SYNTHESIS
🇱🇾,flag Libya,Flags,,earth,S4,,universal,,,,0.3,group_default,SYNTHESIS
🇲🇦,flag Morocco,Flags,,earth,S4,,universal,,,,0.3,group_default,SYNTHESIS
🇲🇨,flag Monaco,Flags,,earth,S4,,universal,,,,0.3,group_default,SYNTHESIS
🇲🇩,flag Moldova,Flags,,earth,S4,,universal,,,,0.3,group_default,SYNTHESIS
🇲🇪,flag Montenegro,Flags,,earth,S4,,universal,,,,0.3,group_default,SYNTHESIS
🇲🇫,flag St. Martin,Flags,,earth,S4,,universal,,,,0.3,group_default,SYNTHESIS
🇲🇬,flag Madagascar,Flags,,earth,S4,,universal,,,,0.3,group_default,SYNTHESIS
🇲🇭,flag Marshall Islands,Flags,,earth,S4,,universal,,,,0.3,group_default,SYNTHESIS
🇲🇰,flag North Macedonia,Flags,,earth,S4,,universal,,,,0.3,group_default,SYNTHESIS
🇲🇱,flag Mali,Flags,,earth,S4,,universal,,,,0.3,group_default,SYNTHESIS
🇲🇲,flag Myanmar (Burma),Flags,,earth,S4,,universal,,,,0.3,group_default,SYNTHESIS
🇲🇳,flag Mongolia,Flags,,earth,S4,,universal,,,,0.3,group_default,SYNTHESIS
🇲🇴,flag Macao SAR China,Flags,,earth,S4,,universal,,,,0.3,group_default,SYNTHESIS
🇲🇵,flag Northern Mariana Islands,Flags,,earth,S4,,universal,,,,0.3,group_default,SYNTHESIS
🇲🇶,flag Martinique,Flags,,earth,S4,,universal,,,,0.3,group_default,SYNTHESIS
🇲🇷,flag Mauritania,Flags,,earth,S4,,universal,,,,0.3,group_default,SYNTHESIS
🇲🇸,flag Montserrat,Flags,,earth,S4,,universal,,,,0.3,group_default,SYNTHESIS
🇲🇹,flag Malta,Flags,,earth,S4,,universal,,,,0.3,group_default,SYNTHESIS
🇲🇺,flag Mauritius,Flags,,earth,S4,,universal,,,,0.3,group_default,SYNTHESIS
🇲🇻,flag Maldives,Flags,,earth,S4,,universal,,,,0.3,group_default,SYNTHESIS
🇲🇼,flag Malawi,Flags,,earth,S4,,universal,,,,0.3,group_default,SYNTHESIS
🇲🇽,flag Mexico,Flags,,earth,S4,,universal,,,,0.3,group_default,SYNTHESIS
🇲🇾,flag Malaysia,Flags,,earth,S4,,universal,,,,0.3,group_default,SYNTHESIS
🇲🇿,flag Mozambique,Flags,,earth,S4,,universal,,,,0.3,group_default,SYNTHESIS
🇳🇦,flag Namibia,Flags,,earth,S4,,universal,,,,0.3,group_default,SYNTHESIS
🇳🇨,flag New Caledonia,Flags,,earth,S4,,universal,,,,0.3,group_default,SYNTHESIS
🇳🇪,flag Niger,Flags,,earth,S4,,universal,,,,0.3,group_default,SYNTHESIS
🇳🇫,flag Norfolk Island,Flags,,earth,S4,,universal,,,,0.3,group_default,SYNTHESIS
🇳🇬,flag Nigeria,Flags,,earth,S4,,universal,,,,0.3,group_default,SYNTHESIS
🇳🇮,flag Nicaragua,Flags,,earth,S4,,universal,,,,0.3,group_default,SYNTHESIS
🇳🇱,flag Netherlands,Flags,,earth,S4,,universal,,,,0.3,group_default,SYNTHESIS
🇳🇴,flag Norway,Flags,,earth,S4,,universal,,,,0.3,group_default,SYNTHESIS
🇳🇵,flag Nepal,Flags,,earth,S4,,universal,,,,0.3,group_default,SYNTHESIS
🇳🇷,flag Nauru,Flags,,earth,S4,,universal,,,,0.3,group_default,SYNTHESIS
🇳🇺,flag Niue,Flags,,earth,S4,,universal,,,,0.3,group_default,SYNTHESIS
🇳🇿,flag New Zealand,Flags,,earth,S4,,universal,,,,0.3,group_default,SYNTHESIS
🇴🇲,flag Oman,Flags,,earth,S4,,universal,,,,0.3,group_default,SYNTHESIS
🇵🇦,flag Panama,Flags,,earth,S4,,universal,,,,0.3,group_default,SYNTHESIS
🇵🇪,flag Peru,Flags,,earth,S4,,universal,,,,0.3,group_default,SYNTHESIS
🇵🇫,flag French Polynesia,Flags,,earth,S4,,universal,,,,0.3,group_default,SYNTHESIS
🇵🇬,flag Papua New Guinea,Flags,,earth,S4,,universal,,,,0.3,group_default,SYNTHESIS
🇵🇭,flag Philippines,Flags,,earth,S4,,universal,,,,0.3,group_default,SYNTHESIS
🇵🇰,flag Pakistan,Flags,,earth,S4,,universal,,,,0.3,group_default,SYNTHESIS
🇵🇱,flag Poland,Flags,,earth,S4,,universal,,,,0.3,group_default,SYNTHESIS
🇵🇲,flag St. Pierre & Miquelon,Flags,,earth,S4,,universal,,,,0.3,group_default,SYNTHESIS
🇵🇳,flag Pitcairn Islands,Flags,,earth,S4,,universal,,,,0.3,group_default,SYNTHESIS
🇵🇷,flag Puerto Rico,Flags,,earth,S4,,universal,,,,0.3,group_default,SYNTHESIS
🇵🇸,flag Palestinian Territories,Flags,,earth,S4,,universal,,,,0.3,group_default,SYNTHESIS
🇵🇹,flag Portugal,Flags,,earth,S4,,universal,,,,0.3,group_default,SYNTHESIS
🇵🇼,flag Palau,Flags,,earth,S4,,universal,,,,0.3,group_default,SYNTHESIS
🇵🇾,flag Paraguay,Flags,,earth,S4,,universal,,,,0.3,group_default,SYNTHESIS
🇶🇦,flag Qatar,Flags,,earth,S4,,universal,,,,0.3,group_default,SYNTHESIS
🇷🇪,flag Réunion,Flags,,earth,S4,,universal,,,,0.3,group_default,SYNTHESIS
🇷🇴,flag Romania,Flags,,earth,S4,,universal,,,,0.3,group_default,SYNTHESIS
🇷🇸,flag Serbia,Flags,,earth,S4,,universal,,,,0.3,group_default,SYNTHESIS
🇷🇺,flag Russia,Flags,,earth,S4,,universal,,,,0.3,group_default,SYNTHESIS
🇷🇼,flag Rwanda,Flags,,earth,S4,,universal,,,,0.3,group_default,SYNTHESIS
🇸🇦,flag Saudi Arabia,Flags,,earth,S4,,universal,,,,0.3,group_default,SYNTHESIS
🇸🇧,flag Solomon Islands,Flags,,earth,S4,,universal,,,,0.3,group_default,SYNTHESIS
🇸🇨,flag Seychelles,Flags,,earth,S4,,universal,,,,0.3,group_default,SYNTHESIS
🇸🇩,flag Sudan,Flags,,earth,S4,,universal,,,,0.3,group_default,SYNTHESIS
🇸🇪,flag Sweden,Flags,,earth,S4,,universal,,,,0.3,group_default,SYNTHESIS
🇸🇬,flag Singapore,Flags,,earth,S4,,universal,,,,0.3,group_default,SYNTHESIS
🇸🇭,flag St. Helena,Flags,,earth,S4,,universal,,,,0.3,group_default,SYNTHESIS
🇸🇮,flag Slovenia,Flags,,earth,S4,,universal,,,,0.3,group_default,SYNTHESIS
🇸🇯,flag Svalbard & Jan Mayen,Flags,,earth,S4,,universal,,,,0.3,group_default,SYNTHESIS
🇸🇰,flag Slovakia,Flags,,earth,S4,,universal,,,,0.3,group_default,SYNTHESIS
🇸🇱,flag Sierra Leone,Flags,,earth,S4,,universal,,,,0.3,group_default,SYNTHESIS
🇸🇲,flag San Marino,Flags,,earth,S4,,universal,,,,0.3,group_default,SYNTHESIS
🇸🇳,flag Senegal,Flags,,earth,S4,,universal,,,,0.3,group_default,SYNTHESIS
🇸🇴,flag Somalia,Flags,,earth,S4,,universal,,,,0.3,group_default,SYNTHESIS
🇸🇷,flag Suriname,Flags,,earth,S4,,universal,,,,0.3,group_default,SYNTHESIS
🇸🇸,flag South Sudan,Flags,,earth,S4,,universal,,,,0.3,group_default,SYNTHESIS
🇸🇹,flag São Tomé & Príncipe,Flags,,earth,S4,,universal,,,,0.3,group_default,SYNTHESIS
🇸🇻,flag El Salvador,Flags,,earth,S4,,universal,,,,0.3,group_default,SYNTHESIS
🇸🇽,flag Sint Maarten,Flags,,earth,S4,,universal,,,,0.3,group_default,SYNTHESIS
🇸🇾,flag Syria,Flags,,earth,S4,,universal,,,,0.3,group_default,SYNTHESIS
🇸🇿,flag Eswatini,Flags,,earth,S4,,universal,,,,0.3,group_default,SYNTHESIS
🇹🇦,flag Tristan da Cunha,Flags,,earth,S4,,universal,,,,0.3,group_default,SYNTHESIS
🇹🇨,flag Turks & Caicos Islands,Flags,,earth,S4,,universal,,,,0.3,group_default,SYNTHESIS
🇹🇩,flag Chad,Flags,,earth,S4,,universal,,,,0.3,group_default,SYNTHESIS
🇹🇫,flag French Southern Territories,Flags,,earth,S4,,universal,,,,0.3,group_default,SYNTHESIS
🇹🇬,flag Togo,Flags,,earth,S4,,universal,,,,0.3,group_default,SYNTHESIS
🇹🇭,flag Thailand,Flags,,earth,S4,,universal,,,,0.3,group_default,SYNTHESIS
🇹🇯,flag Tajikistan,Flags,,earth,S4,,universal,,,,0.3,group_default,SYNTHESIS
🇹🇰,flag Tokelau,Flags,,earth,S4,,universal,,,,0.3,group_default,SYNTHESIS
🇹🇱,flag Timor-Leste,Flags,,earth,S4,,universal,,,,0.3,group_default,SYNTHESIS
🇹🇲,flag Turkmenistan,Flags,,earth,S4,,universal,,,,0.3,group_default,SYNTHESIS
🇹🇳,flag Tunisia,Flags,,earth,S4,,universal,,,,0.3,group_default,SYNTHESIS
🇹🇴,flag Tonga,Flags,,earth,S4,,universal,,,,0.3,group_default,SYNTHESIS
🇹🇷,flag Türkiye,Flags,,earth,S4,,universal,,,,0.3,group_default,SYNTHESIS
🇹🇹,flag Trinidad & Tobago,Flags,,earth,S4,,universal,,,,0.3,group_default,SYNTHESIS
🇹🇻,flag Tuvalu,Flags,,earth,S4,,universal,,,,0.3,group_default,SYNTHESIS
🇹🇼,flag Taiwan,Flags,,earth,S4,,universal,,,,0.3,group_default,SYNTHESIS
🇹🇿,flag Tanzania,Flags,,earth,S4,,universal,,,,0.3,group_default,SYNTHESIS
🇺🇦,flag Ukraine,Flags,,earth,S4,,universal,,,,0.3,group_default,SYNTHESIS
🇺🇬,flag Uganda,Flags,,earth,S4,,universal,,,,0.3,group_default,SYNTHESIS
🇺🇲,flag U.S. Outlying Islands,Flags,,earth,S4,,universal,,,,0.3,group_default,SYNTHESIS
🇺🇳,flag United Nations,Flags,,earth,S4,,universal,,,,0.3,group_default,SYNTHESIS
🇺🇸,flag United States,Flags,,earth,S4,,universal,,,,0.3,group_default,SYNTHESIS
🇺🇾,flag Uruguay,Flags,,earth,S4,,universal,,,,0.3,group_default,SYNTHESIS
🇺🇿,flag Uzbekistan,Flags,,earth,S4,,universal,,,,0.3,group_default,SYNTHESIS
🇻🇦,flag Vatican City,Flags,,earth,S4,,universal,,,,0.3,group_default,SYNTHESIS
🇻🇨,flag St. Vincent & Grenadines,Flags,,earth,S4,,universal,,,,0.3,group_default,SYNTHESIS
🇻🇪,flag Venezuela,Flags,,earth,S4,,universal,,,,0.3,group_default,SYNTHESIS
🇻🇬,flag British Virgin Islands,Flags,,earth,S4,,universal,,,,0.3,group_default,SYNTHESIS
🇻🇮,flag U.S. Virgin Islands,Flags,,earth,S4,,universal,,,,0.3,group_default,SYNTHESIS
🇻🇳,flag Vietnam,Flags,,earth,S4,,universal,,,,0.3,group_default,SYNTHESIS
🇻🇺,flag Vanuatu,Flags,,earth,S4,,universal,,,,0.3,group_default,SYNTHESIS
🇼🇫,flag Wallis & Futuna,Flags,,earth,S4,,universal,,,,0.3,group_default,SYNTHESIS
🇼🇸,flag Samoa,Flags,,earth,S4,,universal,,,,0.3,group_default,SYNTHESIS
🇽🇰,flag Kosovo,Flags,,earth,S4,,universal,,,,0.3,group_default,SYNTHESIS
🇾🇪,flag Yemen,Flags,,earth,S4,,universal,,,,0.3,group_default,SYNTHESIS
🇾🇹,flag Mayotte,Flags,,earth,S4,,universal,,,,0.3,group_default,SYNTHESIS
🇿🇦,flag South Africa,Flags,,earth,S4,,universal,,,,0.3,group_default,SYNTHESIS
🇿🇲,flag Zambia,Flags,,earth,S4,,universal,,,,0.3,group_default,SYNTHESIS
🇿🇼,flag Zimbabwe,Flags,,earth,S4,,universal,,,,0.3,group_default,SYNTHESIS
🏴󠁧󠁢󠁥󠁮󠁧󠁿,flag England,Flags,,earth,S4,,universal,,,,0.3,group_default,SYNTHESIS
🏴󠁧󠁢󠁳󠁣󠁴󠁿,flag Scotland,Flags,,earth,S4,,universal,,,,0.3,group_default,SYNTHESIS
🏴󠁧󠁢󠁷󠁬󠁳󠁿,flag Wales,Flags,,earth,S4,,universal,,,,0.3,group_default,SYNTHESIS
