hexagram_id,raga_id,resonance_reason,time_of_day_match,rasa_match,element_match,notes,attestation_status
hexagram_01,raga_yaman,shared element ether + time-season alignment evening/late_autumn,evening,,ether,the creative expressed through yaman,inferred_coherent
hexagram_01,raga_puriya,shared element ether + time-season alignment evening/late_autumn,evening,,ether,the creative expressed through puriya,inferred_coherent
hexagram_01,raga_lalit,shared element ether,,,ether,the creative expressed through lalit,inferred_coherent
hexagram_01,raga_hindol,shared element ether,,,ether,the creative expressed through hindol,inferred_coherent
hexagram_01,raga_purvi,shared element ether + time-season alignment evening/late_autumn,evening,,ether,the creative expressed through purvi,inferred_coherent
hexagram_01,raga_bairagi,shared element ether,,,ether,the creative expressed through bairagi,inferred_coherent
hexagram_01,raga_hansadhwani,shared rasa adbhuta + shared element ether + time-season alignment evening/late_autumn,evening,adbhuta,ether,the creative expressed through hansadhwani,inferred_coherent
hexagram_01,raga_shankara,shared rasa adbhuta + shared element ether + time-season alignment night/late_autumn,night,adbhuta,ether,the creative expressed through shankara,inferred_coherent
hexagram_02,raga_darbari,shared element earth,,,earth,the receptive expressed through darbari,inferred_coherent
hexagram_02,raga_malkauns,shared rasa shanta + shared element earth,,shanta,earth,the receptive expressed through malkauns,inferred_coherent
hexagram_02,raga_kedar,shared element earth,,,earth,the receptive expressed through kedar,inferred_coherent
hexagram_02,raga_purvi,shared rasa shanta,,shanta,,the receptive expressed through purvi,inferred_coherent
hexagram_02,raga_chandrakauns,shared rasa shanta,,shanta,,the receptive expressed through chandrakauns,inferred_coherent
hexagram_03,raga_bhairava,shared element fire + time-season alignment morning/spring + direct season match spring,morning,,fire,difficulty at the beginning expressed through bhairava,inferred_coherent
hexagram_03,raga_bhairavi,shared rasa karuna + shared element water + time-season alignment morning/spring,morning,karuna,water,difficulty at the beginning expressed through bhairavi,inferred_coherent
hexagram_03,raga_todi,shared rasa karuna + shared element water + time-season alignment morning/spring,morning,karuna,water,difficulty at the beginning expressed through todi,inferred_coherent
hexagram_03,raga_marwa,shared element fire,,,fire,difficulty at the beginning expressed through marwa,inferred_coherent
hexagram_03,raga_darbari,shared rasa karuna,,karuna,,difficulty at the beginning expressed through darbari,inferred_coherent
hexagram_03,raga_bageshri,shared element water,,,water,difficulty at the beginning expressed through bageshri,inferred_coherent
hexagram_03,raga_puriya,shared rasa karuna,,karuna,,difficulty at the beginning expressed through puriya,inferred_coherent
hexagram_03,raga_lalit,time-season alignment dawn/spring + direct season match spring,dawn,,,difficulty at the beginning expressed through lalit,inferred_coherent
hexagram_03,raga_miyan_ki_malhar,shared element water,,,water,difficulty at the beginning expressed through miyan_ki_malhar,inferred_coherent
hexagram_03,raga_des,shared element water,,,water,difficulty at the beginning expressed through des,inferred_coherent
hexagram_03,raga_khamaj,shared element water,,,water,difficulty at the beginning expressed through khamaj,inferred_coherent
hexagram_03,raga_jaunpuri,shared rasa karuna + shared element water + time-season alignment morning/spring,morning,karuna,water,difficulty at the beginning expressed through jaunpuri,inferred_coherent
hexagram_03,raga_durga,shared element fire,,,fire,difficulty at the beginning expressed through durga,inferred_coherent
hexagram_03,raga_hindol,time-season alignment morning/spring + direct season match spring,morning,,,difficulty at the beginning expressed through hindol,inferred_coherent
hexagram_03,raga_shree,shared element fire,,,fire,difficulty at the beginning expressed through shree,inferred_coherent
hexagram_03,raga_multani,shared rasa karuna,,karuna,,difficulty at the beginning expressed through multani,inferred_coherent
hexagram_03,raga_bairagi,shared rasa karuna + time-season alignment morning/spring + direct season match spring,morning,karuna,,difficulty at the beginning expressed through bairagi,inferred_coherent
hexagram_03,raga_ahir_bhairav,shared element water + time-season alignment morning/spring + direct season match spring,morning,,water,difficulty at the beginning expressed through ahir_bhairav,inferred_coherent
hexagram_03,raga_charukeshi,shared rasa karuna + shared element water,,karuna,water,difficulty at the beginning expressed through charukeshi,inferred_coherent
hexagram_03,raga_kirwani,shared rasa karuna + shared element water,,karuna,water,difficulty at the beginning expressed through kirwani,inferred_coherent
hexagram_03,raga_chandrakauns,shared element water,,,water,difficulty at the beginning expressed through chandrakauns,inferred_coherent
hexagram_03,raga_sarang,shared element fire,,,fire,difficulty at the beginning expressed through sarang,inferred_coherent
hexagram_04,raga_bhairavi,shared element water + direct season match winter,,,water,youthful folly expressed through bhairavi,inferred_coherent
hexagram_04,raga_todi,shared element water,,,water,youthful folly expressed through todi,inferred_coherent
hexagram_04,raga_darbari,shared element earth + time-season alignment night/winter + direct season match winter,night,,earth,youthful folly expressed through darbari,inferred_coherent
hexagram_04,raga_malkauns,shared element earth + time-season alignment night/winter + direct season match winter,night,,earth,youthful folly expressed through malkauns,inferred_coherent
hexagram_04,raga_bageshri,shared element water + time-season alignment night/winter,night,,water,youthful folly expressed through bageshri,inferred_coherent
hexagram_04,raga_miyan_ki_malhar,shared element water,,,water,youthful folly expressed through miyan_ki_malhar,inferred_coherent
hexagram_04,raga_kedar,shared element earth + time-season alignment night/winter,night,,earth,youthful folly expressed through kedar,inferred_coherent
hexagram_04,raga_des,shared element water + time-season alignment night/winter,night,,water,youthful folly expressed through des,inferred_coherent
hexagram_04,raga_khamaj,shared element water + time-season alignment night/winter,night,,water,youthful folly expressed through khamaj,inferred_coherent
hexagram_04,raga_jaunpuri,shared element water + direct season match winter,,,water,youthful folly expressed through jaunpuri,inferred_coherent
hexagram_04,raga_ahir_bhairav,shared element water,,,water,youthful folly expressed through ahir_bhairav,inferred_coherent
hexagram_04,raga_charukeshi,shared element water + time-season alignment night/winter + direct season match winter,night,,water,youthful folly expressed through charukeshi,inferred_coherent
hexagram_04,raga_kirwani,shared element water + time-season alignment night/winter + direct season match winter,night,,water,youthful folly expressed through kirwani,inferred_coherent
hexagram_04,raga_chandrakauns,shared element water + time-season alignment night/winter + direct season match winter,night,,water,youthful folly expressed through chandrakauns,inferred_coherent
hexagram_04,raga_shankara,time-season alignment night/winter + direct season match winter,night,,,youthful folly expressed through shankara,inferred_coherent
hexagram_05,raga_bhairavi,shared element water,,,water,waiting expressed through bhairavi,inferred_coherent
hexagram_05,raga_todi,shared element water,,,water,waiting expressed through todi,inferred_coherent
hexagram_05,raga_yaman,shared element ether + time-season alignment evening/late_autumn,evening,,ether,waiting expressed through yaman,inferred_coherent
hexagram_05,raga_malkauns,shared rasa shanta + time-season alignment night/late_autumn,night,shanta,,waiting expressed through malkauns,inferred_coherent
hexagram_05,raga_bageshri,shared element water + time-season alignment night/late_autumn,night,,water,waiting expressed through bageshri,inferred_coherent
hexagram_05,raga_puriya,shared element ether + time-season alignment evening/late_autumn,evening,,ether,waiting expressed through puriya,inferred_coherent
hexagram_05,raga_lalit,shared element ether,,,ether,waiting expressed through lalit,inferred_coherent
hexagram_05,raga_miyan_ki_malhar,shared element water,,,water,waiting expressed through miyan_ki_malhar,inferred_coherent
hexagram_05,raga_des,shared element water + time-season alignment night/late_autumn,night,,water,waiting expressed through des,inferred_coherent
hexagram_05,raga_khamaj,shared element water + time-season alignment night/late_autumn,night,,water,waiting expressed through khamaj,inferred_coherent
hexagram_05,raga_jaunpuri,shared element water,,,water,waiting expressed through jaunpuri,inferred_coherent
hexagram_05,raga_hindol,shared element ether,,,ether,waiting expressed through hindol,inferred_coherent
hexagram_05,raga_purvi,shared rasa shanta + shared element ether + time-season alignment evening/late_autumn,evening,shanta,ether,waiting expressed through purvi,inferred_coherent
hexagram_05,raga_bairagi,shared element ether,,,ether,waiting expressed through bairagi,inferred_coherent
hexagram_05,raga_ahir_bhairav,shared element water,,,water,waiting expressed through ahir_bhairav,inferred_coherent
hexagram_05,raga_hansadhwani,shared element ether + time-season alignment evening/late_autumn,evening,,ether,waiting expressed through hansadhwani,inferred_coherent
hexagram_05,raga_charukeshi,shared element water + time-season alignment night/late_autumn,night,,water,waiting expressed through charukeshi,inferred_coherent
hexagram_05,raga_kirwani,shared element water + time-season alignment night/late_autumn,night,,water,waiting expressed through kirwani,inferred_coherent
hexagram_05,raga_chandrakauns,shared rasa shanta + shared element water + time-season alignment night/late_autumn,night,shanta,water,waiting expressed through chandrakauns,inferred_coherent
hexagram_05,raga_shankara,shared element ether + time-season alignment night/late_autumn,night,,ether,waiting expressed through shankara,inferred_coherent
hexagram_06,raga_bhairavi,shared element water + direct season match winter,,,water,conflict expressed through bhairavi,inferred_coherent
hexagram_06,raga_todi,shared element water,,,water,conflict expressed through todi,inferred_coherent
hexagram_06,raga_yaman,shared element ether,,,ether,conflict expressed through yaman,inferred_coherent
hexagram_06,raga_darbari,time-season alignment night/winter + direct season match winter,night,,,conflict expressed through darbari,inferred_coherent
hexagram_06,raga_malkauns,time-season alignment night/winter + direct season match winter,night,,,conflict expressed through malkauns,inferred_coherent
hexagram_06,raga_bageshri,shared element water + time-season alignment night/winter,night,,water,conflict expressed through bageshri,inferred_coherent
hexagram_06,raga_puriya,shared element ether,,,ether,conflict expressed through puriya,inferred_coherent
hexagram_06,raga_lalit,shared element ether,,,ether,conflict expressed through lalit,inferred_coherent
hexagram_06,raga_miyan_ki_malhar,shared element water,,,water,conflict expressed through miyan_ki_malhar,inferred_coherent
hexagram_06,raga_des,shared element water + time-season alignment night/winter,night,,water,conflict expressed through des,inferred_coherent
hexagram_06,raga_khamaj,shared element water + time-season alignment night/winter,night,,water,conflict expressed through khamaj,inferred_coherent
hexagram_06,raga_jaunpuri,shared element water + direct season match winter,,,water,conflict expressed through jaunpuri,inferred_coherent
hexagram_06,raga_hindol,shared element ether,,,ether,conflict expressed through hindol,inferred_coherent
hexagram_06,raga_purvi,shared element ether,,,ether,conflict expressed through purvi,inferred_coherent
hexagram_06,raga_bairagi,shared element ether,,,ether,conflict expressed through bairagi,inferred_coherent
hexagram_06,raga_ahir_bhairav,shared element water,,,water,conflict expressed through ahir_bhairav,inferred_coherent
hexagram_06,raga_hansadhwani,shared element ether,,,ether,conflict expressed through hansadhwani,inferred_coherent
hexagram_06,raga_charukeshi,shared element water + time-season alignment night/winter + direct season match winter,night,,water,conflict expressed through charukeshi,inferred_coherent
hexagram_06,raga_kirwani,shared element water + time-season alignment night/winter + direct season match winter,night,,water,conflict expressed through kirwani,inferred_coherent
hexagram_06,raga_chandrakauns,shared element water + time-season alignment night/winter + direct season match winter,night,,water,conflict expressed through chandrakauns,inferred_coherent
hexagram_06,raga_shankara,shared element ether + time-season alignment night/winter + direct season match winter,night,,ether,conflict expressed through shankara,inferred_coherent
hexagram_07,raga_bhairava,shared rasa vira,,vira,,the army expressed through bhairava,inferred_coherent
hexagram_07,raga_bhairavi,shared element water,,,water,the army expressed through bhairavi,inferred_coherent
hexagram_07,raga_todi,shared element water,,,water,the army expressed through todi,inferred_coherent
hexagram_07,raga_marwa,shared rasa vira,,vira,,the army expressed through marwa,inferred_coherent
hexagram_07,raga_darbari,shared element earth,,,earth,the army expressed through darbari,inferred_coherent
hexagram_07,raga_malkauns,shared element earth,,,earth,the army expressed through malkauns,inferred_coherent
hexagram_07,raga_bageshri,shared element water,,,water,the army expressed through bageshri,inferred_coherent
hexagram_07,raga_miyan_ki_malhar,shared rasa vira + shared element water + time-season alignment monsoon/late_summer,monsoon,vira,water,the army expressed through miyan_ki_malhar,inferred_coherent
hexagram_07,raga_kedar,shared element earth,,,earth,the army expressed through kedar,inferred_coherent
hexagram_07,raga_des,shared element water,,,water,the army expressed through des,inferred_coherent
hexagram_07,raga_khamaj,shared element water,,,water,the army expressed through khamaj,inferred_coherent
hexagram_07,raga_jaunpuri,shared element water,,,water,the army expressed through jaunpuri,inferred_coherent
hexagram_07,raga_durga,shared rasa vira,,vira,,the army expressed through durga,inferred_coherent
hexagram_07,raga_ahir_bhairav,shared element water,,,water,the army expressed through ahir_bhairav,inferred_coherent
hexagram_07,raga_charukeshi,shared element water,,,water,the army expressed through charukeshi,inferred_coherent
hexagram_07,raga_kirwani,shared element water,,,water,the army expressed through kirwani,inferred_coherent
hexagram_07,raga_chandrakauns,shared element water,,,water,the army expressed through chandrakauns,inferred_coherent
hexagram_07,raga_sarang,shared rasa vira,,vira,,the army expressed through sarang,inferred_coherent
hexagram_08,raga_bhairavi,shared element water + direct season match winter,,,water,holding together expressed through bhairavi,inferred_coherent
hexagram_08,raga_todi,shared element water,,,water,holding together expressed through todi,inferred_coherent
hexagram_08,raga_yaman,shared rasa shringara,,shringara,,holding together expressed through yaman,inferred_coherent
hexagram_08,raga_bhimpalasi,shared rasa shringara,,shringara,,holding together expressed through bhimpalasi,inferred_coherent
hexagram_08,raga_darbari,shared element earth + time-season alignment night/winter + direct season match winter,night,,earth,holding together expressed through darbari,inferred_coherent
hexagram_08,raga_malkauns,shared element earth + time-season alignment night/winter + direct season match winter,night,,earth,holding together expressed through malkauns,inferred_coherent
hexagram_08,raga_bageshri,shared rasa shringara + shared element water + time-season alignment night/winter,night,shringara,water,holding together expressed through bageshri,inferred_coherent
hexagram_08,raga_lalit,shared rasa shringara,,shringara,,holding together expressed through lalit,inferred_coherent
hexagram_08,raga_miyan_ki_malhar,shared element water,,,water,holding together expressed through miyan_ki_malhar,inferred_coherent
hexagram_08,raga_kedar,shared rasa shringara + shared element earth + time-season alignment night/winter,night,shringara,earth,holding together expressed through kedar,inferred_coherent
hexagram_08,raga_bihag,shared rasa shringara + time-season alignment night/winter,night,shringara,,holding together expressed through bihag,inferred_coherent
hexagram_08,raga_des,shared rasa shringara + shared element water + time-season alignment night/winter,night,shringara,water,holding together expressed through des,inferred_coherent
hexagram_08,raga_khamaj,shared rasa shringara + shared element water + time-season alignment night/winter,night,shringara,water,holding together expressed through khamaj,inferred_coherent
hexagram_08,raga_jaunpuri,shared element water + direct season match winter,,,water,holding together expressed through jaunpuri,inferred_coherent
hexagram_08,raga_hindol,shared rasa shringara,,shringara,,holding together expressed through hindol,inferred_coherent
hexagram_08,raga_shree,shared rasa shringara,,shringara,,holding together expressed through shree,inferred_coherent
hexagram_08,raga_ahir_bhairav,shared rasa shringara + shared element water,,shringara,water,holding together expressed through ahir_bhairav,inferred_coherent
hexagram_08,raga_tilak_kamod,shared rasa shringara + time-season alignment night/winter,night,shringara,,holding together expressed through tilak_kamod,inferred_coherent
hexagram_08,raga_rageshri,shared rasa shringara + time-season alignment night/winter,night,shringara,,holding together expressed through rageshri,inferred_coherent
hexagram_08,raga_charukeshi,shared element water + time-season alignment night/winter + direct season match winter,night,,water,holding together expressed through charukeshi,inferred_coherent
hexagram_08,raga_kirwani,shared element water + time-season alignment night/winter + direct season match winter,night,,water,holding together expressed through kirwani,inferred_coherent
hexagram_08,raga_chandrakauns,shared element water + time-season alignment night/winter + direct season match winter,night,,water,holding together expressed through chandrakauns,inferred_coherent
hexagram_08,raga_shankara,time-season alignment night/winter + direct season match winter,night,,,holding together expressed through shankara,inferred_coherent
hexagram_09,raga_yaman,shared rasa shringara + shared element ether,,shringara,ether,taming power of the small expressed through yaman,inferred_coherent
hexagram_09,raga_bhimpalasi,shared rasa shringara + shared element air,,shringara,air,taming power of the small expressed through bhimpalasi,inferred_coherent
hexagram_09,raga_bageshri,shared rasa shringara,,shringara,,taming power of the small expressed through bageshri,inferred_coherent
hexagram_09,raga_puriya,shared element ether,,,ether,taming power of the small expressed through puriya,inferred_coherent
hexagram_09,raga_lalit,shared rasa shringara + shared element ether,,shringara,ether,taming power of the small expressed through lalit,inferred_coherent
hexagram_09,raga_kedar,shared rasa shringara,,shringara,,taming power of the small expressed through kedar,inferred_coherent
hexagram_09,raga_bihag,shared rasa shringara + shared element air,,shringara,air,taming power of the small expressed through bihag,inferred_coherent
hexagram_09,raga_des,shared rasa shringara,,shringara,,taming power of the small expressed through des,inferred_coherent
hexagram_09,raga_khamaj,shared rasa shringara,,shringara,,taming power of the small expressed through khamaj,inferred_coherent
hexagram_09,raga_hindol,shared rasa shringara + shared element ether,,shringara,ether,taming power of the small expressed through hindol,inferred_coherent
hexagram_09,raga_shree,shared rasa shringara,,shringara,,taming power of the small expressed through shree,inferred_coherent
hexagram_09,raga_purvi,shared element ether,,,ether,taming power of the small expressed through purvi,inferred_coherent
hexagram_09,raga_multani,shared element air,,,air,taming power of the small expressed through multani,inferred_coherent
hexagram_09,raga_bairagi,shared element ether,,,ether,taming power of the small expressed through bairagi,inferred_coherent
hexagram_09,raga_ahir_bhairav,shared rasa shringara,,shringara,,taming power of the small expressed through ahir_bhairav,inferred_coherent
hexagram_09,raga_tilak_kamod,shared rasa shringara + shared element air,,shringara,air,taming power of the small expressed through tilak_kamod,inferred_coherent
hexagram_09,raga_rageshri,shared rasa shringara + shared element air,,shringara,air,taming power of the small expressed through rageshri,inferred_coherent
hexagram_09,raga_hansadhwani,shared element ether,,,ether,taming power of the small expressed through hansadhwani,inferred_coherent
hexagram_09,raga_shankara,shared element ether,,,ether,taming power of the small expressed through shankara,inferred_coherent
hexagram_10,raga_bhairavi,shared element water,,,water,treading expressed through bhairavi,inferred_coherent
hexagram_10,raga_todi,shared element water,,,water,treading expressed through todi,inferred_coherent
hexagram_10,raga_yaman,shared element ether + time-season alignment evening/autumn + direct season match autumn,evening,,ether,treading expressed through yaman,inferred_coherent
hexagram_10,raga_marwa,time-season alignment evening/autumn + direct season match autumn,evening,,,treading expressed through marwa,inferred_coherent
hexagram_10,raga_bageshri,shared element water + time-season alignment night/autumn + direct season match autumn,night,,water,treading expressed through bageshri,inferred_coherent
hexagram_10,raga_puriya,shared element ether + time-season alignment evening/autumn + direct season match autumn,evening,,ether,treading expressed through puriya,inferred_coherent
hexagram_10,raga_lalit,shared element ether,,,ether,treading expressed through lalit,inferred_coherent
hexagram_10,raga_miyan_ki_malhar,shared element water,,,water,treading expressed through miyan_ki_malhar,inferred_coherent
hexagram_10,raga_kedar,time-season alignment night/autumn + direct season match autumn,night,,,treading expressed through kedar,inferred_coherent
hexagram_10,raga_bihag,time-season alignment night/autumn + direct season match autumn,night,,,treading expressed through bihag,inferred_coherent
hexagram_10,raga_des,shared element water + time-season alignment night/autumn,night,,water,treading expressed through des,inferred_coherent
hexagram_10,raga_khamaj,shared element water + time-season alignment night/autumn,night,,water,treading expressed through khamaj,inferred_coherent
hexagram_10,raga_jaunpuri,shared element water,,,water,treading expressed through jaunpuri,inferred_coherent
hexagram_10,raga_durga,time-season alignment night/autumn + direct season match autumn,night,,,treading expressed through durga,inferred_coherent
hexagram_10,raga_hindol,shared element ether,,,ether,treading expressed through hindol,inferred_coherent
hexagram_10,raga_shree,time-season alignment evening/autumn + direct season match autumn,evening,,,treading expressed through shree,inferred_coherent
hexagram_10,raga_purvi,shared element ether + time-season alignment evening/autumn + direct season match autumn,evening,,ether,treading expressed through purvi,inferred_coherent
hexagram_10,raga_bairagi,shared element ether,,,ether,treading expressed through bairagi,inferred_coherent
hexagram_10,raga_ahir_bhairav,shared element water,,,water,treading expressed through ahir_bhairav,inferred_coherent
hexagram_10,raga_tilak_kamod,time-season alignment night/autumn + direct season match autumn,night,,,treading expressed through tilak_kamod,inferred_coherent
hexagram_10,raga_rageshri,time-season alignment night/autumn + direct season match autumn,night,,,treading expressed through rageshri,inferred_coherent
hexagram_10,raga_hansadhwani,shared element ether + time-season alignment evening/autumn + direct season match autumn,evening,,ether,treading expressed through hansadhwani,inferred_coherent
hexagram_10,raga_charukeshi,shared element water + time-season alignment night/autumn,night,,water,treading expressed through charukeshi,inferred_coherent
hexagram_10,raga_kirwani,shared element water + time-season alignment night/autumn,night,,water,treading expressed through kirwani,inferred_coherent
hexagram_10,raga_chandrakauns,shared element water + time-season alignment night/autumn,night,,water,treading expressed through chandrakauns,inferred_coherent
hexagram_10,raga_shankara,shared element ether + time-season alignment night/autumn,night,,ether,treading expressed through shankara,inferred_coherent
hexagram_11,raga_yaman,shared element ether + time-season alignment evening/late_autumn,evening,,ether,peace expressed through yaman,inferred_coherent
hexagram_11,raga_darbari,shared element earth + time-season alignment night/late_autumn,night,,earth,peace expressed through darbari,inferred_coherent
hexagram_11,raga_malkauns,shared rasa shanta + shared element earth + time-season alignment night/late_autumn,night,shanta,earth,peace expressed through malkauns,inferred_coherent
hexagram_11,raga_puriya,shared element ether + time-season alignment evening/late_autumn,evening,,ether,peace expressed through puriya,inferred_coherent
hexagram_11,raga_lalit,shared element ether,,,ether,peace expressed through lalit,inferred_coherent
hexagram_11,raga_kedar,shared element earth + time-season alignment night/late_autumn,night,,earth,peace expressed through kedar,inferred_coherent
hexagram_11,raga_hindol,shared element ether,,,ether,peace expressed through hindol,inferred_coherent
hexagram_11,raga_purvi,shared rasa shanta + shared element ether + time-season alignment evening/late_autumn,evening,shanta,ether,peace expressed through purvi,inferred_coherent
hexagram_11,raga_bairagi,shared element ether,,,ether,peace expressed through bairagi,inferred_coherent
hexagram_11,raga_hansadhwani,shared element ether + time-season alignment evening/late_autumn,evening,,ether,peace expressed through hansadhwani,inferred_coherent
hexagram_11,raga_chandrakauns,shared rasa shanta + time-season alignment night/late_autumn,night,shanta,,peace expressed through chandrakauns,inferred_coherent
hexagram_11,raga_shankara,shared element ether + time-season alignment night/late_autumn,night,,ether,peace expressed through shankara,inferred_coherent
hexagram_12,raga_yaman,shared element ether,,,ether,standstill expressed through yaman,inferred_coherent
hexagram_12,raga_darbari,shared element earth,,,earth,standstill expressed through darbari,inferred_coherent
hexagram_12,raga_malkauns,shared element earth,,,earth,standstill expressed through malkauns,inferred_coherent
hexagram_12,raga_puriya,shared element ether,,,ether,standstill expressed through puriya,inferred_coherent
hexagram_12,raga_lalit,shared element ether,,,ether,standstill expressed through lalit,inferred_coherent
hexagram_12,raga_kedar,shared element earth,,,earth,standstill expressed through kedar,inferred_coherent
hexagram_12,raga_hindol,shared element ether,,,ether,standstill expressed through hindol,inferred_coherent
hexagram_12,raga_purvi,shared element ether,,,ether,standstill expressed through purvi,inferred_coherent
hexagram_12,raga_bairagi,shared element ether,,,ether,standstill expressed through bairagi,inferred_coherent
hexagram_12,raga_hansadhwani,shared element ether,,,ether,standstill expressed through hansadhwani,inferred_coherent
hexagram_12,raga_shankara,shared element ether,,,ether,standstill expressed through shankara,inferred_coherent
hexagram_13,raga_bhairava,shared element fire,,,fire,fellowship expressed through bhairava,inferred_coherent
hexagram_13,raga_yaman,shared rasa shringara + shared element ether,,shringara,ether,fellowship expressed through yaman,inferred_coherent
hexagram_13,raga_bhimpalasi,shared rasa shringara + time-season alignment afternoon/summer + direct season match summer,afternoon,shringara,,fellowship expressed through bhimpalasi,inferred_coherent
hexagram_13,raga_marwa,shared element fire,,,fire,fellowship expressed through marwa,inferred_coherent
hexagram_13,raga_bageshri,shared rasa shringara,,shringara,,fellowship expressed through bageshri,inferred_coherent
hexagram_13,raga_puriya,shared element ether,,,ether,fellowship expressed through puriya,inferred_coherent
hexagram_13,raga_lalit,shared rasa shringara + shared element ether,,shringara,ether,fellowship expressed through lalit,inferred_coherent
hexagram_13,raga_miyan_ki_malhar,time-season alignment monsoon/summer + direct season match summer,monsoon,,,fellowship expressed through miyan_ki_malhar,inferred_coherent
hexagram_13,raga_kedar,shared rasa shringara,,shringara,,fellowship expressed through kedar,inferred_coherent
hexagram_13,raga_bihag,shared rasa shringara,,shringara,,fellowship expressed through bihag,inferred_coherent
hexagram_13,raga_des,shared rasa shringara,,shringara,,fellowship expressed through des,inferred_coherent
hexagram_13,raga_khamaj,shared rasa shringara + direct season match summer,,shringara,,fellowship expressed through khamaj,inferred_coherent
hexagram_13,raga_durga,shared element fire,,,fire,fellowship expressed through durga,inferred_coherent
hexagram_13,raga_hindol,shared rasa shringara + shared element ether,,shringara,ether,fellowship expressed through hindol,inferred_coherent
hexagram_13,raga_shree,shared rasa shringara + shared element fire,,shringara,fire,fellowship expressed through shree,inferred_coherent
hexagram_13,raga_purvi,shared element ether,,,ether,fellowship expressed through purvi,inferred_coherent
hexagram_13,raga_multani,time-season alignment afternoon/summer + direct season match summer,afternoon,,,fellowship expressed through multani,inferred_coherent
hexagram_13,raga_bairagi,shared element ether,,,ether,fellowship expressed through bairagi,inferred_coherent
hexagram_13,raga_ahir_bhairav,shared rasa shringara,,shringara,,fellowship expressed through ahir_bhairav,inferred_coherent
hexagram_13,raga_tilak_kamod,shared rasa shringara,,shringara,,fellowship expressed through tilak_kamod,inferred_coherent
hexagram_13,raga_rageshri,shared rasa shringara,,shringara,,fellowship expressed through rageshri,inferred_coherent
hexagram_13,raga_hansadhwani,shared element ether,,,ether,fellowship expressed through hansadhwani,inferred_coherent
hexagram_13,raga_shankara,shared element ether,,,ether,fellowship expressed through shankara,inferred_coherent
hexagram_13,raga_sarang,shared element fire + time-season alignment midday/summer + direct season match summer,midday,,fire,fellowship expressed through sarang,inferred_coherent
hexagram_14,raga_bhairava,shared element fire,,,fire,great possession expressed through bhairava,inferred_coherent
hexagram_14,raga_yaman,shared element ether,,,ether,great possession expressed through yaman,inferred_coherent
hexagram_14,raga_bhimpalasi,time-season alignment afternoon/summer + direct season match summer,afternoon,,,great possession expressed through bhimpalasi,inferred_coherent
hexagram_14,raga_marwa,shared element fire,,,fire,great possession expressed through marwa,inferred_coherent
hexagram_14,raga_puriya,shared element ether,,,ether,great possession expressed through puriya,inferred_coherent
hexagram_14,raga_lalit,shared element ether,,,ether,great possession expressed through lalit,inferred_coherent
hexagram_14,raga_miyan_ki_malhar,time-season alignment monsoon/summer + direct season match summer,monsoon,,,great possession expressed through miyan_ki_malhar,inferred_coherent
hexagram_14,raga_durga,shared element fire,,,fire,great possession expressed through durga,inferred_coherent
hexagram_14,raga_hindol,shared element ether,,,ether,great possession expressed through hindol,inferred_coherent
hexagram_14,raga_shree,shared element fire,,,fire,great possession expressed through shree,inferred_coherent
hexagram_14,raga_purvi,shared element ether,,,ether,great possession expressed through purvi,inferred_coherent
hexagram_14,raga_multani,time-season alignment afternoon/summer + direct season match summer,afternoon,,,great possession expressed through multani,inferred_coherent
hexagram_14,raga_bairagi,shared element ether,,,ether,great possession expressed through bairagi,inferred_coherent
hexagram_14,raga_hansadhwani,shared rasa adbhuta + shared element ether,,adbhuta,ether,great possession expressed through hansadhwani,inferred_coherent
hexagram_14,raga_shankara,shared rasa adbhuta + shared element ether,,adbhuta,ether,great possession expressed through shankara,inferred_coherent
hexagram_14,raga_sarang,shared element fire + time-season alignment midday/summer + direct season match summer,midday,,fire,great possession expressed through sarang,inferred_coherent
hexagram_15,raga_darbari,shared element earth,,,earth,modesty expressed through darbari,inferred_coherent
hexagram_15,raga_malkauns,shared rasa shanta + shared element earth,,shanta,earth,modesty expressed through malkauns,inferred_coherent
hexagram_15,raga_kedar,shared element earth,,,earth,modesty expressed through kedar,inferred_coherent
hexagram_15,raga_purvi,shared rasa shanta,,shanta,,modesty expressed through purvi,inferred_coherent
hexagram_15,raga_chandrakauns,shared rasa shanta,,shanta,,modesty expressed through chandrakauns,inferred_coherent
hexagram_16,raga_bhairava,shared element fire + time-season alignment morning/spring + direct season match spring,morning,,fire,enthusiasm expressed through bhairava,inferred_coherent
hexagram_16,raga_marwa,shared element fire,,,fire,enthusiasm expressed through marwa,inferred_coherent
hexagram_16,raga_darbari,shared element earth,,,earth,enthusiasm expressed through darbari,inferred_coherent
hexagram_16,raga_malkauns,shared element earth,,,earth,enthusiasm expressed through malkauns,inferred_coherent
hexagram_16,raga_lalit,time-season alignment dawn/spring + direct season match spring,dawn,,,enthusiasm expressed through lalit,inferred_coherent
hexagram_16,raga_kedar,shared element earth,,,earth,enthusiasm expressed through kedar,inferred_coherent
hexagram_16,raga_durga,shared element fire,,,fire,enthusiasm expressed through durga,inferred_coherent
hexagram_16,raga_hindol,time-season alignment morning/spring + direct season match spring,morning,,,enthusiasm expressed through hindol,inferred_coherent
hexagram_16,raga_shree,shared element fire,,,fire,enthusiasm expressed through shree,inferred_coherent
hexagram_16,raga_bairagi,time-season alignment morning/spring + direct season match spring,morning,,,enthusiasm expressed through bairagi,inferred_coherent
hexagram_16,raga_ahir_bhairav,time-season alignment morning/spring + direct season match spring,morning,,,enthusiasm expressed through ahir_bhairav,inferred_coherent
hexagram_16,raga_sarang,shared element fire,,,fire,enthusiasm expressed through sarang,inferred_coherent
hexagram_17,raga_bhairava,shared element fire + time-season alignment morning/spring + direct season match spring,morning,,fire,following expressed through bhairava,inferred_coherent
hexagram_17,raga_bhairavi,shared element water + time-season alignment morning/spring,morning,,water,following expressed through bhairavi,inferred_coherent
hexagram_17,raga_todi,shared element water + time-season alignment morning/spring,morning,,water,following expressed through todi,inferred_coherent
hexagram_17,raga_yaman,shared rasa shringara,,shringara,,following expressed through yaman,inferred_coherent
hexagram_17,raga_bhimpalasi,shared rasa shringara,,shringara,,following expressed through bhimpalasi,inferred_coherent
hexagram_17,raga_marwa,shared element fire,,,fire,following expressed through marwa,inferred_coherent
hexagram_17,raga_bageshri,shared rasa shringara + shared element water,,shringara,water,following expressed through bageshri,inferred_coherent
hexagram_17,raga_lalit,shared rasa shringara + time-season alignment dawn/spring + direct season match spring,dawn,shringara,,following expressed through lalit,inferred_coherent
hexagram_17,raga_miyan_ki_malhar,shared element water,,,water,following expressed through miyan_ki_malhar,inferred_coherent
hexagram_17,raga_kedar,shared rasa shringara,,shringara,,following expressed through kedar,inferred_coherent
hexagram_17,raga_bihag,shared rasa shringara,,shringara,,following expressed through bihag,inferred_coherent
hexagram_17,raga_des,shared rasa shringara + shared element water,,shringara,water,following expressed through des,inferred_coherent
hexagram_17,raga_khamaj,shared rasa shringara + shared element water,,shringara,water,following expressed through khamaj,inferred_coherent
hexagram_17,raga_jaunpuri,shared element water + time-season alignment morning/spring,morning,,water,following expressed through jaunpuri,inferred_coherent
hexagram_17,raga_durga,shared element fire,,,fire,following expressed through durga,inferred_coherent
hexagram_17,raga_hindol,shared rasa shringara + time-season alignment morning/spring + direct season match spring,morning,shringara,,following expressed through hindol,inferred_coherent
hexagram_17,raga_shree,shared rasa shringara + shared element fire,,shringara,fire,following expressed through shree,inferred_coherent
hexagram_17,raga_bairagi,time-season alignment morning/spring + direct season match spring,morning,,,following expressed through bairagi,inferred_coherent
hexagram_17,raga_ahir_bhairav,shared rasa shringara + shared element water + time-season alignment morning/spring + direct season match spring,morning,shringara,water,following expressed through ahir_bhairav,inferred_coherent
hexagram_17,raga_tilak_kamod,shared rasa shringara,,shringara,,following expressed through tilak_kamod,inferred_coherent
hexagram_17,raga_rageshri,shared rasa shringara,,shringara,,following expressed through rageshri,inferred_coherent
hexagram_17,raga_charukeshi,shared element water,,,water,following expressed through charukeshi,inferred_coherent
hexagram_17,raga_kirwani,shared element water,,,water,following expressed through kirwani,inferred_coherent
hexagram_17,raga_chandrakauns,shared element water,,,water,following expressed through chandrakauns,inferred_coherent
hexagram_17,raga_sarang,shared element fire,,,fire,following expressed through sarang,inferred_coherent
hexagram_18,raga_bhairavi,shared rasa karuna,,karuna,,work on the decayed expressed through bhairavi,inferred_coherent
hexagram_18,raga_todi,shared rasa karuna + direct season match late_spring,,karuna,,work on the decayed expressed through todi,inferred_coherent
hexagram_18,raga_bhimpalasi,shared element air,,,air,work on the decayed expressed through bhimpalasi,inferred_coherent
hexagram_18,raga_darbari,shared rasa karuna + shared element earth,,karuna,earth,work on the decayed expressed through darbari,inferred_coherent
hexagram_18,raga_malkauns,shared element earth,,,earth,work on the decayed expressed through malkauns,inferred_coherent
hexagram_18,raga_puriya,shared rasa karuna,,karuna,,work on the decayed expressed through puriya,inferred_coherent
hexagram_18,raga_kedar,shared element earth,,,earth,work on the decayed expressed through kedar,inferred_coherent
hexagram_18,raga_bihag,shared element air,,,air,work on the decayed expressed through bihag,inferred_coherent
hexagram_18,raga_jaunpuri,shared rasa karuna,,karuna,,work on the decayed expressed through jaunpuri,inferred_coherent
hexagram_18,raga_multani,shared rasa karuna + shared element air,,karuna,air,work on the decayed expressed through multani,inferred_coherent
hexagram_18,raga_bairagi,shared rasa karuna,,karuna,,work on the decayed expressed through bairagi,inferred_coherent
hexagram_18,raga_tilak_kamod,shared element air,,,air,work on the decayed expressed through tilak_kamod,inferred_coherent
hexagram_18,raga_rageshri,shared element air,,,air,work on the decayed expressed through rageshri,inferred_coherent
hexagram_18,raga_charukeshi,shared rasa karuna,,karuna,,work on the decayed expressed through charukeshi,inferred_coherent
hexagram_18,raga_kirwani,shared rasa karuna,,karuna,,work on the decayed expressed through kirwani,inferred_coherent
hexagram_19,raga_bhairavi,shared element water,,,water,approach expressed through bhairavi,inferred_coherent
hexagram_19,raga_todi,shared element water,,,water,approach expressed through todi,inferred_coherent
hexagram_19,raga_yaman,shared rasa shringara + time-season alignment evening/autumn + direct season match autumn,evening,shringara,,approach expressed through yaman,inferred_coherent
hexagram_19,raga_bhimpalasi,shared rasa shringara,,shringara,,approach expressed through bhimpalasi,inferred_coherent
hexagram_19,raga_marwa,time-season alignment evening/autumn + direct season match autumn,evening,,,approach expressed through marwa,inferred_coherent
hexagram_19,raga_darbari,shared element earth + time-season alignment night/autumn,night,,earth,approach expressed through darbari,inferred_coherent
hexagram_19,raga_malkauns,shared element earth + time-season alignment night/autumn,night,,earth,approach expressed through malkauns,inferred_coherent
hexagram_19,raga_bageshri,shared rasa shringara + shared element water + time-season alignment night/autumn + direct season match autumn,night,shringara,water,approach expressed through bageshri,inferred_coherent
hexagram_19,raga_puriya,time-season alignment evening/autumn + direct season match autumn,evening,,,approach expressed through puriya,inferred_coherent
hexagram_19,raga_lalit,shared rasa shringara,,shringara,,approach expressed through lalit,inferred_coherent
hexagram_19,raga_miyan_ki_malhar,shared element water,,,water,approach expressed through miyan_ki_malhar,inferred_coherent
hexagram_19,raga_kedar,shared rasa shringara + shared element earth + time-season alignment night/autumn + direct season match autumn,night,shringara,earth,approach expressed through kedar,inferred_coherent
hexagram_19,raga_bihag,shared rasa shringara + time-season alignment night/autumn + direct season match autumn,night,shringara,,approach expressed through bihag,inferred_coherent
hexagram_19,raga_des,shared rasa shringara + shared element water + time-season alignment night/autumn,night,shringara,water,approach expressed through des,inferred_coherent
hexagram_19,raga_khamaj,shared rasa shringara + shared element water + time-season alignment night/autumn,night,shringara,water,approach expressed through khamaj,inferred_coherent
hexagram_19,raga_jaunpuri,shared element water,,,water,approach expressed through jaunpuri,inferred_coherent
hexagram_19,raga_durga,time-season alignment night/autumn + direct season match autumn,night,,,approach expressed through durga,inferred_coherent
hexagram_19,raga_hindol,shared rasa shringara,,shringara,,approach expressed through hindol,inferred_coherent
hexagram_19,raga_shree,shared rasa shringara + time-season alignment evening/autumn + direct season match autumn,evening,shringara,,approach expressed through shree,inferred_coherent
hexagram_19,raga_purvi,time-season alignment evening/autumn + direct season match autumn,evening,,,approach expressed through purvi,inferred_coherent
hexagram_19,raga_ahir_bhairav,shared rasa shringara + shared element water,,shringara,water,approach expressed through ahir_bhairav,inferred_coherent
hexagram_19,raga_tilak_kamod,shared rasa shringara + time-season alignment night/autumn + direct season match autumn,night,shringara,,approach expressed through tilak_kamod,inferred_coherent
hexagram_19,raga_rageshri,shared rasa shringara + time-season alignment night/autumn + direct season match autumn,night,shringara,,approach expressed through rageshri,inferred_coherent
hexagram_19,raga_hansadhwani,time-season alignment evening/autumn + direct season match autumn,evening,,,approach expressed through hansadhwani,inferred_coherent
hexagram_19,raga_charukeshi,shared element water + time-season alignment night/autumn,night,,water,approach expressed through charukeshi,inferred_coherent
hexagram_19,raga_kirwani,shared element water + time-season alignment night/autumn,night,,water,approach expressed through kirwani,inferred_coherent
hexagram_19,raga_chandrakauns,shared element water + time-season alignment night/autumn,night,,water,approach expressed through chandrakauns,inferred_coherent
hexagram_20,raga_bhimpalasi,shared element air + time-season alignment afternoon/late_summer,afternoon,,air,contemplation expressed through bhimpalasi,inferred_coherent
hexagram_20,raga_darbari,shared element earth,,,earth,contemplation expressed through darbari,inferred_coherent
hexagram_20,raga_malkauns,shared rasa shanta + shared element earth,,shanta,earth,contemplation expressed through malkauns,inferred_coherent
hexagram_20,raga_kedar,shared element earth,,,earth,contemplation expressed through kedar,inferred_coherent
hexagram_20,raga_bihag,shared element air,,,air,contemplation expressed through bihag,inferred_coherent
hexagram_20,raga_purvi,shared rasa shanta,,shanta,,contemplation expressed through purvi,inferred_coherent
hexagram_20,raga_multani,shared element air + time-season alignment afternoon/late_summer,afternoon,,air,contemplation expressed through multani,inferred_coherent
hexagram_20,raga_tilak_kamod,shared element air,,,air,contemplation expressed through tilak_kamod,inferred_coherent
hexagram_20,raga_rageshri,shared element air,,,air,contemplation expressed through rageshri,inferred_coherent
hexagram_20,raga_chandrakauns,shared rasa shanta,,shanta,,contemplation expressed through chandrakauns,inferred_coherent
hexagram_21,raga_bhairava,shared element fire + time-season alignment morning/spring + direct season match spring,morning,,fire,biting through expressed through bhairava,inferred_coherent
hexagram_21,raga_marwa,shared element fire,,,fire,biting through expressed through marwa,inferred_coherent
hexagram_21,raga_lalit,time-season alignment dawn/spring + direct season match spring,dawn,,,biting through expressed through lalit,inferred_coherent
hexagram_21,raga_durga,shared element fire,,,fire,biting through expressed through durga,inferred_coherent
hexagram_21,raga_hindol,time-season alignment morning/spring + direct season match spring,morning,,,biting through expressed through hindol,inferred_coherent
hexagram_21,raga_shree,shared element fire,,,fire,biting through expressed through shree,inferred_coherent
hexagram_21,raga_bairagi,time-season alignment morning/spring + direct season match spring,morning,,,biting through expressed through bairagi,inferred_coherent
hexagram_21,raga_ahir_bhairav,time-season alignment morning/spring + direct season match spring,morning,,,biting through expressed through ahir_bhairav,inferred_coherent
hexagram_21,raga_sarang,shared element fire,,,fire,biting through expressed through sarang,inferred_coherent
hexagram_22,raga_bhairava,shared element fire,,,fire,grace expressed through bhairava,inferred_coherent
hexagram_22,raga_yaman,shared rasa shringara,,shringara,,grace expressed through yaman,inferred_coherent
hexagram_22,raga_bhimpalasi,shared rasa shringara + time-season alignment afternoon/summer + direct season match summer,afternoon,shringara,,grace expressed through bhimpalasi,inferred_coherent
hexagram_22,raga_marwa,shared element fire,,,fire,grace expressed through marwa,inferred_coherent
hexagram_22,raga_darbari,shared element earth,,,earth,grace expressed through darbari,inferred_coherent
hexagram_22,raga_malkauns,shared element earth,,,earth,grace expressed through malkauns,inferred_coherent
hexagram_22,raga_bageshri,shared rasa shringara,,shringara,,grace expressed through bageshri,inferred_coherent
hexagram_22,raga_lalit,shared rasa shringara,,shringara,,grace expressed through lalit,inferred_coherent
hexagram_22,raga_miyan_ki_malhar,time-season alignment monsoon/summer + direct season match summer,monsoon,,,grace expressed through miyan_ki_malhar,inferred_coherent
hexagram_22,raga_kedar,shared rasa shringara + shared element earth,,shringara,earth,grace expressed through kedar,inferred_coherent
hexagram_22,raga_bihag,shared rasa shringara,,shringara,,grace expressed through bihag,inferred_coherent
hexagram_22,raga_des,shared rasa shringara,,shringara,,grace expressed through des,inferred_coherent
hexagram_22,raga_khamaj,shared rasa shringara + direct season match summer,,shringara,,grace expressed through khamaj,inferred_coherent
hexagram_22,raga_durga,shared element fire,,,fire,grace expressed through durga,inferred_coherent
hexagram_22,raga_hindol,shared rasa shringara,,shringara,,grace expressed through hindol,inferred_coherent
hexagram_22,raga_shree,shared rasa shringara + shared element fire,,shringara,fire,grace expressed through shree,inferred_coherent
hexagram_22,raga_multani,time-season alignment afternoon/summer + direct season match summer,afternoon,,,grace expressed through multani,inferred_coherent
hexagram_22,raga_ahir_bhairav,shared rasa shringara,,shringara,,grace expressed through ahir_bhairav,inferred_coherent
hexagram_22,raga_tilak_kamod,shared rasa shringara,,shringara,,grace expressed through tilak_kamod,inferred_coherent
hexagram_22,raga_rageshri,shared rasa shringara,,shringara,,grace expressed through rageshri,inferred_coherent
hexagram_22,raga_sarang,shared element fire + time-season alignment midday/summer + direct season match summer,midday,,fire,grace expressed through sarang,inferred_coherent
hexagram_23,raga_darbari,shared element earth,,,earth,splitting apart expressed through darbari,inferred_coherent
hexagram_23,raga_malkauns,shared element earth,,,earth,splitting apart expressed through malkauns,inferred_coherent
hexagram_23,raga_kedar,shared element earth,,,earth,splitting apart expressed through kedar,inferred_coherent
hexagram_24,raga_bhairava,shared element fire + time-season alignment morning/spring + direct season match spring,morning,,fire,return expressed through bhairava,inferred_coherent
hexagram_24,raga_marwa,shared element fire,,,fire,return expressed through marwa,inferred_coherent
hexagram_24,raga_darbari,shared element earth,,,earth,return expressed through darbari,inferred_coherent
hexagram_24,raga_malkauns,shared element earth,,,earth,return expressed through malkauns,inferred_coherent
hexagram_24,raga_lalit,time-season alignment dawn/spring + direct season match spring,dawn,,,return expressed through lalit,inferred_coherent
hexagram_24,raga_kedar,shared element earth,,,earth,return expressed through kedar,inferred_coherent
hexagram_24,raga_durga,shared element fire,,,fire,return expressed through durga,inferred_coherent
hexagram_24,raga_hindol,time-season alignment morning/spring + direct season match spring,morning,,,return expressed through hindol,inferred_coherent
hexagram_24,raga_shree,shared element fire,,,fire,return expressed through shree,inferred_coherent
hexagram_24,raga_bairagi,time-season alignment morning/spring + direct season match spring,morning,,,return expressed through bairagi,inferred_coherent
hexagram_24,raga_ahir_bhairav,time-season alignment morning/spring + direct season match spring,morning,,,return expressed through ahir_bhairav,inferred_coherent
hexagram_24,raga_hansadhwani,shared rasa adbhuta,,adbhuta,,return expressed through hansadhwani,inferred_coherent
hexagram_24,raga_shankara,shared rasa adbhuta,,adbhuta,,return expressed through shankara,inferred_coherent
hexagram_24,raga_sarang,shared element fire,,,fire,return expressed through sarang,inferred_coherent
hexagram_25,raga_bhairava,shared element fire + time-season alignment morning/spring + direct season match spring,morning,,fire,innocence expressed through bhairava,inferred_coherent
hexagram_25,raga_yaman,shared element ether,,,ether,innocence expressed through yaman,inferred_coherent
hexagram_25,raga_marwa,shared element fire,,,fire,innocence expressed through marwa,inferred_coherent
hexagram_25,raga_puriya,shared element ether,,,ether,innocence expressed through puriya,inferred_coherent
hexagram_25,raga_lalit,shared element ether + time-season alignment dawn/spring + direct season match spring,dawn,,ether,innocence expressed through lalit,inferred_coherent
hexagram_25,raga_durga,shared element fire,,,fire,innocence expressed through durga,inferred_coherent
hexagram_25,raga_hindol,shared element ether + time-season alignment morning/spring + direct season match spring,morning,,ether,innocence expressed through hindol,inferred_coherent
hexagram_25,raga_shree,shared element fire,,,fire,innocence expressed through shree,inferred_coherent
hexagram_25,raga_purvi,shared element ether,,,ether,innocence expressed through purvi,inferred_coherent
hexagram_25,raga_bairagi,shared element ether + time-season alignment morning/spring + direct season match spring,morning,,ether,innocence expressed through bairagi,inferred_coherent
hexagram_25,raga_ahir_bhairav,time-season alignment morning/spring + direct season match spring,morning,,,innocence expressed through ahir_bhairav,inferred_coherent
hexagram_25,raga_hansadhwani,shared rasa adbhuta + shared element ether,,adbhuta,ether,innocence expressed through hansadhwani,inferred_coherent
hexagram_25,raga_shankara,shared rasa adbhuta + shared element ether,,adbhuta,ether,innocence expressed through shankara,inferred_coherent
hexagram_25,raga_sarang,shared element fire,,,fire,innocence expressed through sarang,inferred_coherent
hexagram_26,raga_bhairava,shared rasa vira,,vira,,taming power of the great expressed through bhairava,inferred_coherent
hexagram_26,raga_yaman,shared element ether + time-season alignment evening/late_autumn,evening,,ether,taming power of the great expressed through yaman,inferred_coherent
hexagram_26,raga_marwa,shared rasa vira + time-season alignment evening/late_autumn,evening,vira,,taming power of the great expressed through marwa,inferred_coherent
hexagram_26,raga_darbari,shared element earth + time-season alignment night/late_autumn,night,,earth,taming power of the great expressed through darbari,inferred_coherent
hexagram_26,raga_malkauns,shared element earth + time-season alignment night/late_autumn,night,,earth,taming power of the great expressed through malkauns,inferred_coherent
hexagram_26,raga_puriya,shared element ether + time-season alignment evening/late_autumn,evening,,ether,taming power of the great expressed through puriya,inferred_coherent
hexagram_26,raga_lalit,shared element ether,,,ether,taming power of the great expressed through lalit,inferred_coherent
hexagram_26,raga_miyan_ki_malhar,shared rasa vira,,vira,,taming power of the great expressed through miyan_ki_malhar,inferred_coherent
hexagram_26,raga_kedar,shared element earth + time-season alignment night/late_autumn,night,,earth,taming power of the great expressed through kedar,inferred_coherent
hexagram_26,raga_durga,shared rasa vira + time-season alignment night/late_autumn,night,vira,,taming power of the great expressed through durga,inferred_coherent
hexagram_26,raga_hindol,shared element ether,,,ether,taming power of the great expressed through hindol,inferred_coherent
hexagram_26,raga_purvi,shared element ether + time-season alignment evening/late_autumn,evening,,ether,taming power of the great expressed through purvi,inferred_coherent
hexagram_26,raga_bairagi,shared element ether,,,ether,taming power of the great expressed through bairagi,inferred_coherent
hexagram_26,raga_hansadhwani,shared element ether + time-season alignment evening/late_autumn,evening,,ether,taming power of the great expressed through hansadhwani,inferred_coherent
hexagram_26,raga_shankara,shared element ether + time-season alignment night/late_autumn,night,,ether,taming power of the great expressed through shankara,inferred_coherent
hexagram_26,raga_sarang,shared rasa vira,,vira,,taming power of the great expressed through sarang,inferred_coherent
hexagram_27,raga_bhairava,shared element fire + time-season alignment morning/spring + direct season match spring,morning,,fire,nourishment expressed through bhairava,inferred_coherent
hexagram_27,raga_yaman,shared rasa shringara,,shringara,,nourishment expressed through yaman,inferred_coherent
hexagram_27,raga_bhimpalasi,shared rasa shringara,,shringara,,nourishment expressed through bhimpalasi,inferred_coherent
hexagram_27,raga_marwa,shared element fire,,,fire,nourishment expressed through marwa,inferred_coherent
hexagram_27,raga_darbari,shared element earth,,,earth,nourishment expressed through darbari,inferred_coherent
hexagram_27,raga_malkauns,shared element earth,,,earth,nourishment expressed through malkauns,inferred_coherent
hexagram_27,raga_bageshri,shared rasa shringara,,shringara,,nourishment expressed through bageshri,inferred_coherent
hexagram_27,raga_lalit,shared rasa shringara + time-season alignment dawn/spring + direct season match spring,dawn,shringara,,nourishment expressed through lalit,inferred_coherent
hexagram_27,raga_kedar,shared rasa shringara + shared element earth,,shringara,earth,nourishment expressed through kedar,inferred_coherent
hexagram_27,raga_bihag,shared rasa shringara,,shringara,,nourishment expressed through bihag,inferred_coherent
hexagram_27,raga_des,shared rasa shringara,,shringara,,nourishment expressed through des,inferred_coherent
hexagram_27,raga_khamaj,shared rasa shringara,,shringara,,nourishment expressed through khamaj,inferred_coherent
hexagram_27,raga_durga,shared element fire,,,fire,nourishment expressed through durga,inferred_coherent
hexagram_27,raga_hindol,shared rasa shringara + time-season alignment morning/spring + direct season match spring,morning,shringara,,nourishment expressed through hindol,inferred_coherent
hexagram_27,raga_shree,shared rasa shringara + shared element fire,,shringara,fire,nourishment expressed through shree,inferred_coherent
hexagram_27,raga_bairagi,time-season alignment morning/spring + direct season match spring,morning,,,nourishment expressed through bairagi,inferred_coherent
hexagram_27,raga_ahir_bhairav,shared rasa shringara + time-season alignment morning/spring + direct season match spring,morning,shringara,,nourishment expressed through ahir_bhairav,inferred_coherent
hexagram_27,raga_tilak_kamod,shared rasa shringara,,shringara,,nourishment expressed through tilak_kamod,inferred_coherent
hexagram_27,raga_rageshri,shared rasa shringara,,shringara,,nourishment expressed through rageshri,inferred_coherent
hexagram_27,raga_sarang,shared element fire,,,fire,nourishment expressed through sarang,inferred_coherent
hexagram_28,raga_bhairavi,shared element water,,,water,great preponderance expressed through bhairavi,inferred_coherent
hexagram_28,raga_todi,shared element water,,,water,great preponderance expressed through todi,inferred_coherent
hexagram_28,raga_yaman,time-season alignment evening/autumn + direct season match autumn,evening,,,great preponderance expressed through yaman,inferred_coherent
hexagram_28,raga_bhimpalasi,shared element air,,,air,great preponderance expressed through bhimpalasi,inferred_coherent
hexagram_28,raga_marwa,time-season alignment evening/autumn + direct season match autumn,evening,,,great preponderance expressed through marwa,inferred_coherent
hexagram_28,raga_bageshri,shared element water + time-season alignment night/autumn + direct season match autumn,night,,water,great preponderance expressed through bageshri,inferred_coherent
hexagram_28,raga_puriya,time-season alignment evening/autumn + direct season match autumn,evening,,,great preponderance expressed through puriya,inferred_coherent
hexagram_28,raga_miyan_ki_malhar,shared element water,,,water,great preponderance expressed through miyan_ki_malhar,inferred_coherent
hexagram_28,raga_kedar,time-season alignment night/autumn + direct season match autumn,night,,,great preponderance expressed through kedar,inferred_coherent
hexagram_28,raga_bihag,shared element air + time-season alignment night/autumn + direct season match autumn,night,,air,great preponderance expressed through bihag,inferred_coherent
hexagram_28,raga_des,shared element water + time-season alignment night/autumn,night,,water,great preponderance expressed through des,inferred_coherent
hexagram_28,raga_khamaj,shared element water + time-season alignment night/autumn,night,,water,great preponderance expressed through khamaj,inferred_coherent
hexagram_28,raga_jaunpuri,shared element water,,,water,great preponderance expressed through jaunpuri,inferred_coherent
hexagram_28,raga_durga,time-season alignment night/autumn + direct season match autumn,night,,,great preponderance expressed through durga,inferred_coherent
hexagram_28,raga_shree,time-season alignment evening/autumn + direct season match autumn,evening,,,great preponderance expressed through shree,inferred_coherent
hexagram_28,raga_purvi,time-season alignment evening/autumn + direct season match autumn,evening,,,great preponderance expressed through purvi,inferred_coherent
hexagram_28,raga_multani,shared element air,,,air,great preponderance expressed through multani,inferred_coherent
hexagram_28,raga_ahir_bhairav,shared element water,,,water,great preponderance expressed through ahir_bhairav,inferred_coherent
hexagram_28,raga_tilak_kamod,shared element air + time-season alignment night/autumn + direct season match autumn,night,,air,great preponderance expressed through tilak_kamod,inferred_coherent
hexagram_28,raga_rageshri,shared element air + time-season alignment night/autumn + direct season match autumn,night,,air,great preponderance expressed through rageshri,inferred_coherent
hexagram_28,raga_hansadhwani,time-season alignment evening/autumn + direct season match autumn,evening,,,great preponderance expressed through hansadhwani,inferred_coherent
hexagram_28,raga_charukeshi,shared element water + time-season alignment night/autumn,night,,water,great preponderance expressed through charukeshi,inferred_coherent
hexagram_28,raga_kirwani,shared element water + time-season alignment night/autumn,night,,water,great preponderance expressed through kirwani,inferred_coherent
hexagram_28,raga_chandrakauns,shared element water + time-season alignment night/autumn,night,,water,great preponderance expressed through chandrakauns,inferred_coherent
hexagram_29,raga_bhairavi,shared element water + direct season match winter,,,water,the abysmal expressed through bhairavi,inferred_coherent
hexagram_29,raga_todi,shared element water,,,water,the abysmal expressed through todi,inferred_coherent
hexagram_29,raga_darbari,time-season alignment night/winter + direct season match winter,night,,,the abysmal expressed through darbari,inferred_coherent
hexagram_29,raga_malkauns,time-season alignment night/winter + direct season match winter,night,,,the abysmal expressed through malkauns,inferred_coherent
hexagram_29,raga_bageshri,shared element water + time-season alignment night/winter,night,,water,the abysmal expressed through bageshri,inferred_coherent
hexagram_29,raga_miyan_ki_malhar,shared element water,,,water,the abysmal expressed through miyan_ki_malhar,inferred_coherent
hexagram_29,raga_des,shared element water + time-season alignment night/winter,night,,water,the abysmal expressed through des,inferred_coherent
hexagram_29,raga_khamaj,shared element water + time-season alignment night/winter,night,,water,the abysmal expressed through khamaj,inferred_coherent
hexagram_29,raga_jaunpuri,shared element water + direct season match winter,,,water,the abysmal expressed through jaunpuri,inferred_coherent
hexagram_29,raga_ahir_bhairav,shared element water,,,water,the abysmal expressed through ahir_bhairav,inferred_coherent
hexagram_29,raga_charukeshi,shared element water + time-season alignment night/winter + direct season match winter,night,,water,the abysmal expressed through charukeshi,inferred_coherent
hexagram_29,raga_kirwani,shared element water + time-season alignment night/winter + direct season match winter,night,,water,the abysmal expressed through kirwani,inferred_coherent
hexagram_29,raga_chandrakauns,shared element water + time-season alignment night/winter + direct season match winter,night,,water,the abysmal expressed through chandrakauns,inferred_coherent
hexagram_29,raga_shankara,time-season alignment night/winter + direct season match winter,night,,,the abysmal expressed through shankara,inferred_coherent
hexagram_30,raga_bhairava,shared element fire,,,fire,the clinging expressed through bhairava,inferred_coherent
hexagram_30,raga_bhimpalasi,time-season alignment afternoon/summer + direct season match summer,afternoon,,,the clinging expressed through bhimpalasi,inferred_coherent
hexagram_30,raga_marwa,shared element fire,,,fire,the clinging expressed through marwa,inferred_coherent
hexagram_30,raga_miyan_ki_malhar,time-season alignment monsoon/summer + direct season match summer,monsoon,,,the clinging expressed through miyan_ki_malhar,inferred_coherent
hexagram_30,raga_durga,shared element fire,,,fire,the clinging expressed through durga,inferred_coherent
hexagram_30,raga_shree,shared element fire,,,fire,the clinging expressed through shree,inferred_coherent
hexagram_30,raga_multani,time-season alignment afternoon/summer + direct season match summer,afternoon,,,the clinging expressed through multani,inferred_coherent
hexagram_30,raga_hansadhwani,shared rasa adbhuta,,adbhuta,,the clinging expressed through hansadhwani,inferred_coherent
hexagram_30,raga_shankara,shared rasa adbhuta,,adbhuta,,the clinging expressed through shankara,inferred_coherent
hexagram_30,raga_sarang,shared element fire + time-season alignment midday/summer + direct season match summer,midday,,fire,the clinging expressed through sarang,inferred_coherent
hexagram_31,raga_bhairavi,shared element water + time-season alignment morning/early_spring,morning,,water,influence expressed through bhairavi,inferred_coherent
hexagram_31,raga_todi,shared element water + time-season alignment morning/early_spring,morning,,water,influence expressed through todi,inferred_coherent
hexagram_31,raga_yaman,shared rasa shringara,,shringara,,influence expressed through yaman,inferred_coherent
hexagram_31,raga_bhimpalasi,shared rasa shringara,,shringara,,influence expressed through bhimpalasi,inferred_coherent
hexagram_31,raga_darbari,shared element earth,,,earth,influence expressed through darbari,inferred_coherent
hexagram_31,raga_malkauns,shared element earth,,,earth,influence expressed through malkauns,inferred_coherent
hexagram_31,raga_bageshri,shared rasa shringara + shared element water,,shringara,water,influence expressed through bageshri,inferred_coherent
hexagram_31,raga_lalit,shared rasa shringara + time-season alignment dawn/early_spring,dawn,shringara,,influence expressed through lalit,inferred_coherent
hexagram_31,raga_miyan_ki_malhar,shared element water,,,water,influence expressed through miyan_ki_malhar,inferred_coherent
hexagram_31,raga_kedar,shared rasa shringara + shared element earth,,shringara,earth,influence expressed through kedar,inferred_coherent
hexagram_31,raga_bihag,shared rasa shringara,,shringara,,influence expressed through bihag,inferred_coherent
hexagram_31,raga_des,shared rasa shringara + shared element water,,shringara,water,influence expressed through des,inferred_coherent
hexagram_31,raga_khamaj,shared rasa shringara + shared element water,,shringara,water,influence expressed through khamaj,inferred_coherent
hexagram_31,raga_jaunpuri,shared element water + time-season alignment morning/early_spring,morning,,water,influence expressed through jaunpuri,inferred_coherent
hexagram_31,raga_hindol,shared rasa shringara + time-season alignment morning/early_spring,morning,shringara,,influence expressed through hindol,inferred_coherent
hexagram_31,raga_shree,shared rasa shringara,,shringara,,influence expressed through shree,inferred_coherent
hexagram_31,raga_ahir_bhairav,shared rasa shringara + shared element water + time-season alignment morning/early_spring,morning,shringara,water,influence expressed through ahir_bhairav,inferred_coherent
hexagram_31,raga_tilak_kamod,shared rasa shringara,,shringara,,influence expressed through tilak_kamod,inferred_coherent
hexagram_31,raga_rageshri,shared rasa shringara,,shringara,,influence expressed through rageshri,inferred_coherent
hexagram_31,raga_charukeshi,shared element water,,,water,influence expressed through charukeshi,inferred_coherent
hexagram_31,raga_kirwani,shared element water,,,water,influence expressed through kirwani,inferred_coherent
hexagram_31,raga_chandrakauns,shared element water,,,water,influence expressed through chandrakauns,inferred_coherent
hexagram_32,raga_bhairava,shared element fire,,,fire,duration expressed through bhairava,inferred_coherent
hexagram_32,raga_bhimpalasi,shared element air,,,air,duration expressed through bhimpalasi,inferred_coherent
hexagram_32,raga_marwa,shared element fire,,,fire,duration expressed through marwa,inferred_coherent
hexagram_32,raga_malkauns,shared rasa shanta,,shanta,,duration expressed through malkauns,inferred_coherent
hexagram_32,raga_bihag,shared element air,,,air,duration expressed through bihag,inferred_coherent
hexagram_32,raga_durga,shared element fire,,,fire,duration expressed through durga,inferred_coherent
hexagram_32,raga_shree,shared element fire,,,fire,duration expressed through shree,inferred_coherent
hexagram_32,raga_purvi,shared rasa shanta,,shanta,,duration expressed through purvi,inferred_coherent
hexagram_32,raga_multani,shared element air,,,air,duration expressed through multani,inferred_coherent
hexagram_32,raga_tilak_kamod,shared element air,,,air,duration expressed through tilak_kamod,inferred_coherent
hexagram_32,raga_rageshri,shared element air,,,air,duration expressed through rageshri,inferred_coherent
hexagram_32,raga_chandrakauns,shared rasa shanta,,shanta,,duration expressed through chandrakauns,inferred_coherent
hexagram_32,raga_sarang,shared element fire,,,fire,duration expressed through sarang,inferred_coherent
hexagram_33,raga_yaman,shared element ether,,,ether,retreat expressed through yaman,inferred_coherent
hexagram_33,raga_darbari,shared element earth,,,earth,retreat expressed through darbari,inferred_coherent
hexagram_33,raga_malkauns,shared rasa shanta + shared element earth,,shanta,earth,retreat expressed through malkauns,inferred_coherent
hexagram_33,raga_puriya,shared element ether,,,ether,retreat expressed through puriya,inferred_coherent
hexagram_33,raga_lalit,shared element ether + time-season alignment dawn/early_spring,dawn,,ether,retreat expressed through lalit,inferred_coherent
hexagram_33,raga_kedar,shared element earth,,,earth,retreat expressed through kedar,inferred_coherent
hexagram_33,raga_hindol,shared element ether + time-season alignment morning/early_spring,morning,,ether,retreat expressed through hindol,inferred_coherent
hexagram_33,raga_purvi,shared rasa shanta + shared element ether,,shanta,ether,retreat expressed through purvi,inferred_coherent
hexagram_33,raga_bairagi,shared element ether + time-season alignment morning/early_spring,morning,,ether,retreat expressed through bairagi,inferred_coherent
hexagram_33,raga_hansadhwani,shared element ether,,,ether,retreat expressed through hansadhwani,inferred_coherent
hexagram_33,raga_chandrakauns,shared rasa shanta,,shanta,,retreat expressed through chandrakauns,inferred_coherent
hexagram_33,raga_shankara,shared element ether,,,ether,retreat expressed through shankara,inferred_coherent
hexagram_34,raga_bhairava,shared rasa vira + shared element fire + time-season alignment morning/spring + direct season match spring,morning,vira,fire,great power expressed through bhairava,inferred_coherent
hexagram_34,raga_yaman,shared element ether,,,ether,great power expressed through yaman,inferred_coherent
hexagram_34,raga_marwa,shared rasa vira + shared element fire,,vira,fire,great power expressed through marwa,inferred_coherent
hexagram_34,raga_puriya,shared element ether,,,ether,great power expressed through puriya,inferred_coherent
hexagram_34,raga_lalit,shared element ether + time-season alignment dawn/spring + direct season match spring,dawn,,ether,great power expressed through lalit,inferred_coherent
hexagram_34,raga_miyan_ki_malhar,shared rasa vira,,vira,,great power expressed through miyan_ki_malhar,inferred_coherent
hexagram_34,raga_durga,shared rasa vira + shared element fire,,vira,fire,great power expressed through durga,inferred_coherent
hexagram_34,raga_hindol,shared element ether + time-season alignment morning/spring + direct season match spring,morning,,ether,great power expressed through hindol,inferred_coherent
hexagram_34,raga_shree,shared element fire,,,fire,great power expressed through shree,inferred_coherent
hexagram_34,raga_purvi,shared element ether,,,ether,great power expressed through purvi,inferred_coherent
hexagram_34,raga_bairagi,shared element ether + time-season alignment morning/spring + direct season match spring,morning,,ether,great power expressed through bairagi,inferred_coherent
hexagram_34,raga_ahir_bhairav,time-season alignment morning/spring + direct season match spring,morning,,,great power expressed through ahir_bhairav,inferred_coherent
hexagram_34,raga_hansadhwani,shared element ether,,,ether,great power expressed through hansadhwani,inferred_coherent
hexagram_34,raga_shankara,shared element ether,,,ether,great power expressed through shankara,inferred_coherent
hexagram_34,raga_sarang,shared rasa vira + shared element fire,,vira,fire,great power expressed through sarang,inferred_coherent
hexagram_35,raga_bhairava,shared element fire,,,fire,progress expressed through bhairava,inferred_coherent
hexagram_35,raga_bhimpalasi,time-season alignment afternoon/summer + direct season match summer,afternoon,,,progress expressed through bhimpalasi,inferred_coherent
hexagram_35,raga_marwa,shared element fire,,,fire,progress expressed through marwa,inferred_coherent
hexagram_35,raga_darbari,shared element earth,,,earth,progress expressed through darbari,inferred_coherent
hexagram_35,raga_malkauns,shared element earth,,,earth,progress expressed through malkauns,inferred_coherent
hexagram_35,raga_miyan_ki_malhar,time-season alignment monsoon/summer + direct season match summer,monsoon,,,progress expressed through miyan_ki_malhar,inferred_coherent
hexagram_35,raga_kedar,shared element earth,,,earth,progress expressed through kedar,inferred_coherent
hexagram_35,raga_durga,shared element fire,,,fire,progress expressed through durga,inferred_coherent
hexagram_35,raga_shree,shared element fire,,,fire,progress expressed through shree,inferred_coherent
hexagram_35,raga_multani,time-season alignment afternoon/summer + direct season match summer,afternoon,,,progress expressed through multani,inferred_coherent
hexagram_35,raga_hansadhwani,shared rasa adbhuta,,adbhuta,,progress expressed through hansadhwani,inferred_coherent
hexagram_35,raga_shankara,shared rasa adbhuta,,adbhuta,,progress expressed through shankara,inferred_coherent
hexagram_35,raga_sarang,shared element fire + time-season alignment midday/summer + direct season match summer,midday,,fire,progress expressed through sarang,inferred_coherent
hexagram_36,raga_bhairava,shared element fire,,,fire,darkening of the light expressed through bhairava,inferred_coherent
hexagram_36,raga_bhairavi,shared rasa karuna,,karuna,,darkening of the light expressed through bhairavi,inferred_coherent
hexagram_36,raga_todi,shared rasa karuna,,karuna,,darkening of the light expressed through todi,inferred_coherent
hexagram_36,raga_bhimpalasi,time-season alignment afternoon/summer + direct season match summer,afternoon,,,darkening of the light expressed through bhimpalasi,inferred_coherent
hexagram_36,raga_marwa,shared element fire,,,fire,darkening of the light expressed through marwa,inferred_coherent
hexagram_36,raga_darbari,shared rasa karuna + shared element earth,,karuna,earth,darkening of the light expressed through darbari,inferred_coherent
hexagram_36,raga_malkauns,shared element earth,,,earth,darkening of the light expressed through malkauns,inferred_coherent
hexagram_36,raga_puriya,shared rasa karuna,,karuna,,darkening of the light expressed through puriya,inferred_coherent
hexagram_36,raga_miyan_ki_malhar,time-season alignment monsoon/summer + direct season match summer,monsoon,,,darkening of the light expressed through miyan_ki_malhar,inferred_coherent
hexagram_36,raga_kedar,shared element earth,,,earth,darkening of the light expressed through kedar,inferred_coherent
hexagram_36,raga_jaunpuri,shared rasa karuna,,karuna,,darkening of the light expressed through jaunpuri,inferred_coherent
hexagram_36,raga_durga,shared element fire,,,fire,darkening of the light expressed through durga,inferred_coherent
hexagram_36,raga_shree,shared element fire,,,fire,darkening of the light expressed through shree,inferred_coherent
hexagram_36,raga_multani,shared rasa karuna + time-season alignment afternoon/summer + direct season match summer,afternoon,karuna,,darkening of the light expressed through multani,inferred_coherent
hexagram_36,raga_bairagi,shared rasa karuna,,karuna,,darkening of the light expressed through bairagi,inferred_coherent
hexagram_36,raga_charukeshi,shared rasa karuna,,karuna,,darkening of the light expressed through charukeshi,inferred_coherent
hexagram_36,raga_kirwani,shared rasa karuna,,karuna,,darkening of the light expressed through kirwani,inferred_coherent
hexagram_36,raga_sarang,shared element fire + time-season alignment midday/summer + direct season match summer,midday,,fire,darkening of the light expressed through sarang,inferred_coherent
hexagram_37,raga_bhairava,shared element fire,,,fire,the family expressed through bhairava,inferred_coherent
hexagram_37,raga_yaman,shared rasa shringara,,shringara,,the family expressed through yaman,inferred_coherent
hexagram_37,raga_bhimpalasi,shared rasa shringara + shared element air + time-season alignment afternoon/summer + direct season match summer,afternoon,shringara,air,the family expressed through bhimpalasi,inferred_coherent
hexagram_37,raga_marwa,shared element fire,,,fire,the family expressed through marwa,inferred_coherent
hexagram_37,raga_bageshri,shared rasa shringara,,shringara,,the family expressed through bageshri,inferred_coherent
hexagram_37,raga_lalit,shared rasa shringara,,shringara,,the family expressed through lalit,inferred_coherent
hexagram_37,raga_miyan_ki_malhar,time-season alignment monsoon/summer + direct season match summer,monsoon,,,the family expressed through miyan_ki_malhar,inferred_coherent
hexagram_37,raga_kedar,shared rasa shringara,,shringara,,the family expressed through kedar,inferred_coherent
hexagram_37,raga_bihag,shared rasa shringara + shared element air,,shringara,air,the family expressed through bihag,inferred_coherent
hexagram_37,raga_des,shared rasa shringara,,shringara,,the family expressed through des,inferred_coherent
hexagram_37,raga_khamaj,shared rasa shringara + direct season match summer,,shringara,,the family expressed through khamaj,inferred_coherent
hexagram_37,raga_durga,shared element fire,,,fire,the family expressed through durga,inferred_coherent
hexagram_37,raga_hindol,shared rasa shringara,,shringara,,the family expressed through hindol,inferred_coherent
hexagram_37,raga_shree,shared rasa shringara + shared element fire,,shringara,fire,the family expressed through shree,inferred_coherent
hexagram_37,raga_multani,shared element air + time-season alignment afternoon/summer + direct season match summer,afternoon,,air,the family expressed through multani,inferred_coherent
hexagram_37,raga_ahir_bhairav,shared rasa shringara,,shringara,,the family expressed through ahir_bhairav,inferred_coherent
hexagram_37,raga_tilak_kamod,shared rasa shringara + shared element air,,shringara,air,the family expressed through tilak_kamod,inferred_coherent
hexagram_37,raga_rageshri,shared rasa shringara + shared element air,,shringara,air,the family expressed through rageshri,inferred_coherent
hexagram_37,raga_sarang,shared element fire + time-season alignment midday/summer + direct season match summer,midday,,fire,the family expressed through sarang,inferred_coherent
hexagram_38,raga_bhairava,shared element fire,,,fire,opposition expressed through bhairava,inferred_coherent
hexagram_38,raga_bhairavi,shared element water,,,water,opposition expressed through bhairavi,inferred_coherent
hexagram_38,raga_todi,shared element water,,,water,opposition expressed through todi,inferred_coherent
hexagram_38,raga_yaman,time-season alignment evening/autumn + direct season match autumn,evening,,,opposition expressed through yaman,inferred_coherent
hexagram_38,raga_marwa,shared element fire + time-season alignment evening/autumn + direct season match autumn,evening,,fire,opposition expressed through marwa,inferred_coherent
hexagram_38,raga_bageshri,shared element water + time-season alignment night/autumn + direct season match autumn,night,,water,opposition expressed through bageshri,inferred_coherent
hexagram_38,raga_puriya,time-season alignment evening/autumn + direct season match autumn,evening,,,opposition expressed through puriya,inferred_coherent
hexagram_38,raga_miyan_ki_malhar,shared element water,,,water,opposition expressed through miyan_ki_malhar,inferred_coherent
hexagram_38,raga_kedar,time-season alignment night/autumn + direct season match autumn,night,,,opposition expressed through kedar,inferred_coherent
hexagram_38,raga_bihag,time-season alignment night/autumn + direct season match autumn,night,,,opposition expressed through bihag,inferred_coherent
hexagram_38,raga_des,shared element water + time-season alignment night/autumn,night,,water,opposition expressed through des,inferred_coherent
hexagram_38,raga_khamaj,shared element water + time-season alignment night/autumn,night,,water,opposition expressed through khamaj,inferred_coherent
hexagram_38,raga_jaunpuri,shared element water,,,water,opposition expressed through jaunpuri,inferred_coherent
hexagram_38,raga_durga,shared element fire + time-season alignment night/autumn + direct season match autumn,night,,fire,opposition expressed through durga,inferred_coherent
hexagram_38,raga_shree,shared element fire + time-season alignment evening/autumn + direct season match autumn,evening,,fire,opposition expressed through shree,inferred_coherent
hexagram_38,raga_purvi,time-season alignment evening/autumn + direct season match autumn,evening,,,opposition expressed through purvi,inferred_coherent
hexagram_38,raga_ahir_bhairav,shared element water,,,water,opposition expressed through ahir_bhairav,inferred_coherent
hexagram_38,raga_tilak_kamod,time-season alignment night/autumn + direct season match autumn,night,,,opposition expressed through tilak_kamod,inferred_coherent
hexagram_38,raga_rageshri,time-season alignment night/autumn + direct season match autumn,night,,,opposition expressed through rageshri,inferred_coherent
hexagram_38,raga_hansadhwani,time-season alignment evening/autumn + direct season match autumn,evening,,,opposition expressed through hansadhwani,inferred_coherent
hexagram_38,raga_charukeshi,shared element water + time-season alignment night/autumn,night,,water,opposition expressed through charukeshi,inferred_coherent
hexagram_38,raga_kirwani,shared element water + time-season alignment night/autumn,night,,water,opposition expressed through kirwani,inferred_coherent
hexagram_38,raga_chandrakauns,shared element water + time-season alignment night/autumn,night,,water,opposition expressed through chandrakauns,inferred_coherent
hexagram_38,raga_sarang,shared element fire,,,fire,opposition expressed through sarang,inferred_coherent
hexagram_39,raga_bhairavi,shared rasa karuna + shared element water + direct season match winter,,karuna,water,obstruction expressed through bhairavi,inferred_coherent
hexagram_39,raga_todi,shared rasa karuna + shared element water,,karuna,water,obstruction expressed through todi,inferred_coherent
hexagram_39,raga_darbari,shared rasa karuna + shared element earth + time-season alignment night/winter + direct season match winter,night,karuna,earth,obstruction expressed through darbari,inferred_coherent
hexagram_39,raga_malkauns,shared element earth + time-season alignment night/winter + direct season match winter,night,,earth,obstruction expressed through malkauns,inferred_coherent
hexagram_39,raga_bageshri,shared element water + time-season alignment night/winter,night,,water,obstruction expressed through bageshri,inferred_coherent
hexagram_39,raga_puriya,shared rasa karuna,,karuna,,obstruction expressed through puriya,inferred_coherent
hexagram_39,raga_miyan_ki_malhar,shared element water,,,water,obstruction expressed through miyan_ki_malhar,inferred_coherent
hexagram_39,raga_kedar,shared element earth + time-season alignment night/winter,night,,earth,obstruction expressed through kedar,inferred_coherent
hexagram_39,raga_des,shared element water + time-season alignment night/winter,night,,water,obstruction expressed through des,inferred_coherent
hexagram_39,raga_khamaj,shared element water + time-season alignment night/winter,night,,water,obstruction expressed through khamaj,inferred_coherent
hexagram_39,raga_jaunpuri,shared rasa karuna + shared element water + direct season match winter,,karuna,water,obstruction expressed through jaunpuri,inferred_coherent
hexagram_39,raga_multani,shared rasa karuna,,karuna,,obstruction expressed through multani,inferred_coherent
hexagram_39,raga_bairagi,shared rasa karuna,,karuna,,obstruction expressed through bairagi,inferred_coherent
hexagram_39,raga_ahir_bhairav,shared element water,,,water,obstruction expressed through ahir_bhairav,inferred_coherent
hexagram_39,raga_charukeshi,shared rasa karuna + shared element water + time-season alignment night/winter + direct season match winter,night,karuna,water,obstruction expressed through charukeshi,inferred_coherent
hexagram_39,raga_kirwani,shared rasa karuna + shared element water + time-season alignment night/winter + direct season match winter,night,karuna,water,obstruction expressed through kirwani,inferred_coherent
hexagram_39,raga_chandrakauns,shared element water + time-season alignment night/winter + direct season match winter,night,,water,obstruction expressed through chandrakauns,inferred_coherent
hexagram_39,raga_shankara,time-season alignment night/winter + direct season match winter,night,,,obstruction expressed through shankara,inferred_coherent
hexagram_40,raga_bhairava,shared element fire + time-season alignment morning/spring + direct season match spring,morning,,fire,deliverance expressed through bhairava,inferred_coherent
hexagram_40,raga_bhairavi,shared element water + time-season alignment morning/spring,morning,,water,deliverance expressed through bhairavi,inferred_coherent
hexagram_40,raga_todi,shared element water + time-season alignment morning/spring,morning,,water,deliverance expressed through todi,inferred_coherent
hexagram_40,raga_marwa,shared element fire,,,fire,deliverance expressed through marwa,inferred_coherent
hexagram_40,raga_bageshri,shared element water,,,water,deliverance expressed through bageshri,inferred_coherent
hexagram_40,raga_lalit,time-season alignment dawn/spring + direct season match spring,dawn,,,deliverance expressed through lalit,inferred_coherent
hexagram_40,raga_miyan_ki_malhar,shared element water,,,water,deliverance expressed through miyan_ki_malhar,inferred_coherent
hexagram_40,raga_des,shared element water,,,water,deliverance expressed through des,inferred_coherent
hexagram_40,raga_khamaj,shared element water,,,water,deliverance expressed through khamaj,inferred_coherent
hexagram_40,raga_jaunpuri,shared element water + time-season alignment morning/spring,morning,,water,deliverance expressed through jaunpuri,inferred_coherent
hexagram_40,raga_durga,shared element fire,,,fire,deliverance expressed through durga,inferred_coherent
hexagram_40,raga_hindol,time-season alignment morning/spring + direct season match spring,morning,,,deliverance expressed through hindol,inferred_coherent
hexagram_40,raga_shree,shared element fire,,,fire,deliverance expressed through shree,inferred_coherent
hexagram_40,raga_bairagi,time-season alignment morning/spring + direct season match spring,morning,,,deliverance expressed through bairagi,inferred_coherent
hexagram_40,raga_ahir_bhairav,shared element water + time-season alignment morning/spring + direct season match spring,morning,,water,deliverance expressed through ahir_bhairav,inferred_coherent
hexagram_40,raga_charukeshi,shared element water,,,water,deliverance expressed through charukeshi,inferred_coherent
hexagram_40,raga_kirwani,shared element water,,,water,deliverance expressed through kirwani,inferred_coherent
hexagram_40,raga_chandrakauns,shared element water,,,water,deliverance expressed through chandrakauns,inferred_coherent
hexagram_40,raga_sarang,shared element fire,,,fire,deliverance expressed through sarang,inferred_coherent
hexagram_41,raga_bhairavi,shared rasa karuna + shared element water,,karuna,water,decrease expressed through bhairavi,inferred_coherent
hexagram_41,raga_todi,shared rasa karuna + shared element water,,karuna,water,decrease expressed through todi,inferred_coherent
hexagram_41,raga_yaman,time-season alignment evening/autumn + direct season match autumn,evening,,,decrease expressed through yaman,inferred_coherent
hexagram_41,raga_marwa,time-season alignment evening/autumn + direct season match autumn,evening,,,decrease expressed through marwa,inferred_coherent
hexagram_41,raga_darbari,shared rasa karuna + shared element earth + time-season alignment night/autumn,night,karuna,earth,decrease expressed through darbari,inferred_coherent
hexagram_41,raga_malkauns,shared element earth + time-season alignment night/autumn,night,,earth,decrease expressed through malkauns,inferred_coherent
hexagram_41,raga_bageshri,shared element water + time-season alignment night/autumn + direct season match autumn,night,,water,decrease expressed through bageshri,inferred_coherent
hexagram_41,raga_puriya,shared rasa karuna + time-season alignment evening/autumn + direct season match autumn,evening,karuna,,decrease expressed through puriya,inferred_coherent
hexagram_41,raga_miyan_ki_malhar,shared element water,,,water,decrease expressed through miyan_ki_malhar,inferred_coherent
hexagram_41,raga_kedar,shared element earth + time-season alignment night/autumn + direct season match autumn,night,,earth,decrease expressed through kedar,inferred_coherent
hexagram_41,raga_bihag,time-season alignment night/autumn + direct season match autumn,night,,,decrease expressed through bihag,inferred_coherent
hexagram_41,raga_des,shared element water + time-season alignment night/autumn,night,,water,decrease expressed through des,inferred_coherent
hexagram_41,raga_khamaj,shared element water + time-season alignment night/autumn,night,,water,decrease expressed through khamaj,inferred_coherent
hexagram_41,raga_jaunpuri,shared rasa karuna + shared element water,,karuna,water,decrease expressed through jaunpuri,inferred_coherent
hexagram_41,raga_durga,time-season alignment night/autumn + direct season match autumn,night,,,decrease expressed through durga,inferred_coherent
hexagram_41,raga_shree,time-season alignment evening/autumn + direct season match autumn,evening,,,decrease expressed through shree,inferred_coherent
hexagram_41,raga_purvi,time-season alignment evening/autumn + direct season match autumn,evening,,,decrease expressed through purvi,inferred_coherent
hexagram_41,raga_multani,shared rasa karuna,,karuna,,decrease expressed through multani,inferred_coherent
hexagram_41,raga_bairagi,shared rasa karuna,,karuna,,decrease expressed through bairagi,inferred_coherent
hexagram_41,raga_ahir_bhairav,shared element water,,,water,decrease expressed through ahir_bhairav,inferred_coherent
hexagram_41,raga_tilak_kamod,time-season alignment night/autumn + direct season match autumn,night,,,decrease expressed through tilak_kamod,inferred_coherent
hexagram_41,raga_rageshri,time-season alignment night/autumn + direct season match autumn,night,,,decrease expressed through rageshri,inferred_coherent
hexagram_41,raga_hansadhwani,time-season alignment evening/autumn + direct season match autumn,evening,,,decrease expressed through hansadhwani,inferred_coherent
hexagram_41,raga_charukeshi,shared rasa karuna + shared element water + time-season alignment night/autumn,night,karuna,water,decrease expressed through charukeshi,inferred_coherent
hexagram_41,raga_kirwani,shared rasa karuna + shared element water + time-season alignment night/autumn,night,karuna,water,decrease expressed through kirwani,inferred_coherent
hexagram_41,raga_chandrakauns,shared element water + time-season alignment night/autumn,night,,water,decrease expressed through chandrakauns,inferred_coherent
hexagram_42,raga_bhairava,shared element fire + time-season alignment morning/spring + direct season match spring,morning,,fire,increase expressed through bhairava,inferred_coherent
hexagram_42,raga_bhimpalasi,shared element air,,,air,increase expressed through bhimpalasi,inferred_coherent
hexagram_42,raga_marwa,shared element fire,,,fire,increase expressed through marwa,inferred_coherent
hexagram_42,raga_lalit,time-season alignment dawn/spring + direct season match spring,dawn,,,increase expressed through lalit,inferred_coherent
hexagram_42,raga_bihag,shared element air,,,air,increase expressed through bihag,inferred_coherent
hexagram_42,raga_durga,shared element fire,,,fire,increase expressed through durga,inferred_coherent
hexagram_42,raga_hindol,time-season alignment morning/spring + direct season match spring,morning,,,increase expressed through hindol,inferred_coherent
hexagram_42,raga_shree,shared element fire,,,fire,increase expressed through shree,inferred_coherent
hexagram_42,raga_multani,shared element air,,,air,increase expressed through multani,inferred_coherent
hexagram_42,raga_bairagi,time-season alignment morning/spring + direct season match spring,morning,,,increase expressed through bairagi,inferred_coherent
hexagram_42,raga_ahir_bhairav,time-season alignment morning/spring + direct season match spring,morning,,,increase expressed through ahir_bhairav,inferred_coherent
hexagram_42,raga_tilak_kamod,shared element air,,,air,increase expressed through tilak_kamod,inferred_coherent
hexagram_42,raga_rageshri,shared element air,,,air,increase expressed through rageshri,inferred_coherent
hexagram_42,raga_hansadhwani,shared rasa adbhuta,,adbhuta,,increase expressed through hansadhwani,inferred_coherent
hexagram_42,raga_shankara,shared rasa adbhuta,,adbhuta,,increase expressed through shankara,inferred_coherent
hexagram_42,raga_sarang,shared element fire,,,fire,increase expressed through sarang,inferred_coherent
hexagram_43,raga_bhairava,shared rasa vira,,vira,,breakthrough expressed through bhairava,inferred_coherent
hexagram_43,raga_bhairavi,shared element water,,,water,breakthrough expressed through bhairavi,inferred_coherent
hexagram_43,raga_todi,shared element water,,,water,breakthrough expressed through todi,inferred_coherent
hexagram_43,raga_yaman,shared element ether + time-season alignment evening/autumn + direct season match autumn,evening,,ether,breakthrough expressed through yaman,inferred_coherent
hexagram_43,raga_marwa,shared rasa vira + time-season alignment evening/autumn + direct season match autumn,evening,vira,,breakthrough expressed through marwa,inferred_coherent
hexagram_43,raga_bageshri,shared element water + time-season alignment night/autumn + direct season match autumn,night,,water,breakthrough expressed through bageshri,inferred_coherent
hexagram_43,raga_puriya,shared element ether + time-season alignment evening/autumn + direct season match autumn,evening,,ether,breakthrough expressed through puriya,inferred_coherent
hexagram_43,raga_lalit,shared element ether,,,ether,breakthrough expressed through lalit,inferred_coherent
hexagram_43,raga_miyan_ki_malhar,shared rasa vira + shared element water,,vira,water,breakthrough expressed through miyan_ki_malhar,inferred_coherent
hexagram_43,raga_kedar,time-season alignment night/autumn + direct season match autumn,night,,,breakthrough expressed through kedar,inferred_coherent
hexagram_43,raga_bihag,time-season alignment night/autumn + direct season match autumn,night,,,breakthrough expressed through bihag,inferred_coherent
hexagram_43,raga_des,shared element water + time-season alignment night/autumn,night,,water,breakthrough expressed through des,inferred_coherent
hexagram_43,raga_khamaj,shared element water + time-season alignment night/autumn,night,,water,breakthrough expressed through khamaj,inferred_coherent
hexagram_43,raga_jaunpuri,shared element water,,,water,breakthrough expressed through jaunpuri,inferred_coherent
hexagram_43,raga_durga,shared rasa vira + time-season alignment night/autumn + direct season match autumn,night,vira,,breakthrough expressed through durga,inferred_coherent
hexagram_43,raga_hindol,shared element ether,,,ether,breakthrough expressed through hindol,inferred_coherent
hexagram_43,raga_shree,time-season alignment evening/autumn + direct season match autumn,evening,,,breakthrough expressed through shree,inferred_coherent
hexagram_43,raga_purvi,shared element ether + time-season alignment evening/autumn + direct season match autumn,evening,,ether,breakthrough expressed through purvi,inferred_coherent
hexagram_43,raga_bairagi,shared element ether,,,ether,breakthrough expressed through bairagi,inferred_coherent
hexagram_43,raga_ahir_bhairav,shared element water,,,water,breakthrough expressed through ahir_bhairav,inferred_coherent
hexagram_43,raga_tilak_kamod,time-season alignment night/autumn + direct season match autumn,night,,,breakthrough expressed through tilak_kamod,inferred_coherent
hexagram_43,raga_rageshri,time-season alignment night/autumn + direct season match autumn,night,,,breakthrough expressed through rageshri,inferred_coherent
hexagram_43,raga_hansadhwani,shared element ether + time-season alignment evening/autumn + direct season match autumn,evening,,ether,breakthrough expressed through hansadhwani,inferred_coherent
hexagram_43,raga_charukeshi,shared element water + time-season alignment night/autumn,night,,water,breakthrough expressed through charukeshi,inferred_coherent
hexagram_43,raga_kirwani,shared element water + time-season alignment night/autumn,night,,water,breakthrough expressed through kirwani,inferred_coherent
hexagram_43,raga_chandrakauns,shared element water + time-season alignment night/autumn,night,,water,breakthrough expressed through chandrakauns,inferred_coherent
hexagram_43,raga_shankara,shared element ether + time-season alignment night/autumn,night,,ether,breakthrough expressed through shankara,inferred_coherent
hexagram_43,raga_sarang,shared rasa vira,,vira,,breakthrough expressed through sarang,inferred_coherent
hexagram_44,raga_yaman,shared rasa shringara + shared element ether,,shringara,ether,coming to meet expressed through yaman,inferred_coherent
hexagram_44,raga_bhimpalasi,shared rasa shringara + shared element air,,shringara,air,coming to meet expressed through bhimpalasi,inferred_coherent
hexagram_44,raga_bageshri,shared rasa shringara,,shringara,,coming to meet expressed through bageshri,inferred_coherent
hexagram_44,raga_puriya,shared element ether,,,ether,coming to meet expressed through puriya,inferred_coherent
hexagram_44,raga_lalit,shared rasa shringara + shared element ether,,shringara,ether,coming to meet expressed through lalit,inferred_coherent
hexagram_44,raga_kedar,shared rasa shringara,,shringara,,coming to meet expressed through kedar,inferred_coherent
hexagram_44,raga_bihag,shared rasa shringara + shared element air,,shringara,air,coming to meet expressed through bihag,inferred_coherent
hexagram_44,raga_des,shared rasa shringara,,shringara,,coming to meet expressed through des,inferred_coherent
hexagram_44,raga_khamaj,shared rasa shringara,,shringara,,coming to meet expressed through khamaj,inferred_coherent
hexagram_44,raga_hindol,shared rasa shringara + shared element ether,,shringara,ether,coming to meet expressed through hindol,inferred_coherent
hexagram_44,raga_shree,shared rasa shringara,,shringara,,coming to meet expressed through shree,inferred_coherent
hexagram_44,raga_purvi,shared element ether,,,ether,coming to meet expressed through purvi,inferred_coherent
hexagram_44,raga_multani,shared element air,,,air,coming to meet expressed through multani,inferred_coherent
hexagram_44,raga_bairagi,shared element ether,,,ether,coming to meet expressed through bairagi,inferred_coherent
hexagram_44,raga_ahir_bhairav,shared rasa shringara,,shringara,,coming to meet expressed through ahir_bhairav,inferred_coherent
hexagram_44,raga_tilak_kamod,shared rasa shringara + shared element air,,shringara,air,coming to meet expressed through tilak_kamod,inferred_coherent
hexagram_44,raga_rageshri,shared rasa shringara + shared element air,,shringara,air,coming to meet expressed through rageshri,inferred_coherent
hexagram_44,raga_hansadhwani,shared element ether,,,ether,coming to meet expressed through hansadhwani,inferred_coherent
hexagram_44,raga_shankara,shared element ether,,,ether,coming to meet expressed through shankara,inferred_coherent
hexagram_45,raga_bhairavi,shared element water,,,water,gathering together expressed through bhairavi,inferred_coherent
hexagram_45,raga_todi,shared element water,,,water,gathering together expressed through todi,inferred_coherent
hexagram_45,raga_yaman,shared rasa shringara + time-season alignment evening/autumn + direct season match autumn,evening,shringara,,gathering together expressed through yaman,inferred_coherent
hexagram_45,raga_bhimpalasi,shared rasa shringara,,shringara,,gathering together expressed through bhimpalasi,inferred_coherent
hexagram_45,raga_marwa,time-season alignment evening/autumn + direct season match autumn,evening,,,gathering together expressed through marwa,inferred_coherent
hexagram_45,raga_darbari,shared element earth + time-season alignment night/autumn,night,,earth,gathering together expressed through darbari,inferred_coherent
hexagram_45,raga_malkauns,shared element earth + time-season alignment night/autumn,night,,earth,gathering together expressed through malkauns,inferred_coherent
hexagram_45,raga_bageshri,shared rasa shringara + shared element water + time-season alignment night/autumn + direct season match autumn,night,shringara,water,gathering together expressed through bageshri,inferred_coherent
hexagram_45,raga_puriya,time-season alignment evening/autumn + direct season match autumn,evening,,,gathering together expressed through puriya,inferred_coherent
hexagram_45,raga_lalit,shared rasa shringara,,shringara,,gathering together expressed through lalit,inferred_coherent
hexagram_45,raga_miyan_ki_malhar,shared element water,,,water,gathering together expressed through miyan_ki_malhar,inferred_coherent
hexagram_45,raga_kedar,shared rasa shringara + shared element earth + time-season alignment night/autumn + direct season match autumn,night,shringara,earth,gathering together expressed through kedar,inferred_coherent
hexagram_45,raga_bihag,shared rasa shringara + time-season alignment night/autumn + direct season match autumn,night,shringara,,gathering together expressed through bihag,inferred_coherent
hexagram_45,raga_des,shared rasa shringara + shared element water + time-season alignment night/autumn,night,shringara,water,gathering together expressed through des,inferred_coherent
hexagram_45,raga_khamaj,shared rasa shringara + shared element water + time-season alignment night/autumn,night,shringara,water,gathering together expressed through khamaj,inferred_coherent
hexagram_45,raga_jaunpuri,shared element water,,,water,gathering together expressed through jaunpuri,inferred_coherent
hexagram_45,raga_durga,time-season alignment night/autumn + direct season match autumn,night,,,gathering together expressed through durga,inferred_coherent
hexagram_45,raga_hindol,shared rasa shringara,,shringara,,gathering together expressed through hindol,inferred_coherent
hexagram_45,raga_shree,shared rasa shringara + time-season alignment evening/autumn + direct season match autumn,evening,shringara,,gathering together expressed through shree,inferred_coherent
hexagram_45,raga_purvi,time-season alignment evening/autumn + direct season match autumn,evening,,,gathering together expressed through purvi,inferred_coherent
hexagram_45,raga_ahir_bhairav,shared rasa shringara + shared element water,,shringara,water,gathering together expressed through ahir_bhairav,inferred_coherent
hexagram_45,raga_tilak_kamod,shared rasa shringara + time-season alignment night/autumn + direct season match autumn,night,shringara,,gathering together expressed through tilak_kamod,inferred_coherent
hexagram_45,raga_rageshri,shared rasa shringara + time-season alignment night/autumn + direct season match autumn,night,shringara,,gathering together expressed through rageshri,inferred_coherent
hexagram_45,raga_hansadhwani,time-season alignment evening/autumn + direct season match autumn,evening,,,gathering together expressed through hansadhwani,inferred_coherent
hexagram_45,raga_charukeshi,shared element water + time-season alignment night/autumn,night,,water,gathering together expressed through charukeshi,inferred_coherent
hexagram_45,raga_kirwani,shared element water + time-season alignment night/autumn,night,,water,gathering together expressed through kirwani,inferred_coherent
hexagram_45,raga_chandrakauns,shared element water + time-season alignment night/autumn,night,,water,gathering together expressed through chandrakauns,inferred_coherent
hexagram_46,raga_bhairava,shared rasa vira,,vira,,pushing upward expressed through bhairava,inferred_coherent
hexagram_46,raga_bhimpalasi,shared element air,,,air,pushing upward expressed through bhimpalasi,inferred_coherent
hexagram_46,raga_marwa,shared rasa vira,,vira,,pushing upward expressed through marwa,inferred_coherent
hexagram_46,raga_darbari,shared element earth,,,earth,pushing upward expressed through darbari,inferred_coherent
hexagram_46,raga_malkauns,shared element earth,,,earth,pushing upward expressed through malkauns,inferred_coherent
hexagram_46,raga_miyan_ki_malhar,shared rasa vira,,vira,,pushing upward expressed through miyan_ki_malhar,inferred_coherent
hexagram_46,raga_kedar,shared element earth,,,earth,pushing upward expressed through kedar,inferred_coherent
hexagram_46,raga_bihag,shared element air,,,air,pushing upward expressed through bihag,inferred_coherent
hexagram_46,raga_durga,shared rasa vira,,vira,,pushing upward expressed through durga,inferred_coherent
hexagram_46,raga_multani,shared element air,,,air,pushing upward expressed through multani,inferred_coherent
hexagram_46,raga_tilak_kamod,shared element air,,,air,pushing upward expressed through tilak_kamod,inferred_coherent
hexagram_46,raga_rageshri,shared element air,,,air,pushing upward expressed through rageshri,inferred_coherent
hexagram_46,raga_sarang,shared rasa vira,,vira,,pushing upward expressed through sarang,inferred_coherent
hexagram_47,raga_bhairavi,shared rasa karuna + shared element water + direct season match winter,,karuna,water,oppression expressed through bhairavi,inferred_coherent
hexagram_47,raga_todi,shared rasa karuna + shared element water,,karuna,water,oppression expressed through todi,inferred_coherent
hexagram_47,raga_darbari,shared rasa karuna + time-season alignment night/winter + direct season match winter,night,karuna,,oppression expressed through darbari,inferred_coherent
hexagram_47,raga_malkauns,time-season alignment night/winter + direct season match winter,night,,,oppression expressed through malkauns,inferred_coherent
hexagram_47,raga_bageshri,shared element water + time-season alignment night/winter,night,,water,oppression expressed through bageshri,inferred_coherent
hexagram_47,raga_puriya,shared rasa karuna,,karuna,,oppression expressed through puriya,inferred_coherent
hexagram_47,raga_miyan_ki_malhar,shared element water,,,water,oppression expressed through miyan_ki_malhar,inferred_coherent
hexagram_47,raga_des,shared element water + time-season alignment night/winter,night,,water,oppression expressed through des,inferred_coherent
hexagram_47,raga_khamaj,shared element water + time-season alignment night/winter,night,,water,oppression expressed through khamaj,inferred_coherent
hexagram_47,raga_jaunpuri,shared rasa karuna + shared element water + direct season match winter,,karuna,water,oppression expressed through jaunpuri,inferred_coherent
hexagram_47,raga_multani,shared rasa karuna,,karuna,,oppression expressed through multani,inferred_coherent
hexagram_47,raga_bairagi,shared rasa karuna,,karuna,,oppression expressed through bairagi,inferred_coherent
hexagram_47,raga_ahir_bhairav,shared element water,,,water,oppression expressed through ahir_bhairav,inferred_coherent
hexagram_47,raga_charukeshi,shared rasa karuna + shared element water + time-season alignment night/winter + direct season match winter,night,karuna,water,oppression expressed through charukeshi,inferred_coherent
hexagram_47,raga_kirwani,shared rasa karuna + shared element water + time-season alignment night/winter + direct season match winter,night,karuna,water,oppression expressed through kirwani,inferred_coherent
hexagram_47,raga_chandrakauns,shared element water + time-season alignment night/winter + direct season match winter,night,,water,oppression expressed through chandrakauns,inferred_coherent
hexagram_47,raga_shankara,time-season alignment night/winter + direct season match winter,night,,,oppression expressed through shankara,inferred_coherent
hexagram_48,raga_bhairavi,shared element water + direct season match winter,,,water,the well expressed through bhairavi,inferred_coherent
hexagram_48,raga_todi,shared element water,,,water,the well expressed through todi,inferred_coherent
hexagram_48,raga_bhimpalasi,shared element air,,,air,the well expressed through bhimpalasi,inferred_coherent
hexagram_48,raga_darbari,time-season alignment night/winter + direct season match winter,night,,,the well expressed through darbari,inferred_coherent
hexagram_48,raga_malkauns,shared rasa shanta + time-season alignment night/winter + direct season match winter,night,shanta,,the well expressed through malkauns,inferred_coherent
hexagram_48,raga_bageshri,shared element water + time-season alignment night/winter,night,,water,the well expressed through bageshri,inferred_coherent
hexagram_48,raga_miyan_ki_malhar,shared element water,,,water,the well expressed through miyan_ki_malhar,inferred_coherent
hexagram_48,raga_bihag,shared element air + time-season alignment night/winter,night,,air,the well expressed through bihag,inferred_coherent
hexagram_48,raga_des,shared element water + time-season alignment night/winter,night,,water,the well expressed through des,inferred_coherent
hexagram_48,raga_khamaj,shared element water + time-season alignment night/winter,night,,water,the well expressed through khamaj,inferred_coherent
hexagram_48,raga_jaunpuri,shared element water + direct season match winter,,,water,the well expressed through jaunpuri,inferred_coherent
hexagram_48,raga_purvi,shared rasa shanta,,shanta,,the well expressed through purvi,inferred_coherent
hexagram_48,raga_multani,shared element air,,,air,the well expressed through multani,inferred_coherent
hexagram_48,raga_ahir_bhairav,shared element water,,,water,the well expressed through ahir_bhairav,inferred_coherent
hexagram_48,raga_tilak_kamod,shared element air + time-season alignment night/winter,night,,air,the well expressed through tilak_kamod,inferred_coherent
hexagram_48,raga_rageshri,shared element air + time-season alignment night/winter,night,,air,the well expressed through rageshri,inferred_coherent
hexagram_48,raga_charukeshi,shared element water + time-season alignment night/winter + direct season match winter,night,,water,the well expressed through charukeshi,inferred_coherent
hexagram_48,raga_kirwani,shared element water + time-season alignment night/winter + direct season match winter,night,,water,the well expressed through kirwani,inferred_coherent
hexagram_48,raga_chandrakauns,shared rasa shanta + shared element water + time-season alignment night/winter + direct season match winter,night,shanta,water,the well expressed through chandrakauns,inferred_coherent
hexagram_48,raga_shankara,time-season alignment night/winter + direct season match winter,night,,,the well expressed through shankara,inferred_coherent
hexagram_49,raga_bhairava,shared element fire,,,fire,revolution expressed through bhairava,inferred_coherent
hexagram_49,raga_bhairavi,shared element water,,,water,revolution expressed through bhairavi,inferred_coherent
hexagram_49,raga_todi,shared element water,,,water,revolution expressed through todi,inferred_coherent
hexagram_49,raga_bhimpalasi,time-season alignment afternoon/summer + direct season match summer,afternoon,,,revolution expressed through bhimpalasi,inferred_coherent
hexagram_49,raga_marwa,shared element fire,,,fire,revolution expressed through marwa,inferred_coherent
hexagram_49,raga_bageshri,shared element water,,,water,revolution expressed through bageshri,inferred_coherent
hexagram_49,raga_miyan_ki_malhar,shared element water + time-season alignment monsoon/summer + direct season match summer,monsoon,,water,revolution expressed through miyan_ki_malhar,inferred_coherent
hexagram_49,raga_des,shared element water,,,water,revolution expressed through des,inferred_coherent
hexagram_49,raga_khamaj,shared element water + direct season match summer,,,water,revolution expressed through khamaj,inferred_coherent
hexagram_49,raga_jaunpuri,shared element water,,,water,revolution expressed through jaunpuri,inferred_coherent
hexagram_49,raga_durga,shared element fire,,,fire,revolution expressed through durga,inferred_coherent
hexagram_49,raga_shree,shared element fire,,,fire,revolution expressed through shree,inferred_coherent
hexagram_49,raga_multani,time-season alignment afternoon/summer + direct season match summer,afternoon,,,revolution expressed through multani,inferred_coherent
hexagram_49,raga_ahir_bhairav,shared element water,,,water,revolution expressed through ahir_bhairav,inferred_coherent
hexagram_49,raga_charukeshi,shared element water,,,water,revolution expressed through charukeshi,inferred_coherent
hexagram_49,raga_kirwani,shared element water,,,water,revolution expressed through kirwani,inferred_coherent
hexagram_49,raga_chandrakauns,shared element water,,,water,revolution expressed through chandrakauns,inferred_coherent
hexagram_49,raga_sarang,shared element fire + time-season alignment midday/summer + direct season match summer,midday,,fire,revolution expressed through sarang,inferred_coherent
hexagram_50,raga_bhairava,shared element fire,,,fire,the caldron expressed through bhairava,inferred_coherent
hexagram_50,raga_bhimpalasi,shared element air + time-season alignment afternoon/summer + direct season match summer,afternoon,,air,the caldron expressed through bhimpalasi,inferred_coherent
hexagram_50,raga_marwa,shared element fire,,,fire,the caldron expressed through marwa,inferred_coherent
hexagram_50,raga_miyan_ki_malhar,time-season alignment monsoon/summer + direct season match summer,monsoon,,,the caldron expressed through miyan_ki_malhar,inferred_coherent
hexagram_50,raga_bihag,shared element air,,,air,the caldron expressed through bihag,inferred_coherent
hexagram_50,raga_durga,shared element fire,,,fire,the caldron expressed through durga,inferred_coherent
hexagram_50,raga_shree,shared element fire,,,fire,the caldron expressed through shree,inferred_coherent
hexagram_50,raga_multani,shared element air + time-season alignment afternoon/summer + direct season match summer,afternoon,,air,the caldron expressed through multani,inferred_coherent
hexagram_50,raga_tilak_kamod,shared element air,,,air,the caldron expressed through tilak_kamod,inferred_coherent
hexagram_50,raga_rageshri,shared element air,,,air,the caldron expressed through rageshri,inferred_coherent
hexagram_50,raga_hansadhwani,shared rasa adbhuta,,adbhuta,,the caldron expressed through hansadhwani,inferred_coherent
hexagram_50,raga_shankara,shared rasa adbhuta,,adbhuta,,the caldron expressed through shankara,inferred_coherent
hexagram_50,raga_sarang,shared element fire + time-season alignment midday/summer + direct season match summer,midday,,fire,the caldron expressed through sarang,inferred_coherent
hexagram_51,raga_bhairava,shared element fire + time-season alignment morning/spring + direct season match spring,morning,,fire,the arousing expressed through bhairava,inferred_coherent
hexagram_51,raga_marwa,shared element fire,,,fire,the arousing expressed through marwa,inferred_coherent
hexagram_51,raga_lalit,time-season alignment dawn/spring + direct season match spring,dawn,,,the arousing expressed through lalit,inferred_coherent
hexagram_51,raga_durga,shared element fire,,,fire,the arousing expressed through durga,inferred_coherent
hexagram_51,raga_hindol,time-season alignment morning/spring + direct season match spring,morning,,,the arousing expressed through hindol,inferred_coherent
hexagram_51,raga_shree,shared element fire,,,fire,the arousing expressed through shree,inferred_coherent
hexagram_51,raga_bairagi,time-season alignment morning/spring + direct season match spring,morning,,,the arousing expressed through bairagi,inferred_coherent
hexagram_51,raga_ahir_bhairav,time-season alignment morning/spring + direct season match spring,morning,,,the arousing expressed through ahir_bhairav,inferred_coherent
hexagram_51,raga_sarang,shared element fire,,,fire,the arousing expressed through sarang,inferred_coherent
hexagram_52,raga_darbari,shared element earth,,,earth,keeping still expressed through darbari,inferred_coherent
hexagram_52,raga_malkauns,shared rasa shanta + shared element earth,,shanta,earth,keeping still expressed through malkauns,inferred_coherent
hexagram_52,raga_kedar,shared element earth,,,earth,keeping still expressed through kedar,inferred_coherent
hexagram_52,raga_purvi,shared rasa shanta,,shanta,,keeping still expressed through purvi,inferred_coherent
hexagram_52,raga_chandrakauns,shared rasa shanta,,shanta,,keeping still expressed through chandrakauns,inferred_coherent
hexagram_53,raga_yaman,shared rasa shringara,,shringara,,development expressed through yaman,inferred_coherent
hexagram_53,raga_bhimpalasi,shared rasa shringara + shared element air,,shringara,air,development expressed through bhimpalasi,inferred_coherent
hexagram_53,raga_darbari,shared element earth,,,earth,development expressed through darbari,inferred_coherent
hexagram_53,raga_malkauns,shared element earth,,,earth,development expressed through malkauns,inferred_coherent
hexagram_53,raga_bageshri,shared rasa shringara,,shringara,,development expressed through bageshri,inferred_coherent
hexagram_53,raga_lalit,shared rasa shringara + time-season alignment dawn/early_spring,dawn,shringara,,development expressed through lalit,inferred_coherent
hexagram_53,raga_kedar,shared rasa shringara + shared element earth,,shringara,earth,development expressed through kedar,inferred_coherent
hexagram_53,raga_bihag,shared rasa shringara + shared element air,,shringara,air,development expressed through bihag,inferred_coherent
hexagram_53,raga_des,shared rasa shringara,,shringara,,development expressed through des,inferred_coherent
hexagram_53,raga_khamaj,shared rasa shringara,,shringara,,development expressed through khamaj,inferred_coherent
hexagram_53,raga_hindol,shared rasa shringara + time-season alignment morning/early_spring,morning,shringara,,development expressed through hindol,inferred_coherent
hexagram_53,raga_shree,shared rasa shringara,,shringara,,development expressed through shree,inferred_coherent
hexagram_53,raga_multani,shared element air,,,air,development expressed through multani,inferred_coherent
hexagram_53,raga_ahir_bhairav,shared rasa shringara + time-season alignment morning/early_spring,morning,shringara,,development expressed through ahir_bhairav,inferred_coherent
hexagram_53,raga_tilak_kamod,shared rasa shringara + shared element air,,shringara,air,development expressed through tilak_kamod,inferred_coherent
hexagram_53,raga_rageshri,shared rasa shringara + shared element air,,shringara,air,development expressed through rageshri,inferred_coherent
hexagram_54,raga_bhairava,shared element fire + time-season alignment morning/spring + direct season match spring,morning,,fire,the marrying maiden expressed through bhairava,inferred_coherent
hexagram_54,raga_bhairavi,shared rasa karuna + shared element water + time-season alignment morning/spring,morning,karuna,water,the marrying maiden expressed through bhairavi,inferred_coherent
hexagram_54,raga_todi,shared rasa karuna + shared element water + time-season alignment morning/spring,morning,karuna,water,the marrying maiden expressed through todi,inferred_coherent
hexagram_54,raga_marwa,shared element fire,,,fire,the marrying maiden expressed through marwa,inferred_coherent
hexagram_54,raga_darbari,shared rasa karuna,,karuna,,the marrying maiden expressed through darbari,inferred_coherent
hexagram_54,raga_bageshri,shared element water,,,water,the marrying maiden expressed through bageshri,inferred_coherent
hexagram_54,raga_puriya,shared rasa karuna,,karuna,,the marrying maiden expressed through puriya,inferred_coherent
hexagram_54,raga_lalit,time-season alignment dawn/spring + direct season match spring,dawn,,,the marrying maiden expressed through lalit,inferred_coherent
hexagram_54,raga_miyan_ki_malhar,shared element water,,,water,the marrying maiden expressed through miyan_ki_malhar,inferred_coherent
hexagram_54,raga_des,shared element water,,,water,the marrying maiden expressed through des,inferred_coherent
hexagram_54,raga_khamaj,shared element water,,,water,the marrying maiden expressed through khamaj,inferred_coherent
hexagram_54,raga_jaunpuri,shared rasa karuna + shared element water + time-season alignment morning/spring,morning,karuna,water,the marrying maiden expressed through jaunpuri,inferred_coherent
hexagram_54,raga_durga,shared element fire,,,fire,the marrying maiden expressed through durga,inferred_coherent
hexagram_54,raga_hindol,time-season alignment morning/spring + direct season match spring,morning,,,the marrying maiden expressed through hindol,inferred_coherent
hexagram_54,raga_shree,shared element fire,,,fire,the marrying maiden expressed through shree,inferred_coherent
hexagram_54,raga_multani,shared rasa karuna,,karuna,,the marrying maiden expressed through multani,inferred_coherent
hexagram_54,raga_bairagi,shared rasa karuna + time-season alignment morning/spring + direct season match spring,morning,karuna,,the marrying maiden expressed through bairagi,inferred_coherent
hexagram_54,raga_ahir_bhairav,shared element water + time-season alignment morning/spring + direct season match spring,morning,,water,the marrying maiden expressed through ahir_bhairav,inferred_coherent
hexagram_54,raga_charukeshi,shared rasa karuna + shared element water,,karuna,water,the marrying maiden expressed through charukeshi,inferred_coherent
hexagram_54,raga_kirwani,shared rasa karuna + shared element water,,karuna,water,the marrying maiden expressed through kirwani,inferred_coherent
hexagram_54,raga_chandrakauns,shared element water,,,water,the marrying maiden expressed through chandrakauns,inferred_coherent
hexagram_54,raga_sarang,shared element fire,,,fire,the marrying maiden expressed through sarang,inferred_coherent
hexagram_55,raga_bhairava,shared element fire,,,fire,abundance expressed through bhairava,inferred_coherent
hexagram_55,raga_bhimpalasi,time-season alignment afternoon/summer + direct season match summer,afternoon,,,abundance expressed through bhimpalasi,inferred_coherent
hexagram_55,raga_marwa,shared element fire,,,fire,abundance expressed through marwa,inferred_coherent
hexagram_55,raga_miyan_ki_malhar,time-season alignment monsoon/summer + direct season match summer,monsoon,,,abundance expressed through miyan_ki_malhar,inferred_coherent
hexagram_55,raga_durga,shared element fire,,,fire,abundance expressed through durga,inferred_coherent
hexagram_55,raga_shree,shared element fire,,,fire,abundance expressed through shree,inferred_coherent
hexagram_55,raga_multani,time-season alignment afternoon/summer + direct season match summer,afternoon,,,abundance expressed through multani,inferred_coherent
hexagram_55,raga_hansadhwani,shared rasa adbhuta,,adbhuta,,abundance expressed through hansadhwani,inferred_coherent
hexagram_55,raga_shankara,shared rasa adbhuta,,adbhuta,,abundance expressed through shankara,inferred_coherent
hexagram_55,raga_sarang,shared element fire + time-season alignment midday/summer + direct season match summer,midday,,fire,abundance expressed through sarang,inferred_coherent
hexagram_56,raga_bhairava,shared element fire,,,fire,the wanderer expressed through bhairava,inferred_coherent
hexagram_56,raga_bhairavi,shared rasa karuna,,karuna,,the wanderer expressed through bhairavi,inferred_coherent
hexagram_56,raga_todi,shared rasa karuna,,karuna,,the wanderer expressed through todi,inferred_coherent
hexagram_56,raga_bhimpalasi,time-season alignment afternoon/summer + direct season match summer,afternoon,,,the wanderer expressed through bhimpalasi,inferred_coherent
hexagram_56,raga_marwa,shared element fire,,,fire,the wanderer expressed through marwa,inferred_coherent
hexagram_56,raga_darbari,shared rasa karuna + shared element earth,,karuna,earth,the wanderer expressed through darbari,inferred_coherent
hexagram_56,raga_malkauns,shared element earth,,,earth,the wanderer expressed through malkauns,inferred_coherent
hexagram_56,raga_puriya,shared rasa karuna,,karuna,,the wanderer expressed through puriya,inferred_coherent
hexagram_56,raga_miyan_ki_malhar,time-season alignment monsoon/summer + direct season match summer,monsoon,,,the wanderer expressed through miyan_ki_malhar,inferred_coherent
hexagram_56,raga_kedar,shared element earth,,,earth,the wanderer expressed through kedar,inferred_coherent
hexagram_56,raga_jaunpuri,shared rasa karuna,,karuna,,the wanderer expressed through jaunpuri,inferred_coherent
hexagram_56,raga_durga,shared element fire,,,fire,the wanderer expressed through durga,inferred_coherent
hexagram_56,raga_shree,shared element fire,,,fire,the wanderer expressed through shree,inferred_coherent
hexagram_56,raga_multani,shared rasa karuna + time-season alignment afternoon/summer + direct season match summer,afternoon,karuna,,the wanderer expressed through multani,inferred_coherent
hexagram_56,raga_bairagi,shared rasa karuna,,karuna,,the wanderer expressed through bairagi,inferred_coherent
hexagram_56,raga_charukeshi,shared rasa karuna,,karuna,,the wanderer expressed through charukeshi,inferred_coherent
hexagram_56,raga_kirwani,shared rasa karuna,,karuna,,the wanderer expressed through kirwani,inferred_coherent
hexagram_56,raga_sarang,shared element fire + time-season alignment midday/summer + direct season match summer,midday,,fire,the wanderer expressed through sarang,inferred_coherent
hexagram_57,raga_yaman,shared rasa shringara,,shringara,,the gentle expressed through yaman,inferred_coherent
hexagram_57,raga_bhimpalasi,shared rasa shringara + shared element air,,shringara,air,the gentle expressed through bhimpalasi,inferred_coherent
hexagram_57,raga_bageshri,shared rasa shringara,,shringara,,the gentle expressed through bageshri,inferred_coherent
hexagram_57,raga_lalit,shared rasa shringara,,shringara,,the gentle expressed through lalit,inferred_coherent
hexagram_57,raga_kedar,shared rasa shringara,,shringara,,the gentle expressed through kedar,inferred_coherent
hexagram_57,raga_bihag,shared rasa shringara + shared element air,,shringara,air,the gentle expressed through bihag,inferred_coherent
hexagram_57,raga_des,shared rasa shringara,,shringara,,the gentle expressed through des,inferred_coherent
hexagram_57,raga_khamaj,shared rasa shringara,,shringara,,the gentle expressed through khamaj,inferred_coherent
hexagram_57,raga_hindol,shared rasa shringara,,shringara,,the gentle expressed through hindol,inferred_coherent
hexagram_57,raga_shree,shared rasa shringara,,shringara,,the gentle expressed through shree,inferred_coherent
hexagram_57,raga_multani,shared element air,,,air,the gentle expressed through multani,inferred_coherent
hexagram_57,raga_ahir_bhairav,shared rasa shringara,,shringara,,the gentle expressed through ahir_bhairav,inferred_coherent
hexagram_57,raga_tilak_kamod,shared rasa shringara + shared element air,,shringara,air,the gentle expressed through tilak_kamod,inferred_coherent
hexagram_57,raga_rageshri,shared rasa shringara + shared element air,,shringara,air,the gentle expressed through rageshri,inferred_coherent
hexagram_58,raga_bhairavi,shared element water,,,water,the joyous expressed through bhairavi,inferred_coherent
hexagram_58,raga_todi,shared element water,,,water,the joyous expressed through todi,inferred_coherent
hexagram_58,raga_yaman,time-season alignment evening/autumn + direct season match autumn,evening,,,the joyous expressed through yaman,inferred_coherent
hexagram_58,raga_marwa,time-season alignment evening/autumn + direct season match autumn,evening,,,the joyous expressed through marwa,inferred_coherent
hexagram_58,raga_bageshri,shared element water + time-season alignment night/autumn + direct season match autumn,night,,water,the joyous expressed through bageshri,inferred_coherent
hexagram_58,raga_puriya,time-season alignment evening/autumn + direct season match autumn,evening,,,the joyous expressed through puriya,inferred_coherent
hexagram_58,raga_miyan_ki_malhar,shared element water,,,water,the joyous expressed through miyan_ki_malhar,inferred_coherent
hexagram_58,raga_kedar,time-season alignment night/autumn + direct season match autumn,night,,,the joyous expressed through kedar,inferred_coherent
hexagram_58,raga_bihag,time-season alignment night/autumn + direct season match autumn,night,,,the joyous expressed through bihag,inferred_coherent
hexagram_58,raga_des,shared element water + time-season alignment night/autumn,night,,water,the joyous expressed through des,inferred_coherent
hexagram_58,raga_khamaj,shared element water + time-season alignment night/autumn,night,,water,the joyous expressed through khamaj,inferred_coherent
hexagram_58,raga_jaunpuri,shared element water,,,water,the joyous expressed through jaunpuri,inferred_coherent
hexagram_58,raga_durga,time-season alignment night/autumn + direct season match autumn,night,,,the joyous expressed through durga,inferred_coherent
hexagram_58,raga_shree,time-season alignment evening/autumn + direct season match autumn,evening,,,the joyous expressed through shree,inferred_coherent
hexagram_58,raga_purvi,time-season alignment evening/autumn + direct season match autumn,evening,,,the joyous expressed through purvi,inferred_coherent
hexagram_58,raga_ahir_bhairav,shared element water,,,water,the joyous expressed through ahir_bhairav,inferred_coherent
hexagram_58,raga_tilak_kamod,time-season alignment night/autumn + direct season match autumn,night,,,the joyous expressed through tilak_kamod,inferred_coherent
hexagram_58,raga_rageshri,time-season alignment night/autumn + direct season match autumn,night,,,the joyous expressed through rageshri,inferred_coherent
hexagram_58,raga_hansadhwani,time-season alignment evening/autumn + direct season match autumn,evening,,,the joyous expressed through hansadhwani,inferred_coherent
hexagram_58,raga_charukeshi,shared element water + time-season alignment night/autumn,night,,water,the joyous expressed through charukeshi,inferred_coherent
hexagram_58,raga_kirwani,shared element water + time-season alignment night/autumn,night,,water,the joyous expressed through kirwani,inferred_coherent
hexagram_58,raga_chandrakauns,shared element water + time-season alignment night/autumn,night,,water,the joyous expressed through chandrakauns,inferred_coherent
hexagram_59,raga_bhairavi,shared element water + direct season match winter,,,water,dispersion expressed through bhairavi,inferred_coherent
hexagram_59,raga_todi,shared element water,,,water,dispersion expressed through todi,inferred_coherent
hexagram_59,raga_bhimpalasi,shared element air,,,air,dispersion expressed through bhimpalasi,inferred_coherent
hexagram_59,raga_darbari,time-season alignment night/winter + direct season match winter,night,,,dispersion expressed through darbari,inferred_coherent
hexagram_59,raga_malkauns,shared rasa shanta + time-season alignment night/winter + direct season match winter,night,shanta,,dispersion expressed through malkauns,inferred_coherent
hexagram_59,raga_bageshri,shared element water + time-season alignment night/winter,night,,water,dispersion expressed through bageshri,inferred_coherent
hexagram_59,raga_miyan_ki_malhar,shared element water,,,water,dispersion expressed through miyan_ki_malhar,inferred_coherent
hexagram_59,raga_bihag,shared element air + time-season alignment night/winter,night,,air,dispersion expressed through bihag,inferred_coherent
hexagram_59,raga_des,shared element water + time-season alignment night/winter,night,,water,dispersion expressed through des,inferred_coherent
hexagram_59,raga_khamaj,shared element water + time-season alignment night/winter,night,,water,dispersion expressed through khamaj,inferred_coherent
hexagram_59,raga_jaunpuri,shared element water + direct season match winter,,,water,dispersion expressed through jaunpuri,inferred_coherent
hexagram_59,raga_purvi,shared rasa shanta,,shanta,,dispersion expressed through purvi,inferred_coherent
hexagram_59,raga_multani,shared element air,,,air,dispersion expressed through multani,inferred_coherent
hexagram_59,raga_ahir_bhairav,shared element water,,,water,dispersion expressed through ahir_bhairav,inferred_coherent
hexagram_59,raga_tilak_kamod,shared element air + time-season alignment night/winter,night,,air,dispersion expressed through tilak_kamod,inferred_coherent
hexagram_59,raga_rageshri,shared element air + time-season alignment night/winter,night,,air,dispersion expressed through rageshri,inferred_coherent
hexagram_59,raga_charukeshi,shared element water + time-season alignment night/winter + direct season match winter,night,,water,dispersion expressed through charukeshi,inferred_coherent
hexagram_59,raga_kirwani,shared element water + time-season alignment night/winter + direct season match winter,night,,water,dispersion expressed through kirwani,inferred_coherent
hexagram_59,raga_chandrakauns,shared rasa shanta + shared element water + time-season alignment night/winter + direct season match winter,night,shanta,water,dispersion expressed through chandrakauns,inferred_coherent
hexagram_59,raga_shankara,time-season alignment night/winter + direct season match winter,night,,,dispersion expressed through shankara,inferred_coherent
hexagram_60,raga_bhairavi,shared element water + direct season match winter,,,water,limitation expressed through bhairavi,inferred_coherent
hexagram_60,raga_todi,shared element water,,,water,limitation expressed through todi,inferred_coherent
hexagram_60,raga_darbari,time-season alignment night/winter + direct season match winter,night,,,limitation expressed through darbari,inferred_coherent
hexagram_60,raga_malkauns,shared rasa shanta + time-season alignment night/winter + direct season match winter,night,shanta,,limitation expressed through malkauns,inferred_coherent
hexagram_60,raga_bageshri,shared element water + time-season alignment night/winter,night,,water,limitation expressed through bageshri,inferred_coherent
hexagram_60,raga_miyan_ki_malhar,shared element water,,,water,limitation expressed through miyan_ki_malhar,inferred_coherent
hexagram_60,raga_des,shared element water + time-season alignment night/winter,night,,water,limitation expressed through des,inferred_coherent
hexagram_60,raga_khamaj,shared element water + time-season alignment night/winter,night,,water,limitation expressed through khamaj,inferred_coherent
hexagram_60,raga_jaunpuri,shared element water + direct season match winter,,,water,limitation expressed through jaunpuri,inferred_coherent
hexagram_60,raga_purvi,shared rasa shanta,,shanta,,limitation expressed through purvi,inferred_coherent
hexagram_60,raga_ahir_bhairav,shared element water,,,water,limitation expressed through ahir_bhairav,inferred_coherent
hexagram_60,raga_charukeshi,shared element water + time-season alignment night/winter + direct season match winter,night,,water,limitation expressed through charukeshi,inferred_coherent
hexagram_60,raga_kirwani,shared element water + time-season alignment night/winter + direct season match winter,night,,water,limitation expressed through kirwani,inferred_coherent
hexagram_60,raga_chandrakauns,shared rasa shanta + shared element water + time-season alignment night/winter + direct season match winter,night,shanta,water,limitation expressed through chandrakauns,inferred_coherent
hexagram_60,raga_shankara,time-season alignment night/winter + direct season match winter,night,,,limitation expressed through shankara,inferred_coherent
hexagram_61,raga_bhairavi,shared element water,,,water,inner truth expressed through bhairavi,inferred_coherent
hexagram_61,raga_todi,shared element water,,,water,inner truth expressed through todi,inferred_coherent
hexagram_61,raga_yaman,time-season alignment evening/autumn + direct season match autumn,evening,,,inner truth expressed through yaman,inferred_coherent
hexagram_61,raga_bhimpalasi,shared element air,,,air,inner truth expressed through bhimpalasi,inferred_coherent
hexagram_61,raga_marwa,time-season alignment evening/autumn + direct season match autumn,evening,,,inner truth expressed through marwa,inferred_coherent
hexagram_61,raga_malkauns,shared rasa shanta + time-season alignment night/autumn,night,shanta,,inner truth expressed through malkauns,inferred_coherent
hexagram_61,raga_bageshri,shared element water + time-season alignment night/autumn + direct season match autumn,night,,water,inner truth expressed through bageshri,inferred_coherent
hexagram_61,raga_puriya,time-season alignment evening/autumn + direct season match autumn,evening,,,inner truth expressed through puriya,inferred_coherent
hexagram_61,raga_miyan_ki_malhar,shared element water,,,water,inner truth expressed through miyan_ki_malhar,inferred_coherent
hexagram_61,raga_kedar,time-season alignment night/autumn + direct season match autumn,night,,,inner truth expressed through kedar,inferred_coherent
hexagram_61,raga_bihag,shared element air + time-season alignment night/autumn + direct season match autumn,night,,air,inner truth expressed through bihag,inferred_coherent
hexagram_61,raga_des,shared element water + time-season alignment night/autumn,night,,water,inner truth expressed through des,inferred_coherent
hexagram_61,raga_khamaj,shared element water + time-season alignment night/autumn,night,,water,inner truth expressed through khamaj,inferred_coherent
hexagram_61,raga_jaunpuri,shared element water,,,water,inner truth expressed through jaunpuri,inferred_coherent
hexagram_61,raga_durga,time-season alignment night/autumn + direct season match autumn,night,,,inner truth expressed through durga,inferred_coherent
hexagram_61,raga_shree,time-season alignment evening/autumn + direct season match autumn,evening,,,inner truth expressed through shree,inferred_coherent
hexagram_61,raga_purvi,shared rasa shanta + time-season alignment evening/autumn + direct season match autumn,evening,shanta,,inner truth expressed through purvi,inferred_coherent
hexagram_61,raga_multani,shared element air,,,air,inner truth expressed through multani,inferred_coherent
hexagram_61,raga_ahir_bhairav,shared element water,,,water,inner truth expressed through ahir_bhairav,inferred_coherent
hexagram_61,raga_tilak_kamod,shared element air + time-season alignment night/autumn + direct season match autumn,night,,air,inner truth expressed through tilak_kamod,inferred_coherent
hexagram_61,raga_rageshri,shared element air + time-season alignment night/autumn + direct season match autumn,night,,air,inner truth expressed through rageshri,inferred_coherent
hexagram_61,raga_hansadhwani,time-season alignment evening/autumn + direct season match autumn,evening,,,inner truth expressed through hansadhwani,inferred_coherent
hexagram_61,raga_charukeshi,shared element water + time-season alignment night/autumn,night,,water,inner truth expressed through charukeshi,inferred_coherent
hexagram_61,raga_kirwani,shared element water + time-season alignment night/autumn,night,,water,inner truth expressed through kirwani,inferred_coherent
hexagram_61,raga_chandrakauns,shared rasa shanta + shared element water + time-season alignment night/autumn,night,shanta,water,inner truth expressed through chandrakauns,inferred_coherent
hexagram_62,raga_bhairava,shared element fire + time-season alignment morning/spring + direct season match spring,morning,,fire,small preponderance expressed through bhairava,inferred_coherent
hexagram_62,raga_bhairavi,shared rasa karuna + time-season alignment morning/spring,morning,karuna,,small preponderance expressed through bhairavi,inferred_coherent
hexagram_62,raga_todi,shared rasa karuna + time-season alignment morning/spring,morning,karuna,,small preponderance expressed through todi,inferred_coherent
hexagram_62,raga_marwa,shared element fire,,,fire,small preponderance expressed through marwa,inferred_coherent
hexagram_62,raga_darbari,shared rasa karuna + shared element earth,,karuna,earth,small preponderance expressed through darbari,inferred_coherent
hexagram_62,raga_malkauns,shared element earth,,,earth,small preponderance expressed through malkauns,inferred_coherent
hexagram_62,raga_puriya,shared rasa karuna,,karuna,,small preponderance expressed through puriya,inferred_coherent
hexagram_62,raga_lalit,time-season alignment dawn/spring + direct season match spring,dawn,,,small preponderance expressed through lalit,inferred_coherent
hexagram_62,raga_kedar,shared element earth,,,earth,small preponderance expressed through kedar,inferred_coherent
hexagram_62,raga_jaunpuri,shared rasa karuna + time-season alignment morning/spring,morning,karuna,,small preponderance expressed through jaunpuri,inferred_coherent
hexagram_62,raga_durga,shared element fire,,,fire,small preponderance expressed through durga,inferred_coherent
hexagram_62,raga_hindol,time-season alignment morning/spring + direct season match spring,morning,,,small preponderance expressed through hindol,inferred_coherent
hexagram_62,raga_shree,shared element fire,,,fire,small preponderance expressed through shree,inferred_coherent
hexagram_62,raga_multani,shared rasa karuna,,karuna,,small preponderance expressed through multani,inferred_coherent
hexagram_62,raga_bairagi,shared rasa karuna + time-season alignment morning/spring + direct season match spring,morning,karuna,,small preponderance expressed through bairagi,inferred_coherent
hexagram_62,raga_ahir_bhairav,time-season alignment morning/spring + direct season match spring,morning,,,small preponderance expressed through ahir_bhairav,inferred_coherent
hexagram_62,raga_charukeshi,shared rasa karuna,,karuna,,small preponderance expressed through charukeshi,inferred_coherent
hexagram_62,raga_kirwani,shared rasa karuna,,karuna,,small preponderance expressed through kirwani,inferred_coherent
hexagram_62,raga_sarang,shared element fire,,,fire,small preponderance expressed through sarang,inferred_coherent
hexagram_63,raga_bhairava,shared element fire,,,fire,after completion expressed through bhairava,inferred_coherent
hexagram_63,raga_bhairavi,shared element water,,,water,after completion expressed through bhairavi,inferred_coherent
hexagram_63,raga_todi,shared element water,,,water,after completion expressed through todi,inferred_coherent
hexagram_63,raga_bhimpalasi,time-season alignment afternoon/summer + direct season match summer,afternoon,,,after completion expressed through bhimpalasi,inferred_coherent
hexagram_63,raga_marwa,shared element fire,,,fire,after completion expressed through marwa,inferred_coherent
hexagram_63,raga_malkauns,shared rasa shanta,,shanta,,after completion expressed through malkauns,inferred_coherent
hexagram_63,raga_bageshri,shared element water,,,water,after completion expressed through bageshri,inferred_coherent
hexagram_63,raga_miyan_ki_malhar,shared element water + time-season alignment monsoon/summer + direct season match summer,monsoon,,water,after completion expressed through miyan_ki_malhar,inferred_coherent
hexagram_63,raga_des,shared element water,,,water,after completion expressed through des,inferred_coherent
hexagram_63,raga_khamaj,shared element water + direct season match summer,,,water,after completion expressed through khamaj,inferred_coherent
hexagram_63,raga_jaunpuri,shared element water,,,water,after completion expressed through jaunpuri,inferred_coherent
hexagram_63,raga_durga,shared element fire,,,fire,after completion expressed through durga,inferred_coherent
hexagram_63,raga_shree,shared element fire,,,fire,after completion expressed through shree,inferred_coherent
hexagram_63,raga_purvi,shared rasa shanta,,shanta,,after completion expressed through purvi,inferred_coherent
hexagram_63,raga_multani,time-season alignment afternoon/summer + direct season match summer,afternoon,,,after completion expressed through multani,inferred_coherent
hexagram_63,raga_ahir_bhairav,shared element water,,,water,after completion expressed through ahir_bhairav,inferred_coherent
hexagram_63,raga_charukeshi,shared element water,,,water,after completion expressed through charukeshi,inferred_coherent
hexagram_63,raga_kirwani,shared element water,,,water,after completion expressed through kirwani,inferred_coherent
hexagram_63,raga_chandrakauns,shared rasa shanta + shared element water,,shanta,water,after completion expressed through chandrakauns,inferred_coherent
hexagram_63,raga_sarang,shared element fire + time-season alignment midday/summer + direct season match summer,midday,,fire,after completion expressed through sarang,inferred_coherent
hexagram_64,raga_bhairava,shared element fire,,,fire,before completion expressed through bhairava,inferred_coherent
hexagram_64,raga_bhairavi,shared element water + direct season match winter,,,water,before completion expressed through bhairavi,inferred_coherent
hexagram_64,raga_todi,shared element water,,,water,before completion expressed through todi,inferred_coherent
hexagram_64,raga_marwa,shared element fire,,,fire,before completion expressed through marwa,inferred_coherent
hexagram_64,raga_darbari,time-season alignment night/winter + direct season match winter,night,,,before completion expressed through darbari,inferred_coherent
hexagram_64,raga_malkauns,time-season alignment night/winter + direct season match winter,night,,,before completion expressed through malkauns,inferred_coherent
hexagram_64,raga_bageshri,shared element water + time-season alignment night/winter,night,,water,before completion expressed through bageshri,inferred_coherent
hexagram_64,raga_miyan_ki_malhar,shared element water,,,water,before completion expressed through miyan_ki_malhar,inferred_coherent
hexagram_64,raga_des,shared element water + time-season alignment night/winter,night,,water,before completion expressed through des,inferred_coherent
hexagram_64,raga_khamaj,shared element water + time-season alignment night/winter,night,,water,before completion expressed through khamaj,inferred_coherent
hexagram_64,raga_jaunpuri,shared element water + direct season match winter,,,water,before completion expressed through jaunpuri,inferred_coherent
hexagram_64,raga_durga,shared element fire + time-season alignment night/winter,night,,fire,before completion expressed through durga,inferred_coherent
hexagram_64,raga_shree,shared element fire,,,fire,before completion expressed through shree,inferred_coherent
hexagram_64,raga_ahir_bhairav,shared element water,,,water,before completion expressed through ahir_bhairav,inferred_coherent
hexagram_64,raga_hansadhwani,shared rasa adbhuta,,adbhuta,,before completion expressed through hansadhwani,inferred_coherent
hexagram_64,raga_charukeshi,shared element water + time-season alignment night/winter + direct season match winter,night,,water,before completion expressed through charukeshi,inferred_coherent
hexagram_64,raga_kirwani,shared element water + time-season alignment night/winter + direct season match winter,night,,water,before completion expressed through kirwani,inferred_coherent
hexagram_64,raga_chandrakauns,shared element water + time-season alignment night/winter + direct season match winter,night,,water,before completion expressed through chandrakauns,inferred_coherent
hexagram_64,raga_shankara,shared rasa adbhuta + time-season alignment night/winter + direct season match winter,night,adbhuta,,before completion expressed through shankara,inferred_coherent
hexagram_64,raga_sarang,shared element fire,,,fire,before completion expressed through sarang,inferred_coherent
