from_id,relation,to_id,tradition,source,confidence,gaudiya_aligned,notes
trigram_qian,trigram_element,element_ether,yijing,trigrams.csv,0.95,false,heaven corresponds to ether
trigram_qian,trigram_graha,graha_surya,yijing_jyotish,trigrams.csv,0.80,false,heaven aligned with surya
trigram_qian,trigram_guna,guna_sattva,yijing_vedanta,trigrams.csv,0.75,false,heaven — sattva quality
trigram_qian,trigram_rasa,rasa_adbhuta,yijing_natyashastra,trigrams.csv,0.70,false,heaven expresses adbhuta
trigram_kun,trigram_element,element_earth,yijing,trigrams.csv,0.95,false,earth corresponds to earth
trigram_kun,trigram_graha,graha_chandra,yijing_jyotish,trigrams.csv,0.80,false,earth aligned with chandra
trigram_kun,trigram_guna,guna_tamas,yijing_vedanta,trigrams.csv,0.75,false,earth — tamas quality
trigram_kun,trigram_rasa,rasa_shanta,yijing_natyashastra,trigrams.csv,0.70,false,earth expresses shanta
trigram_zhen,trigram_element,element_fire,yijing,trigrams.csv,0.95,false,thunder corresponds to fire
trigram_zhen,trigram_graha,graha_mangala,yijing_jyotish,trigrams.csv,0.80,false,thunder aligned with mangala
trigram_zhen,trigram_guna,guna_rajas,yijing_vedanta,trigrams.csv,0.75,false,thunder — rajas quality
trigram_zhen,trigram_rasa,rasa_vira,yijing_natyashastra,trigrams.csv,0.70,false,thunder expresses vira
trigram_xun,trigram_element,element_air,yijing,trigrams.csv,0.95,false,wind corresponds to air
trigram_xun,trigram_graha,graha_budha,yijing_jyotish,trigrams.csv,0.80,false,wind aligned with budha
trigram_xun,trigram_guna,guna_sattva,yijing_vedanta,trigrams.csv,0.75,false,wind — sattva quality
trigram_xun,trigram_rasa,rasa_shringara,yijing_natyashastra,trigrams.csv,0.70,false,wind expresses shringara
trigram_kan,trigram_element,element_water,yijing,trigrams.csv,0.95,false,water corresponds to water
trigram_kan,trigram_graha,graha_shani,yijing_jyotish,trigrams.csv,0.80,false,water aligned with shani
trigram_kan,trigram_guna,guna_tamas,yijing_vedanta,trigrams.csv,0.75,false,water — tamas quality
trigram_kan,trigram_rasa,rasa_karuna,yijing_natyashastra,trigrams.csv,0.70,false,water expresses karuna
trigram_li,trigram_element,element_fire,yijing,trigrams.csv,0.95,false,fire corresponds to fire
trigram_li,trigram_graha,graha_surya,yijing_jyotish,trigrams.csv,0.80,false,fire aligned with surya
trigram_li,trigram_guna,guna_rajas,yijing_vedanta,trigrams.csv,0.75,false,fire — rajas quality
trigram_li,trigram_rasa,rasa_raudra,yijing_natyashastra,trigrams.csv,0.70,false,fire expresses raudra
trigram_gen,trigram_element,element_earth,yijing,trigrams.csv,0.95,false,mountain corresponds to earth
trigram_gen,trigram_graha,graha_guru,yijing_jyotish,trigrams.csv,0.80,false,mountain aligned with guru
trigram_gen,trigram_guna,guna_tamas,yijing_vedanta,trigrams.csv,0.75,false,mountain — tamas quality
trigram_gen,trigram_rasa,rasa_shanta,yijing_natyashastra,trigrams.csv,0.70,false,mountain expresses shanta
trigram_dui,trigram_element,element_water,yijing,trigrams.csv,0.95,false,lake corresponds to water
trigram_dui,trigram_graha,graha_shukra,yijing_jyotish,trigrams.csv,0.80,false,lake aligned with shukra
trigram_dui,trigram_guna,guna_sattva,yijing_vedanta,trigrams.csv,0.75,false,lake — sattva quality
trigram_dui,trigram_rasa,rasa_hasya,yijing_natyashastra,trigrams.csv,0.70,false,lake expresses hasya
hexagram_01,hexagram_lower_trigram,trigram_qian,yijing,hexagrams.csv,1.00,false,the creative lower trigram
hexagram_01,hexagram_upper_trigram,trigram_qian,yijing,hexagrams.csv,1.00,false,the creative upper trigram
hexagram_01,hexagram_graha,graha_surya,yijing_jyotish,hexagrams.csv,0.78,false,the creative governed by surya
hexagram_01,hexagram_rasa,rasa_adbhuta,yijing_natyashastra,hexagrams.csv,0.72,false,the creative expresses adbhuta
hexagram_02,hexagram_lower_trigram,trigram_kun,yijing,hexagrams.csv,1.00,false,the receptive lower trigram
hexagram_02,hexagram_upper_trigram,trigram_kun,yijing,hexagrams.csv,1.00,false,the receptive upper trigram
hexagram_02,hexagram_graha,graha_chandra,yijing_jyotish,hexagrams.csv,0.78,false,the receptive governed by chandra
hexagram_02,hexagram_rasa,rasa_shanta,yijing_natyashastra,hexagrams.csv,0.72,false,the receptive expresses shanta
hexagram_03,hexagram_lower_trigram,trigram_zhen,yijing,hexagrams.csv,1.00,false,difficulty at the beginning lower trigram
hexagram_03,hexagram_upper_trigram,trigram_kan,yijing,hexagrams.csv,1.00,false,difficulty at the beginning upper trigram
hexagram_03,hexagram_graha,graha_mangala,yijing_jyotish,hexagrams.csv,0.78,false,difficulty at the beginning governed by mangala
hexagram_03,hexagram_rasa,rasa_karuna,yijing_natyashastra,hexagrams.csv,0.72,false,difficulty at the beginning expresses karuna
hexagram_04,hexagram_lower_trigram,trigram_kan,yijing,hexagrams.csv,1.00,false,youthful folly lower trigram
hexagram_04,hexagram_upper_trigram,trigram_gen,yijing,hexagrams.csv,1.00,false,youthful folly upper trigram
hexagram_04,hexagram_graha,graha_shani,yijing_jyotish,hexagrams.csv,0.78,false,youthful folly governed by shani
hexagram_04,hexagram_rasa,rasa_hasya,yijing_natyashastra,hexagrams.csv,0.72,false,youthful folly expresses hasya
hexagram_05,hexagram_lower_trigram,trigram_qian,yijing,hexagrams.csv,1.00,false,waiting lower trigram
hexagram_05,hexagram_upper_trigram,trigram_kan,yijing,hexagrams.csv,1.00,false,waiting upper trigram
hexagram_05,hexagram_graha,graha_surya,yijing_jyotish,hexagrams.csv,0.78,false,waiting governed by surya
hexagram_05,hexagram_rasa,rasa_shanta,yijing_natyashastra,hexagrams.csv,0.72,false,waiting expresses shanta
hexagram_06,hexagram_lower_trigram,trigram_kan,yijing,hexagrams.csv,1.00,false,conflict lower trigram
hexagram_06,hexagram_upper_trigram,trigram_qian,yijing,hexagrams.csv,1.00,false,conflict upper trigram
hexagram_06,hexagram_graha,graha_shani,yijing_jyotish,hexagrams.csv,0.78,false,conflict governed by shani
hexagram_06,hexagram_rasa,rasa_raudra,yijing_natyashastra,hexagrams.csv,0.72,false,conflict expresses raudra
hexagram_07,hexagram_lower_trigram,trigram_kun,yijing,hexagrams.csv,1.00,false,the army lower trigram
hexagram_07,hexagram_upper_trigram,trigram_kan,yijing,hexagrams.csv,1.00,false,the army upper trigram
hexagram_07,hexagram_graha,graha_mangala,yijing_jyotish,hexagrams.csv,0.78,false,the army governed by mangala
hexagram_07,hexagram_rasa,rasa_vira,yijing_natyashastra,hexagrams.csv,0.72,false,the army expresses vira
hexagram_08,hexagram_lower_trigram,trigram_kan,yijing,hexagrams.csv,1.00,false,holding together lower trigram
hexagram_08,hexagram_upper_trigram,trigram_kun,yijing,hexagrams.csv,1.00,false,holding together upper trigram
hexagram_08,hexagram_graha,graha_chandra,yijing_jyotish,hexagrams.csv,0.78,false,holding together governed by chandra
hexagram_08,hexagram_rasa,rasa_shringara,yijing_natyashastra,hexagrams.csv,0.72,false,holding together expresses shringara
hexagram_09,hexagram_lower_trigram,trigram_qian,yijing,hexagrams.csv,1.00,false,taming power of the small lower trigram
hexagram_09,hexagram_upper_trigram,trigram_xun,yijing,hexagrams.csv,1.00,false,taming power of the small upper trigram
hexagram_09,hexagram_graha,graha_budha,yijing_jyotish,hexagrams.csv,0.78,false,taming power of the small governed by budha
hexagram_09,hexagram_rasa,rasa_shringara,yijing_natyashastra,hexagrams.csv,0.72,false,taming power of the small expresses shringara
hexagram_10,hexagram_lower_trigram,trigram_dui,yijing,hexagrams.csv,1.00,false,treading lower trigram
hexagram_10,hexagram_upper_trigram,trigram_qian,yijing,hexagrams.csv,1.00,false,treading upper trigram
hexagram_10,hexagram_graha,graha_shukra,yijing_jyotish,hexagrams.csv,0.78,false,treading governed by shukra
hexagram_10,hexagram_rasa,rasa_bhayanaka,yijing_natyashastra,hexagrams.csv,0.72,false,treading expresses bhayanaka
hexagram_11,hexagram_lower_trigram,trigram_qian,yijing,hexagrams.csv,1.00,false,peace lower trigram
hexagram_11,hexagram_upper_trigram,trigram_kun,yijing,hexagrams.csv,1.00,false,peace upper trigram
hexagram_11,hexagram_graha,graha_surya,yijing_jyotish,hexagrams.csv,0.78,false,peace governed by surya
hexagram_11,hexagram_rasa,rasa_shanta,yijing_natyashastra,hexagrams.csv,0.72,false,peace expresses shanta
hexagram_12,hexagram_lower_trigram,trigram_kun,yijing,hexagrams.csv,1.00,false,standstill lower trigram
hexagram_12,hexagram_upper_trigram,trigram_qian,yijing,hexagrams.csv,1.00,false,standstill upper trigram
hexagram_12,hexagram_graha,graha_shani,yijing_jyotish,hexagrams.csv,0.78,false,standstill governed by shani
hexagram_12,hexagram_rasa,rasa_bibhatsa,yijing_natyashastra,hexagrams.csv,0.72,false,standstill expresses bibhatsa
hexagram_13,hexagram_lower_trigram,trigram_li,yijing,hexagrams.csv,1.00,false,fellowship lower trigram
hexagram_13,hexagram_upper_trigram,trigram_qian,yijing,hexagrams.csv,1.00,false,fellowship upper trigram
hexagram_13,hexagram_graha,graha_surya,yijing_jyotish,hexagrams.csv,0.78,false,fellowship governed by surya
hexagram_13,hexagram_rasa,rasa_shringara,yijing_natyashastra,hexagrams.csv,0.72,false,fellowship expresses shringara
hexagram_14,hexagram_lower_trigram,trigram_qian,yijing,hexagrams.csv,1.00,false,great possession lower trigram
hexagram_14,hexagram_upper_trigram,trigram_li,yijing,hexagrams.csv,1.00,false,great possession upper trigram
hexagram_14,hexagram_graha,graha_surya,yijing_jyotish,hexagrams.csv,0.78,false,great possession governed by surya
hexagram_14,hexagram_rasa,rasa_adbhuta,yijing_natyashastra,hexagrams.csv,0.72,false,great possession expresses adbhuta
hexagram_15,hexagram_lower_trigram,trigram_gen,yijing,hexagrams.csv,1.00,false,modesty lower trigram
hexagram_15,hexagram_upper_trigram,trigram_kun,yijing,hexagrams.csv,1.00,false,modesty upper trigram
hexagram_15,hexagram_graha,graha_guru,yijing_jyotish,hexagrams.csv,0.78,false,modesty governed by guru
hexagram_15,hexagram_rasa,rasa_shanta,yijing_natyashastra,hexagrams.csv,0.72,false,modesty expresses shanta
hexagram_16,hexagram_lower_trigram,trigram_kun,yijing,hexagrams.csv,1.00,false,enthusiasm lower trigram
hexagram_16,hexagram_upper_trigram,trigram_zhen,yijing,hexagrams.csv,1.00,false,enthusiasm upper trigram
hexagram_16,hexagram_graha,graha_mangala,yijing_jyotish,hexagrams.csv,0.78,false,enthusiasm governed by mangala
hexagram_16,hexagram_rasa,rasa_hasya,yijing_natyashastra,hexagrams.csv,0.72,false,enthusiasm expresses hasya
hexagram_17,hexagram_lower_trigram,trigram_zhen,yijing,hexagrams.csv,1.00,false,following lower trigram
hexagram_17,hexagram_upper_trigram,trigram_dui,yijing,hexagrams.csv,1.00,false,following upper trigram
hexagram_17,hexagram_graha,graha_shukra,yijing_jyotish,hexagrams.csv,0.78,false,following governed by shukra
hexagram_17,hexagram_rasa,rasa_shringara,yijing_natyashastra,hexagrams.csv,0.72,false,following expresses shringara
hexagram_18,hexagram_lower_trigram,trigram_xun,yijing,hexagrams.csv,1.00,false,work on the decayed lower trigram
hexagram_18,hexagram_upper_trigram,trigram_gen,yijing,hexagrams.csv,1.00,false,work on the decayed upper trigram
hexagram_18,hexagram_graha,graha_budha,yijing_jyotish,hexagrams.csv,0.78,false,work on the decayed governed by budha
hexagram_18,hexagram_rasa,rasa_karuna,yijing_natyashastra,hexagrams.csv,0.72,false,work on the decayed expresses karuna
hexagram_19,hexagram_lower_trigram,trigram_dui,yijing,hexagrams.csv,1.00,false,approach lower trigram
hexagram_19,hexagram_upper_trigram,trigram_kun,yijing,hexagrams.csv,1.00,false,approach upper trigram
hexagram_19,hexagram_graha,graha_chandra,yijing_jyotish,hexagrams.csv,0.78,false,approach governed by chandra
hexagram_19,hexagram_rasa,rasa_shringara,yijing_natyashastra,hexagrams.csv,0.72,false,approach expresses shringara
hexagram_20,hexagram_lower_trigram,trigram_kun,yijing,hexagrams.csv,1.00,false,contemplation lower trigram
hexagram_20,hexagram_upper_trigram,trigram_xun,yijing,hexagrams.csv,1.00,false,contemplation upper trigram
hexagram_20,hexagram_graha,graha_budha,yijing_jyotish,hexagrams.csv,0.78,false,contemplation governed by budha
hexagram_20,hexagram_rasa,rasa_shanta,yijing_natyashastra,hexagrams.csv,0.72,false,contemplation expresses shanta
hexagram_21,hexagram_lower_trigram,trigram_zhen,yijing,hexagrams.csv,1.00,false,biting through lower trigram
hexagram_21,hexagram_upper_trigram,trigram_li,yijing,hexagrams.csv,1.00,false,biting through upper trigram
hexagram_21,hexagram_graha,graha_mangala,yijing_jyotish,hexagrams.csv,0.78,false,biting through governed by mangala
hexagram_21,hexagram_rasa,rasa_raudra,yijing_natyashastra,hexagrams.csv,0.72,false,biting through expresses raudra
hexagram_22,hexagram_lower_trigram,trigram_li,yijing,hexagrams.csv,1.00,false,grace lower trigram
hexagram_22,hexagram_upper_trigram,trigram_gen,yijing,hexagrams.csv,1.00,false,grace upper trigram
hexagram_22,hexagram_graha,graha_surya,yijing_jyotish,hexagrams.csv,0.78,false,grace governed by surya
hexagram_22,hexagram_rasa,rasa_shringara,yijing_natyashastra,hexagrams.csv,0.72,false,grace expresses shringara
hexagram_23,hexagram_lower_trigram,trigram_kun,yijing,hexagrams.csv,1.00,false,splitting apart lower trigram
hexagram_23,hexagram_upper_trigram,trigram_gen,yijing,hexagrams.csv,1.00,false,splitting apart upper trigram
hexagram_23,hexagram_graha,graha_shani,yijing_jyotish,hexagrams.csv,0.78,false,splitting apart governed by shani
hexagram_23,hexagram_rasa,rasa_bhayanaka,yijing_natyashastra,hexagrams.csv,0.72,false,splitting apart expresses bhayanaka
hexagram_24,hexagram_lower_trigram,trigram_zhen,yijing,hexagrams.csv,1.00,false,return lower trigram
hexagram_24,hexagram_upper_trigram,trigram_kun,yijing,hexagrams.csv,1.00,false,return upper trigram
hexagram_24,hexagram_graha,graha_mangala,yijing_jyotish,hexagrams.csv,0.78,false,return governed by mangala
hexagram_24,hexagram_rasa,rasa_adbhuta,yijing_natyashastra,hexagrams.csv,0.72,false,return expresses adbhuta
hexagram_25,hexagram_lower_trigram,trigram_zhen,yijing,hexagrams.csv,1.00,false,innocence lower trigram
hexagram_25,hexagram_upper_trigram,trigram_qian,yijing,hexagrams.csv,1.00,false,innocence upper trigram
hexagram_25,hexagram_graha,graha_surya,yijing_jyotish,hexagrams.csv,0.78,false,innocence governed by surya
hexagram_25,hexagram_rasa,rasa_adbhuta,yijing_natyashastra,hexagrams.csv,0.72,false,innocence expresses adbhuta
hexagram_26,hexagram_lower_trigram,trigram_qian,yijing,hexagrams.csv,1.00,false,taming power of the great lower trigram
hexagram_26,hexagram_upper_trigram,trigram_gen,yijing,hexagrams.csv,1.00,false,taming power of the great upper trigram
hexagram_26,hexagram_graha,graha_guru,yijing_jyotish,hexagrams.csv,0.78,false,taming power of the great governed by guru
hexagram_26,hexagram_rasa,rasa_vira,yijing_natyashastra,hexagrams.csv,0.72,false,taming power of the great expresses vira
hexagram_27,hexagram_lower_trigram,trigram_zhen,yijing,hexagrams.csv,1.00,false,nourishment lower trigram
hexagram_27,hexagram_upper_trigram,trigram_gen,yijing,hexagrams.csv,1.00,false,nourishment upper trigram
hexagram_27,hexagram_graha,graha_guru,yijing_jyotish,hexagrams.csv,0.78,false,nourishment governed by guru
hexagram_27,hexagram_rasa,rasa_shringara,yijing_natyashastra,hexagrams.csv,0.72,false,nourishment expresses shringara
hexagram_28,hexagram_lower_trigram,trigram_xun,yijing,hexagrams.csv,1.00,false,great preponderance lower trigram
hexagram_28,hexagram_upper_trigram,trigram_dui,yijing,hexagrams.csv,1.00,false,great preponderance upper trigram
hexagram_28,hexagram_graha,graha_shukra,yijing_jyotish,hexagrams.csv,0.78,false,great preponderance governed by shukra
hexagram_28,hexagram_rasa,rasa_bhayanaka,yijing_natyashastra,hexagrams.csv,0.72,false,great preponderance expresses bhayanaka
hexagram_29,hexagram_lower_trigram,trigram_kan,yijing,hexagrams.csv,1.00,false,the abysmal lower trigram
hexagram_29,hexagram_upper_trigram,trigram_kan,yijing,hexagrams.csv,1.00,false,the abysmal upper trigram
hexagram_29,hexagram_graha,graha_shani,yijing_jyotish,hexagrams.csv,0.78,false,the abysmal governed by shani
hexagram_29,hexagram_rasa,rasa_bhayanaka,yijing_natyashastra,hexagrams.csv,0.72,false,the abysmal expresses bhayanaka
hexagram_30,hexagram_lower_trigram,trigram_li,yijing,hexagrams.csv,1.00,false,the clinging lower trigram
hexagram_30,hexagram_upper_trigram,trigram_li,yijing,hexagrams.csv,1.00,false,the clinging upper trigram
hexagram_30,hexagram_graha,graha_surya,yijing_jyotish,hexagrams.csv,0.78,false,the clinging governed by surya
hexagram_30,hexagram_rasa,rasa_adbhuta,yijing_natyashastra,hexagrams.csv,0.72,false,the clinging expresses adbhuta
hexagram_31,hexagram_lower_trigram,trigram_gen,yijing,hexagrams.csv,1.00,false,influence lower trigram
hexagram_31,hexagram_upper_trigram,trigram_dui,yijing,hexagrams.csv,1.00,false,influence upper trigram
hexagram_31,hexagram_graha,graha_shukra,yijing_jyotish,hexagrams.csv,0.78,false,influence governed by shukra
hexagram_31,hexagram_rasa,rasa_shringara,yijing_natyashastra,hexagrams.csv,0.72,false,influence expresses shringara
hexagram_32,hexagram_lower_trigram,trigram_xun,yijing,hexagrams.csv,1.00,false,duration lower trigram
hexagram_32,hexagram_upper_trigram,trigram_zhen,yijing,hexagrams.csv,1.00,false,duration upper trigram
hexagram_32,hexagram_graha,graha_mangala,yijing_jyotish,hexagrams.csv,0.78,false,duration governed by mangala
hexagram_32,hexagram_rasa,rasa_shanta,yijing_natyashastra,hexagrams.csv,0.72,false,duration expresses shanta
hexagram_33,hexagram_lower_trigram,trigram_gen,yijing,hexagrams.csv,1.00,false,retreat lower trigram
hexagram_33,hexagram_upper_trigram,trigram_qian,yijing,hexagrams.csv,1.00,false,retreat upper trigram
hexagram_33,hexagram_graha,graha_guru,yijing_jyotish,hexagrams.csv,0.78,false,retreat governed by guru
hexagram_33,hexagram_rasa,rasa_shanta,yijing_natyashastra,hexagrams.csv,0.72,false,retreat expresses shanta
hexagram_34,hexagram_lower_trigram,trigram_qian,yijing,hexagrams.csv,1.00,false,great power lower trigram
hexagram_34,hexagram_upper_trigram,trigram_zhen,yijing,hexagrams.csv,1.00,false,great power upper trigram
hexagram_34,hexagram_graha,graha_mangala,yijing_jyotish,hexagrams.csv,0.78,false,great power governed by mangala
hexagram_34,hexagram_rasa,rasa_vira,yijing_natyashastra,hexagrams.csv,0.72,false,great power expresses vira
hexagram_35,hexagram_lower_trigram,trigram_kun,yijing,hexagrams.csv,1.00,false,progress lower trigram
hexagram_35,hexagram_upper_trigram,trigram_li,yijing,hexagrams.csv,1.00,false,progress upper trigram
hexagram_35,hexagram_graha,graha_surya,yijing_jyotish,hexagrams.csv,0.78,false,progress governed by surya
hexagram_35,hexagram_rasa,rasa_adbhuta,yijing_natyashastra,hexagrams.csv,0.72,false,progress expresses adbhuta
hexagram_36,hexagram_lower_trigram,trigram_li,yijing,hexagrams.csv,1.00,false,darkening of the light lower trigram
hexagram_36,hexagram_upper_trigram,trigram_kun,yijing,hexagrams.csv,1.00,false,darkening of the light upper trigram
hexagram_36,hexagram_graha,graha_shani,yijing_jyotish,hexagrams.csv,0.78,false,darkening of the light governed by shani
hexagram_36,hexagram_rasa,rasa_karuna,yijing_natyashastra,hexagrams.csv,0.72,false,darkening of the light expresses karuna
hexagram_37,hexagram_lower_trigram,trigram_li,yijing,hexagrams.csv,1.00,false,the family lower trigram
hexagram_37,hexagram_upper_trigram,trigram_xun,yijing,hexagrams.csv,1.00,false,the family upper trigram
hexagram_37,hexagram_graha,graha_budha,yijing_jyotish,hexagrams.csv,0.78,false,the family governed by budha
hexagram_37,hexagram_rasa,rasa_shringara,yijing_natyashastra,hexagrams.csv,0.72,false,the family expresses shringara
hexagram_38,hexagram_lower_trigram,trigram_dui,yijing,hexagrams.csv,1.00,false,opposition lower trigram
hexagram_38,hexagram_upper_trigram,trigram_li,yijing,hexagrams.csv,1.00,false,opposition upper trigram
hexagram_38,hexagram_graha,graha_mangala,yijing_jyotish,hexagrams.csv,0.78,false,opposition governed by mangala
hexagram_38,hexagram_rasa,rasa_raudra,yijing_natyashastra,hexagrams.csv,0.72,false,opposition expresses raudra
hexagram_39,hexagram_lower_trigram,trigram_gen,yijing,hexagrams.csv,1.00,false,obstruction lower trigram
hexagram_39,hexagram_upper_trigram,trigram_kan,yijing,hexagrams.csv,1.00,false,obstruction upper trigram
hexagram_39,hexagram_graha,graha_shani,yijing_jyotish,hexagrams.csv,0.78,false,obstruction governed by shani
hexagram_39,hexagram_rasa,rasa_karuna,yijing_natyashastra,hexagrams.csv,0.72,false,obstruction expresses karuna
hexagram_40,hexagram_lower_trigram,trigram_kan,yijing,hexagrams.csv,1.00,false,deliverance lower trigram
hexagram_40,hexagram_upper_trigram,trigram_zhen,yijing,hexagrams.csv,1.00,false,deliverance upper trigram
hexagram_40,hexagram_graha,graha_mangala,yijing_jyotish,hexagrams.csv,0.78,false,deliverance governed by mangala
hexagram_40,hexagram_rasa,rasa_hasya,yijing_natyashastra,hexagrams.csv,0.72,false,deliverance expresses hasya
hexagram_41,hexagram_lower_trigram,trigram_dui,yijing,hexagrams.csv,1.00,false,decrease lower trigram
hexagram_41,hexagram_upper_trigram,trigram_gen,yijing,hexagrams.csv,1.00,false,decrease upper trigram
hexagram_41,hexagram_graha,graha_guru,yijing_jyotish,hexagrams.csv,0.78,false,decrease governed by guru
hexagram_41,hexagram_rasa,rasa_karuna,yijing_natyashastra,hexagrams.csv,0.72,false,decrease expresses karuna
hexagram_42,hexagram_lower_trigram,trigram_zhen,yijing,hexagrams.csv,1.00,false,increase lower trigram
hexagram_42,hexagram_upper_trigram,trigram_xun,yijing,hexagrams.csv,1.00,false,increase upper trigram
hexagram_42,hexagram_graha,graha_budha,yijing_jyotish,hexagrams.csv,0.78,false,increase governed by budha
hexagram_42,hexagram_rasa,rasa_adbhuta,yijing_natyashastra,hexagrams.csv,0.72,false,increase expresses adbhuta
hexagram_43,hexagram_lower_trigram,trigram_qian,yijing,hexagrams.csv,1.00,false,breakthrough lower trigram
hexagram_43,hexagram_upper_trigram,trigram_dui,yijing,hexagrams.csv,1.00,false,breakthrough upper trigram
hexagram_43,hexagram_graha,graha_shukra,yijing_jyotish,hexagrams.csv,0.78,false,breakthrough governed by shukra
hexagram_43,hexagram_rasa,rasa_vira,yijing_natyashastra,hexagrams.csv,0.72,false,breakthrough expresses vira
hexagram_44,hexagram_lower_trigram,trigram_xun,yijing,hexagrams.csv,1.00,false,coming to meet lower trigram
hexagram_44,hexagram_upper_trigram,trigram_qian,yijing,hexagrams.csv,1.00,false,coming to meet upper trigram
hexagram_44,hexagram_graha,graha_surya,yijing_jyotish,hexagrams.csv,0.78,false,coming to meet governed by surya
hexagram_44,hexagram_rasa,rasa_shringara,yijing_natyashastra,hexagrams.csv,0.72,false,coming to meet expresses shringara
hexagram_45,hexagram_lower_trigram,trigram_kun,yijing,hexagrams.csv,1.00,false,gathering together lower trigram
hexagram_45,hexagram_upper_trigram,trigram_dui,yijing,hexagrams.csv,1.00,false,gathering together upper trigram
hexagram_45,hexagram_graha,graha_shukra,yijing_jyotish,hexagrams.csv,0.78,false,gathering together governed by shukra
hexagram_45,hexagram_rasa,rasa_shringara,yijing_natyashastra,hexagrams.csv,0.72,false,gathering together expresses shringara
hexagram_46,hexagram_lower_trigram,trigram_xun,yijing,hexagrams.csv,1.00,false,pushing upward lower trigram
hexagram_46,hexagram_upper_trigram,trigram_kun,yijing,hexagrams.csv,1.00,false,pushing upward upper trigram
hexagram_46,hexagram_graha,graha_guru,yijing_jyotish,hexagrams.csv,0.78,false,pushing upward governed by guru
hexagram_46,hexagram_rasa,rasa_vira,yijing_natyashastra,hexagrams.csv,0.72,false,pushing upward expresses vira
hexagram_47,hexagram_lower_trigram,trigram_kan,yijing,hexagrams.csv,1.00,false,oppression lower trigram
hexagram_47,hexagram_upper_trigram,trigram_dui,yijing,hexagrams.csv,1.00,false,oppression upper trigram
hexagram_47,hexagram_graha,graha_shani,yijing_jyotish,hexagrams.csv,0.78,false,oppression governed by shani
hexagram_47,hexagram_rasa,rasa_karuna,yijing_natyashastra,hexagrams.csv,0.72,false,oppression expresses karuna
hexagram_48,hexagram_lower_trigram,trigram_xun,yijing,hexagrams.csv,1.00,false,the well lower trigram
hexagram_48,hexagram_upper_trigram,trigram_kan,yijing,hexagrams.csv,1.00,false,the well upper trigram
hexagram_48,hexagram_graha,graha_shani,yijing_jyotish,hexagrams.csv,0.78,false,the well governed by shani
hexagram_48,hexagram_rasa,rasa_shanta,yijing_natyashastra,hexagrams.csv,0.72,false,the well expresses shanta
hexagram_49,hexagram_lower_trigram,trigram_li,yijing,hexagrams.csv,1.00,false,revolution lower trigram
hexagram_49,hexagram_upper_trigram,trigram_dui,yijing,hexagrams.csv,1.00,false,revolution upper trigram
hexagram_49,hexagram_graha,graha_mangala,yijing_jyotish,hexagrams.csv,0.78,false,revolution governed by mangala
hexagram_49,hexagram_rasa,rasa_raudra,yijing_natyashastra,hexagrams.csv,0.72,false,revolution expresses raudra
hexagram_50,hexagram_lower_trigram,trigram_xun,yijing,hexagrams.csv,1.00,false,the caldron lower trigram
hexagram_50,hexagram_upper_trigram,trigram_li,yijing,hexagrams.csv,1.00,false,the caldron upper trigram
hexagram_50,hexagram_graha,graha_surya,yijing_jyotish,hexagrams.csv,0.78,false,the caldron governed by surya
hexagram_50,hexagram_rasa,rasa_adbhuta,yijing_natyashastra,hexagrams.csv,0.72,false,the caldron expresses adbhuta
hexagram_51,hexagram_lower_trigram,trigram_zhen,yijing,hexagrams.csv,1.00,false,the arousing lower trigram
hexagram_51,hexagram_upper_trigram,trigram_zhen,yijing,hexagrams.csv,1.00,false,the arousing upper trigram
hexagram_51,hexagram_graha,graha_mangala,yijing_jyotish,hexagrams.csv,0.78,false,the arousing governed by mangala
hexagram_51,hexagram_rasa,rasa_bhayanaka,yijing_natyashastra,hexagrams.csv,0.72,false,the arousing expresses bhayanaka
hexagram_52,hexagram_lower_trigram,trigram_gen,yijing,hexagrams.csv,1.00,false,keeping still lower trigram
hexagram_52,hexagram_upper_trigram,trigram_gen,yijing,hexagrams.csv,1.00,false,keeping still upper trigram
hexagram_52,hexagram_graha,graha_guru,yijing_jyotish,hexagrams.csv,0.78,false,keeping still governed by guru
hexagram_52,hexagram_rasa,rasa_shanta,yijing_natyashastra,hexagrams.csv,0.72,false,keeping still expresses shanta
hexagram_53,hexagram_lower_trigram,trigram_gen,yijing,hexagrams.csv,1.00,false,development lower trigram
hexagram_53,hexagram_upper_trigram,trigram_xun,yijing,hexagrams.csv,1.00,false,development upper trigram
hexagram_53,hexagram_graha,graha_budha,yijing_jyotish,hexagrams.csv,0.78,false,development governed by budha
hexagram_53,hexagram_rasa,rasa_shringara,yijing_natyashastra,hexagrams.csv,0.72,false,development expresses shringara
hexagram_54,hexagram_lower_trigram,trigram_dui,yijing,hexagrams.csv,1.00,false,the marrying maiden lower trigram
hexagram_54,hexagram_upper_trigram,trigram_zhen,yijing,hexagrams.csv,1.00,false,the marrying maiden upper trigram
hexagram_54,hexagram_graha,graha_mangala,yijing_jyotish,hexagrams.csv,0.78,false,the marrying maiden governed by mangala
hexagram_54,hexagram_rasa,rasa_karuna,yijing_natyashastra,hexagrams.csv,0.72,false,the marrying maiden expresses karuna
hexagram_55,hexagram_lower_trigram,trigram_li,yijing,hexagrams.csv,1.00,false,abundance lower trigram
hexagram_55,hexagram_upper_trigram,trigram_zhen,yijing,hexagrams.csv,1.00,false,abundance upper trigram
hexagram_55,hexagram_graha,graha_surya,yijing_jyotish,hexagrams.csv,0.78,false,abundance governed by surya
hexagram_55,hexagram_rasa,rasa_adbhuta,yijing_natyashastra,hexagrams.csv,0.72,false,abundance expresses adbhuta
hexagram_56,hexagram_lower_trigram,trigram_gen,yijing,hexagrams.csv,1.00,false,the wanderer lower trigram
hexagram_56,hexagram_upper_trigram,trigram_li,yijing,hexagrams.csv,1.00,false,the wanderer upper trigram
hexagram_56,hexagram_graha,graha_surya,yijing_jyotish,hexagrams.csv,0.78,false,the wanderer governed by surya
hexagram_56,hexagram_rasa,rasa_karuna,yijing_natyashastra,hexagrams.csv,0.72,false,the wanderer expresses karuna
hexagram_57,hexagram_lower_trigram,trigram_xun,yijing,hexagrams.csv,1.00,false,the gentle lower trigram
hexagram_57,hexagram_upper_trigram,trigram_xun,yijing,hexagrams.csv,1.00,false,the gentle upper trigram
hexagram_57,hexagram_graha,graha_budha,yijing_jyotish,hexagrams.csv,0.78,false,the gentle governed by budha
hexagram_57,hexagram_rasa,rasa_shringara,yijing_natyashastra,hexagrams.csv,0.72,false,the gentle expresses shringara
hexagram_58,hexagram_lower_trigram,trigram_dui,yijing,hexagrams.csv,1.00,false,the joyous lower trigram
hexagram_58,hexagram_upper_trigram,trigram_dui,yijing,hexagrams.csv,1.00,false,the joyous upper trigram
hexagram_58,hexagram_graha,graha_shukra,yijing_jyotish,hexagrams.csv,0.78,false,the joyous governed by shukra
hexagram_58,hexagram_rasa,rasa_hasya,yijing_natyashastra,hexagrams.csv,0.72,false,the joyous expresses hasya
hexagram_59,hexagram_lower_trigram,trigram_kan,yijing,hexagrams.csv,1.00,false,dispersion lower trigram
hexagram_59,hexagram_upper_trigram,trigram_xun,yijing,hexagrams.csv,1.00,false,dispersion upper trigram
hexagram_59,hexagram_graha,graha_budha,yijing_jyotish,hexagrams.csv,0.78,false,dispersion governed by budha
hexagram_59,hexagram_rasa,rasa_shanta,yijing_natyashastra,hexagrams.csv,0.72,false,dispersion expresses shanta
hexagram_60,hexagram_lower_trigram,trigram_dui,yijing,hexagrams.csv,1.00,false,limitation lower trigram
hexagram_60,hexagram_upper_trigram,trigram_kan,yijing,hexagrams.csv,1.00,false,limitation upper trigram
hexagram_60,hexagram_graha,graha_shani,yijing_jyotish,hexagrams.csv,0.78,false,limitation governed by shani
hexagram_60,hexagram_rasa,rasa_shanta,yijing_natyashastra,hexagrams.csv,0.72,false,limitation expresses shanta
hexagram_61,hexagram_lower_trigram,trigram_dui,yijing,hexagrams.csv,1.00,false,inner truth lower trigram
hexagram_61,hexagram_upper_trigram,trigram_xun,yijing,hexagrams.csv,1.00,false,inner truth upper trigram
hexagram_61,hexagram_graha,graha_budha,yijing_jyotish,hexagrams.csv,0.78,false,inner truth governed by budha
hexagram_61,hexagram_rasa,rasa_shanta,yijing_natyashastra,hexagrams.csv,0.72,false,inner truth expresses shanta
hexagram_62,hexagram_lower_trigram,trigram_gen,yijing,hexagrams.csv,1.00,false,small preponderance lower trigram
hexagram_62,hexagram_upper_trigram,trigram_zhen,yijing,hexagrams.csv,1.00,false,small preponderance upper trigram
hexagram_62,hexagram_graha,graha_mangala,yijing_jyotish,hexagrams.csv,0.78,false,small preponderance governed by mangala
hexagram_62,hexagram_rasa,rasa_karuna,yijing_natyashastra,hexagrams.csv,0.72,false,small preponderance expresses karuna
hexagram_63,hexagram_lower_trigram,trigram_li,yijing,hexagrams.csv,1.00,false,after completion lower trigram
hexagram_63,hexagram_upper_trigram,trigram_kan,yijing,hexagrams.csv,1.00,false,after completion upper trigram
hexagram_63,hexagram_graha,graha_shani,yijing_jyotish,hexagrams.csv,0.78,false,after completion governed by shani
hexagram_63,hexagram_rasa,rasa_shanta,yijing_natyashastra,hexagrams.csv,0.72,false,after completion expresses shanta
hexagram_64,hexagram_lower_trigram,trigram_kan,yijing,hexagrams.csv,1.00,false,before completion lower trigram
hexagram_64,hexagram_upper_trigram,trigram_li,yijing,hexagrams.csv,1.00,false,before completion upper trigram
hexagram_64,hexagram_graha,graha_surya,yijing_jyotish,hexagrams.csv,0.78,false,before completion governed by surya
hexagram_64,hexagram_rasa,rasa_adbhuta,yijing_natyashastra,hexagrams.csv,0.72,false,before completion expresses adbhuta
hexagram_01,changing_line,hexagram_10,yijing,changing_lines.csv,1.00,false,line 1 changes — yielding
hexagram_01,changing_line,hexagram_13,yijing,changing_lines.csv,1.00,false,line 2 changes — yielding
hexagram_01,changing_line,hexagram_44,yijing,changing_lines.csv,1.00,false,line 3 changes — yielding
hexagram_01,changing_line,hexagram_43,yijing,changing_lines.csv,1.00,false,line 4 changes — yielding
hexagram_01,changing_line,hexagram_14,yijing,changing_lines.csv,1.00,false,line 5 changes — yielding
hexagram_01,changing_line,hexagram_09,yijing,changing_lines.csv,1.00,false,line 6 changes — yielding
hexagram_02,changing_line,hexagram_15,yijing,changing_lines.csv,1.00,false,line 1 changes — firming
hexagram_02,changing_line,hexagram_08,yijing,changing_lines.csv,1.00,false,line 2 changes — firming
hexagram_02,changing_line,hexagram_24,yijing,changing_lines.csv,1.00,false,line 3 changes — firming
hexagram_02,changing_line,hexagram_23,yijing,changing_lines.csv,1.00,false,line 4 changes — firming
hexagram_02,changing_line,hexagram_07,yijing,changing_lines.csv,1.00,false,line 5 changes — firming
hexagram_02,changing_line,hexagram_16,yijing,changing_lines.csv,1.00,false,line 6 changes — firming
hexagram_03,changing_line,hexagram_63,yijing,changing_lines.csv,1.00,false,line 1 changes — firming
hexagram_03,changing_line,hexagram_60,yijing,changing_lines.csv,1.00,false,line 2 changes — firming
hexagram_03,changing_line,hexagram_07,yijing,changing_lines.csv,1.00,false,line 3 changes — yielding
hexagram_03,changing_line,hexagram_42,yijing,changing_lines.csv,1.00,false,line 4 changes — firming
hexagram_03,changing_line,hexagram_24,yijing,changing_lines.csv,1.00,false,line 5 changes — yielding
hexagram_03,changing_line,hexagram_17,yijing,changing_lines.csv,1.00,false,line 6 changes — firming
hexagram_04,changing_line,hexagram_18,yijing,changing_lines.csv,1.00,false,line 1 changes — firming
hexagram_04,changing_line,hexagram_23,yijing,changing_lines.csv,1.00,false,line 2 changes — yielding
hexagram_04,changing_line,hexagram_41,yijing,changing_lines.csv,1.00,false,line 3 changes — firming
hexagram_04,changing_line,hexagram_08,yijing,changing_lines.csv,1.00,false,line 4 changes — yielding
hexagram_04,changing_line,hexagram_59,yijing,changing_lines.csv,1.00,false,line 5 changes — firming
hexagram_04,changing_line,hexagram_64,yijing,changing_lines.csv,1.00,false,line 6 changes — firming
hexagram_05,changing_line,hexagram_60,yijing,changing_lines.csv,1.00,false,line 1 changes — yielding
hexagram_05,changing_line,hexagram_63,yijing,changing_lines.csv,1.00,false,line 2 changes — yielding
hexagram_05,changing_line,hexagram_48,yijing,changing_lines.csv,1.00,false,line 3 changes — yielding
hexagram_05,changing_line,hexagram_09,yijing,changing_lines.csv,1.00,false,line 4 changes — firming
hexagram_05,changing_line,hexagram_11,yijing,changing_lines.csv,1.00,false,line 5 changes — yielding
hexagram_05,changing_line,hexagram_43,yijing,changing_lines.csv,1.00,false,line 6 changes — firming
hexagram_06,changing_line,hexagram_44,yijing,changing_lines.csv,1.00,false,line 1 changes — firming
hexagram_06,changing_line,hexagram_12,yijing,changing_lines.csv,1.00,false,line 2 changes — yielding
hexagram_06,changing_line,hexagram_10,yijing,changing_lines.csv,1.00,false,line 3 changes — firming
hexagram_06,changing_line,hexagram_47,yijing,changing_lines.csv,1.00,false,line 4 changes — yielding
hexagram_06,changing_line,hexagram_64,yijing,changing_lines.csv,1.00,false,line 5 changes — yielding
hexagram_06,changing_line,hexagram_59,yijing,changing_lines.csv,1.00,false,line 6 changes — yielding
hexagram_07,changing_line,hexagram_39,yijing,changing_lines.csv,1.00,false,line 1 changes — firming
hexagram_07,changing_line,hexagram_29,yijing,changing_lines.csv,1.00,false,line 2 changes — firming
hexagram_07,changing_line,hexagram_03,yijing,changing_lines.csv,1.00,false,line 3 changes — firming
hexagram_07,changing_line,hexagram_20,yijing,changing_lines.csv,1.00,false,line 4 changes — firming
hexagram_07,changing_line,hexagram_02,yijing,changing_lines.csv,1.00,false,line 5 changes — yielding
hexagram_07,changing_line,hexagram_45,yijing,changing_lines.csv,1.00,false,line 6 changes — firming
hexagram_08,changing_line,hexagram_46,yijing,changing_lines.csv,1.00,false,line 1 changes — firming
hexagram_08,changing_line,hexagram_02,yijing,changing_lines.csv,1.00,false,line 2 changes — yielding
hexagram_08,changing_line,hexagram_19,yijing,changing_lines.csv,1.00,false,line 3 changes — firming
hexagram_08,changing_line,hexagram_04,yijing,changing_lines.csv,1.00,false,line 4 changes — firming
hexagram_08,changing_line,hexagram_29,yijing,changing_lines.csv,1.00,false,line 5 changes — firming
hexagram_08,changing_line,hexagram_40,yijing,changing_lines.csv,1.00,false,line 6 changes — firming
hexagram_09,changing_line,hexagram_61,yijing,changing_lines.csv,1.00,false,line 1 changes — yielding
hexagram_09,changing_line,hexagram_37,yijing,changing_lines.csv,1.00,false,line 2 changes — yielding
hexagram_09,changing_line,hexagram_57,yijing,changing_lines.csv,1.00,false,line 3 changes — yielding
hexagram_09,changing_line,hexagram_05,yijing,changing_lines.csv,1.00,false,line 4 changes — yielding
hexagram_09,changing_line,hexagram_26,yijing,changing_lines.csv,1.00,false,line 5 changes — yielding
hexagram_09,changing_line,hexagram_01,yijing,changing_lines.csv,1.00,false,line 6 changes — firming
hexagram_10,changing_line,hexagram_01,yijing,changing_lines.csv,1.00,false,line 1 changes — firming
hexagram_10,changing_line,hexagram_25,yijing,changing_lines.csv,1.00,false,line 2 changes — yielding
hexagram_10,changing_line,hexagram_06,yijing,changing_lines.csv,1.00,false,line 3 changes — yielding
hexagram_10,changing_line,hexagram_58,yijing,changing_lines.csv,1.00,false,line 4 changes — yielding
hexagram_10,changing_line,hexagram_38,yijing,changing_lines.csv,1.00,false,line 5 changes — yielding
hexagram_10,changing_line,hexagram_61,yijing,changing_lines.csv,1.00,false,line 6 changes — yielding
hexagram_11,changing_line,hexagram_19,yijing,changing_lines.csv,1.00,false,line 1 changes — yielding
hexagram_11,changing_line,hexagram_36,yijing,changing_lines.csv,1.00,false,line 2 changes — yielding
hexagram_11,changing_line,hexagram_46,yijing,changing_lines.csv,1.00,false,line 3 changes — yielding
hexagram_11,changing_line,hexagram_26,yijing,changing_lines.csv,1.00,false,line 4 changes — firming
hexagram_11,changing_line,hexagram_05,yijing,changing_lines.csv,1.00,false,line 5 changes — firming
hexagram_11,changing_line,hexagram_34,yijing,changing_lines.csv,1.00,false,line 6 changes — firming
hexagram_12,changing_line,hexagram_33,yijing,changing_lines.csv,1.00,false,line 1 changes — firming
hexagram_12,changing_line,hexagram_06,yijing,changing_lines.csv,1.00,false,line 2 changes — firming
hexagram_12,changing_line,hexagram_25,yijing,changing_lines.csv,1.00,false,line 3 changes — firming
hexagram_12,changing_line,hexagram_45,yijing,changing_lines.csv,1.00,false,line 4 changes — yielding
hexagram_12,changing_line,hexagram_35,yijing,changing_lines.csv,1.00,false,line 5 changes — yielding
hexagram_12,changing_line,hexagram_20,yijing,changing_lines.csv,1.00,false,line 6 changes — yielding
hexagram_13,changing_line,hexagram_25,yijing,changing_lines.csv,1.00,false,line 1 changes — yielding
hexagram_13,changing_line,hexagram_01,yijing,changing_lines.csv,1.00,false,line 2 changes — firming
hexagram_13,changing_line,hexagram_33,yijing,changing_lines.csv,1.00,false,line 3 changes — yielding
hexagram_13,changing_line,hexagram_49,yijing,changing_lines.csv,1.00,false,line 4 changes — yielding
hexagram_13,changing_line,hexagram_30,yijing,changing_lines.csv,1.00,false,line 5 changes — yielding
hexagram_13,changing_line,hexagram_37,yijing,changing_lines.csv,1.00,false,line 6 changes — yielding
hexagram_14,changing_line,hexagram_38,yijing,changing_lines.csv,1.00,false,line 1 changes — yielding
hexagram_14,changing_line,hexagram_30,yijing,changing_lines.csv,1.00,false,line 2 changes — yielding
hexagram_14,changing_line,hexagram_50,yijing,changing_lines.csv,1.00,false,line 3 changes — yielding
hexagram_14,changing_line,hexagram_34,yijing,changing_lines.csv,1.00,false,line 4 changes — yielding
hexagram_14,changing_line,hexagram_01,yijing,changing_lines.csv,1.00,false,line 5 changes — firming
hexagram_14,changing_line,hexagram_26,yijing,changing_lines.csv,1.00,false,line 6 changes — yielding
hexagram_15,changing_line,hexagram_02,yijing,changing_lines.csv,1.00,false,line 1 changes — yielding
hexagram_15,changing_line,hexagram_46,yijing,changing_lines.csv,1.00,false,line 2 changes — firming
hexagram_15,changing_line,hexagram_36,yijing,changing_lines.csv,1.00,false,line 3 changes — firming
hexagram_15,changing_line,hexagram_52,yijing,changing_lines.csv,1.00,false,line 4 changes — firming
hexagram_15,changing_line,hexagram_39,yijing,changing_lines.csv,1.00,false,line 5 changes — firming
hexagram_15,changing_line,hexagram_62,yijing,changing_lines.csv,1.00,false,line 6 changes — firming
hexagram_16,changing_line,hexagram_62,yijing,changing_lines.csv,1.00,false,line 1 changes — firming
hexagram_16,changing_line,hexagram_40,yijing,changing_lines.csv,1.00,false,line 2 changes — firming
hexagram_16,changing_line,hexagram_51,yijing,changing_lines.csv,1.00,false,line 3 changes — firming
hexagram_16,changing_line,hexagram_35,yijing,changing_lines.csv,1.00,false,line 4 changes — firming
hexagram_16,changing_line,hexagram_45,yijing,changing_lines.csv,1.00,false,line 5 changes — firming
hexagram_16,changing_line,hexagram_02,yijing,changing_lines.csv,1.00,false,line 6 changes — yielding
hexagram_17,changing_line,hexagram_49,yijing,changing_lines.csv,1.00,false,line 1 changes — firming
hexagram_17,changing_line,hexagram_58,yijing,changing_lines.csv,1.00,false,line 2 changes — firming
hexagram_17,changing_line,hexagram_45,yijing,changing_lines.csv,1.00,false,line 3 changes — yielding
hexagram_17,changing_line,hexagram_25,yijing,changing_lines.csv,1.00,false,line 4 changes — firming
hexagram_17,changing_line,hexagram_51,yijing,changing_lines.csv,1.00,false,line 5 changes — yielding
hexagram_17,changing_line,hexagram_03,yijing,changing_lines.csv,1.00,false,line 6 changes — yielding
hexagram_18,changing_line,hexagram_04,yijing,changing_lines.csv,1.00,false,line 1 changes — yielding
hexagram_18,changing_line,hexagram_52,yijing,changing_lines.csv,1.00,false,line 2 changes — yielding
hexagram_18,changing_line,hexagram_26,yijing,changing_lines.csv,1.00,false,line 3 changes — firming
hexagram_18,changing_line,hexagram_46,yijing,changing_lines.csv,1.00,false,line 4 changes — yielding
hexagram_18,changing_line,hexagram_57,yijing,changing_lines.csv,1.00,false,line 5 changes — firming
hexagram_18,changing_line,hexagram_50,yijing,changing_lines.csv,1.00,false,line 6 changes — firming
hexagram_19,changing_line,hexagram_11,yijing,changing_lines.csv,1.00,false,line 1 changes — firming
hexagram_19,changing_line,hexagram_24,yijing,changing_lines.csv,1.00,false,line 2 changes — yielding
hexagram_19,changing_line,hexagram_08,yijing,changing_lines.csv,1.00,false,line 3 changes — yielding
hexagram_19,changing_line,hexagram_41,yijing,changing_lines.csv,1.00,false,line 4 changes — firming
hexagram_19,changing_line,hexagram_60,yijing,changing_lines.csv,1.00,false,line 5 changes — firming
hexagram_19,changing_line,hexagram_54,yijing,changing_lines.csv,1.00,false,line 6 changes — firming
hexagram_20,changing_line,hexagram_53,yijing,changing_lines.csv,1.00,false,line 1 changes — firming
hexagram_20,changing_line,hexagram_59,yijing,changing_lines.csv,1.00,false,line 2 changes — firming
hexagram_20,changing_line,hexagram_42,yijing,changing_lines.csv,1.00,false,line 3 changes — firming
hexagram_20,changing_line,hexagram_07,yijing,changing_lines.csv,1.00,false,line 4 changes — yielding
hexagram_20,changing_line,hexagram_23,yijing,changing_lines.csv,1.00,false,line 5 changes — yielding
hexagram_20,changing_line,hexagram_12,yijing,changing_lines.csv,1.00,false,line 6 changes — firming
hexagram_21,changing_line,hexagram_30,yijing,changing_lines.csv,1.00,false,line 1 changes — firming
hexagram_21,changing_line,hexagram_38,yijing,changing_lines.csv,1.00,false,line 2 changes — firming
hexagram_21,changing_line,hexagram_35,yijing,changing_lines.csv,1.00,false,line 3 changes — yielding
hexagram_21,changing_line,hexagram_51,yijing,changing_lines.csv,1.00,false,line 4 changes — yielding
hexagram_21,changing_line,hexagram_25,yijing,changing_lines.csv,1.00,false,line 5 changes — firming
hexagram_21,changing_line,hexagram_27,yijing,changing_lines.csv,1.00,false,line 6 changes — yielding
hexagram_22,changing_line,hexagram_27,yijing,changing_lines.csv,1.00,false,line 1 changes — yielding
hexagram_22,changing_line,hexagram_26,yijing,changing_lines.csv,1.00,false,line 2 changes — firming
hexagram_22,changing_line,hexagram_52,yijing,changing_lines.csv,1.00,false,line 3 changes — yielding
hexagram_22,changing_line,hexagram_36,yijing,changing_lines.csv,1.00,false,line 4 changes — yielding
hexagram_22,changing_line,hexagram_37,yijing,changing_lines.csv,1.00,false,line 5 changes — firming
hexagram_22,changing_line,hexagram_30,yijing,changing_lines.csv,1.00,false,line 6 changes — firming
hexagram_23,changing_line,hexagram_52,yijing,changing_lines.csv,1.00,false,line 1 changes — firming
hexagram_23,changing_line,hexagram_04,yijing,changing_lines.csv,1.00,false,line 2 changes — firming
hexagram_23,changing_line,hexagram_27,yijing,changing_lines.csv,1.00,false,line 3 changes — firming
hexagram_23,changing_line,hexagram_02,yijing,changing_lines.csv,1.00,false,line 4 changes — yielding
hexagram_23,changing_line,hexagram_20,yijing,changing_lines.csv,1.00,false,line 5 changes — firming
hexagram_23,changing_line,hexagram_35,yijing,changing_lines.csv,1.00,false,line 6 changes — firming
hexagram_24,changing_line,hexagram_36,yijing,changing_lines.csv,1.00,false,line 1 changes — firming
hexagram_24,changing_line,hexagram_19,yijing,changing_lines.csv,1.00,false,line 2 changes — firming
hexagram_24,changing_line,hexagram_02,yijing,changing_lines.csv,1.00,false,line 3 changes — yielding
hexagram_24,changing_line,hexagram_27,yijing,changing_lines.csv,1.00,false,line 4 changes — firming
hexagram_24,changing_line,hexagram_03,yijing,changing_lines.csv,1.00,false,line 5 changes — firming
hexagram_24,changing_line,hexagram_51,yijing,changing_lines.csv,1.00,false,line 6 changes — firming
hexagram_25,changing_line,hexagram_13,yijing,changing_lines.csv,1.00,false,line 1 changes — firming
hexagram_25,changing_line,hexagram_10,yijing,changing_lines.csv,1.00,false,line 2 changes — firming
hexagram_25,changing_line,hexagram_12,yijing,changing_lines.csv,1.00,false,line 3 changes — yielding
hexagram_25,changing_line,hexagram_17,yijing,changing_lines.csv,1.00,false,line 4 changes — yielding
hexagram_25,changing_line,hexagram_21,yijing,changing_lines.csv,1.00,false,line 5 changes — yielding
hexagram_25,changing_line,hexagram_42,yijing,changing_lines.csv,1.00,false,line 6 changes — yielding
hexagram_26,changing_line,hexagram_41,yijing,changing_lines.csv,1.00,false,line 1 changes — yielding
hexagram_26,changing_line,hexagram_22,yijing,changing_lines.csv,1.00,false,line 2 changes — yielding
hexagram_26,changing_line,hexagram_18,yijing,changing_lines.csv,1.00,false,line 3 changes — yielding
hexagram_26,changing_line,hexagram_11,yijing,changing_lines.csv,1.00,false,line 4 changes — yielding
hexagram_26,changing_line,hexagram_09,yijing,changing_lines.csv,1.00,false,line 5 changes — firming
hexagram_26,changing_line,hexagram_14,yijing,changing_lines.csv,1.00,false,line 6 changes — firming
hexagram_27,changing_line,hexagram_22,yijing,changing_lines.csv,1.00,false,line 1 changes — firming
hexagram_27,changing_line,hexagram_41,yijing,changing_lines.csv,1.00,false,line 2 changes — firming
hexagram_27,changing_line,hexagram_23,yijing,changing_lines.csv,1.00,false,line 3 changes — yielding
hexagram_27,changing_line,hexagram_24,yijing,changing_lines.csv,1.00,false,line 4 changes — yielding
hexagram_27,changing_line,hexagram_42,yijing,changing_lines.csv,1.00,false,line 5 changes — firming
hexagram_27,changing_line,hexagram_21,yijing,changing_lines.csv,1.00,false,line 6 changes — firming
hexagram_28,changing_line,hexagram_47,yijing,changing_lines.csv,1.00,false,line 1 changes — yielding
hexagram_28,changing_line,hexagram_31,yijing,changing_lines.csv,1.00,false,line 2 changes — yielding
hexagram_28,changing_line,hexagram_43,yijing,changing_lines.csv,1.00,false,line 3 changes — firming
hexagram_28,changing_line,hexagram_44,yijing,changing_lines.csv,1.00,false,line 4 changes — firming
hexagram_28,changing_line,hexagram_32,yijing,changing_lines.csv,1.00,false,line 5 changes — yielding
hexagram_28,changing_line,hexagram_48,yijing,changing_lines.csv,1.00,false,line 6 changes — yielding
hexagram_29,changing_line,hexagram_48,yijing,changing_lines.csv,1.00,false,line 1 changes — firming
hexagram_29,changing_line,hexagram_07,yijing,changing_lines.csv,1.00,false,line 2 changes — yielding
hexagram_29,changing_line,hexagram_60,yijing,changing_lines.csv,1.00,false,line 3 changes — firming
hexagram_29,changing_line,hexagram_59,yijing,changing_lines.csv,1.00,false,line 4 changes — firming
hexagram_29,changing_line,hexagram_08,yijing,changing_lines.csv,1.00,false,line 5 changes — yielding
hexagram_29,changing_line,hexagram_47,yijing,changing_lines.csv,1.00,false,line 6 changes — firming
hexagram_30,changing_line,hexagram_21,yijing,changing_lines.csv,1.00,false,line 1 changes — yielding
hexagram_30,changing_line,hexagram_14,yijing,changing_lines.csv,1.00,false,line 2 changes — firming
hexagram_30,changing_line,hexagram_56,yijing,changing_lines.csv,1.00,false,line 3 changes — yielding
hexagram_30,changing_line,hexagram_55,yijing,changing_lines.csv,1.00,false,line 4 changes — yielding
hexagram_30,changing_line,hexagram_13,yijing,changing_lines.csv,1.00,false,line 5 changes — firming
hexagram_30,changing_line,hexagram_22,yijing,changing_lines.csv,1.00,false,line 6 changes — yielding
hexagram_31,changing_line,hexagram_45,yijing,changing_lines.csv,1.00,false,line 1 changes — yielding
hexagram_31,changing_line,hexagram_28,yijing,changing_lines.csv,1.00,false,line 2 changes — firming
hexagram_31,changing_line,hexagram_49,yijing,changing_lines.csv,1.00,false,line 3 changes — firming
hexagram_31,changing_line,hexagram_33,yijing,changing_lines.csv,1.00,false,line 4 changes — firming
hexagram_31,changing_line,hexagram_62,yijing,changing_lines.csv,1.00,false,line 5 changes — yielding
hexagram_31,changing_line,hexagram_39,yijing,changing_lines.csv,1.00,false,line 6 changes — yielding
hexagram_32,changing_line,hexagram_40,yijing,changing_lines.csv,1.00,false,line 1 changes — yielding
hexagram_32,changing_line,hexagram_62,yijing,changing_lines.csv,1.00,false,line 2 changes — yielding
hexagram_32,changing_line,hexagram_34,yijing,changing_lines.csv,1.00,false,line 3 changes — firming
hexagram_32,changing_line,hexagram_50,yijing,changing_lines.csv,1.00,false,line 4 changes — firming
hexagram_32,changing_line,hexagram_28,yijing,changing_lines.csv,1.00,false,line 5 changes — firming
hexagram_32,changing_line,hexagram_46,yijing,changing_lines.csv,1.00,false,line 6 changes — yielding
hexagram_33,changing_line,hexagram_12,yijing,changing_lines.csv,1.00,false,line 1 changes — yielding
hexagram_33,changing_line,hexagram_44,yijing,changing_lines.csv,1.00,false,line 2 changes — firming
hexagram_33,changing_line,hexagram_13,yijing,changing_lines.csv,1.00,false,line 3 changes — firming
hexagram_33,changing_line,hexagram_31,yijing,changing_lines.csv,1.00,false,line 4 changes — yielding
hexagram_33,changing_line,hexagram_56,yijing,changing_lines.csv,1.00,false,line 5 changes — yielding
hexagram_33,changing_line,hexagram_53,yijing,changing_lines.csv,1.00,false,line 6 changes — yielding
hexagram_34,changing_line,hexagram_54,yijing,changing_lines.csv,1.00,false,line 1 changes — yielding
hexagram_34,changing_line,hexagram_55,yijing,changing_lines.csv,1.00,false,line 2 changes — yielding
hexagram_34,changing_line,hexagram_32,yijing,changing_lines.csv,1.00,false,line 3 changes — yielding
hexagram_34,changing_line,hexagram_14,yijing,changing_lines.csv,1.00,false,line 4 changes — firming
hexagram_34,changing_line,hexagram_43,yijing,changing_lines.csv,1.00,false,line 5 changes — firming
hexagram_34,changing_line,hexagram_11,yijing,changing_lines.csv,1.00,false,line 6 changes — yielding
hexagram_35,changing_line,hexagram_56,yijing,changing_lines.csv,1.00,false,line 1 changes — firming
hexagram_35,changing_line,hexagram_64,yijing,changing_lines.csv,1.00,false,line 2 changes — firming
hexagram_35,changing_line,hexagram_21,yijing,changing_lines.csv,1.00,false,line 3 changes — firming
hexagram_35,changing_line,hexagram_16,yijing,changing_lines.csv,1.00,false,line 4 changes — yielding
hexagram_35,changing_line,hexagram_12,yijing,changing_lines.csv,1.00,false,line 5 changes — firming
hexagram_35,changing_line,hexagram_23,yijing,changing_lines.csv,1.00,false,line 6 changes — yielding
hexagram_36,changing_line,hexagram_24,yijing,changing_lines.csv,1.00,false,line 1 changes — yielding
hexagram_36,changing_line,hexagram_11,yijing,changing_lines.csv,1.00,false,line 2 changes — firming
hexagram_36,changing_line,hexagram_15,yijing,changing_lines.csv,1.00,false,line 3 changes — yielding
hexagram_36,changing_line,hexagram_22,yijing,changing_lines.csv,1.00,false,line 4 changes — firming
hexagram_36,changing_line,hexagram_63,yijing,changing_lines.csv,1.00,false,line 5 changes — firming
hexagram_36,changing_line,hexagram_55,yijing,changing_lines.csv,1.00,false,line 6 changes — firming
hexagram_37,changing_line,hexagram_42,yijing,changing_lines.csv,1.00,false,line 1 changes — yielding
hexagram_37,changing_line,hexagram_09,yijing,changing_lines.csv,1.00,false,line 2 changes — firming
hexagram_37,changing_line,hexagram_53,yijing,changing_lines.csv,1.00,false,line 3 changes — yielding
hexagram_37,changing_line,hexagram_63,yijing,changing_lines.csv,1.00,false,line 4 changes — yielding
hexagram_37,changing_line,hexagram_22,yijing,changing_lines.csv,1.00,false,line 5 changes — yielding
hexagram_37,changing_line,hexagram_13,yijing,changing_lines.csv,1.00,false,line 6 changes — firming
hexagram_38,changing_line,hexagram_14,yijing,changing_lines.csv,1.00,false,line 1 changes — firming
hexagram_38,changing_line,hexagram_21,yijing,changing_lines.csv,1.00,false,line 2 changes — yielding
hexagram_38,changing_line,hexagram_64,yijing,changing_lines.csv,1.00,false,line 3 changes — yielding
hexagram_38,changing_line,hexagram_54,yijing,changing_lines.csv,1.00,false,line 4 changes — yielding
hexagram_38,changing_line,hexagram_10,yijing,changing_lines.csv,1.00,false,line 5 changes — firming
hexagram_38,changing_line,hexagram_41,yijing,changing_lines.csv,1.00,false,line 6 changes — yielding
hexagram_39,changing_line,hexagram_07,yijing,changing_lines.csv,1.00,false,line 1 changes — yielding
hexagram_39,changing_line,hexagram_48,yijing,changing_lines.csv,1.00,false,line 2 changes — firming
hexagram_39,changing_line,hexagram_63,yijing,changing_lines.csv,1.00,false,line 3 changes — firming
hexagram_39,changing_line,hexagram_53,yijing,changing_lines.csv,1.00,false,line 4 changes — firming
hexagram_39,changing_line,hexagram_15,yijing,changing_lines.csv,1.00,false,line 5 changes — yielding
hexagram_39,changing_line,hexagram_31,yijing,changing_lines.csv,1.00,false,line 6 changes — firming
hexagram_40,changing_line,hexagram_32,yijing,changing_lines.csv,1.00,false,line 1 changes — firming
hexagram_40,changing_line,hexagram_16,yijing,changing_lines.csv,1.00,false,line 2 changes — yielding
hexagram_40,changing_line,hexagram_54,yijing,changing_lines.csv,1.00,false,line 3 changes — firming
hexagram_40,changing_line,hexagram_64,yijing,changing_lines.csv,1.00,false,line 4 changes — firming
hexagram_40,changing_line,hexagram_47,yijing,changing_lines.csv,1.00,false,line 5 changes — firming
hexagram_40,changing_line,hexagram_08,yijing,changing_lines.csv,1.00,false,line 6 changes — yielding
hexagram_41,changing_line,hexagram_26,yijing,changing_lines.csv,1.00,false,line 1 changes — firming
hexagram_41,changing_line,hexagram_27,yijing,changing_lines.csv,1.00,false,line 2 changes — yielding
hexagram_41,changing_line,hexagram_04,yijing,changing_lines.csv,1.00,false,line 3 changes — yielding
hexagram_41,changing_line,hexagram_19,yijing,changing_lines.csv,1.00,false,line 4 changes — yielding
hexagram_41,changing_line,hexagram_61,yijing,changing_lines.csv,1.00,false,line 5 changes — firming
hexagram_41,changing_line,hexagram_38,yijing,changing_lines.csv,1.00,false,line 6 changes — firming
hexagram_42,changing_line,hexagram_37,yijing,changing_lines.csv,1.00,false,line 1 changes — firming
hexagram_42,changing_line,hexagram_61,yijing,changing_lines.csv,1.00,false,line 2 changes — firming
hexagram_42,changing_line,hexagram_20,yijing,changing_lines.csv,1.00,false,line 3 changes — yielding
hexagram_42,changing_line,hexagram_03,yijing,changing_lines.csv,1.00,false,line 4 changes — yielding
hexagram_42,changing_line,hexagram_27,yijing,changing_lines.csv,1.00,false,line 5 changes — yielding
hexagram_42,changing_line,hexagram_25,yijing,changing_lines.csv,1.00,false,line 6 changes — firming
hexagram_43,changing_line,hexagram_58,yijing,changing_lines.csv,1.00,false,line 1 changes — yielding
hexagram_43,changing_line,hexagram_49,yijing,changing_lines.csv,1.00,false,line 2 changes — yielding
hexagram_43,changing_line,hexagram_28,yijing,changing_lines.csv,1.00,false,line 3 changes — yielding
hexagram_43,changing_line,hexagram_01,yijing,changing_lines.csv,1.00,false,line 4 changes — firming
hexagram_43,changing_line,hexagram_34,yijing,changing_lines.csv,1.00,false,line 5 changes — yielding
hexagram_43,changing_line,hexagram_05,yijing,changing_lines.csv,1.00,false,line 6 changes — yielding
hexagram_44,changing_line,hexagram_06,yijing,changing_lines.csv,1.00,false,line 1 changes — yielding
hexagram_44,changing_line,hexagram_33,yijing,changing_lines.csv,1.00,false,line 2 changes — yielding
hexagram_44,changing_line,hexagram_01,yijing,changing_lines.csv,1.00,false,line 3 changes — firming
hexagram_44,changing_line,hexagram_28,yijing,changing_lines.csv,1.00,false,line 4 changes — yielding
hexagram_44,changing_line,hexagram_50,yijing,changing_lines.csv,1.00,false,line 5 changes — yielding
hexagram_44,changing_line,hexagram_57,yijing,changing_lines.csv,1.00,false,line 6 changes — yielding
hexagram_45,changing_line,hexagram_31,yijing,changing_lines.csv,1.00,false,line 1 changes — firming
hexagram_45,changing_line,hexagram_47,yijing,changing_lines.csv,1.00,false,line 2 changes — firming
hexagram_45,changing_line,hexagram_17,yijing,changing_lines.csv,1.00,false,line 3 changes — firming
hexagram_45,changing_line,hexagram_12,yijing,changing_lines.csv,1.00,false,line 4 changes — firming
hexagram_45,changing_line,hexagram_16,yijing,changing_lines.csv,1.00,false,line 5 changes — yielding
hexagram_45,changing_line,hexagram_07,yijing,changing_lines.csv,1.00,false,line 6 changes — yielding
hexagram_46,changing_line,hexagram_08,yijing,changing_lines.csv,1.00,false,line 1 changes — yielding
hexagram_46,changing_line,hexagram_15,yijing,changing_lines.csv,1.00,false,line 2 changes — yielding
hexagram_46,changing_line,hexagram_11,yijing,changing_lines.csv,1.00,false,line 3 changes — firming
hexagram_46,changing_line,hexagram_18,yijing,changing_lines.csv,1.00,false,line 4 changes — firming
hexagram_46,changing_line,hexagram_48,yijing,changing_lines.csv,1.00,false,line 5 changes — firming
hexagram_46,changing_line,hexagram_32,yijing,changing_lines.csv,1.00,false,line 6 changes — firming
hexagram_47,changing_line,hexagram_28,yijing,changing_lines.csv,1.00,false,line 1 changes — firming
hexagram_47,changing_line,hexagram_45,yijing,changing_lines.csv,1.00,false,line 2 changes — yielding
hexagram_47,changing_line,hexagram_58,yijing,changing_lines.csv,1.00,false,line 3 changes — firming
hexagram_47,changing_line,hexagram_06,yijing,changing_lines.csv,1.00,false,line 4 changes — firming
hexagram_47,changing_line,hexagram_40,yijing,changing_lines.csv,1.00,false,line 5 changes — yielding
hexagram_47,changing_line,hexagram_29,yijing,changing_lines.csv,1.00,false,line 6 changes — yielding
hexagram_48,changing_line,hexagram_29,yijing,changing_lines.csv,1.00,false,line 1 changes — yielding
hexagram_48,changing_line,hexagram_39,yijing,changing_lines.csv,1.00,false,line 2 changes — yielding
hexagram_48,changing_line,hexagram_05,yijing,changing_lines.csv,1.00,false,line 3 changes — firming
hexagram_48,changing_line,hexagram_57,yijing,changing_lines.csv,1.00,false,line 4 changes — firming
hexagram_48,changing_line,hexagram_46,yijing,changing_lines.csv,1.00,false,line 5 changes — yielding
hexagram_48,changing_line,hexagram_28,yijing,changing_lines.csv,1.00,false,line 6 changes — firming
hexagram_49,changing_line,hexagram_17,yijing,changing_lines.csv,1.00,false,line 1 changes — yielding
hexagram_49,changing_line,hexagram_43,yijing,changing_lines.csv,1.00,false,line 2 changes — firming
hexagram_49,changing_line,hexagram_31,yijing,changing_lines.csv,1.00,false,line 3 changes — yielding
hexagram_49,changing_line,hexagram_13,yijing,changing_lines.csv,1.00,false,line 4 changes — firming
hexagram_49,changing_line,hexagram_55,yijing,changing_lines.csv,1.00,false,line 5 changes — yielding
hexagram_49,changing_line,hexagram_63,yijing,changing_lines.csv,1.00,false,line 6 changes — yielding
hexagram_50,changing_line,hexagram_64,yijing,changing_lines.csv,1.00,false,line 1 changes — yielding
hexagram_50,changing_line,hexagram_56,yijing,changing_lines.csv,1.00,false,line 2 changes — yielding
hexagram_50,changing_line,hexagram_14,yijing,changing_lines.csv,1.00,false,line 3 changes — firming
hexagram_50,changing_line,hexagram_32,yijing,changing_lines.csv,1.00,false,line 4 changes — yielding
hexagram_50,changing_line,hexagram_44,yijing,changing_lines.csv,1.00,false,line 5 changes — firming
hexagram_50,changing_line,hexagram_18,yijing,changing_lines.csv,1.00,false,line 6 changes — yielding
hexagram_51,changing_line,hexagram_55,yijing,changing_lines.csv,1.00,false,line 1 changes — firming
hexagram_51,changing_line,hexagram_54,yijing,changing_lines.csv,1.00,false,line 2 changes — firming
hexagram_51,changing_line,hexagram_16,yijing,changing_lines.csv,1.00,false,line 3 changes — yielding
hexagram_51,changing_line,hexagram_21,yijing,changing_lines.csv,1.00,false,line 4 changes — firming
hexagram_51,changing_line,hexagram_17,yijing,changing_lines.csv,1.00,false,line 5 changes — firming
hexagram_51,changing_line,hexagram_24,yijing,changing_lines.csv,1.00,false,line 6 changes — yielding
hexagram_52,changing_line,hexagram_23,yijing,changing_lines.csv,1.00,false,line 1 changes — yielding
hexagram_52,changing_line,hexagram_18,yijing,changing_lines.csv,1.00,false,line 2 changes — firming
hexagram_52,changing_line,hexagram_22,yijing,changing_lines.csv,1.00,false,line 3 changes — firming
hexagram_52,changing_line,hexagram_15,yijing,changing_lines.csv,1.00,false,line 4 changes — yielding
hexagram_52,changing_line,hexagram_53,yijing,changing_lines.csv,1.00,false,line 5 changes — firming
hexagram_52,changing_line,hexagram_56,yijing,changing_lines.csv,1.00,false,line 6 changes — firming
hexagram_53,changing_line,hexagram_20,yijing,changing_lines.csv,1.00,false,line 1 changes — yielding
hexagram_53,changing_line,hexagram_57,yijing,changing_lines.csv,1.00,false,line 2 changes — firming
hexagram_53,changing_line,hexagram_37,yijing,changing_lines.csv,1.00,false,line 3 changes — firming
hexagram_53,changing_line,hexagram_39,yijing,changing_lines.csv,1.00,false,line 4 changes — yielding
hexagram_53,changing_line,hexagram_52,yijing,changing_lines.csv,1.00,false,line 5 changes — yielding
hexagram_53,changing_line,hexagram_33,yijing,changing_lines.csv,1.00,false,line 6 changes — firming
hexagram_54,changing_line,hexagram_34,yijing,changing_lines.csv,1.00,false,line 1 changes — firming
hexagram_54,changing_line,hexagram_51,yijing,changing_lines.csv,1.00,false,line 2 changes — yielding
hexagram_54,changing_line,hexagram_40,yijing,changing_lines.csv,1.00,false,line 3 changes — yielding
hexagram_54,changing_line,hexagram_38,yijing,changing_lines.csv,1.00,false,line 4 changes — firming
hexagram_54,changing_line,hexagram_58,yijing,changing_lines.csv,1.00,false,line 5 changes — firming
hexagram_54,changing_line,hexagram_19,yijing,changing_lines.csv,1.00,false,line 6 changes — yielding
hexagram_55,changing_line,hexagram_51,yijing,changing_lines.csv,1.00,false,line 1 changes — yielding
hexagram_55,changing_line,hexagram_34,yijing,changing_lines.csv,1.00,false,line 2 changes — firming
hexagram_55,changing_line,hexagram_62,yijing,changing_lines.csv,1.00,false,line 3 changes — yielding
hexagram_55,changing_line,hexagram_30,yijing,changing_lines.csv,1.00,false,line 4 changes — firming
hexagram_55,changing_line,hexagram_49,yijing,changing_lines.csv,1.00,false,line 5 changes — firming
hexagram_55,changing_line,hexagram_36,yijing,changing_lines.csv,1.00,false,line 6 changes — yielding
hexagram_56,changing_line,hexagram_35,yijing,changing_lines.csv,1.00,false,line 1 changes — yielding
hexagram_56,changing_line,hexagram_50,yijing,changing_lines.csv,1.00,false,line 2 changes — firming
hexagram_56,changing_line,hexagram_30,yijing,changing_lines.csv,1.00,false,line 3 changes — firming
hexagram_56,changing_line,hexagram_62,yijing,changing_lines.csv,1.00,false,line 4 changes — yielding
hexagram_56,changing_line,hexagram_33,yijing,changing_lines.csv,1.00,false,line 5 changes — firming
hexagram_56,changing_line,hexagram_52,yijing,changing_lines.csv,1.00,false,line 6 changes — yielding
hexagram_57,changing_line,hexagram_59,yijing,changing_lines.csv,1.00,false,line 1 changes — yielding
hexagram_57,changing_line,hexagram_53,yijing,changing_lines.csv,1.00,false,line 2 changes — yielding
hexagram_57,changing_line,hexagram_09,yijing,changing_lines.csv,1.00,false,line 3 changes — firming
hexagram_57,changing_line,hexagram_48,yijing,changing_lines.csv,1.00,false,line 4 changes — yielding
hexagram_57,changing_line,hexagram_18,yijing,changing_lines.csv,1.00,false,line 5 changes — yielding
hexagram_57,changing_line,hexagram_44,yijing,changing_lines.csv,1.00,false,line 6 changes — firming
hexagram_58,changing_line,hexagram_43,yijing,changing_lines.csv,1.00,false,line 1 changes — firming
hexagram_58,changing_line,hexagram_17,yijing,changing_lines.csv,1.00,false,line 2 changes — yielding
hexagram_58,changing_line,hexagram_47,yijing,changing_lines.csv,1.00,false,line 3 changes — yielding
hexagram_58,changing_line,hexagram_10,yijing,changing_lines.csv,1.00,false,line 4 changes — firming
hexagram_58,changing_line,hexagram_54,yijing,changing_lines.csv,1.00,false,line 5 changes — yielding
hexagram_58,changing_line,hexagram_60,yijing,changing_lines.csv,1.00,false,line 6 changes — yielding
hexagram_59,changing_line,hexagram_57,yijing,changing_lines.csv,1.00,false,line 1 changes — firming
hexagram_59,changing_line,hexagram_20,yijing,changing_lines.csv,1.00,false,line 2 changes — yielding
hexagram_59,changing_line,hexagram_61,yijing,changing_lines.csv,1.00,false,line 3 changes — firming
hexagram_59,changing_line,hexagram_29,yijing,changing_lines.csv,1.00,false,line 4 changes — yielding
hexagram_59,changing_line,hexagram_04,yijing,changing_lines.csv,1.00,false,line 5 changes — yielding
hexagram_59,changing_line,hexagram_06,yijing,changing_lines.csv,1.00,false,line 6 changes — firming
hexagram_60,changing_line,hexagram_05,yijing,changing_lines.csv,1.00,false,line 1 changes — firming
hexagram_60,changing_line,hexagram_03,yijing,changing_lines.csv,1.00,false,line 2 changes — yielding
hexagram_60,changing_line,hexagram_29,yijing,changing_lines.csv,1.00,false,line 3 changes — yielding
hexagram_60,changing_line,hexagram_61,yijing,changing_lines.csv,1.00,false,line 4 changes — firming
hexagram_60,changing_line,hexagram_19,yijing,changing_lines.csv,1.00,false,line 5 changes — yielding
hexagram_60,changing_line,hexagram_58,yijing,changing_lines.csv,1.00,false,line 6 changes — firming
hexagram_61,changing_line,hexagram_09,yijing,changing_lines.csv,1.00,false,line 1 changes — firming
hexagram_61,changing_line,hexagram_42,yijing,changing_lines.csv,1.00,false,line 2 changes — yielding
hexagram_61,changing_line,hexagram_59,yijing,changing_lines.csv,1.00,false,line 3 changes — yielding
hexagram_61,changing_line,hexagram_60,yijing,changing_lines.csv,1.00,false,line 4 changes — yielding
hexagram_61,changing_line,hexagram_41,yijing,changing_lines.csv,1.00,false,line 5 changes — yielding
hexagram_61,changing_line,hexagram_10,yijing,changing_lines.csv,1.00,false,line 6 changes — firming
hexagram_62,changing_line,hexagram_16,yijing,changing_lines.csv,1.00,false,line 1 changes — yielding
hexagram_62,changing_line,hexagram_32,yijing,changing_lines.csv,1.00,false,line 2 changes — firming
hexagram_62,changing_line,hexagram_55,yijing,changing_lines.csv,1.00,false,line 3 changes — firming
hexagram_62,changing_line,hexagram_56,yijing,changing_lines.csv,1.00,false,line 4 changes — firming
hexagram_62,changing_line,hexagram_31,yijing,changing_lines.csv,1.00,false,line 5 changes — firming
hexagram_62,changing_line,hexagram_15,yijing,changing_lines.csv,1.00,false,line 6 changes — yielding
hexagram_63,changing_line,hexagram_03,yijing,changing_lines.csv,1.00,false,line 1 changes — yielding
hexagram_63,changing_line,hexagram_05,yijing,changing_lines.csv,1.00,false,line 2 changes — firming
hexagram_63,changing_line,hexagram_39,yijing,changing_lines.csv,1.00,false,line 3 changes — yielding
hexagram_63,changing_line,hexagram_37,yijing,changing_lines.csv,1.00,false,line 4 changes — firming
hexagram_63,changing_line,hexagram_36,yijing,changing_lines.csv,1.00,false,line 5 changes — yielding
hexagram_63,changing_line,hexagram_49,yijing,changing_lines.csv,1.00,false,line 6 changes — firming
hexagram_64,changing_line,hexagram_50,yijing,changing_lines.csv,1.00,false,line 1 changes — firming
hexagram_64,changing_line,hexagram_35,yijing,changing_lines.csv,1.00,false,line 2 changes — yielding
hexagram_64,changing_line,hexagram_38,yijing,changing_lines.csv,1.00,false,line 3 changes — firming
hexagram_64,changing_line,hexagram_40,yijing,changing_lines.csv,1.00,false,line 4 changes — yielding
hexagram_64,changing_line,hexagram_06,yijing,changing_lines.csv,1.00,false,line 5 changes — firming
hexagram_64,changing_line,hexagram_04,yijing,changing_lines.csv,1.00,false,line 6 changes — yielding
trigram_qian,trigram_vastu_deity,deity_vayu,yijing_vastu,trigram_vastu_map.csv,0.75,false,trigram_qian corresponds to Vayu in vastu
trigram_kun,trigram_vastu_deity,deity_nirriti,yijing_vastu,trigram_vastu_map.csv,0.75,false,trigram_kun corresponds to Nirriti in vastu
trigram_zhen,trigram_vastu_deity,deity_indra,yijing_vastu,trigram_vastu_map.csv,0.75,false,trigram_zhen corresponds to Indra in vastu
trigram_xun,trigram_vastu_deity,deity_agni,yijing_vastu,trigram_vastu_map.csv,0.75,false,trigram_xun corresponds to Agni in vastu
trigram_kan,trigram_vastu_deity,deity_kubera,yijing_vastu,trigram_vastu_map.csv,0.75,false,trigram_kan corresponds to Kubera in vastu
trigram_li,trigram_vastu_deity,deity_yama,yijing_vastu,trigram_vastu_map.csv,0.75,false,trigram_li corresponds to Yama in vastu
trigram_gen,trigram_vastu_deity,deity_ishana,yijing_vastu,trigram_vastu_map.csv,0.75,false,trigram_gen corresponds to Ishana in vastu
trigram_dui,trigram_vastu_deity,deity_varuna,yijing_vastu,trigram_vastu_map.csv,0.75,false,trigram_dui corresponds to Varuna in vastu
hexagram_02,hexagram_nakshatra_resonance,nakshatra_rohini,yijing_jyotish,hexagram_nakshatra_resonance.csv,0.5,false,shared element earth + dosha-body alignment kapha/belly
hexagram_02,hexagram_nakshatra_resonance,nakshatra_mrigashira,yijing_jyotish,hexagram_nakshatra_resonance.csv,0.65,false,shared element earth + shared guna tamas
hexagram_02,hexagram_nakshatra_resonance,nakshatra_ashlesha,yijing_jyotish,hexagram_nakshatra_resonance.csv,0.55,false,shared guna tamas + dosha-body alignment kapha/belly + rakshasa-tamas alignment
hexagram_02,hexagram_nakshatra_resonance,nakshatra_uttara_phalguni,yijing_jyotish,hexagram_nakshatra_resonance.csv,0.5,false,shared element earth + dosha-body alignment kapha/belly
hexagram_02,hexagram_nakshatra_resonance,nakshatra_uttara_ashadha,yijing_jyotish,hexagram_nakshatra_resonance.csv,0.5,false,shared element earth + dosha-body alignment kapha/belly
hexagram_03,hexagram_nakshatra_resonance,nakshatra_ashwini,yijing_jyotish,hexagram_nakshatra_resonance.csv,0.8,false,shared element fire + shared guna rajas + dosha-body alignment vata/foot
hexagram_03,hexagram_nakshatra_resonance,nakshatra_krittika,yijing_jyotish,hexagram_nakshatra_resonance.csv,0.65,false,shared element fire + shared guna rajas
hexagram_03,hexagram_nakshatra_resonance,nakshatra_ardra,yijing_jyotish,hexagram_nakshatra_resonance.csv,0.6,false,shared element water + dosha-body alignment vata/foot + manushya-rajas alignment
hexagram_03,hexagram_nakshatra_resonance,nakshatra_swati,yijing_jyotish,hexagram_nakshatra_resonance.csv,0.45,false,shared guna rajas + dosha-body alignment vata/foot
hexagram_03,hexagram_nakshatra_resonance,nakshatra_vishakha,yijing_jyotish,hexagram_nakshatra_resonance.csv,0.65,false,shared element fire + shared guna rajas
hexagram_03,hexagram_nakshatra_resonance,nakshatra_purva_ashadha,yijing_jyotish,hexagram_nakshatra_resonance.csv,0.75,false,shared element water + shared guna rajas + manushya-rajas alignment
hexagram_03,hexagram_nakshatra_resonance,nakshatra_dhanishta,yijing_jyotish,hexagram_nakshatra_resonance.csv,0.65,false,shared element fire + shared guna rajas
hexagram_03,hexagram_nakshatra_resonance,nakshatra_purva_bhadrapada,yijing_jyotish,hexagram_nakshatra_resonance.csv,0.45,false,shared element fire + manushya-rajas alignment
hexagram_03,hexagram_nakshatra_resonance,nakshatra_uttara_bhadrapada,yijing_jyotish,hexagram_nakshatra_resonance.csv,0.45,false,shared element water + manushya-rajas alignment
hexagram_04,hexagram_nakshatra_resonance,nakshatra_mrigashira,yijing_jyotish,hexagram_nakshatra_resonance.csv,0.8,false,shared element earth + shared guna tamas + dosha-body alignment vata/ear
hexagram_04,hexagram_nakshatra_resonance,nakshatra_ardra,yijing_jyotish,hexagram_nakshatra_resonance.csv,0.8,false,shared element water + shared guna tamas + dosha-body alignment vata/ear
hexagram_04,hexagram_nakshatra_resonance,nakshatra_ashlesha,yijing_jyotish,hexagram_nakshatra_resonance.csv,0.75,false,shared element water + shared guna tamas + rakshasa-tamas alignment
hexagram_04,hexagram_nakshatra_resonance,nakshatra_mula,yijing_jyotish,hexagram_nakshatra_resonance.csv,0.55,false,shared guna tamas + dosha-body alignment vata/ear + rakshasa-tamas alignment
hexagram_04,hexagram_nakshatra_resonance,nakshatra_shatabhisha,yijing_jyotish,hexagram_nakshatra_resonance.csv,0.55,false,shared guna tamas + dosha-body alignment vata/ear + rakshasa-tamas alignment
hexagram_05,hexagram_nakshatra_resonance,nakshatra_pushya,yijing_jyotish,hexagram_nakshatra_resonance.csv,0.75,false,shared element water + shared guna sattva + deva-sattva alignment
hexagram_05,hexagram_nakshatra_resonance,nakshatra_anuradha,yijing_jyotish,hexagram_nakshatra_resonance.csv,0.75,false,shared element water + shared guna sattva + deva-sattva alignment
hexagram_05,hexagram_nakshatra_resonance,nakshatra_purva_ashadha,yijing_jyotish,hexagram_nakshatra_resonance.csv,0.5,false,shared element water + dosha-body alignment pitta/head
hexagram_05,hexagram_nakshatra_resonance,nakshatra_uttara_bhadrapada,yijing_jyotish,hexagram_nakshatra_resonance.csv,0.65,false,shared element water + shared guna sattva
hexagram_05,hexagram_nakshatra_resonance,nakshatra_revati,yijing_jyotish,hexagram_nakshatra_resonance.csv,0.75,false,shared element water + shared guna sattva + deva-sattva alignment
hexagram_06,hexagram_nakshatra_resonance,nakshatra_ashwini,yijing_jyotish,hexagram_nakshatra_resonance.csv,0.45,false,shared guna rajas + dosha-body alignment vata/ear
hexagram_06,hexagram_nakshatra_resonance,nakshatra_ardra,yijing_jyotish,hexagram_nakshatra_resonance.csv,0.6,false,shared element water + dosha-body alignment vata/ear + manushya-rajas alignment
hexagram_06,hexagram_nakshatra_resonance,nakshatra_swati,yijing_jyotish,hexagram_nakshatra_resonance.csv,0.45,false,shared guna rajas + dosha-body alignment vata/ear
hexagram_06,hexagram_nakshatra_resonance,nakshatra_purva_ashadha,yijing_jyotish,hexagram_nakshatra_resonance.csv,0.75,false,shared element water + shared guna rajas + manushya-rajas alignment
hexagram_06,hexagram_nakshatra_resonance,nakshatra_uttara_bhadrapada,yijing_jyotish,hexagram_nakshatra_resonance.csv,0.45,false,shared element water + manushya-rajas alignment
hexagram_07,hexagram_nakshatra_resonance,nakshatra_bharani,yijing_jyotish,hexagram_nakshatra_resonance.csv,0.75,false,shared element earth + shared guna rajas + manushya-rajas alignment
hexagram_07,hexagram_nakshatra_resonance,nakshatra_rohini,yijing_jyotish,hexagram_nakshatra_resonance.csv,0.9,false,shared element earth + shared guna rajas + dosha-body alignment kapha/belly + manushya-rajas alignment
hexagram_07,hexagram_nakshatra_resonance,nakshatra_ardra,yijing_jyotish,hexagram_nakshatra_resonance.csv,0.45,false,shared element water + manushya-rajas alignment
hexagram_07,hexagram_nakshatra_resonance,nakshatra_pushya,yijing_jyotish,hexagram_nakshatra_resonance.csv,0.5,false,shared element water + dosha-body alignment kapha/belly
hexagram_07,hexagram_nakshatra_resonance,nakshatra_ashlesha,yijing_jyotish,hexagram_nakshatra_resonance.csv,0.5,false,shared element water + dosha-body alignment kapha/belly
hexagram_07,hexagram_nakshatra_resonance,nakshatra_purva_phalguni,yijing_jyotish,hexagram_nakshatra_resonance.csv,0.75,false,shared element earth + shared guna rajas + manushya-rajas alignment
hexagram_07,hexagram_nakshatra_resonance,nakshatra_uttara_phalguni,yijing_jyotish,hexagram_nakshatra_resonance.csv,0.6,false,shared element earth + dosha-body alignment kapha/belly + manushya-rajas alignment
hexagram_07,hexagram_nakshatra_resonance,nakshatra_anuradha,yijing_jyotish,hexagram_nakshatra_resonance.csv,0.5,false,shared element water + dosha-body alignment kapha/belly
hexagram_07,hexagram_nakshatra_resonance,nakshatra_purva_ashadha,yijing_jyotish,hexagram_nakshatra_resonance.csv,0.75,false,shared element water + shared guna rajas + manushya-rajas alignment
hexagram_07,hexagram_nakshatra_resonance,nakshatra_uttara_ashadha,yijing_jyotish,hexagram_nakshatra_resonance.csv,0.6,false,shared element earth + dosha-body alignment kapha/belly + manushya-rajas alignment
hexagram_07,hexagram_nakshatra_resonance,nakshatra_uttara_bhadrapada,yijing_jyotish,hexagram_nakshatra_resonance.csv,0.6,false,shared element water + dosha-body alignment kapha/belly + manushya-rajas alignment
hexagram_07,hexagram_nakshatra_resonance,nakshatra_revati,yijing_jyotish,hexagram_nakshatra_resonance.csv,0.5,false,shared element water + dosha-body alignment kapha/belly
hexagram_08,hexagram_nakshatra_resonance,nakshatra_mrigashira,yijing_jyotish,hexagram_nakshatra_resonance.csv,0.6,false,shared element earth + dosha-body alignment vata/ear + deva-sattva alignment
hexagram_08,hexagram_nakshatra_resonance,nakshatra_ardra,yijing_jyotish,hexagram_nakshatra_resonance.csv,0.5,false,shared element water + dosha-body alignment vata/ear
hexagram_08,hexagram_nakshatra_resonance,nakshatra_punarvasu,yijing_jyotish,hexagram_nakshatra_resonance.csv,0.55,false,shared guna sattva + dosha-body alignment vata/ear + deva-sattva alignment
hexagram_08,hexagram_nakshatra_resonance,nakshatra_pushya,yijing_jyotish,hexagram_nakshatra_resonance.csv,0.75,false,shared element water + shared guna sattva + deva-sattva alignment
hexagram_08,hexagram_nakshatra_resonance,nakshatra_uttara_phalguni,yijing_jyotish,hexagram_nakshatra_resonance.csv,0.65,false,shared element earth + shared guna sattva
hexagram_08,hexagram_nakshatra_resonance,nakshatra_hasta,yijing_jyotish,hexagram_nakshatra_resonance.csv,0.55,false,shared guna sattva + dosha-body alignment vata/ear + deva-sattva alignment
hexagram_08,hexagram_nakshatra_resonance,nakshatra_anuradha,yijing_jyotish,hexagram_nakshatra_resonance.csv,0.75,false,shared element water + shared guna sattva + deva-sattva alignment
hexagram_08,hexagram_nakshatra_resonance,nakshatra_uttara_ashadha,yijing_jyotish,hexagram_nakshatra_resonance.csv,0.65,false,shared element earth + shared guna sattva
hexagram_08,hexagram_nakshatra_resonance,nakshatra_shravana,yijing_jyotish,hexagram_nakshatra_resonance.csv,0.55,false,shared guna sattva + dosha-body alignment vata/ear + deva-sattva alignment
hexagram_08,hexagram_nakshatra_resonance,nakshatra_uttara_bhadrapada,yijing_jyotish,hexagram_nakshatra_resonance.csv,0.65,false,shared element water + shared guna sattva
hexagram_08,hexagram_nakshatra_resonance,nakshatra_revati,yijing_jyotish,hexagram_nakshatra_resonance.csv,0.75,false,shared element water + shared guna sattva + deva-sattva alignment
hexagram_09,hexagram_nakshatra_resonance,nakshatra_punarvasu,yijing_jyotish,hexagram_nakshatra_resonance.csv,0.75,false,shared element air + shared guna sattva + deva-sattva alignment
hexagram_09,hexagram_nakshatra_resonance,nakshatra_hasta,yijing_jyotish,hexagram_nakshatra_resonance.csv,0.75,false,shared element air + shared guna sattva + deva-sattva alignment
hexagram_09,hexagram_nakshatra_resonance,nakshatra_swati,yijing_jyotish,hexagram_nakshatra_resonance.csv,0.45,false,shared element air + deva-sattva alignment
hexagram_09,hexagram_nakshatra_resonance,nakshatra_jyeshtha,yijing_jyotish,hexagram_nakshatra_resonance.csv,0.5,false,shared element air + dosha-body alignment pitta/head
hexagram_09,hexagram_nakshatra_resonance,nakshatra_shravana,yijing_jyotish,hexagram_nakshatra_resonance.csv,0.75,false,shared element air + shared guna sattva + deva-sattva alignment
hexagram_10,hexagram_nakshatra_resonance,nakshatra_rohini,yijing_jyotish,hexagram_nakshatra_resonance.csv,0.55,false,shared guna rajas + dosha-body alignment kapha/mouth + manushya-rajas alignment
hexagram_10,hexagram_nakshatra_resonance,nakshatra_ardra,yijing_jyotish,hexagram_nakshatra_resonance.csv,0.45,false,shared element water + manushya-rajas alignment
hexagram_10,hexagram_nakshatra_resonance,nakshatra_pushya,yijing_jyotish,hexagram_nakshatra_resonance.csv,0.5,false,shared element water + dosha-body alignment kapha/mouth
hexagram_10,hexagram_nakshatra_resonance,nakshatra_ashlesha,yijing_jyotish,hexagram_nakshatra_resonance.csv,0.5,false,shared element water + dosha-body alignment kapha/mouth
hexagram_10,hexagram_nakshatra_resonance,nakshatra_anuradha,yijing_jyotish,hexagram_nakshatra_resonance.csv,0.5,false,shared element water + dosha-body alignment kapha/mouth
hexagram_10,hexagram_nakshatra_resonance,nakshatra_purva_ashadha,yijing_jyotish,hexagram_nakshatra_resonance.csv,0.75,false,shared element water + shared guna rajas + manushya-rajas alignment
hexagram_10,hexagram_nakshatra_resonance,nakshatra_uttara_bhadrapada,yijing_jyotish,hexagram_nakshatra_resonance.csv,0.6,false,shared element water + dosha-body alignment kapha/mouth + manushya-rajas alignment
hexagram_10,hexagram_nakshatra_resonance,nakshatra_revati,yijing_jyotish,hexagram_nakshatra_resonance.csv,0.5,false,shared element water + dosha-body alignment kapha/mouth
hexagram_11,hexagram_nakshatra_resonance,nakshatra_bharani,yijing_jyotish,hexagram_nakshatra_resonance.csv,0.5,false,shared element earth + dosha-body alignment pitta/head
hexagram_11,hexagram_nakshatra_resonance,nakshatra_mrigashira,yijing_jyotish,hexagram_nakshatra_resonance.csv,0.45,false,shared element earth + deva-sattva alignment
hexagram_11,hexagram_nakshatra_resonance,nakshatra_purva_phalguni,yijing_jyotish,hexagram_nakshatra_resonance.csv,0.5,false,shared element earth + dosha-body alignment pitta/head
hexagram_11,hexagram_nakshatra_resonance,nakshatra_uttara_phalguni,yijing_jyotish,hexagram_nakshatra_resonance.csv,0.65,false,shared element earth + shared guna sattva
hexagram_11,hexagram_nakshatra_resonance,nakshatra_uttara_ashadha,yijing_jyotish,hexagram_nakshatra_resonance.csv,0.65,false,shared element earth + shared guna sattva
hexagram_12,hexagram_nakshatra_resonance,nakshatra_rohini,yijing_jyotish,hexagram_nakshatra_resonance.csv,0.5,false,shared element earth + dosha-body alignment kapha/belly
hexagram_12,hexagram_nakshatra_resonance,nakshatra_mrigashira,yijing_jyotish,hexagram_nakshatra_resonance.csv,0.65,false,shared element earth + shared guna tamas
hexagram_12,hexagram_nakshatra_resonance,nakshatra_ashlesha,yijing_jyotish,hexagram_nakshatra_resonance.csv,0.55,false,shared guna tamas + dosha-body alignment kapha/belly + rakshasa-tamas alignment
hexagram_12,hexagram_nakshatra_resonance,nakshatra_uttara_phalguni,yijing_jyotish,hexagram_nakshatra_resonance.csv,0.5,false,shared element earth + dosha-body alignment kapha/belly
hexagram_12,hexagram_nakshatra_resonance,nakshatra_uttara_ashadha,yijing_jyotish,hexagram_nakshatra_resonance.csv,0.5,false,shared element earth + dosha-body alignment kapha/belly
hexagram_13,hexagram_nakshatra_resonance,nakshatra_ashwini,yijing_jyotish,hexagram_nakshatra_resonance.csv,0.45,false,shared element fire + deva-sattva alignment
hexagram_13,hexagram_nakshatra_resonance,nakshatra_krittika,yijing_jyotish,hexagram_nakshatra_resonance.csv,0.5,false,shared element fire + dosha-body alignment pitta/eye
hexagram_13,hexagram_nakshatra_resonance,nakshatra_magha,yijing_jyotish,hexagram_nakshatra_resonance.csv,0.5,false,shared element fire + dosha-body alignment pitta/eye
hexagram_13,hexagram_nakshatra_resonance,nakshatra_chitra,yijing_jyotish,hexagram_nakshatra_resonance.csv,0.5,false,shared element fire + dosha-body alignment pitta/eye
hexagram_13,hexagram_nakshatra_resonance,nakshatra_vishakha,yijing_jyotish,hexagram_nakshatra_resonance.csv,0.5,false,shared element fire + dosha-body alignment pitta/eye
hexagram_13,hexagram_nakshatra_resonance,nakshatra_dhanishta,yijing_jyotish,hexagram_nakshatra_resonance.csv,0.5,false,shared element fire + dosha-body alignment pitta/eye
hexagram_13,hexagram_nakshatra_resonance,nakshatra_purva_bhadrapada,yijing_jyotish,hexagram_nakshatra_resonance.csv,0.5,false,shared element fire + dosha-body alignment pitta/eye
hexagram_14,hexagram_nakshatra_resonance,nakshatra_ashwini,yijing_jyotish,hexagram_nakshatra_resonance.csv,0.45,false,shared element fire + deva-sattva alignment
hexagram_14,hexagram_nakshatra_resonance,nakshatra_krittika,yijing_jyotish,hexagram_nakshatra_resonance.csv,0.5,false,shared element fire + dosha-body alignment pitta/head
hexagram_14,hexagram_nakshatra_resonance,nakshatra_magha,yijing_jyotish,hexagram_nakshatra_resonance.csv,0.5,false,shared element fire + dosha-body alignment pitta/head
hexagram_14,hexagram_nakshatra_resonance,nakshatra_chitra,yijing_jyotish,hexagram_nakshatra_resonance.csv,0.5,false,shared element fire + dosha-body alignment pitta/head
hexagram_14,hexagram_nakshatra_resonance,nakshatra_vishakha,yijing_jyotish,hexagram_nakshatra_resonance.csv,0.5,false,shared element fire + dosha-body alignment pitta/head
hexagram_14,hexagram_nakshatra_resonance,nakshatra_dhanishta,yijing_jyotish,hexagram_nakshatra_resonance.csv,0.5,false,shared element fire + dosha-body alignment pitta/head
hexagram_14,hexagram_nakshatra_resonance,nakshatra_purva_bhadrapada,yijing_jyotish,hexagram_nakshatra_resonance.csv,0.5,false,shared element fire + dosha-body alignment pitta/head
hexagram_15,hexagram_nakshatra_resonance,nakshatra_rohini,yijing_jyotish,hexagram_nakshatra_resonance.csv,0.5,false,shared element earth + dosha-body alignment kapha/hand
hexagram_15,hexagram_nakshatra_resonance,nakshatra_mrigashira,yijing_jyotish,hexagram_nakshatra_resonance.csv,0.45,false,shared element earth + deva-sattva alignment
hexagram_15,hexagram_nakshatra_resonance,nakshatra_pushya,yijing_jyotish,hexagram_nakshatra_resonance.csv,0.55,false,shared guna sattva + dosha-body alignment kapha/hand + deva-sattva alignment
hexagram_15,hexagram_nakshatra_resonance,nakshatra_uttara_phalguni,yijing_jyotish,hexagram_nakshatra_resonance.csv,0.8,false,shared element earth + shared guna sattva + dosha-body alignment kapha/hand
hexagram_15,hexagram_nakshatra_resonance,nakshatra_anuradha,yijing_jyotish,hexagram_nakshatra_resonance.csv,0.55,false,shared guna sattva + dosha-body alignment kapha/hand + deva-sattva alignment
hexagram_15,hexagram_nakshatra_resonance,nakshatra_uttara_ashadha,yijing_jyotish,hexagram_nakshatra_resonance.csv,0.8,false,shared element earth + shared guna sattva + dosha-body alignment kapha/hand
hexagram_15,hexagram_nakshatra_resonance,nakshatra_uttara_bhadrapada,yijing_jyotish,hexagram_nakshatra_resonance.csv,0.45,false,shared guna sattva + dosha-body alignment kapha/hand
hexagram_15,hexagram_nakshatra_resonance,nakshatra_revati,yijing_jyotish,hexagram_nakshatra_resonance.csv,0.55,false,shared guna sattva + dosha-body alignment kapha/hand + deva-sattva alignment
hexagram_16,hexagram_nakshatra_resonance,nakshatra_ashwini,yijing_jyotish,hexagram_nakshatra_resonance.csv,0.65,false,shared element fire + shared guna rajas
hexagram_16,hexagram_nakshatra_resonance,nakshatra_bharani,yijing_jyotish,hexagram_nakshatra_resonance.csv,0.75,false,shared element earth + shared guna rajas + manushya-rajas alignment
hexagram_16,hexagram_nakshatra_resonance,nakshatra_krittika,yijing_jyotish,hexagram_nakshatra_resonance.csv,0.65,false,shared element fire + shared guna rajas
hexagram_16,hexagram_nakshatra_resonance,nakshatra_rohini,yijing_jyotish,hexagram_nakshatra_resonance.csv,0.9,false,shared element earth + shared guna rajas + dosha-body alignment kapha/belly + manushya-rajas alignment
hexagram_16,hexagram_nakshatra_resonance,nakshatra_purva_phalguni,yijing_jyotish,hexagram_nakshatra_resonance.csv,0.75,false,shared element earth + shared guna rajas + manushya-rajas alignment
hexagram_16,hexagram_nakshatra_resonance,nakshatra_uttara_phalguni,yijing_jyotish,hexagram_nakshatra_resonance.csv,0.6,false,shared element earth + dosha-body alignment kapha/belly + manushya-rajas alignment
hexagram_16,hexagram_nakshatra_resonance,nakshatra_vishakha,yijing_jyotish,hexagram_nakshatra_resonance.csv,0.65,false,shared element fire + shared guna rajas
hexagram_16,hexagram_nakshatra_resonance,nakshatra_uttara_ashadha,yijing_jyotish,hexagram_nakshatra_resonance.csv,0.6,false,shared element earth + dosha-body alignment kapha/belly + manushya-rajas alignment
hexagram_16,hexagram_nakshatra_resonance,nakshatra_dhanishta,yijing_jyotish,hexagram_nakshatra_resonance.csv,0.65,false,shared element fire + shared guna rajas
hexagram_16,hexagram_nakshatra_resonance,nakshatra_purva_bhadrapada,yijing_jyotish,hexagram_nakshatra_resonance.csv,0.45,false,shared element fire + manushya-rajas alignment
hexagram_17,hexagram_nakshatra_resonance,nakshatra_ashwini,yijing_jyotish,hexagram_nakshatra_resonance.csv,0.8,false,shared element fire + shared guna rajas + dosha-body alignment vata/foot
hexagram_17,hexagram_nakshatra_resonance,nakshatra_krittika,yijing_jyotish,hexagram_nakshatra_resonance.csv,0.65,false,shared element fire + shared guna rajas
hexagram_17,hexagram_nakshatra_resonance,nakshatra_ardra,yijing_jyotish,hexagram_nakshatra_resonance.csv,0.6,false,shared element water + dosha-body alignment vata/foot + manushya-rajas alignment
hexagram_17,hexagram_nakshatra_resonance,nakshatra_swati,yijing_jyotish,hexagram_nakshatra_resonance.csv,0.45,false,shared guna rajas + dosha-body alignment vata/foot
hexagram_17,hexagram_nakshatra_resonance,nakshatra_vishakha,yijing_jyotish,hexagram_nakshatra_resonance.csv,0.65,false,shared element fire + shared guna rajas
hexagram_17,hexagram_nakshatra_resonance,nakshatra_purva_ashadha,yijing_jyotish,hexagram_nakshatra_resonance.csv,0.75,false,shared element water + shared guna rajas + manushya-rajas alignment
hexagram_17,hexagram_nakshatra_resonance,nakshatra_dhanishta,yijing_jyotish,hexagram_nakshatra_resonance.csv,0.65,false,shared element fire + shared guna rajas
hexagram_17,hexagram_nakshatra_resonance,nakshatra_purva_bhadrapada,yijing_jyotish,hexagram_nakshatra_resonance.csv,0.45,false,shared element fire + manushya-rajas alignment
hexagram_17,hexagram_nakshatra_resonance,nakshatra_uttara_bhadrapada,yijing_jyotish,hexagram_nakshatra_resonance.csv,0.45,false,shared element water + manushya-rajas alignment
hexagram_18,hexagram_nakshatra_resonance,nakshatra_ashwini,yijing_jyotish,hexagram_nakshatra_resonance.csv,0.45,false,shared guna rajas + dosha-body alignment vata/thigh
hexagram_18,hexagram_nakshatra_resonance,nakshatra_bharani,yijing_jyotish,hexagram_nakshatra_resonance.csv,0.75,false,shared element earth + shared guna rajas + manushya-rajas alignment
hexagram_18,hexagram_nakshatra_resonance,nakshatra_rohini,yijing_jyotish,hexagram_nakshatra_resonance.csv,0.75,false,shared element earth + shared guna rajas + manushya-rajas alignment
hexagram_18,hexagram_nakshatra_resonance,nakshatra_mrigashira,yijing_jyotish,hexagram_nakshatra_resonance.csv,0.5,false,shared element earth + dosha-body alignment vata/thigh
hexagram_18,hexagram_nakshatra_resonance,nakshatra_punarvasu,yijing_jyotish,hexagram_nakshatra_resonance.csv,0.5,false,shared element air + dosha-body alignment vata/thigh
hexagram_18,hexagram_nakshatra_resonance,nakshatra_purva_phalguni,yijing_jyotish,hexagram_nakshatra_resonance.csv,0.75,false,shared element earth + shared guna rajas + manushya-rajas alignment
hexagram_18,hexagram_nakshatra_resonance,nakshatra_uttara_phalguni,yijing_jyotish,hexagram_nakshatra_resonance.csv,0.45,false,shared element earth + manushya-rajas alignment
hexagram_18,hexagram_nakshatra_resonance,nakshatra_hasta,yijing_jyotish,hexagram_nakshatra_resonance.csv,0.5,false,shared element air + dosha-body alignment vata/thigh
hexagram_18,hexagram_nakshatra_resonance,nakshatra_swati,yijing_jyotish,hexagram_nakshatra_resonance.csv,0.8,false,shared element air + shared guna rajas + dosha-body alignment vata/thigh
hexagram_18,hexagram_nakshatra_resonance,nakshatra_mula,yijing_jyotish,hexagram_nakshatra_resonance.csv,0.5,false,shared element air + dosha-body alignment vata/thigh
hexagram_18,hexagram_nakshatra_resonance,nakshatra_uttara_ashadha,yijing_jyotish,hexagram_nakshatra_resonance.csv,0.45,false,shared element earth + manushya-rajas alignment
hexagram_18,hexagram_nakshatra_resonance,nakshatra_shravana,yijing_jyotish,hexagram_nakshatra_resonance.csv,0.5,false,shared element air + dosha-body alignment vata/thigh
hexagram_18,hexagram_nakshatra_resonance,nakshatra_shatabhisha,yijing_jyotish,hexagram_nakshatra_resonance.csv,0.5,false,shared element air + dosha-body alignment vata/thigh
hexagram_19,hexagram_nakshatra_resonance,nakshatra_rohini,yijing_jyotish,hexagram_nakshatra_resonance.csv,0.5,false,shared element earth + dosha-body alignment kapha/mouth
hexagram_19,hexagram_nakshatra_resonance,nakshatra_mrigashira,yijing_jyotish,hexagram_nakshatra_resonance.csv,0.45,false,shared element earth + deva-sattva alignment
hexagram_19,hexagram_nakshatra_resonance,nakshatra_pushya,yijing_jyotish,hexagram_nakshatra_resonance.csv,0.9,false,shared element water + shared guna sattva + dosha-body alignment kapha/mouth + deva-sattva alignment
hexagram_19,hexagram_nakshatra_resonance,nakshatra_ashlesha,yijing_jyotish,hexagram_nakshatra_resonance.csv,0.5,false,shared element water + dosha-body alignment kapha/mouth
hexagram_19,hexagram_nakshatra_resonance,nakshatra_uttara_phalguni,yijing_jyotish,hexagram_nakshatra_resonance.csv,0.8,false,shared element earth + shared guna sattva + dosha-body alignment kapha/mouth
hexagram_19,hexagram_nakshatra_resonance,nakshatra_anuradha,yijing_jyotish,hexagram_nakshatra_resonance.csv,0.9,false,shared element water + shared guna sattva + dosha-body alignment kapha/mouth + deva-sattva alignment
hexagram_19,hexagram_nakshatra_resonance,nakshatra_uttara_ashadha,yijing_jyotish,hexagram_nakshatra_resonance.csv,0.8,false,shared element earth + shared guna sattva + dosha-body alignment kapha/mouth
hexagram_19,hexagram_nakshatra_resonance,nakshatra_uttara_bhadrapada,yijing_jyotish,hexagram_nakshatra_resonance.csv,0.8,false,shared element water + shared guna sattva + dosha-body alignment kapha/mouth
hexagram_19,hexagram_nakshatra_resonance,nakshatra_revati,yijing_jyotish,hexagram_nakshatra_resonance.csv,0.9,false,shared element water + shared guna sattva + dosha-body alignment kapha/mouth + deva-sattva alignment
hexagram_20,hexagram_nakshatra_resonance,nakshatra_rohini,yijing_jyotish,hexagram_nakshatra_resonance.csv,0.5,false,shared element earth + dosha-body alignment kapha/belly
hexagram_20,hexagram_nakshatra_resonance,nakshatra_mrigashira,yijing_jyotish,hexagram_nakshatra_resonance.csv,0.45,false,shared element earth + deva-sattva alignment
hexagram_20,hexagram_nakshatra_resonance,nakshatra_punarvasu,yijing_jyotish,hexagram_nakshatra_resonance.csv,0.75,false,shared element air + shared guna sattva + deva-sattva alignment
hexagram_20,hexagram_nakshatra_resonance,nakshatra_pushya,yijing_jyotish,hexagram_nakshatra_resonance.csv,0.55,false,shared guna sattva + dosha-body alignment kapha/belly + deva-sattva alignment
hexagram_20,hexagram_nakshatra_resonance,nakshatra_uttara_phalguni,yijing_jyotish,hexagram_nakshatra_resonance.csv,0.8,false,shared element earth + shared guna sattva + dosha-body alignment kapha/belly
hexagram_20,hexagram_nakshatra_resonance,nakshatra_hasta,yijing_jyotish,hexagram_nakshatra_resonance.csv,0.75,false,shared element air + shared guna sattva + deva-sattva alignment
hexagram_20,hexagram_nakshatra_resonance,nakshatra_swati,yijing_jyotish,hexagram_nakshatra_resonance.csv,0.45,false,shared element air + deva-sattva alignment
hexagram_20,hexagram_nakshatra_resonance,nakshatra_anuradha,yijing_jyotish,hexagram_nakshatra_resonance.csv,0.55,false,shared guna sattva + dosha-body alignment kapha/belly + deva-sattva alignment
hexagram_20,hexagram_nakshatra_resonance,nakshatra_uttara_ashadha,yijing_jyotish,hexagram_nakshatra_resonance.csv,0.8,false,shared element earth + shared guna sattva + dosha-body alignment kapha/belly
hexagram_20,hexagram_nakshatra_resonance,nakshatra_shravana,yijing_jyotish,hexagram_nakshatra_resonance.csv,0.75,false,shared element air + shared guna sattva + deva-sattva alignment
hexagram_20,hexagram_nakshatra_resonance,nakshatra_uttara_bhadrapada,yijing_jyotish,hexagram_nakshatra_resonance.csv,0.45,false,shared guna sattva + dosha-body alignment kapha/belly
hexagram_20,hexagram_nakshatra_resonance,nakshatra_revati,yijing_jyotish,hexagram_nakshatra_resonance.csv,0.55,false,shared guna sattva + dosha-body alignment kapha/belly + deva-sattva alignment
hexagram_21,hexagram_nakshatra_resonance,nakshatra_ashwini,yijing_jyotish,hexagram_nakshatra_resonance.csv,0.8,false,shared element fire + shared guna rajas + dosha-body alignment vata/foot
hexagram_21,hexagram_nakshatra_resonance,nakshatra_krittika,yijing_jyotish,hexagram_nakshatra_resonance.csv,0.65,false,shared element fire + shared guna rajas
hexagram_21,hexagram_nakshatra_resonance,nakshatra_swati,yijing_jyotish,hexagram_nakshatra_resonance.csv,0.45,false,shared guna rajas + dosha-body alignment vata/foot
hexagram_21,hexagram_nakshatra_resonance,nakshatra_vishakha,yijing_jyotish,hexagram_nakshatra_resonance.csv,0.65,false,shared element fire + shared guna rajas
hexagram_21,hexagram_nakshatra_resonance,nakshatra_dhanishta,yijing_jyotish,hexagram_nakshatra_resonance.csv,0.65,false,shared element fire + shared guna rajas
hexagram_21,hexagram_nakshatra_resonance,nakshatra_purva_bhadrapada,yijing_jyotish,hexagram_nakshatra_resonance.csv,0.45,false,shared element fire + manushya-rajas alignment
hexagram_22,hexagram_nakshatra_resonance,nakshatra_ashwini,yijing_jyotish,hexagram_nakshatra_resonance.csv,0.45,false,shared element fire + deva-sattva alignment
hexagram_22,hexagram_nakshatra_resonance,nakshatra_bharani,yijing_jyotish,hexagram_nakshatra_resonance.csv,0.5,false,shared element earth + dosha-body alignment pitta/eye
hexagram_22,hexagram_nakshatra_resonance,nakshatra_krittika,yijing_jyotish,hexagram_nakshatra_resonance.csv,0.5,false,shared element fire + dosha-body alignment pitta/eye
hexagram_22,hexagram_nakshatra_resonance,nakshatra_mrigashira,yijing_jyotish,hexagram_nakshatra_resonance.csv,0.45,false,shared element earth + deva-sattva alignment
hexagram_22,hexagram_nakshatra_resonance,nakshatra_magha,yijing_jyotish,hexagram_nakshatra_resonance.csv,0.5,false,shared element fire + dosha-body alignment pitta/eye
hexagram_22,hexagram_nakshatra_resonance,nakshatra_purva_phalguni,yijing_jyotish,hexagram_nakshatra_resonance.csv,0.5,false,shared element earth + dosha-body alignment pitta/eye
hexagram_22,hexagram_nakshatra_resonance,nakshatra_uttara_phalguni,yijing_jyotish,hexagram_nakshatra_resonance.csv,0.65,false,shared element earth + shared guna sattva
hexagram_22,hexagram_nakshatra_resonance,nakshatra_chitra,yijing_jyotish,hexagram_nakshatra_resonance.csv,0.5,false,shared element fire + dosha-body alignment pitta/eye
hexagram_22,hexagram_nakshatra_resonance,nakshatra_vishakha,yijing_jyotish,hexagram_nakshatra_resonance.csv,0.5,false,shared element fire + dosha-body alignment pitta/eye
hexagram_22,hexagram_nakshatra_resonance,nakshatra_uttara_ashadha,yijing_jyotish,hexagram_nakshatra_resonance.csv,0.65,false,shared element earth + shared guna sattva
hexagram_22,hexagram_nakshatra_resonance,nakshatra_dhanishta,yijing_jyotish,hexagram_nakshatra_resonance.csv,0.5,false,shared element fire + dosha-body alignment pitta/eye
hexagram_22,hexagram_nakshatra_resonance,nakshatra_purva_bhadrapada,yijing_jyotish,hexagram_nakshatra_resonance.csv,0.5,false,shared element fire + dosha-body alignment pitta/eye
hexagram_23,hexagram_nakshatra_resonance,nakshatra_rohini,yijing_jyotish,hexagram_nakshatra_resonance.csv,0.5,false,shared element earth + dosha-body alignment kapha/belly
hexagram_23,hexagram_nakshatra_resonance,nakshatra_mrigashira,yijing_jyotish,hexagram_nakshatra_resonance.csv,0.65,false,shared element earth + shared guna tamas
hexagram_23,hexagram_nakshatra_resonance,nakshatra_ashlesha,yijing_jyotish,hexagram_nakshatra_resonance.csv,0.55,false,shared guna tamas + dosha-body alignment kapha/belly + rakshasa-tamas alignment
hexagram_23,hexagram_nakshatra_resonance,nakshatra_uttara_phalguni,yijing_jyotish,hexagram_nakshatra_resonance.csv,0.5,false,shared element earth + dosha-body alignment kapha/belly
hexagram_23,hexagram_nakshatra_resonance,nakshatra_uttara_ashadha,yijing_jyotish,hexagram_nakshatra_resonance.csv,0.5,false,shared element earth + dosha-body alignment kapha/belly
hexagram_24,hexagram_nakshatra_resonance,nakshatra_ashwini,yijing_jyotish,hexagram_nakshatra_resonance.csv,0.6,false,shared element fire + dosha-body alignment vata/foot + deva-sattva alignment
hexagram_24,hexagram_nakshatra_resonance,nakshatra_mrigashira,yijing_jyotish,hexagram_nakshatra_resonance.csv,0.6,false,shared element earth + dosha-body alignment vata/foot + deva-sattva alignment
hexagram_24,hexagram_nakshatra_resonance,nakshatra_punarvasu,yijing_jyotish,hexagram_nakshatra_resonance.csv,0.55,false,shared guna sattva + dosha-body alignment vata/foot + deva-sattva alignment
hexagram_24,hexagram_nakshatra_resonance,nakshatra_uttara_phalguni,yijing_jyotish,hexagram_nakshatra_resonance.csv,0.65,false,shared element earth + shared guna sattva
hexagram_24,hexagram_nakshatra_resonance,nakshatra_hasta,yijing_jyotish,hexagram_nakshatra_resonance.csv,0.55,false,shared guna sattva + dosha-body alignment vata/foot + deva-sattva alignment
hexagram_24,hexagram_nakshatra_resonance,nakshatra_uttara_ashadha,yijing_jyotish,hexagram_nakshatra_resonance.csv,0.65,false,shared element earth + shared guna sattva
hexagram_24,hexagram_nakshatra_resonance,nakshatra_shravana,yijing_jyotish,hexagram_nakshatra_resonance.csv,0.55,false,shared guna sattva + dosha-body alignment vata/foot + deva-sattva alignment
hexagram_25,hexagram_nakshatra_resonance,nakshatra_ashwini,yijing_jyotish,hexagram_nakshatra_resonance.csv,0.6,false,shared element fire + dosha-body alignment vata/foot + deva-sattva alignment
hexagram_25,hexagram_nakshatra_resonance,nakshatra_punarvasu,yijing_jyotish,hexagram_nakshatra_resonance.csv,0.55,false,shared guna sattva + dosha-body alignment vata/foot + deva-sattva alignment
hexagram_25,hexagram_nakshatra_resonance,nakshatra_hasta,yijing_jyotish,hexagram_nakshatra_resonance.csv,0.55,false,shared guna sattva + dosha-body alignment vata/foot + deva-sattva alignment
hexagram_25,hexagram_nakshatra_resonance,nakshatra_shravana,yijing_jyotish,hexagram_nakshatra_resonance.csv,0.55,false,shared guna sattva + dosha-body alignment vata/foot + deva-sattva alignment
hexagram_26,hexagram_nakshatra_resonance,nakshatra_bharani,yijing_jyotish,hexagram_nakshatra_resonance.csv,0.5,false,shared element earth + dosha-body alignment pitta/head
hexagram_26,hexagram_nakshatra_resonance,nakshatra_mrigashira,yijing_jyotish,hexagram_nakshatra_resonance.csv,0.45,false,shared element earth + deva-sattva alignment
hexagram_26,hexagram_nakshatra_resonance,nakshatra_purva_phalguni,yijing_jyotish,hexagram_nakshatra_resonance.csv,0.5,false,shared element earth + dosha-body alignment pitta/head
hexagram_26,hexagram_nakshatra_resonance,nakshatra_uttara_phalguni,yijing_jyotish,hexagram_nakshatra_resonance.csv,0.65,false,shared element earth + shared guna sattva
hexagram_26,hexagram_nakshatra_resonance,nakshatra_uttara_ashadha,yijing_jyotish,hexagram_nakshatra_resonance.csv,0.65,false,shared element earth + shared guna sattva
hexagram_27,hexagram_nakshatra_resonance,nakshatra_ashwini,yijing_jyotish,hexagram_nakshatra_resonance.csv,0.6,false,shared element fire + dosha-body alignment vata/foot + deva-sattva alignment
hexagram_27,hexagram_nakshatra_resonance,nakshatra_mrigashira,yijing_jyotish,hexagram_nakshatra_resonance.csv,0.6,false,shared element earth + dosha-body alignment vata/foot + deva-sattva alignment
hexagram_27,hexagram_nakshatra_resonance,nakshatra_punarvasu,yijing_jyotish,hexagram_nakshatra_resonance.csv,0.55,false,shared guna sattva + dosha-body alignment vata/foot + deva-sattva alignment
hexagram_27,hexagram_nakshatra_resonance,nakshatra_uttara_phalguni,yijing_jyotish,hexagram_nakshatra_resonance.csv,0.65,false,shared element earth + shared guna sattva
hexagram_27,hexagram_nakshatra_resonance,nakshatra_hasta,yijing_jyotish,hexagram_nakshatra_resonance.csv,0.55,false,shared guna sattva + dosha-body alignment vata/foot + deva-sattva alignment
hexagram_27,hexagram_nakshatra_resonance,nakshatra_uttara_ashadha,yijing_jyotish,hexagram_nakshatra_resonance.csv,0.65,false,shared element earth + shared guna sattva
hexagram_27,hexagram_nakshatra_resonance,nakshatra_shravana,yijing_jyotish,hexagram_nakshatra_resonance.csv,0.55,false,shared guna sattva + dosha-body alignment vata/foot + deva-sattva alignment
hexagram_28,hexagram_nakshatra_resonance,nakshatra_ashwini,yijing_jyotish,hexagram_nakshatra_resonance.csv,0.45,false,shared guna rajas + dosha-body alignment vata/thigh
hexagram_28,hexagram_nakshatra_resonance,nakshatra_ardra,yijing_jyotish,hexagram_nakshatra_resonance.csv,0.6,false,shared element water + dosha-body alignment vata/thigh + manushya-rajas alignment
hexagram_28,hexagram_nakshatra_resonance,nakshatra_punarvasu,yijing_jyotish,hexagram_nakshatra_resonance.csv,0.5,false,shared element air + dosha-body alignment vata/thigh
hexagram_28,hexagram_nakshatra_resonance,nakshatra_hasta,yijing_jyotish,hexagram_nakshatra_resonance.csv,0.5,false,shared element air + dosha-body alignment vata/thigh
hexagram_28,hexagram_nakshatra_resonance,nakshatra_swati,yijing_jyotish,hexagram_nakshatra_resonance.csv,0.8,false,shared element air + shared guna rajas + dosha-body alignment vata/thigh
hexagram_28,hexagram_nakshatra_resonance,nakshatra_mula,yijing_jyotish,hexagram_nakshatra_resonance.csv,0.5,false,shared element air + dosha-body alignment vata/thigh
hexagram_28,hexagram_nakshatra_resonance,nakshatra_purva_ashadha,yijing_jyotish,hexagram_nakshatra_resonance.csv,0.75,false,shared element water + shared guna rajas + manushya-rajas alignment
hexagram_28,hexagram_nakshatra_resonance,nakshatra_shravana,yijing_jyotish,hexagram_nakshatra_resonance.csv,0.5,false,shared element air + dosha-body alignment vata/thigh
hexagram_28,hexagram_nakshatra_resonance,nakshatra_shatabhisha,yijing_jyotish,hexagram_nakshatra_resonance.csv,0.5,false,shared element air + dosha-body alignment vata/thigh
hexagram_28,hexagram_nakshatra_resonance,nakshatra_uttara_bhadrapada,yijing_jyotish,hexagram_nakshatra_resonance.csv,0.45,false,shared element water + manushya-rajas alignment
hexagram_29,hexagram_nakshatra_resonance,nakshatra_mrigashira,yijing_jyotish,hexagram_nakshatra_resonance.csv,0.45,false,shared guna tamas + dosha-body alignment vata/ear
hexagram_29,hexagram_nakshatra_resonance,nakshatra_ardra,yijing_jyotish,hexagram_nakshatra_resonance.csv,0.8,false,shared element water + shared guna tamas + dosha-body alignment vata/ear
hexagram_29,hexagram_nakshatra_resonance,nakshatra_ashlesha,yijing_jyotish,hexagram_nakshatra_resonance.csv,0.75,false,shared element water + shared guna tamas + rakshasa-tamas alignment
hexagram_29,hexagram_nakshatra_resonance,nakshatra_mula,yijing_jyotish,hexagram_nakshatra_resonance.csv,0.55,false,shared guna tamas + dosha-body alignment vata/ear + rakshasa-tamas alignment
hexagram_29,hexagram_nakshatra_resonance,nakshatra_shatabhisha,yijing_jyotish,hexagram_nakshatra_resonance.csv,0.55,false,shared guna tamas + dosha-body alignment vata/ear + rakshasa-tamas alignment
hexagram_30,hexagram_nakshatra_resonance,nakshatra_ashwini,yijing_jyotish,hexagram_nakshatra_resonance.csv,0.65,false,shared element fire + shared guna rajas
hexagram_30,hexagram_nakshatra_resonance,nakshatra_bharani,yijing_jyotish,hexagram_nakshatra_resonance.csv,0.55,false,shared guna rajas + dosha-body alignment pitta/eye + manushya-rajas alignment
hexagram_30,hexagram_nakshatra_resonance,nakshatra_krittika,yijing_jyotish,hexagram_nakshatra_resonance.csv,0.8,false,shared element fire + shared guna rajas + dosha-body alignment pitta/eye
hexagram_30,hexagram_nakshatra_resonance,nakshatra_magha,yijing_jyotish,hexagram_nakshatra_resonance.csv,0.5,false,shared element fire + dosha-body alignment pitta/eye
hexagram_30,hexagram_nakshatra_resonance,nakshatra_purva_phalguni,yijing_jyotish,hexagram_nakshatra_resonance.csv,0.55,false,shared guna rajas + dosha-body alignment pitta/eye + manushya-rajas alignment
hexagram_30,hexagram_nakshatra_resonance,nakshatra_chitra,yijing_jyotish,hexagram_nakshatra_resonance.csv,0.5,false,shared element fire + dosha-body alignment pitta/eye
hexagram_30,hexagram_nakshatra_resonance,nakshatra_vishakha,yijing_jyotish,hexagram_nakshatra_resonance.csv,0.8,false,shared element fire + shared guna rajas + dosha-body alignment pitta/eye
hexagram_30,hexagram_nakshatra_resonance,nakshatra_purva_ashadha,yijing_jyotish,hexagram_nakshatra_resonance.csv,0.55,false,shared guna rajas + dosha-body alignment pitta/eye + manushya-rajas alignment
hexagram_30,hexagram_nakshatra_resonance,nakshatra_dhanishta,yijing_jyotish,hexagram_nakshatra_resonance.csv,0.8,false,shared element fire + shared guna rajas + dosha-body alignment pitta/eye
hexagram_30,hexagram_nakshatra_resonance,nakshatra_purva_bhadrapada,yijing_jyotish,hexagram_nakshatra_resonance.csv,0.6,false,shared element fire + dosha-body alignment pitta/eye + manushya-rajas alignment
hexagram_31,hexagram_nakshatra_resonance,nakshatra_rohini,yijing_jyotish,hexagram_nakshatra_resonance.csv,0.5,false,shared element earth + dosha-body alignment kapha/hand
hexagram_31,hexagram_nakshatra_resonance,nakshatra_mrigashira,yijing_jyotish,hexagram_nakshatra_resonance.csv,0.45,false,shared element earth + deva-sattva alignment
hexagram_31,hexagram_nakshatra_resonance,nakshatra_pushya,yijing_jyotish,hexagram_nakshatra_resonance.csv,0.9,false,shared element water + shared guna sattva + dosha-body alignment kapha/hand + deva-sattva alignment
hexagram_31,hexagram_nakshatra_resonance,nakshatra_ashlesha,yijing_jyotish,hexagram_nakshatra_resonance.csv,0.5,false,shared element water + dosha-body alignment kapha/hand
hexagram_31,hexagram_nakshatra_resonance,nakshatra_uttara_phalguni,yijing_jyotish,hexagram_nakshatra_resonance.csv,0.8,false,shared element earth + shared guna sattva + dosha-body alignment kapha/hand
hexagram_31,hexagram_nakshatra_resonance,nakshatra_anuradha,yijing_jyotish,hexagram_nakshatra_resonance.csv,0.9,false,shared element water + shared guna sattva + dosha-body alignment kapha/hand + deva-sattva alignment
hexagram_31,hexagram_nakshatra_resonance,nakshatra_uttara_ashadha,yijing_jyotish,hexagram_nakshatra_resonance.csv,0.8,false,shared element earth + shared guna sattva + dosha-body alignment kapha/hand
hexagram_31,hexagram_nakshatra_resonance,nakshatra_uttara_bhadrapada,yijing_jyotish,hexagram_nakshatra_resonance.csv,0.8,false,shared element water + shared guna sattva + dosha-body alignment kapha/hand
hexagram_31,hexagram_nakshatra_resonance,nakshatra_revati,yijing_jyotish,hexagram_nakshatra_resonance.csv,0.9,false,shared element water + shared guna sattva + dosha-body alignment kapha/hand + deva-sattva alignment
hexagram_32,hexagram_nakshatra_resonance,nakshatra_ashwini,yijing_jyotish,hexagram_nakshatra_resonance.csv,0.6,false,shared element fire + dosha-body alignment vata/thigh + deva-sattva alignment
hexagram_32,hexagram_nakshatra_resonance,nakshatra_punarvasu,yijing_jyotish,hexagram_nakshatra_resonance.csv,0.9,false,shared element air + shared guna sattva + dosha-body alignment vata/thigh + deva-sattva alignment
hexagram_32,hexagram_nakshatra_resonance,nakshatra_hasta,yijing_jyotish,hexagram_nakshatra_resonance.csv,0.9,false,shared element air + shared guna sattva + dosha-body alignment vata/thigh + deva-sattva alignment
hexagram_32,hexagram_nakshatra_resonance,nakshatra_swati,yijing_jyotish,hexagram_nakshatra_resonance.csv,0.6,false,shared element air + dosha-body alignment vata/thigh + deva-sattva alignment
hexagram_32,hexagram_nakshatra_resonance,nakshatra_mula,yijing_jyotish,hexagram_nakshatra_resonance.csv,0.5,false,shared element air + dosha-body alignment vata/thigh
hexagram_32,hexagram_nakshatra_resonance,nakshatra_shravana,yijing_jyotish,hexagram_nakshatra_resonance.csv,0.9,false,shared element air + shared guna sattva + dosha-body alignment vata/thigh + deva-sattva alignment
hexagram_32,hexagram_nakshatra_resonance,nakshatra_shatabhisha,yijing_jyotish,hexagram_nakshatra_resonance.csv,0.5,false,shared element air + dosha-body alignment vata/thigh
hexagram_33,hexagram_nakshatra_resonance,nakshatra_rohini,yijing_jyotish,hexagram_nakshatra_resonance.csv,0.5,false,shared element earth + dosha-body alignment kapha/hand
hexagram_33,hexagram_nakshatra_resonance,nakshatra_mrigashira,yijing_jyotish,hexagram_nakshatra_resonance.csv,0.45,false,shared element earth + deva-sattva alignment
hexagram_33,hexagram_nakshatra_resonance,nakshatra_pushya,yijing_jyotish,hexagram_nakshatra_resonance.csv,0.55,false,shared guna sattva + dosha-body alignment kapha/hand + deva-sattva alignment
hexagram_33,hexagram_nakshatra_resonance,nakshatra_uttara_phalguni,yijing_jyotish,hexagram_nakshatra_resonance.csv,0.8,false,shared element earth + shared guna sattva + dosha-body alignment kapha/hand
hexagram_33,hexagram_nakshatra_resonance,nakshatra_anuradha,yijing_jyotish,hexagram_nakshatra_resonance.csv,0.55,false,shared guna sattva + dosha-body alignment kapha/hand + deva-sattva alignment
hexagram_33,hexagram_nakshatra_resonance,nakshatra_uttara_ashadha,yijing_jyotish,hexagram_nakshatra_resonance.csv,0.8,false,shared element earth + shared guna sattva + dosha-body alignment kapha/hand
hexagram_33,hexagram_nakshatra_resonance,nakshatra_uttara_bhadrapada,yijing_jyotish,hexagram_nakshatra_resonance.csv,0.45,false,shared guna sattva + dosha-body alignment kapha/hand
hexagram_33,hexagram_nakshatra_resonance,nakshatra_revati,yijing_jyotish,hexagram_nakshatra_resonance.csv,0.55,false,shared guna sattva + dosha-body alignment kapha/hand + deva-sattva alignment
hexagram_34,hexagram_nakshatra_resonance,nakshatra_ashwini,yijing_jyotish,hexagram_nakshatra_resonance.csv,0.65,false,shared element fire + shared guna rajas
hexagram_34,hexagram_nakshatra_resonance,nakshatra_bharani,yijing_jyotish,hexagram_nakshatra_resonance.csv,0.55,false,shared guna rajas + dosha-body alignment pitta/head + manushya-rajas alignment
hexagram_34,hexagram_nakshatra_resonance,nakshatra_krittika,yijing_jyotish,hexagram_nakshatra_resonance.csv,0.8,false,shared element fire + shared guna rajas + dosha-body alignment pitta/head
hexagram_34,hexagram_nakshatra_resonance,nakshatra_magha,yijing_jyotish,hexagram_nakshatra_resonance.csv,0.5,false,shared element fire + dosha-body alignment pitta/head
hexagram_34,hexagram_nakshatra_resonance,nakshatra_purva_phalguni,yijing_jyotish,hexagram_nakshatra_resonance.csv,0.55,false,shared guna rajas + dosha-body alignment pitta/head + manushya-rajas alignment
hexagram_34,hexagram_nakshatra_resonance,nakshatra_chitra,yijing_jyotish,hexagram_nakshatra_resonance.csv,0.5,false,shared element fire + dosha-body alignment pitta/head
hexagram_34,hexagram_nakshatra_resonance,nakshatra_vishakha,yijing_jyotish,hexagram_nakshatra_resonance.csv,0.8,false,shared element fire + shared guna rajas + dosha-body alignment pitta/head
hexagram_34,hexagram_nakshatra_resonance,nakshatra_purva_ashadha,yijing_jyotish,hexagram_nakshatra_resonance.csv,0.55,false,shared guna rajas + dosha-body alignment pitta/head + manushya-rajas alignment
hexagram_34,hexagram_nakshatra_resonance,nakshatra_dhanishta,yijing_jyotish,hexagram_nakshatra_resonance.csv,0.8,false,shared element fire + shared guna rajas + dosha-body alignment pitta/head
hexagram_34,hexagram_nakshatra_resonance,nakshatra_purva_bhadrapada,yijing_jyotish,hexagram_nakshatra_resonance.csv,0.6,false,shared element fire + dosha-body alignment pitta/head + manushya-rajas alignment
hexagram_35,hexagram_nakshatra_resonance,nakshatra_ashwini,yijing_jyotish,hexagram_nakshatra_resonance.csv,0.65,false,shared element fire + shared guna rajas
hexagram_35,hexagram_nakshatra_resonance,nakshatra_bharani,yijing_jyotish,hexagram_nakshatra_resonance.csv,0.75,false,shared element earth + shared guna rajas + manushya-rajas alignment
hexagram_35,hexagram_nakshatra_resonance,nakshatra_krittika,yijing_jyotish,hexagram_nakshatra_resonance.csv,0.65,false,shared element fire + shared guna rajas
hexagram_35,hexagram_nakshatra_resonance,nakshatra_rohini,yijing_jyotish,hexagram_nakshatra_resonance.csv,0.9,false,shared element earth + shared guna rajas + dosha-body alignment kapha/belly + manushya-rajas alignment
hexagram_35,hexagram_nakshatra_resonance,nakshatra_purva_phalguni,yijing_jyotish,hexagram_nakshatra_resonance.csv,0.75,false,shared element earth + shared guna rajas + manushya-rajas alignment
hexagram_35,hexagram_nakshatra_resonance,nakshatra_uttara_phalguni,yijing_jyotish,hexagram_nakshatra_resonance.csv,0.6,false,shared element earth + dosha-body alignment kapha/belly + manushya-rajas alignment
hexagram_35,hexagram_nakshatra_resonance,nakshatra_vishakha,yijing_jyotish,hexagram_nakshatra_resonance.csv,0.65,false,shared element fire + shared guna rajas
hexagram_35,hexagram_nakshatra_resonance,nakshatra_uttara_ashadha,yijing_jyotish,hexagram_nakshatra_resonance.csv,0.6,false,shared element earth + dosha-body alignment kapha/belly + manushya-rajas alignment
hexagram_35,hexagram_nakshatra_resonance,nakshatra_dhanishta,yijing_jyotish,hexagram_nakshatra_resonance.csv,0.65,false,shared element fire + shared guna rajas
hexagram_35,hexagram_nakshatra_resonance,nakshatra_purva_bhadrapada,yijing_jyotish,hexagram_nakshatra_resonance.csv,0.45,false,shared element fire + manushya-rajas alignment
hexagram_36,hexagram_nakshatra_resonance,nakshatra_bharani,yijing_jyotish,hexagram_nakshatra_resonance.csv,0.5,false,shared element earth + dosha-body alignment pitta/eye
hexagram_36,hexagram_nakshatra_resonance,nakshatra_krittika,yijing_jyotish,hexagram_nakshatra_resonance.csv,0.6,false,shared element fire + dosha-body alignment pitta/eye + rakshasa-tamas alignment
hexagram_36,hexagram_nakshatra_resonance,nakshatra_mrigashira,yijing_jyotish,hexagram_nakshatra_resonance.csv,0.65,false,shared element earth + shared guna tamas
hexagram_36,hexagram_nakshatra_resonance,nakshatra_magha,yijing_jyotish,hexagram_nakshatra_resonance.csv,0.9,false,shared element fire + shared guna tamas + dosha-body alignment pitta/eye + rakshasa-tamas alignment
hexagram_36,hexagram_nakshatra_resonance,nakshatra_purva_phalguni,yijing_jyotish,hexagram_nakshatra_resonance.csv,0.5,false,shared element earth + dosha-body alignment pitta/eye
hexagram_36,hexagram_nakshatra_resonance,nakshatra_chitra,yijing_jyotish,hexagram_nakshatra_resonance.csv,0.9,false,shared element fire + shared guna tamas + dosha-body alignment pitta/eye + rakshasa-tamas alignment
hexagram_36,hexagram_nakshatra_resonance,nakshatra_vishakha,yijing_jyotish,hexagram_nakshatra_resonance.csv,0.6,false,shared element fire + dosha-body alignment pitta/eye + rakshasa-tamas alignment
hexagram_36,hexagram_nakshatra_resonance,nakshatra_jyeshtha,yijing_jyotish,hexagram_nakshatra_resonance.csv,0.55,false,shared guna tamas + dosha-body alignment pitta/eye + rakshasa-tamas alignment
hexagram_36,hexagram_nakshatra_resonance,nakshatra_dhanishta,yijing_jyotish,hexagram_nakshatra_resonance.csv,0.6,false,shared element fire + dosha-body alignment pitta/eye + rakshasa-tamas alignment
hexagram_36,hexagram_nakshatra_resonance,nakshatra_purva_bhadrapada,yijing_jyotish,hexagram_nakshatra_resonance.csv,0.8,false,shared element fire + shared guna tamas + dosha-body alignment pitta/eye
hexagram_37,hexagram_nakshatra_resonance,nakshatra_ashwini,yijing_jyotish,hexagram_nakshatra_resonance.csv,0.45,false,shared element fire + deva-sattva alignment
hexagram_37,hexagram_nakshatra_resonance,nakshatra_krittika,yijing_jyotish,hexagram_nakshatra_resonance.csv,0.5,false,shared element fire + dosha-body alignment pitta/eye
hexagram_37,hexagram_nakshatra_resonance,nakshatra_punarvasu,yijing_jyotish,hexagram_nakshatra_resonance.csv,0.75,false,shared element air + shared guna sattva + deva-sattva alignment
hexagram_37,hexagram_nakshatra_resonance,nakshatra_magha,yijing_jyotish,hexagram_nakshatra_resonance.csv,0.5,false,shared element fire + dosha-body alignment pitta/eye
hexagram_37,hexagram_nakshatra_resonance,nakshatra_hasta,yijing_jyotish,hexagram_nakshatra_resonance.csv,0.75,false,shared element air + shared guna sattva + deva-sattva alignment
hexagram_37,hexagram_nakshatra_resonance,nakshatra_chitra,yijing_jyotish,hexagram_nakshatra_resonance.csv,0.5,false,shared element fire + dosha-body alignment pitta/eye
hexagram_37,hexagram_nakshatra_resonance,nakshatra_swati,yijing_jyotish,hexagram_nakshatra_resonance.csv,0.45,false,shared element air + deva-sattva alignment
hexagram_37,hexagram_nakshatra_resonance,nakshatra_vishakha,yijing_jyotish,hexagram_nakshatra_resonance.csv,0.5,false,shared element fire + dosha-body alignment pitta/eye
hexagram_37,hexagram_nakshatra_resonance,nakshatra_jyeshtha,yijing_jyotish,hexagram_nakshatra_resonance.csv,0.5,false,shared element air + dosha-body alignment pitta/eye
hexagram_37,hexagram_nakshatra_resonance,nakshatra_shravana,yijing_jyotish,hexagram_nakshatra_resonance.csv,0.75,false,shared element air + shared guna sattva + deva-sattva alignment
hexagram_37,hexagram_nakshatra_resonance,nakshatra_dhanishta,yijing_jyotish,hexagram_nakshatra_resonance.csv,0.5,false,shared element fire + dosha-body alignment pitta/eye
hexagram_37,hexagram_nakshatra_resonance,nakshatra_purva_bhadrapada,yijing_jyotish,hexagram_nakshatra_resonance.csv,0.5,false,shared element fire + dosha-body alignment pitta/eye
hexagram_38,hexagram_nakshatra_resonance,nakshatra_ashwini,yijing_jyotish,hexagram_nakshatra_resonance.csv,0.65,false,shared element fire + shared guna rajas
hexagram_38,hexagram_nakshatra_resonance,nakshatra_krittika,yijing_jyotish,hexagram_nakshatra_resonance.csv,0.65,false,shared element fire + shared guna rajas
hexagram_38,hexagram_nakshatra_resonance,nakshatra_rohini,yijing_jyotish,hexagram_nakshatra_resonance.csv,0.55,false,shared guna rajas + dosha-body alignment kapha/mouth + manushya-rajas alignment
hexagram_38,hexagram_nakshatra_resonance,nakshatra_ardra,yijing_jyotish,hexagram_nakshatra_resonance.csv,0.45,false,shared element water + manushya-rajas alignment
hexagram_38,hexagram_nakshatra_resonance,nakshatra_pushya,yijing_jyotish,hexagram_nakshatra_resonance.csv,0.5,false,shared element water + dosha-body alignment kapha/mouth
hexagram_38,hexagram_nakshatra_resonance,nakshatra_ashlesha,yijing_jyotish,hexagram_nakshatra_resonance.csv,0.5,false,shared element water + dosha-body alignment kapha/mouth
hexagram_38,hexagram_nakshatra_resonance,nakshatra_vishakha,yijing_jyotish,hexagram_nakshatra_resonance.csv,0.65,false,shared element fire + shared guna rajas
hexagram_38,hexagram_nakshatra_resonance,nakshatra_anuradha,yijing_jyotish,hexagram_nakshatra_resonance.csv,0.5,false,shared element water + dosha-body alignment kapha/mouth
hexagram_38,hexagram_nakshatra_resonance,nakshatra_purva_ashadha,yijing_jyotish,hexagram_nakshatra_resonance.csv,0.75,false,shared element water + shared guna rajas + manushya-rajas alignment
hexagram_38,hexagram_nakshatra_resonance,nakshatra_dhanishta,yijing_jyotish,hexagram_nakshatra_resonance.csv,0.65,false,shared element fire + shared guna rajas
hexagram_38,hexagram_nakshatra_resonance,nakshatra_purva_bhadrapada,yijing_jyotish,hexagram_nakshatra_resonance.csv,0.45,false,shared element fire + manushya-rajas alignment
hexagram_38,hexagram_nakshatra_resonance,nakshatra_uttara_bhadrapada,yijing_jyotish,hexagram_nakshatra_resonance.csv,0.6,false,shared element water + dosha-body alignment kapha/mouth + manushya-rajas alignment
hexagram_38,hexagram_nakshatra_resonance,nakshatra_revati,yijing_jyotish,hexagram_nakshatra_resonance.csv,0.5,false,shared element water + dosha-body alignment kapha/mouth
hexagram_39,hexagram_nakshatra_resonance,nakshatra_rohini,yijing_jyotish,hexagram_nakshatra_resonance.csv,0.5,false,shared element earth + dosha-body alignment kapha/hand
hexagram_39,hexagram_nakshatra_resonance,nakshatra_mrigashira,yijing_jyotish,hexagram_nakshatra_resonance.csv,0.65,false,shared element earth + shared guna tamas
hexagram_39,hexagram_nakshatra_resonance,nakshatra_ardra,yijing_jyotish,hexagram_nakshatra_resonance.csv,0.65,false,shared element water + shared guna tamas
hexagram_39,hexagram_nakshatra_resonance,nakshatra_pushya,yijing_jyotish,hexagram_nakshatra_resonance.csv,0.5,false,shared element water + dosha-body alignment kapha/hand
hexagram_39,hexagram_nakshatra_resonance,nakshatra_ashlesha,yijing_jyotish,hexagram_nakshatra_resonance.csv,0.9,false,shared element water + shared guna tamas + dosha-body alignment kapha/hand + rakshasa-tamas alignment
hexagram_39,hexagram_nakshatra_resonance,nakshatra_uttara_phalguni,yijing_jyotish,hexagram_nakshatra_resonance.csv,0.5,false,shared element earth + dosha-body alignment kapha/hand
hexagram_39,hexagram_nakshatra_resonance,nakshatra_anuradha,yijing_jyotish,hexagram_nakshatra_resonance.csv,0.5,false,shared element water + dosha-body alignment kapha/hand
hexagram_39,hexagram_nakshatra_resonance,nakshatra_uttara_ashadha,yijing_jyotish,hexagram_nakshatra_resonance.csv,0.5,false,shared element earth + dosha-body alignment kapha/hand
hexagram_39,hexagram_nakshatra_resonance,nakshatra_uttara_bhadrapada,yijing_jyotish,hexagram_nakshatra_resonance.csv,0.5,false,shared element water + dosha-body alignment kapha/hand
hexagram_39,hexagram_nakshatra_resonance,nakshatra_revati,yijing_jyotish,hexagram_nakshatra_resonance.csv,0.5,false,shared element water + dosha-body alignment kapha/hand
hexagram_40,hexagram_nakshatra_resonance,nakshatra_ashwini,yijing_jyotish,hexagram_nakshatra_resonance.csv,0.8,false,shared element fire + shared guna rajas + dosha-body alignment vata/ear
hexagram_40,hexagram_nakshatra_resonance,nakshatra_krittika,yijing_jyotish,hexagram_nakshatra_resonance.csv,0.65,false,shared element fire + shared guna rajas
hexagram_40,hexagram_nakshatra_resonance,nakshatra_ardra,yijing_jyotish,hexagram_nakshatra_resonance.csv,0.6,false,shared element water + dosha-body alignment vata/ear + manushya-rajas alignment
hexagram_40,hexagram_nakshatra_resonance,nakshatra_swati,yijing_jyotish,hexagram_nakshatra_resonance.csv,0.45,false,shared guna rajas + dosha-body alignment vata/ear
hexagram_40,hexagram_nakshatra_resonance,nakshatra_vishakha,yijing_jyotish,hexagram_nakshatra_resonance.csv,0.65,false,shared element fire + shared guna rajas
hexagram_40,hexagram_nakshatra_resonance,nakshatra_purva_ashadha,yijing_jyotish,hexagram_nakshatra_resonance.csv,0.75,false,shared element water + shared guna rajas + manushya-rajas alignment
hexagram_40,hexagram_nakshatra_resonance,nakshatra_dhanishta,yijing_jyotish,hexagram_nakshatra_resonance.csv,0.65,false,shared element fire + shared guna rajas
hexagram_40,hexagram_nakshatra_resonance,nakshatra_purva_bhadrapada,yijing_jyotish,hexagram_nakshatra_resonance.csv,0.45,false,shared element fire + manushya-rajas alignment
hexagram_40,hexagram_nakshatra_resonance,nakshatra_uttara_bhadrapada,yijing_jyotish,hexagram_nakshatra_resonance.csv,0.45,false,shared element water + manushya-rajas alignment
hexagram_41,hexagram_nakshatra_resonance,nakshatra_rohini,yijing_jyotish,hexagram_nakshatra_resonance.csv,0.5,false,shared element earth + dosha-body alignment kapha/mouth
hexagram_41,hexagram_nakshatra_resonance,nakshatra_mrigashira,yijing_jyotish,hexagram_nakshatra_resonance.csv,0.65,false,shared element earth + shared guna tamas
hexagram_41,hexagram_nakshatra_resonance,nakshatra_ardra,yijing_jyotish,hexagram_nakshatra_resonance.csv,0.65,false,shared element water + shared guna tamas
hexagram_41,hexagram_nakshatra_resonance,nakshatra_pushya,yijing_jyotish,hexagram_nakshatra_resonance.csv,0.5,false,shared element water + dosha-body alignment kapha/mouth
hexagram_41,hexagram_nakshatra_resonance,nakshatra_ashlesha,yijing_jyotish,hexagram_nakshatra_resonance.csv,0.9,false,shared element water + shared guna tamas + dosha-body alignment kapha/mouth + rakshasa-tamas alignment
hexagram_41,hexagram_nakshatra_resonance,nakshatra_uttara_phalguni,yijing_jyotish,hexagram_nakshatra_resonance.csv,0.5,false,shared element earth + dosha-body alignment kapha/mouth
hexagram_41,hexagram_nakshatra_resonance,nakshatra_anuradha,yijing_jyotish,hexagram_nakshatra_resonance.csv,0.5,false,shared element water + dosha-body alignment kapha/mouth
hexagram_41,hexagram_nakshatra_resonance,nakshatra_uttara_ashadha,yijing_jyotish,hexagram_nakshatra_resonance.csv,0.5,false,shared element earth + dosha-body alignment kapha/mouth
hexagram_41,hexagram_nakshatra_resonance,nakshatra_uttara_bhadrapada,yijing_jyotish,hexagram_nakshatra_resonance.csv,0.5,false,shared element water + dosha-body alignment kapha/mouth
hexagram_41,hexagram_nakshatra_resonance,nakshatra_revati,yijing_jyotish,hexagram_nakshatra_resonance.csv,0.5,false,shared element water + dosha-body alignment kapha/mouth
hexagram_42,hexagram_nakshatra_resonance,nakshatra_ashwini,yijing_jyotish,hexagram_nakshatra_resonance.csv,0.6,false,shared element fire + dosha-body alignment vata/foot + deva-sattva alignment
hexagram_42,hexagram_nakshatra_resonance,nakshatra_punarvasu,yijing_jyotish,hexagram_nakshatra_resonance.csv,0.9,false,shared element air + shared guna sattva + dosha-body alignment vata/foot + deva-sattva alignment
hexagram_42,hexagram_nakshatra_resonance,nakshatra_hasta,yijing_jyotish,hexagram_nakshatra_resonance.csv,0.9,false,shared element air + shared guna sattva + dosha-body alignment vata/foot + deva-sattva alignment
hexagram_42,hexagram_nakshatra_resonance,nakshatra_swati,yijing_jyotish,hexagram_nakshatra_resonance.csv,0.6,false,shared element air + dosha-body alignment vata/foot + deva-sattva alignment
hexagram_42,hexagram_nakshatra_resonance,nakshatra_mula,yijing_jyotish,hexagram_nakshatra_resonance.csv,0.5,false,shared element air + dosha-body alignment vata/foot
hexagram_42,hexagram_nakshatra_resonance,nakshatra_shravana,yijing_jyotish,hexagram_nakshatra_resonance.csv,0.9,false,shared element air + shared guna sattva + dosha-body alignment vata/foot + deva-sattva alignment
hexagram_42,hexagram_nakshatra_resonance,nakshatra_shatabhisha,yijing_jyotish,hexagram_nakshatra_resonance.csv,0.5,false,shared element air + dosha-body alignment vata/foot
hexagram_43,hexagram_nakshatra_resonance,nakshatra_bharani,yijing_jyotish,hexagram_nakshatra_resonance.csv,0.55,false,shared guna rajas + dosha-body alignment pitta/head + manushya-rajas alignment
hexagram_43,hexagram_nakshatra_resonance,nakshatra_krittika,yijing_jyotish,hexagram_nakshatra_resonance.csv,0.45,false,shared guna rajas + dosha-body alignment pitta/head
hexagram_43,hexagram_nakshatra_resonance,nakshatra_ardra,yijing_jyotish,hexagram_nakshatra_resonance.csv,0.45,false,shared element water + manushya-rajas alignment
hexagram_43,hexagram_nakshatra_resonance,nakshatra_purva_phalguni,yijing_jyotish,hexagram_nakshatra_resonance.csv,0.55,false,shared guna rajas + dosha-body alignment pitta/head + manushya-rajas alignment
hexagram_43,hexagram_nakshatra_resonance,nakshatra_vishakha,yijing_jyotish,hexagram_nakshatra_resonance.csv,0.45,false,shared guna rajas + dosha-body alignment pitta/head
hexagram_43,hexagram_nakshatra_resonance,nakshatra_purva_ashadha,yijing_jyotish,hexagram_nakshatra_resonance.csv,0.9,false,shared element water + shared guna rajas + dosha-body alignment pitta/head + manushya-rajas alignment
hexagram_43,hexagram_nakshatra_resonance,nakshatra_dhanishta,yijing_jyotish,hexagram_nakshatra_resonance.csv,0.45,false,shared guna rajas + dosha-body alignment pitta/head
hexagram_43,hexagram_nakshatra_resonance,nakshatra_uttara_bhadrapada,yijing_jyotish,hexagram_nakshatra_resonance.csv,0.45,false,shared element water + manushya-rajas alignment
hexagram_44,hexagram_nakshatra_resonance,nakshatra_ashwini,yijing_jyotish,hexagram_nakshatra_resonance.csv,0.45,false,shared guna rajas + dosha-body alignment vata/thigh
hexagram_44,hexagram_nakshatra_resonance,nakshatra_punarvasu,yijing_jyotish,hexagram_nakshatra_resonance.csv,0.5,false,shared element air + dosha-body alignment vata/thigh
hexagram_44,hexagram_nakshatra_resonance,nakshatra_hasta,yijing_jyotish,hexagram_nakshatra_resonance.csv,0.5,false,shared element air + dosha-body alignment vata/thigh
hexagram_44,hexagram_nakshatra_resonance,nakshatra_swati,yijing_jyotish,hexagram_nakshatra_resonance.csv,0.8,false,shared element air + shared guna rajas + dosha-body alignment vata/thigh
hexagram_44,hexagram_nakshatra_resonance,nakshatra_mula,yijing_jyotish,hexagram_nakshatra_resonance.csv,0.5,false,shared element air + dosha-body alignment vata/thigh
hexagram_44,hexagram_nakshatra_resonance,nakshatra_shravana,yijing_jyotish,hexagram_nakshatra_resonance.csv,0.5,false,shared element air + dosha-body alignment vata/thigh
hexagram_44,hexagram_nakshatra_resonance,nakshatra_shatabhisha,yijing_jyotish,hexagram_nakshatra_resonance.csv,0.5,false,shared element air + dosha-body alignment vata/thigh
hexagram_45,hexagram_nakshatra_resonance,nakshatra_rohini,yijing_jyotish,hexagram_nakshatra_resonance.csv,0.5,false,shared element earth + dosha-body alignment kapha/belly
hexagram_45,hexagram_nakshatra_resonance,nakshatra_mrigashira,yijing_jyotish,hexagram_nakshatra_resonance.csv,0.45,false,shared element earth + deva-sattva alignment
hexagram_45,hexagram_nakshatra_resonance,nakshatra_pushya,yijing_jyotish,hexagram_nakshatra_resonance.csv,0.9,false,shared element water + shared guna sattva + dosha-body alignment kapha/belly + deva-sattva alignment
hexagram_45,hexagram_nakshatra_resonance,nakshatra_ashlesha,yijing_jyotish,hexagram_nakshatra_resonance.csv,0.5,false,shared element water + dosha-body alignment kapha/belly
hexagram_45,hexagram_nakshatra_resonance,nakshatra_uttara_phalguni,yijing_jyotish,hexagram_nakshatra_resonance.csv,0.8,false,shared element earth + shared guna sattva + dosha-body alignment kapha/belly
hexagram_45,hexagram_nakshatra_resonance,nakshatra_anuradha,yijing_jyotish,hexagram_nakshatra_resonance.csv,0.9,false,shared element water + shared guna sattva + dosha-body alignment kapha/belly + deva-sattva alignment
hexagram_45,hexagram_nakshatra_resonance,nakshatra_uttara_ashadha,yijing_jyotish,hexagram_nakshatra_resonance.csv,0.8,false,shared element earth + shared guna sattva + dosha-body alignment kapha/belly
hexagram_45,hexagram_nakshatra_resonance,nakshatra_uttara_bhadrapada,yijing_jyotish,hexagram_nakshatra_resonance.csv,0.8,false,shared element water + shared guna sattva + dosha-body alignment kapha/belly
hexagram_45,hexagram_nakshatra_resonance,nakshatra_revati,yijing_jyotish,hexagram_nakshatra_resonance.csv,0.9,false,shared element water + shared guna sattva + dosha-body alignment kapha/belly + deva-sattva alignment
hexagram_46,hexagram_nakshatra_resonance,nakshatra_mrigashira,yijing_jyotish,hexagram_nakshatra_resonance.csv,0.6,false,shared element earth + dosha-body alignment vata/thigh + deva-sattva alignment
hexagram_46,hexagram_nakshatra_resonance,nakshatra_punarvasu,yijing_jyotish,hexagram_nakshatra_resonance.csv,0.9,false,shared element air + shared guna sattva + dosha-body alignment vata/thigh + deva-sattva alignment
hexagram_46,hexagram_nakshatra_resonance,nakshatra_uttara_phalguni,yijing_jyotish,hexagram_nakshatra_resonance.csv,0.65,false,shared element earth + shared guna sattva
hexagram_46,hexagram_nakshatra_resonance,nakshatra_hasta,yijing_jyotish,hexagram_nakshatra_resonance.csv,0.9,false,shared element air + shared guna sattva + dosha-body alignment vata/thigh + deva-sattva alignment
hexagram_46,hexagram_nakshatra_resonance,nakshatra_swati,yijing_jyotish,hexagram_nakshatra_resonance.csv,0.6,false,shared element air + dosha-body alignment vata/thigh + deva-sattva alignment
hexagram_46,hexagram_nakshatra_resonance,nakshatra_mula,yijing_jyotish,hexagram_nakshatra_resonance.csv,0.5,false,shared element air + dosha-body alignment vata/thigh
hexagram_46,hexagram_nakshatra_resonance,nakshatra_uttara_ashadha,yijing_jyotish,hexagram_nakshatra_resonance.csv,0.65,false,shared element earth + shared guna sattva
hexagram_46,hexagram_nakshatra_resonance,nakshatra_shravana,yijing_jyotish,hexagram_nakshatra_resonance.csv,0.9,false,shared element air + shared guna sattva + dosha-body alignment vata/thigh + deva-sattva alignment
hexagram_46,hexagram_nakshatra_resonance,nakshatra_shatabhisha,yijing_jyotish,hexagram_nakshatra_resonance.csv,0.5,false,shared element air + dosha-body alignment vata/thigh
hexagram_47,hexagram_nakshatra_resonance,nakshatra_mrigashira,yijing_jyotish,hexagram_nakshatra_resonance.csv,0.45,false,shared guna tamas + dosha-body alignment vata/ear
hexagram_47,hexagram_nakshatra_resonance,nakshatra_ardra,yijing_jyotish,hexagram_nakshatra_resonance.csv,0.8,false,shared element water + shared guna tamas + dosha-body alignment vata/ear
hexagram_47,hexagram_nakshatra_resonance,nakshatra_ashlesha,yijing_jyotish,hexagram_nakshatra_resonance.csv,0.75,false,shared element water + shared guna tamas + rakshasa-tamas alignment
hexagram_47,hexagram_nakshatra_resonance,nakshatra_mula,yijing_jyotish,hexagram_nakshatra_resonance.csv,0.55,false,shared guna tamas + dosha-body alignment vata/ear + rakshasa-tamas alignment
hexagram_47,hexagram_nakshatra_resonance,nakshatra_shatabhisha,yijing_jyotish,hexagram_nakshatra_resonance.csv,0.55,false,shared guna tamas + dosha-body alignment vata/ear + rakshasa-tamas alignment
hexagram_48,hexagram_nakshatra_resonance,nakshatra_ardra,yijing_jyotish,hexagram_nakshatra_resonance.csv,0.5,false,shared element water + dosha-body alignment vata/thigh
hexagram_48,hexagram_nakshatra_resonance,nakshatra_punarvasu,yijing_jyotish,hexagram_nakshatra_resonance.csv,0.9,false,shared element air + shared guna sattva + dosha-body alignment vata/thigh + deva-sattva alignment
hexagram_48,hexagram_nakshatra_resonance,nakshatra_pushya,yijing_jyotish,hexagram_nakshatra_resonance.csv,0.75,false,shared element water + shared guna sattva + deva-sattva alignment
hexagram_48,hexagram_nakshatra_resonance,nakshatra_hasta,yijing_jyotish,hexagram_nakshatra_resonance.csv,0.9,false,shared element air + shared guna sattva + dosha-body alignment vata/thigh + deva-sattva alignment
hexagram_48,hexagram_nakshatra_resonance,nakshatra_swati,yijing_jyotish,hexagram_nakshatra_resonance.csv,0.6,false,shared element air + dosha-body alignment vata/thigh + deva-sattva alignment
hexagram_48,hexagram_nakshatra_resonance,nakshatra_anuradha,yijing_jyotish,hexagram_nakshatra_resonance.csv,0.75,false,shared element water + shared guna sattva + deva-sattva alignment
hexagram_48,hexagram_nakshatra_resonance,nakshatra_mula,yijing_jyotish,hexagram_nakshatra_resonance.csv,0.5,false,shared element air + dosha-body alignment vata/thigh
hexagram_48,hexagram_nakshatra_resonance,nakshatra_shravana,yijing_jyotish,hexagram_nakshatra_resonance.csv,0.9,false,shared element air + shared guna sattva + dosha-body alignment vata/thigh + deva-sattva alignment
hexagram_48,hexagram_nakshatra_resonance,nakshatra_shatabhisha,yijing_jyotish,hexagram_nakshatra_resonance.csv,0.5,false,shared element air + dosha-body alignment vata/thigh
hexagram_48,hexagram_nakshatra_resonance,nakshatra_uttara_bhadrapada,yijing_jyotish,hexagram_nakshatra_resonance.csv,0.65,false,shared element water + shared guna sattva
hexagram_48,hexagram_nakshatra_resonance,nakshatra_revati,yijing_jyotish,hexagram_nakshatra_resonance.csv,0.75,false,shared element water + shared guna sattva + deva-sattva alignment
hexagram_49,hexagram_nakshatra_resonance,nakshatra_ashwini,yijing_jyotish,hexagram_nakshatra_resonance.csv,0.65,false,shared element fire + shared guna rajas
hexagram_49,hexagram_nakshatra_resonance,nakshatra_bharani,yijing_jyotish,hexagram_nakshatra_resonance.csv,0.55,false,shared guna rajas + dosha-body alignment pitta/eye + manushya-rajas alignment
hexagram_49,hexagram_nakshatra_resonance,nakshatra_krittika,yijing_jyotish,hexagram_nakshatra_resonance.csv,0.8,false,shared element fire + shared guna rajas + dosha-body alignment pitta/eye
hexagram_49,hexagram_nakshatra_resonance,nakshatra_ardra,yijing_jyotish,hexagram_nakshatra_resonance.csv,0.45,false,shared element water + manushya-rajas alignment
hexagram_49,hexagram_nakshatra_resonance,nakshatra_magha,yijing_jyotish,hexagram_nakshatra_resonance.csv,0.5,false,shared element fire + dosha-body alignment pitta/eye
hexagram_49,hexagram_nakshatra_resonance,nakshatra_purva_phalguni,yijing_jyotish,hexagram_nakshatra_resonance.csv,0.55,false,shared guna rajas + dosha-body alignment pitta/eye + manushya-rajas alignment
hexagram_49,hexagram_nakshatra_resonance,nakshatra_chitra,yijing_jyotish,hexagram_nakshatra_resonance.csv,0.5,false,shared element fire + dosha-body alignment pitta/eye
hexagram_49,hexagram_nakshatra_resonance,nakshatra_vishakha,yijing_jyotish,hexagram_nakshatra_resonance.csv,0.8,false,shared element fire + shared guna rajas + dosha-body alignment pitta/eye
hexagram_49,hexagram_nakshatra_resonance,nakshatra_purva_ashadha,yijing_jyotish,hexagram_nakshatra_resonance.csv,0.9,false,shared element water + shared guna rajas + dosha-body alignment pitta/eye + manushya-rajas alignment
hexagram_49,hexagram_nakshatra_resonance,nakshatra_dhanishta,yijing_jyotish,hexagram_nakshatra_resonance.csv,0.8,false,shared element fire + shared guna rajas + dosha-body alignment pitta/eye
hexagram_49,hexagram_nakshatra_resonance,nakshatra_purva_bhadrapada,yijing_jyotish,hexagram_nakshatra_resonance.csv,0.6,false,shared element fire + dosha-body alignment pitta/eye + manushya-rajas alignment
hexagram_49,hexagram_nakshatra_resonance,nakshatra_uttara_bhadrapada,yijing_jyotish,hexagram_nakshatra_resonance.csv,0.45,false,shared element water + manushya-rajas alignment
hexagram_50,hexagram_nakshatra_resonance,nakshatra_ashwini,yijing_jyotish,hexagram_nakshatra_resonance.csv,0.6,false,shared element fire + dosha-body alignment vata/thigh + deva-sattva alignment
hexagram_50,hexagram_nakshatra_resonance,nakshatra_punarvasu,yijing_jyotish,hexagram_nakshatra_resonance.csv,0.9,false,shared element air + shared guna sattva + dosha-body alignment vata/thigh + deva-sattva alignment
hexagram_50,hexagram_nakshatra_resonance,nakshatra_hasta,yijing_jyotish,hexagram_nakshatra_resonance.csv,0.9,false,shared element air + shared guna sattva + dosha-body alignment vata/thigh + deva-sattva alignment
hexagram_50,hexagram_nakshatra_resonance,nakshatra_swati,yijing_jyotish,hexagram_nakshatra_resonance.csv,0.6,false,shared element air + dosha-body alignment vata/thigh + deva-sattva alignment
hexagram_50,hexagram_nakshatra_resonance,nakshatra_mula,yijing_jyotish,hexagram_nakshatra_resonance.csv,0.5,false,shared element air + dosha-body alignment vata/thigh
hexagram_50,hexagram_nakshatra_resonance,nakshatra_shravana,yijing_jyotish,hexagram_nakshatra_resonance.csv,0.9,false,shared element air + shared guna sattva + dosha-body alignment vata/thigh + deva-sattva alignment
hexagram_50,hexagram_nakshatra_resonance,nakshatra_shatabhisha,yijing_jyotish,hexagram_nakshatra_resonance.csv,0.5,false,shared element air + dosha-body alignment vata/thigh
hexagram_51,hexagram_nakshatra_resonance,nakshatra_ashwini,yijing_jyotish,hexagram_nakshatra_resonance.csv,0.8,false,shared element fire + shared guna rajas + dosha-body alignment vata/foot
hexagram_51,hexagram_nakshatra_resonance,nakshatra_krittika,yijing_jyotish,hexagram_nakshatra_resonance.csv,0.65,false,shared element fire + shared guna rajas
hexagram_51,hexagram_nakshatra_resonance,nakshatra_swati,yijing_jyotish,hexagram_nakshatra_resonance.csv,0.45,false,shared guna rajas + dosha-body alignment vata/foot
hexagram_51,hexagram_nakshatra_resonance,nakshatra_vishakha,yijing_jyotish,hexagram_nakshatra_resonance.csv,0.65,false,shared element fire + shared guna rajas
hexagram_51,hexagram_nakshatra_resonance,nakshatra_dhanishta,yijing_jyotish,hexagram_nakshatra_resonance.csv,0.65,false,shared element fire + shared guna rajas
hexagram_51,hexagram_nakshatra_resonance,nakshatra_purva_bhadrapada,yijing_jyotish,hexagram_nakshatra_resonance.csv,0.45,false,shared element fire + manushya-rajas alignment
hexagram_52,hexagram_nakshatra_resonance,nakshatra_rohini,yijing_jyotish,hexagram_nakshatra_resonance.csv,0.5,false,shared element earth + dosha-body alignment kapha/hand
hexagram_52,hexagram_nakshatra_resonance,nakshatra_mrigashira,yijing_jyotish,hexagram_nakshatra_resonance.csv,0.65,false,shared element earth + shared guna tamas
hexagram_52,hexagram_nakshatra_resonance,nakshatra_ashlesha,yijing_jyotish,hexagram_nakshatra_resonance.csv,0.55,false,shared guna tamas + dosha-body alignment kapha/hand + rakshasa-tamas alignment
hexagram_52,hexagram_nakshatra_resonance,nakshatra_uttara_phalguni,yijing_jyotish,hexagram_nakshatra_resonance.csv,0.5,false,shared element earth + dosha-body alignment kapha/hand
hexagram_52,hexagram_nakshatra_resonance,nakshatra_uttara_ashadha,yijing_jyotish,hexagram_nakshatra_resonance.csv,0.5,false,shared element earth + dosha-body alignment kapha/hand
hexagram_53,hexagram_nakshatra_resonance,nakshatra_rohini,yijing_jyotish,hexagram_nakshatra_resonance.csv,0.5,false,shared element earth + dosha-body alignment kapha/hand
hexagram_53,hexagram_nakshatra_resonance,nakshatra_mrigashira,yijing_jyotish,hexagram_nakshatra_resonance.csv,0.45,false,shared element earth + deva-sattva alignment
hexagram_53,hexagram_nakshatra_resonance,nakshatra_punarvasu,yijing_jyotish,hexagram_nakshatra_resonance.csv,0.75,false,shared element air + shared guna sattva + deva-sattva alignment
hexagram_53,hexagram_nakshatra_resonance,nakshatra_pushya,yijing_jyotish,hexagram_nakshatra_resonance.csv,0.55,false,shared guna sattva + dosha-body alignment kapha/hand + deva-sattva alignment
hexagram_53,hexagram_nakshatra_resonance,nakshatra_uttara_phalguni,yijing_jyotish,hexagram_nakshatra_resonance.csv,0.8,false,shared element earth + shared guna sattva + dosha-body alignment kapha/hand
hexagram_53,hexagram_nakshatra_resonance,nakshatra_hasta,yijing_jyotish,hexagram_nakshatra_resonance.csv,0.75,false,shared element air + shared guna sattva + deva-sattva alignment
hexagram_53,hexagram_nakshatra_resonance,nakshatra_swati,yijing_jyotish,hexagram_nakshatra_resonance.csv,0.45,false,shared element air + deva-sattva alignment
hexagram_53,hexagram_nakshatra_resonance,nakshatra_anuradha,yijing_jyotish,hexagram_nakshatra_resonance.csv,0.55,false,shared guna sattva + dosha-body alignment kapha/hand + deva-sattva alignment
hexagram_53,hexagram_nakshatra_resonance,nakshatra_uttara_ashadha,yijing_jyotish,hexagram_nakshatra_resonance.csv,0.8,false,shared element earth + shared guna sattva + dosha-body alignment kapha/hand
hexagram_53,hexagram_nakshatra_resonance,nakshatra_shravana,yijing_jyotish,hexagram_nakshatra_resonance.csv,0.75,false,shared element air + shared guna sattva + deva-sattva alignment
hexagram_53,hexagram_nakshatra_resonance,nakshatra_uttara_bhadrapada,yijing_jyotish,hexagram_nakshatra_resonance.csv,0.45,false,shared guna sattva + dosha-body alignment kapha/hand
hexagram_53,hexagram_nakshatra_resonance,nakshatra_revati,yijing_jyotish,hexagram_nakshatra_resonance.csv,0.55,false,shared guna sattva + dosha-body alignment kapha/hand + deva-sattva alignment
hexagram_54,hexagram_nakshatra_resonance,nakshatra_ashwini,yijing_jyotish,hexagram_nakshatra_resonance.csv,0.65,false,shared element fire + shared guna rajas
hexagram_54,hexagram_nakshatra_resonance,nakshatra_krittika,yijing_jyotish,hexagram_nakshatra_resonance.csv,0.65,false,shared element fire + shared guna rajas
hexagram_54,hexagram_nakshatra_resonance,nakshatra_rohini,yijing_jyotish,hexagram_nakshatra_resonance.csv,0.55,false,shared guna rajas + dosha-body alignment kapha/mouth + manushya-rajas alignment
hexagram_54,hexagram_nakshatra_resonance,nakshatra_ardra,yijing_jyotish,hexagram_nakshatra_resonance.csv,0.45,false,shared element water + manushya-rajas alignment
hexagram_54,hexagram_nakshatra_resonance,nakshatra_pushya,yijing_jyotish,hexagram_nakshatra_resonance.csv,0.5,false,shared element water + dosha-body alignment kapha/mouth
hexagram_54,hexagram_nakshatra_resonance,nakshatra_ashlesha,yijing_jyotish,hexagram_nakshatra_resonance.csv,0.5,false,shared element water + dosha-body alignment kapha/mouth
hexagram_54,hexagram_nakshatra_resonance,nakshatra_vishakha,yijing_jyotish,hexagram_nakshatra_resonance.csv,0.65,false,shared element fire + shared guna rajas
hexagram_54,hexagram_nakshatra_resonance,nakshatra_anuradha,yijing_jyotish,hexagram_nakshatra_resonance.csv,0.5,false,shared element water + dosha-body alignment kapha/mouth
hexagram_54,hexagram_nakshatra_resonance,nakshatra_purva_ashadha,yijing_jyotish,hexagram_nakshatra_resonance.csv,0.75,false,shared element water + shared guna rajas + manushya-rajas alignment
hexagram_54,hexagram_nakshatra_resonance,nakshatra_dhanishta,yijing_jyotish,hexagram_nakshatra_resonance.csv,0.65,false,shared element fire + shared guna rajas
hexagram_54,hexagram_nakshatra_resonance,nakshatra_purva_bhadrapada,yijing_jyotish,hexagram_nakshatra_resonance.csv,0.45,false,shared element fire + manushya-rajas alignment
hexagram_54,hexagram_nakshatra_resonance,nakshatra_uttara_bhadrapada,yijing_jyotish,hexagram_nakshatra_resonance.csv,0.6,false,shared element water + dosha-body alignment kapha/mouth + manushya-rajas alignment
hexagram_54,hexagram_nakshatra_resonance,nakshatra_revati,yijing_jyotish,hexagram_nakshatra_resonance.csv,0.5,false,shared element water + dosha-body alignment kapha/mouth
hexagram_55,hexagram_nakshatra_resonance,nakshatra_ashwini,yijing_jyotish,hexagram_nakshatra_resonance.csv,0.65,false,shared element fire + shared guna rajas
hexagram_55,hexagram_nakshatra_resonance,nakshatra_bharani,yijing_jyotish,hexagram_nakshatra_resonance.csv,0.55,false,shared guna rajas + dosha-body alignment pitta/eye + manushya-rajas alignment
hexagram_55,hexagram_nakshatra_resonance,nakshatra_krittika,yijing_jyotish,hexagram_nakshatra_resonance.csv,0.8,false,shared element fire + shared guna rajas + dosha-body alignment pitta/eye
hexagram_55,hexagram_nakshatra_resonance,nakshatra_magha,yijing_jyotish,hexagram_nakshatra_resonance.csv,0.5,false,shared element fire + dosha-body alignment pitta/eye
hexagram_55,hexagram_nakshatra_resonance,nakshatra_purva_phalguni,yijing_jyotish,hexagram_nakshatra_resonance.csv,0.55,false,shared guna rajas + dosha-body alignment pitta/eye + manushya-rajas alignment
hexagram_55,hexagram_nakshatra_resonance,nakshatra_chitra,yijing_jyotish,hexagram_nakshatra_resonance.csv,0.5,false,shared element fire + dosha-body alignment pitta/eye
hexagram_55,hexagram_nakshatra_resonance,nakshatra_vishakha,yijing_jyotish,hexagram_nakshatra_resonance.csv,0.8,false,shared element fire + shared guna rajas + dosha-body alignment pitta/eye
hexagram_55,hexagram_nakshatra_resonance,nakshatra_purva_ashadha,yijing_jyotish,hexagram_nakshatra_resonance.csv,0.55,false,shared guna rajas + dosha-body alignment pitta/eye + manushya-rajas alignment
hexagram_55,hexagram_nakshatra_resonance,nakshatra_dhanishta,yijing_jyotish,hexagram_nakshatra_resonance.csv,0.8,false,shared element fire + shared guna rajas + dosha-body alignment pitta/eye
hexagram_55,hexagram_nakshatra_resonance,nakshatra_purva_bhadrapada,yijing_jyotish,hexagram_nakshatra_resonance.csv,0.6,false,shared element fire + dosha-body alignment pitta/eye + manushya-rajas alignment
hexagram_56,hexagram_nakshatra_resonance,nakshatra_ashwini,yijing_jyotish,hexagram_nakshatra_resonance.csv,0.65,false,shared element fire + shared guna rajas
hexagram_56,hexagram_nakshatra_resonance,nakshatra_bharani,yijing_jyotish,hexagram_nakshatra_resonance.csv,0.75,false,shared element earth + shared guna rajas + manushya-rajas alignment
hexagram_56,hexagram_nakshatra_resonance,nakshatra_krittika,yijing_jyotish,hexagram_nakshatra_resonance.csv,0.65,false,shared element fire + shared guna rajas
hexagram_56,hexagram_nakshatra_resonance,nakshatra_rohini,yijing_jyotish,hexagram_nakshatra_resonance.csv,0.9,false,shared element earth + shared guna rajas + dosha-body alignment kapha/hand + manushya-rajas alignment
hexagram_56,hexagram_nakshatra_resonance,nakshatra_purva_phalguni,yijing_jyotish,hexagram_nakshatra_resonance.csv,0.75,false,shared element earth + shared guna rajas + manushya-rajas alignment
hexagram_56,hexagram_nakshatra_resonance,nakshatra_uttara_phalguni,yijing_jyotish,hexagram_nakshatra_resonance.csv,0.6,false,shared element earth + dosha-body alignment kapha/hand + manushya-rajas alignment
hexagram_56,hexagram_nakshatra_resonance,nakshatra_vishakha,yijing_jyotish,hexagram_nakshatra_resonance.csv,0.65,false,shared element fire + shared guna rajas
hexagram_56,hexagram_nakshatra_resonance,nakshatra_uttara_ashadha,yijing_jyotish,hexagram_nakshatra_resonance.csv,0.6,false,shared element earth + dosha-body alignment kapha/hand + manushya-rajas alignment
hexagram_56,hexagram_nakshatra_resonance,nakshatra_dhanishta,yijing_jyotish,hexagram_nakshatra_resonance.csv,0.65,false,shared element fire + shared guna rajas
hexagram_56,hexagram_nakshatra_resonance,nakshatra_purva_bhadrapada,yijing_jyotish,hexagram_nakshatra_resonance.csv,0.45,false,shared element fire + manushya-rajas alignment
hexagram_57,hexagram_nakshatra_resonance,nakshatra_punarvasu,yijing_jyotish,hexagram_nakshatra_resonance.csv,0.9,false,shared element air + shared guna sattva + dosha-body alignment vata/thigh + deva-sattva alignment
hexagram_57,hexagram_nakshatra_resonance,nakshatra_hasta,yijing_jyotish,hexagram_nakshatra_resonance.csv,0.9,false,shared element air + shared guna sattva + dosha-body alignment vata/thigh + deva-sattva alignment
hexagram_57,hexagram_nakshatra_resonance,nakshatra_swati,yijing_jyotish,hexagram_nakshatra_resonance.csv,0.6,false,shared element air + dosha-body alignment vata/thigh + deva-sattva alignment
hexagram_57,hexagram_nakshatra_resonance,nakshatra_mula,yijing_jyotish,hexagram_nakshatra_resonance.csv,0.5,false,shared element air + dosha-body alignment vata/thigh
hexagram_57,hexagram_nakshatra_resonance,nakshatra_shravana,yijing_jyotish,hexagram_nakshatra_resonance.csv,0.9,false,shared element air + shared guna sattva + dosha-body alignment vata/thigh + deva-sattva alignment
hexagram_57,hexagram_nakshatra_resonance,nakshatra_shatabhisha,yijing_jyotish,hexagram_nakshatra_resonance.csv,0.5,false,shared element air + dosha-body alignment vata/thigh
hexagram_58,hexagram_nakshatra_resonance,nakshatra_pushya,yijing_jyotish,hexagram_nakshatra_resonance.csv,0.9,false,shared element water + shared guna sattva + dosha-body alignment kapha/mouth + deva-sattva alignment
hexagram_58,hexagram_nakshatra_resonance,nakshatra_ashlesha,yijing_jyotish,hexagram_nakshatra_resonance.csv,0.5,false,shared element water + dosha-body alignment kapha/mouth
hexagram_58,hexagram_nakshatra_resonance,nakshatra_uttara_phalguni,yijing_jyotish,hexagram_nakshatra_resonance.csv,0.45,false,shared guna sattva + dosha-body alignment kapha/mouth
hexagram_58,hexagram_nakshatra_resonance,nakshatra_anuradha,yijing_jyotish,hexagram_nakshatra_resonance.csv,0.9,false,shared element water + shared guna sattva + dosha-body alignment kapha/mouth + deva-sattva alignment
hexagram_58,hexagram_nakshatra_resonance,nakshatra_uttara_ashadha,yijing_jyotish,hexagram_nakshatra_resonance.csv,0.45,false,shared guna sattva + dosha-body alignment kapha/mouth
hexagram_58,hexagram_nakshatra_resonance,nakshatra_uttara_bhadrapada,yijing_jyotish,hexagram_nakshatra_resonance.csv,0.8,false,shared element water + shared guna sattva + dosha-body alignment kapha/mouth
hexagram_58,hexagram_nakshatra_resonance,nakshatra_revati,yijing_jyotish,hexagram_nakshatra_resonance.csv,0.9,false,shared element water + shared guna sattva + dosha-body alignment kapha/mouth + deva-sattva alignment
hexagram_59,hexagram_nakshatra_resonance,nakshatra_ardra,yijing_jyotish,hexagram_nakshatra_resonance.csv,0.5,false,shared element water + dosha-body alignment vata/ear
hexagram_59,hexagram_nakshatra_resonance,nakshatra_punarvasu,yijing_jyotish,hexagram_nakshatra_resonance.csv,0.9,false,shared element air + shared guna sattva + dosha-body alignment vata/ear + deva-sattva alignment
hexagram_59,hexagram_nakshatra_resonance,nakshatra_pushya,yijing_jyotish,hexagram_nakshatra_resonance.csv,0.75,false,shared element water + shared guna sattva + deva-sattva alignment
hexagram_59,hexagram_nakshatra_resonance,nakshatra_hasta,yijing_jyotish,hexagram_nakshatra_resonance.csv,0.9,false,shared element air + shared guna sattva + dosha-body alignment vata/ear + deva-sattva alignment
hexagram_59,hexagram_nakshatra_resonance,nakshatra_swati,yijing_jyotish,hexagram_nakshatra_resonance.csv,0.6,false,shared element air + dosha-body alignment vata/ear + deva-sattva alignment
hexagram_59,hexagram_nakshatra_resonance,nakshatra_anuradha,yijing_jyotish,hexagram_nakshatra_resonance.csv,0.75,false,shared element water + shared guna sattva + deva-sattva alignment
hexagram_59,hexagram_nakshatra_resonance,nakshatra_mula,yijing_jyotish,hexagram_nakshatra_resonance.csv,0.5,false,shared element air + dosha-body alignment vata/ear
hexagram_59,hexagram_nakshatra_resonance,nakshatra_shravana,yijing_jyotish,hexagram_nakshatra_resonance.csv,0.9,false,shared element air + shared guna sattva + dosha-body alignment vata/ear + deva-sattva alignment
hexagram_59,hexagram_nakshatra_resonance,nakshatra_shatabhisha,yijing_jyotish,hexagram_nakshatra_resonance.csv,0.5,false,shared element air + dosha-body alignment vata/ear
hexagram_59,hexagram_nakshatra_resonance,nakshatra_uttara_bhadrapada,yijing_jyotish,hexagram_nakshatra_resonance.csv,0.65,false,shared element water + shared guna sattva
hexagram_59,hexagram_nakshatra_resonance,nakshatra_revati,yijing_jyotish,hexagram_nakshatra_resonance.csv,0.75,false,shared element water + shared guna sattva + deva-sattva alignment
hexagram_60,hexagram_nakshatra_resonance,nakshatra_pushya,yijing_jyotish,hexagram_nakshatra_resonance.csv,0.9,false,shared element water + shared guna sattva + dosha-body alignment kapha/mouth + deva-sattva alignment
hexagram_60,hexagram_nakshatra_resonance,nakshatra_ashlesha,yijing_jyotish,hexagram_nakshatra_resonance.csv,0.5,false,shared element water + dosha-body alignment kapha/mouth
hexagram_60,hexagram_nakshatra_resonance,nakshatra_uttara_phalguni,yijing_jyotish,hexagram_nakshatra_resonance.csv,0.45,false,shared guna sattva + dosha-body alignment kapha/mouth
hexagram_60,hexagram_nakshatra_resonance,nakshatra_anuradha,yijing_jyotish,hexagram_nakshatra_resonance.csv,0.9,false,shared element water + shared guna sattva + dosha-body alignment kapha/mouth + deva-sattva alignment
hexagram_60,hexagram_nakshatra_resonance,nakshatra_uttara_ashadha,yijing_jyotish,hexagram_nakshatra_resonance.csv,0.45,false,shared guna sattva + dosha-body alignment kapha/mouth
hexagram_60,hexagram_nakshatra_resonance,nakshatra_uttara_bhadrapada,yijing_jyotish,hexagram_nakshatra_resonance.csv,0.8,false,shared element water + shared guna sattva + dosha-body alignment kapha/mouth
hexagram_60,hexagram_nakshatra_resonance,nakshatra_revati,yijing_jyotish,hexagram_nakshatra_resonance.csv,0.9,false,shared element water + shared guna sattva + dosha-body alignment kapha/mouth + deva-sattva alignment
hexagram_61,hexagram_nakshatra_resonance,nakshatra_punarvasu,yijing_jyotish,hexagram_nakshatra_resonance.csv,0.75,false,shared element air + shared guna sattva + deva-sattva alignment
hexagram_61,hexagram_nakshatra_resonance,nakshatra_pushya,yijing_jyotish,hexagram_nakshatra_resonance.csv,0.9,false,shared element water + shared guna sattva + dosha-body alignment kapha/mouth + deva-sattva alignment
hexagram_61,hexagram_nakshatra_resonance,nakshatra_ashlesha,yijing_jyotish,hexagram_nakshatra_resonance.csv,0.5,false,shared element water + dosha-body alignment kapha/mouth
hexagram_61,hexagram_nakshatra_resonance,nakshatra_uttara_phalguni,yijing_jyotish,hexagram_nakshatra_resonance.csv,0.45,false,shared guna sattva + dosha-body alignment kapha/mouth
hexagram_61,hexagram_nakshatra_resonance,nakshatra_hasta,yijing_jyotish,hexagram_nakshatra_resonance.csv,0.75,false,shared element air + shared guna sattva + deva-sattva alignment
hexagram_61,hexagram_nakshatra_resonance,nakshatra_swati,yijing_jyotish,hexagram_nakshatra_resonance.csv,0.45,false,shared element air + deva-sattva alignment
hexagram_61,hexagram_nakshatra_resonance,nakshatra_anuradha,yijing_jyotish,hexagram_nakshatra_resonance.csv,0.9,false,shared element water + shared guna sattva + dosha-body alignment kapha/mouth + deva-sattva alignment
hexagram_61,hexagram_nakshatra_resonance,nakshatra_uttara_ashadha,yijing_jyotish,hexagram_nakshatra_resonance.csv,0.45,false,shared guna sattva + dosha-body alignment kapha/mouth
hexagram_61,hexagram_nakshatra_resonance,nakshatra_shravana,yijing_jyotish,hexagram_nakshatra_resonance.csv,0.75,false,shared element air + shared guna sattva + deva-sattva alignment
hexagram_61,hexagram_nakshatra_resonance,nakshatra_uttara_bhadrapada,yijing_jyotish,hexagram_nakshatra_resonance.csv,0.8,false,shared element water + shared guna sattva + dosha-body alignment kapha/mouth
hexagram_61,hexagram_nakshatra_resonance,nakshatra_revati,yijing_jyotish,hexagram_nakshatra_resonance.csv,0.9,false,shared element water + shared guna sattva + dosha-body alignment kapha/mouth + deva-sattva alignment
hexagram_62,hexagram_nakshatra_resonance,nakshatra_ashwini,yijing_jyotish,hexagram_nakshatra_resonance.csv,0.65,false,shared element fire + shared guna rajas
hexagram_62,hexagram_nakshatra_resonance,nakshatra_bharani,yijing_jyotish,hexagram_nakshatra_resonance.csv,0.75,false,shared element earth + shared guna rajas + manushya-rajas alignment
hexagram_62,hexagram_nakshatra_resonance,nakshatra_krittika,yijing_jyotish,hexagram_nakshatra_resonance.csv,0.65,false,shared element fire + shared guna rajas
hexagram_62,hexagram_nakshatra_resonance,nakshatra_rohini,yijing_jyotish,hexagram_nakshatra_resonance.csv,0.9,false,shared element earth + shared guna rajas + dosha-body alignment kapha/hand + manushya-rajas alignment
hexagram_62,hexagram_nakshatra_resonance,nakshatra_purva_phalguni,yijing_jyotish,hexagram_nakshatra_resonance.csv,0.75,false,shared element earth + shared guna rajas + manushya-rajas alignment
hexagram_62,hexagram_nakshatra_resonance,nakshatra_uttara_phalguni,yijing_jyotish,hexagram_nakshatra_resonance.csv,0.6,false,shared element earth + dosha-body alignment kapha/hand + manushya-rajas alignment
hexagram_62,hexagram_nakshatra_resonance,nakshatra_vishakha,yijing_jyotish,hexagram_nakshatra_resonance.csv,0.65,false,shared element fire + shared guna rajas
hexagram_62,hexagram_nakshatra_resonance,nakshatra_uttara_ashadha,yijing_jyotish,hexagram_nakshatra_resonance.csv,0.6,false,shared element earth + dosha-body alignment kapha/hand + manushya-rajas alignment
hexagram_62,hexagram_nakshatra_resonance,nakshatra_dhanishta,yijing_jyotish,hexagram_nakshatra_resonance.csv,0.65,false,shared element fire + shared guna rajas
hexagram_62,hexagram_nakshatra_resonance,nakshatra_purva_bhadrapada,yijing_jyotish,hexagram_nakshatra_resonance.csv,0.45,false,shared element fire + manushya-rajas alignment
hexagram_63,hexagram_nakshatra_resonance,nakshatra_ashwini,yijing_jyotish,hexagram_nakshatra_resonance.csv,0.45,false,shared element fire + deva-sattva alignment
hexagram_63,hexagram_nakshatra_resonance,nakshatra_krittika,yijing_jyotish,hexagram_nakshatra_resonance.csv,0.5,false,shared element fire + dosha-body alignment pitta/eye
hexagram_63,hexagram_nakshatra_resonance,nakshatra_pushya,yijing_jyotish,hexagram_nakshatra_resonance.csv,0.75,false,shared element water + shared guna sattva + deva-sattva alignment
hexagram_63,hexagram_nakshatra_resonance,nakshatra_magha,yijing_jyotish,hexagram_nakshatra_resonance.csv,0.5,false,shared element fire + dosha-body alignment pitta/eye
hexagram_63,hexagram_nakshatra_resonance,nakshatra_chitra,yijing_jyotish,hexagram_nakshatra_resonance.csv,0.5,false,shared element fire + dosha-body alignment pitta/eye
hexagram_63,hexagram_nakshatra_resonance,nakshatra_vishakha,yijing_jyotish,hexagram_nakshatra_resonance.csv,0.5,false,shared element fire + dosha-body alignment pitta/eye
hexagram_63,hexagram_nakshatra_resonance,nakshatra_anuradha,yijing_jyotish,hexagram_nakshatra_resonance.csv,0.75,false,shared element water + shared guna sattva + deva-sattva alignment
hexagram_63,hexagram_nakshatra_resonance,nakshatra_purva_ashadha,yijing_jyotish,hexagram_nakshatra_resonance.csv,0.5,false,shared element water + dosha-body alignment pitta/eye
hexagram_63,hexagram_nakshatra_resonance,nakshatra_dhanishta,yijing_jyotish,hexagram_nakshatra_resonance.csv,0.5,false,shared element fire + dosha-body alignment pitta/eye
hexagram_63,hexagram_nakshatra_resonance,nakshatra_purva_bhadrapada,yijing_jyotish,hexagram_nakshatra_resonance.csv,0.5,false,shared element fire + dosha-body alignment pitta/eye
hexagram_63,hexagram_nakshatra_resonance,nakshatra_uttara_bhadrapada,yijing_jyotish,hexagram_nakshatra_resonance.csv,0.65,false,shared element water + shared guna sattva
hexagram_63,hexagram_nakshatra_resonance,nakshatra_revati,yijing_jyotish,hexagram_nakshatra_resonance.csv,0.75,false,shared element water + shared guna sattva + deva-sattva alignment
hexagram_64,hexagram_nakshatra_resonance,nakshatra_ashwini,yijing_jyotish,hexagram_nakshatra_resonance.csv,0.8,false,shared element fire + shared guna rajas + dosha-body alignment vata/ear
hexagram_64,hexagram_nakshatra_resonance,nakshatra_krittika,yijing_jyotish,hexagram_nakshatra_resonance.csv,0.65,false,shared element fire + shared guna rajas
hexagram_64,hexagram_nakshatra_resonance,nakshatra_ardra,yijing_jyotish,hexagram_nakshatra_resonance.csv,0.6,false,shared element water + dosha-body alignment vata/ear + manushya-rajas alignment
hexagram_64,hexagram_nakshatra_resonance,nakshatra_swati,yijing_jyotish,hexagram_nakshatra_resonance.csv,0.45,false,shared guna rajas + dosha-body alignment vata/ear
hexagram_64,hexagram_nakshatra_resonance,nakshatra_vishakha,yijing_jyotish,hexagram_nakshatra_resonance.csv,0.65,false,shared element fire + shared guna rajas
hexagram_64,hexagram_nakshatra_resonance,nakshatra_purva_ashadha,yijing_jyotish,hexagram_nakshatra_resonance.csv,0.75,false,shared element water + shared guna rajas + manushya-rajas alignment
hexagram_64,hexagram_nakshatra_resonance,nakshatra_dhanishta,yijing_jyotish,hexagram_nakshatra_resonance.csv,0.65,false,shared element fire + shared guna rajas
hexagram_64,hexagram_nakshatra_resonance,nakshatra_purva_bhadrapada,yijing_jyotish,hexagram_nakshatra_resonance.csv,0.45,false,shared element fire + manushya-rajas alignment
hexagram_64,hexagram_nakshatra_resonance,nakshatra_uttara_bhadrapada,yijing_jyotish,hexagram_nakshatra_resonance.csv,0.45,false,shared element water + manushya-rajas alignment
hexagram_01,hexagram_devi_resonance,devi_kamesvari,yijing_tantraraja,hexagram_devi_resonance.csv,0.4,false,direct tithi 1 alignment
hexagram_01,hexagram_devi_resonance,devi_kulasundari,yijing_tantraraja,hexagram_devi_resonance.csv,0.45,false,shared element ether + shared guna sattva
hexagram_01,hexagram_devi_resonance,devi_citra,yijing_tantraraja,hexagram_devi_resonance.csv,0.6,false,shared element ether + shared guna sattva + shared rasa adbhuta
hexagram_02,hexagram_devi_resonance,devi_bhagamalini,yijing_tantraraja,hexagram_devi_resonance.csv,0.55,false,direct tithi 2 alignment + shared rasa shanta
hexagram_03,hexagram_devi_resonance,devi_kamesvari,yijing_tantraraja,hexagram_devi_resonance.csv,0.45,false,shared element fire + shared guna rajas
hexagram_03,hexagram_devi_resonance,devi_nityaklinna,yijing_tantraraja,hexagram_devi_resonance.csv,0.8,false,direct tithi 3 alignment + shared element water + shared rasa karuna
hexagram_03,hexagram_devi_resonance,devi_vahnivasini,yijing_tantraraja,hexagram_devi_resonance.csv,0.45,false,shared element fire + shared guna rajas
hexagram_03,hexagram_devi_resonance,devi_tvarita,yijing_tantraraja,hexagram_devi_resonance.csv,0.45,false,shared element fire + shared guna rajas
hexagram_03,hexagram_devi_resonance,devi_vijaya,yijing_tantraraja,hexagram_devi_resonance.csv,0.45,false,shared element fire + shared guna rajas
hexagram_03,hexagram_devi_resonance,devi_jvalamalini,yijing_tantraraja,hexagram_devi_resonance.csv,0.45,false,shared element fire + shared guna rajas
hexagram_04,hexagram_devi_resonance,devi_nityaklinna,yijing_tantraraja,hexagram_devi_resonance.csv,0.45,false,shared element water + shared guna tamas
hexagram_04,hexagram_devi_resonance,devi_bherunda,yijing_tantraraja,hexagram_devi_resonance.csv,0.6,false,direct tithi 4 alignment + shared guna tamas
hexagram_05,hexagram_devi_resonance,devi_bhagamalini,yijing_tantraraja,hexagram_devi_resonance.csv,0.6,false,shared element water + shared guna sattva + shared rasa shanta
hexagram_05,hexagram_devi_resonance,devi_vahnivasini,yijing_tantraraja,hexagram_devi_resonance.csv,0.4,false,direct tithi 5 alignment
hexagram_05,hexagram_devi_resonance,devi_kulasundari,yijing_tantraraja,hexagram_devi_resonance.csv,0.45,false,shared element ether + shared guna sattva
hexagram_05,hexagram_devi_resonance,devi_nitya,yijing_tantraraja,hexagram_devi_resonance.csv,0.6,false,shared element water + shared guna sattva + shared rasa shanta
hexagram_05,hexagram_devi_resonance,devi_citra,yijing_tantraraja,hexagram_devi_resonance.csv,0.45,false,shared element ether + shared guna sattva
hexagram_06,hexagram_devi_resonance,devi_mahavajresvari,yijing_tantraraja,hexagram_devi_resonance.csv,0.6,false,direct tithi 6 alignment + shared guna rajas
hexagram_07,hexagram_devi_resonance,devi_shivaduti,yijing_tantraraja,hexagram_devi_resonance.csv,0.4,false,direct tithi 7 alignment
hexagram_08,hexagram_devi_resonance,devi_bhagamalini,yijing_tantraraja,hexagram_devi_resonance.csv,0.45,false,shared element water + shared guna sattva
hexagram_08,hexagram_devi_resonance,devi_tvarita,yijing_tantraraja,hexagram_devi_resonance.csv,0.4,false,direct tithi 8 alignment
hexagram_08,hexagram_devi_resonance,devi_nitya,yijing_tantraraja,hexagram_devi_resonance.csv,0.45,false,shared element water + shared guna sattva
hexagram_08,hexagram_devi_resonance,devi_sarvangasundari,yijing_tantraraja,hexagram_devi_resonance.csv,0.6,false,shared element earth + shared guna sattva + shared rasa shringara
hexagram_09,hexagram_devi_resonance,devi_kulasundari,yijing_tantraraja,hexagram_devi_resonance.csv,1.0,false,direct tithi 9 alignment + shared element ether + shared guna sattva + shared rasa shringara
hexagram_09,hexagram_devi_resonance,devi_nilapataka,yijing_tantraraja,hexagram_devi_resonance.csv,0.45,false,shared element air + shared guna sattva
hexagram_09,hexagram_devi_resonance,devi_citra,yijing_tantraraja,hexagram_devi_resonance.csv,0.45,false,shared element ether + shared guna sattva
hexagram_10,hexagram_devi_resonance,devi_shivaduti,yijing_tantraraja,hexagram_devi_resonance.csv,0.4,false,shared element ether + shared rasa bhayanaka
hexagram_10,hexagram_devi_resonance,devi_nitya,yijing_tantraraja,hexagram_devi_resonance.csv,0.65,false,direct tithi 10 alignment + shared element water
hexagram_11,hexagram_devi_resonance,devi_kulasundari,yijing_tantraraja,hexagram_devi_resonance.csv,0.45,false,shared element ether + shared guna sattva
hexagram_11,hexagram_devi_resonance,devi_nilapataka,yijing_tantraraja,hexagram_devi_resonance.csv,0.6,false,direct tithi 11 alignment + shared guna sattva
hexagram_11,hexagram_devi_resonance,devi_sarvangasundari,yijing_tantraraja,hexagram_devi_resonance.csv,0.45,false,shared element earth + shared guna sattva
hexagram_11,hexagram_devi_resonance,devi_citra,yijing_tantraraja,hexagram_devi_resonance.csv,0.45,false,shared element ether + shared guna sattva
hexagram_12,hexagram_devi_resonance,devi_shivaduti,yijing_tantraraja,hexagram_devi_resonance.csv,0.45,false,shared element ether + shared guna tamas
hexagram_12,hexagram_devi_resonance,devi_vijaya,yijing_tantraraja,hexagram_devi_resonance.csv,0.4,false,direct tithi 12 alignment
hexagram_13,hexagram_devi_resonance,devi_kamesvari,yijing_tantraraja,hexagram_devi_resonance.csv,0.4,false,shared element fire + shared rasa shringara
hexagram_13,hexagram_devi_resonance,devi_kulasundari,yijing_tantraraja,hexagram_devi_resonance.csv,0.6,false,shared element ether + shared guna sattva + shared rasa shringara
hexagram_13,hexagram_devi_resonance,devi_sarvangasundari,yijing_tantraraja,hexagram_devi_resonance.csv,0.75,false,direct tithi 13 alignment + shared guna sattva + shared rasa shringara
hexagram_13,hexagram_devi_resonance,devi_citra,yijing_tantraraja,hexagram_devi_resonance.csv,0.45,false,shared element ether + shared guna sattva
hexagram_14,hexagram_devi_resonance,devi_kulasundari,yijing_tantraraja,hexagram_devi_resonance.csv,0.45,false,shared element ether + shared guna sattva
hexagram_14,hexagram_devi_resonance,devi_jvalamalini,yijing_tantraraja,hexagram_devi_resonance.csv,0.65,false,direct tithi 14 alignment + shared element fire
hexagram_14,hexagram_devi_resonance,devi_citra,yijing_tantraraja,hexagram_devi_resonance.csv,0.6,false,shared element ether + shared guna sattva + shared rasa adbhuta
hexagram_15,hexagram_devi_resonance,devi_sarvangasundari,yijing_tantraraja,hexagram_devi_resonance.csv,0.45,false,shared element earth + shared guna sattva
hexagram_15,hexagram_devi_resonance,devi_citra,yijing_tantraraja,hexagram_devi_resonance.csv,0.6,false,direct tithi 15 alignment + shared guna sattva
hexagram_16,hexagram_devi_resonance,devi_kamesvari,yijing_tantraraja,hexagram_devi_resonance.csv,0.65,false,secondary tithi cycle alignment + shared element fire + shared guna rajas
hexagram_16,hexagram_devi_resonance,devi_vahnivasini,yijing_tantraraja,hexagram_devi_resonance.csv,0.45,false,shared element fire + shared guna rajas
hexagram_16,hexagram_devi_resonance,devi_tvarita,yijing_tantraraja,hexagram_devi_resonance.csv,0.45,false,shared element fire + shared guna rajas
hexagram_16,hexagram_devi_resonance,devi_vijaya,yijing_tantraraja,hexagram_devi_resonance.csv,0.45,false,shared element fire + shared guna rajas
hexagram_16,hexagram_devi_resonance,devi_jvalamalini,yijing_tantraraja,hexagram_devi_resonance.csv,0.45,false,shared element fire + shared guna rajas
hexagram_17,hexagram_devi_resonance,devi_kamesvari,yijing_tantraraja,hexagram_devi_resonance.csv,0.6,false,shared element fire + shared guna rajas + shared rasa shringara
hexagram_17,hexagram_devi_resonance,devi_bhagamalini,yijing_tantraraja,hexagram_devi_resonance.csv,0.45,false,secondary tithi cycle alignment + shared element water
hexagram_17,hexagram_devi_resonance,devi_vahnivasini,yijing_tantraraja,hexagram_devi_resonance.csv,0.45,false,shared element fire + shared guna rajas
hexagram_17,hexagram_devi_resonance,devi_tvarita,yijing_tantraraja,hexagram_devi_resonance.csv,0.45,false,shared element fire + shared guna rajas
hexagram_17,hexagram_devi_resonance,devi_vijaya,yijing_tantraraja,hexagram_devi_resonance.csv,0.45,false,shared element fire + shared guna rajas
hexagram_17,hexagram_devi_resonance,devi_jvalamalini,yijing_tantraraja,hexagram_devi_resonance.csv,0.45,false,shared element fire + shared guna rajas
hexagram_18,hexagram_devi_resonance,devi_mahavajresvari,yijing_tantraraja,hexagram_devi_resonance.csv,0.45,false,shared element air + shared guna rajas
hexagram_19,hexagram_devi_resonance,devi_bhagamalini,yijing_tantraraja,hexagram_devi_resonance.csv,0.45,false,shared element water + shared guna sattva
hexagram_19,hexagram_devi_resonance,devi_nitya,yijing_tantraraja,hexagram_devi_resonance.csv,0.45,false,shared element water + shared guna sattva
hexagram_19,hexagram_devi_resonance,devi_sarvangasundari,yijing_tantraraja,hexagram_devi_resonance.csv,0.6,false,shared element earth + shared guna sattva + shared rasa shringara
hexagram_20,hexagram_devi_resonance,devi_nilapataka,yijing_tantraraja,hexagram_devi_resonance.csv,0.45,false,shared element air + shared guna sattva
hexagram_20,hexagram_devi_resonance,devi_sarvangasundari,yijing_tantraraja,hexagram_devi_resonance.csv,0.45,false,shared element earth + shared guna sattva
hexagram_21,hexagram_devi_resonance,devi_kamesvari,yijing_tantraraja,hexagram_devi_resonance.csv,0.45,false,shared element fire + shared guna rajas
hexagram_21,hexagram_devi_resonance,devi_bherunda,yijing_tantraraja,hexagram_devi_resonance.csv,0.4,false,shared element fire + shared rasa raudra
hexagram_21,hexagram_devi_resonance,devi_vahnivasini,yijing_tantraraja,hexagram_devi_resonance.csv,0.45,false,shared element fire + shared guna rajas
hexagram_21,hexagram_devi_resonance,devi_mahavajresvari,yijing_tantraraja,hexagram_devi_resonance.csv,0.4,false,secondary tithi cycle alignment + shared guna rajas
hexagram_21,hexagram_devi_resonance,devi_tvarita,yijing_tantraraja,hexagram_devi_resonance.csv,0.45,false,shared element fire + shared guna rajas
hexagram_21,hexagram_devi_resonance,devi_vijaya,yijing_tantraraja,hexagram_devi_resonance.csv,0.45,false,shared element fire + shared guna rajas
hexagram_21,hexagram_devi_resonance,devi_jvalamalini,yijing_tantraraja,hexagram_devi_resonance.csv,0.6,false,shared element fire + shared guna rajas + shared rasa raudra
hexagram_22,hexagram_devi_resonance,devi_kamesvari,yijing_tantraraja,hexagram_devi_resonance.csv,0.4,false,shared element fire + shared rasa shringara
hexagram_22,hexagram_devi_resonance,devi_sarvangasundari,yijing_tantraraja,hexagram_devi_resonance.csv,0.6,false,shared element earth + shared guna sattva + shared rasa shringara
hexagram_24,hexagram_devi_resonance,devi_kulasundari,yijing_tantraraja,hexagram_devi_resonance.csv,0.4,false,secondary tithi cycle alignment + shared guna sattva
hexagram_24,hexagram_devi_resonance,devi_sarvangasundari,yijing_tantraraja,hexagram_devi_resonance.csv,0.45,false,shared element earth + shared guna sattva
hexagram_25,hexagram_devi_resonance,devi_kulasundari,yijing_tantraraja,hexagram_devi_resonance.csv,0.45,false,shared element ether + shared guna sattva
hexagram_25,hexagram_devi_resonance,devi_nitya,yijing_tantraraja,hexagram_devi_resonance.csv,0.4,false,secondary tithi cycle alignment + shared guna sattva
hexagram_25,hexagram_devi_resonance,devi_citra,yijing_tantraraja,hexagram_devi_resonance.csv,0.6,false,shared element ether + shared guna sattva + shared rasa adbhuta
hexagram_26,hexagram_devi_resonance,devi_kulasundari,yijing_tantraraja,hexagram_devi_resonance.csv,0.45,false,shared element ether + shared guna sattva
hexagram_26,hexagram_devi_resonance,devi_nilapataka,yijing_tantraraja,hexagram_devi_resonance.csv,0.4,false,secondary tithi cycle alignment + shared guna sattva
hexagram_26,hexagram_devi_resonance,devi_sarvangasundari,yijing_tantraraja,hexagram_devi_resonance.csv,0.45,false,shared element earth + shared guna sattva
hexagram_26,hexagram_devi_resonance,devi_citra,yijing_tantraraja,hexagram_devi_resonance.csv,0.45,false,shared element ether + shared guna sattva
hexagram_27,hexagram_devi_resonance,devi_kamesvari,yijing_tantraraja,hexagram_devi_resonance.csv,0.4,false,shared element fire + shared rasa shringara
hexagram_27,hexagram_devi_resonance,devi_vijaya,yijing_tantraraja,hexagram_devi_resonance.csv,0.45,false,secondary tithi cycle alignment + shared element fire
hexagram_27,hexagram_devi_resonance,devi_sarvangasundari,yijing_tantraraja,hexagram_devi_resonance.csv,0.6,false,shared element earth + shared guna sattva + shared rasa shringara
hexagram_28,hexagram_devi_resonance,devi_mahavajresvari,yijing_tantraraja,hexagram_devi_resonance.csv,0.45,false,shared element air + shared guna rajas
hexagram_29,hexagram_devi_resonance,devi_nityaklinna,yijing_tantraraja,hexagram_devi_resonance.csv,0.45,false,shared element water + shared guna tamas
hexagram_30,hexagram_devi_resonance,devi_kamesvari,yijing_tantraraja,hexagram_devi_resonance.csv,0.45,false,shared element fire + shared guna rajas
hexagram_30,hexagram_devi_resonance,devi_vahnivasini,yijing_tantraraja,hexagram_devi_resonance.csv,0.45,false,shared element fire + shared guna rajas
hexagram_30,hexagram_devi_resonance,devi_tvarita,yijing_tantraraja,hexagram_devi_resonance.csv,0.45,false,shared element fire + shared guna rajas
hexagram_30,hexagram_devi_resonance,devi_vijaya,yijing_tantraraja,hexagram_devi_resonance.csv,0.45,false,shared element fire + shared guna rajas
hexagram_30,hexagram_devi_resonance,devi_jvalamalini,yijing_tantraraja,hexagram_devi_resonance.csv,0.45,false,shared element fire + shared guna rajas
hexagram_31,hexagram_devi_resonance,devi_bhagamalini,yijing_tantraraja,hexagram_devi_resonance.csv,0.45,false,shared element water + shared guna sattva
hexagram_31,hexagram_devi_resonance,devi_nitya,yijing_tantraraja,hexagram_devi_resonance.csv,0.45,false,shared element water + shared guna sattva
hexagram_31,hexagram_devi_resonance,devi_sarvangasundari,yijing_tantraraja,hexagram_devi_resonance.csv,0.6,false,shared element earth + shared guna sattva + shared rasa shringara
hexagram_32,hexagram_devi_resonance,devi_nilapataka,yijing_tantraraja,hexagram_devi_resonance.csv,0.45,false,shared element air + shared guna sattva
hexagram_33,hexagram_devi_resonance,devi_kulasundari,yijing_tantraraja,hexagram_devi_resonance.csv,0.45,false,shared element ether + shared guna sattva
hexagram_33,hexagram_devi_resonance,devi_sarvangasundari,yijing_tantraraja,hexagram_devi_resonance.csv,0.45,false,shared element earth + shared guna sattva
hexagram_33,hexagram_devi_resonance,devi_citra,yijing_tantraraja,hexagram_devi_resonance.csv,0.45,false,shared element ether + shared guna sattva
hexagram_34,hexagram_devi_resonance,devi_kamesvari,yijing_tantraraja,hexagram_devi_resonance.csv,0.45,false,shared element fire + shared guna rajas
hexagram_34,hexagram_devi_resonance,devi_vahnivasini,yijing_tantraraja,hexagram_devi_resonance.csv,0.6,false,shared element fire + shared guna rajas + shared rasa vira
hexagram_34,hexagram_devi_resonance,devi_tvarita,yijing_tantraraja,hexagram_devi_resonance.csv,0.6,false,shared element fire + shared guna rajas + shared rasa vira
hexagram_34,hexagram_devi_resonance,devi_vijaya,yijing_tantraraja,hexagram_devi_resonance.csv,0.6,false,shared element fire + shared guna rajas + shared rasa vira
hexagram_34,hexagram_devi_resonance,devi_jvalamalini,yijing_tantraraja,hexagram_devi_resonance.csv,0.45,false,shared element fire + shared guna rajas
hexagram_35,hexagram_devi_resonance,devi_kamesvari,yijing_tantraraja,hexagram_devi_resonance.csv,0.45,false,shared element fire + shared guna rajas
hexagram_35,hexagram_devi_resonance,devi_vahnivasini,yijing_tantraraja,hexagram_devi_resonance.csv,0.45,false,shared element fire + shared guna rajas
hexagram_35,hexagram_devi_resonance,devi_tvarita,yijing_tantraraja,hexagram_devi_resonance.csv,0.45,false,shared element fire + shared guna rajas
hexagram_35,hexagram_devi_resonance,devi_vijaya,yijing_tantraraja,hexagram_devi_resonance.csv,0.45,false,shared element fire + shared guna rajas
hexagram_35,hexagram_devi_resonance,devi_jvalamalini,yijing_tantraraja,hexagram_devi_resonance.csv,0.45,false,shared element fire + shared guna rajas
hexagram_36,hexagram_devi_resonance,devi_bherunda,yijing_tantraraja,hexagram_devi_resonance.csv,0.45,false,shared element fire + shared guna tamas
hexagram_37,hexagram_devi_resonance,devi_kamesvari,yijing_tantraraja,hexagram_devi_resonance.csv,0.4,false,shared element fire + shared rasa shringara
hexagram_37,hexagram_devi_resonance,devi_nilapataka,yijing_tantraraja,hexagram_devi_resonance.csv,0.45,false,shared element air + shared guna sattva
hexagram_38,hexagram_devi_resonance,devi_kamesvari,yijing_tantraraja,hexagram_devi_resonance.csv,0.45,false,shared element fire + shared guna rajas
hexagram_38,hexagram_devi_resonance,devi_bherunda,yijing_tantraraja,hexagram_devi_resonance.csv,0.4,false,shared element fire + shared rasa raudra
hexagram_38,hexagram_devi_resonance,devi_vahnivasini,yijing_tantraraja,hexagram_devi_resonance.csv,0.45,false,shared element fire + shared guna rajas
hexagram_38,hexagram_devi_resonance,devi_tvarita,yijing_tantraraja,hexagram_devi_resonance.csv,0.45,false,shared element fire + shared guna rajas
hexagram_38,hexagram_devi_resonance,devi_vijaya,yijing_tantraraja,hexagram_devi_resonance.csv,0.45,false,shared element fire + shared guna rajas
hexagram_38,hexagram_devi_resonance,devi_jvalamalini,yijing_tantraraja,hexagram_devi_resonance.csv,0.6,false,shared element fire + shared guna rajas + shared rasa raudra
hexagram_39,hexagram_devi_resonance,devi_nityaklinna,yijing_tantraraja,hexagram_devi_resonance.csv,0.6,false,shared element water + shared guna tamas + shared rasa karuna
hexagram_40,hexagram_devi_resonance,devi_kamesvari,yijing_tantraraja,hexagram_devi_resonance.csv,0.45,false,shared element fire + shared guna rajas
hexagram_40,hexagram_devi_resonance,devi_vahnivasini,yijing_tantraraja,hexagram_devi_resonance.csv,0.45,false,shared element fire + shared guna rajas
hexagram_40,hexagram_devi_resonance,devi_tvarita,yijing_tantraraja,hexagram_devi_resonance.csv,0.45,false,shared element fire + shared guna rajas
hexagram_40,hexagram_devi_resonance,devi_vijaya,yijing_tantraraja,hexagram_devi_resonance.csv,0.45,false,shared element fire + shared guna rajas
hexagram_40,hexagram_devi_resonance,devi_jvalamalini,yijing_tantraraja,hexagram_devi_resonance.csv,0.45,false,shared element fire + shared guna rajas
hexagram_41,hexagram_devi_resonance,devi_nityaklinna,yijing_tantraraja,hexagram_devi_resonance.csv,0.6,false,shared element water + shared guna tamas + shared rasa karuna
hexagram_42,hexagram_devi_resonance,devi_mahavajresvari,yijing_tantraraja,hexagram_devi_resonance.csv,0.4,false,shared element air + shared rasa adbhuta
hexagram_42,hexagram_devi_resonance,devi_nilapataka,yijing_tantraraja,hexagram_devi_resonance.csv,0.6,false,shared element air + shared guna sattva + shared rasa adbhuta
hexagram_44,hexagram_devi_resonance,devi_mahavajresvari,yijing_tantraraja,hexagram_devi_resonance.csv,0.45,false,shared element air + shared guna rajas
hexagram_44,hexagram_devi_resonance,devi_kulasundari,yijing_tantraraja,hexagram_devi_resonance.csv,0.4,false,shared element ether + shared rasa shringara
hexagram_45,hexagram_devi_resonance,devi_bhagamalini,yijing_tantraraja,hexagram_devi_resonance.csv,0.45,false,shared element water + shared guna sattva
hexagram_45,hexagram_devi_resonance,devi_nitya,yijing_tantraraja,hexagram_devi_resonance.csv,0.45,false,shared element water + shared guna sattva
hexagram_45,hexagram_devi_resonance,devi_sarvangasundari,yijing_tantraraja,hexagram_devi_resonance.csv,0.6,false,shared element earth + shared guna sattva + shared rasa shringara
hexagram_46,hexagram_devi_resonance,devi_nilapataka,yijing_tantraraja,hexagram_devi_resonance.csv,0.45,false,shared element air + shared guna sattva
hexagram_46,hexagram_devi_resonance,devi_sarvangasundari,yijing_tantraraja,hexagram_devi_resonance.csv,0.45,false,shared element earth + shared guna sattva
hexagram_47,hexagram_devi_resonance,devi_nityaklinna,yijing_tantraraja,hexagram_devi_resonance.csv,0.6,false,shared element water + shared guna tamas + shared rasa karuna
hexagram_48,hexagram_devi_resonance,devi_bhagamalini,yijing_tantraraja,hexagram_devi_resonance.csv,0.6,false,shared element water + shared guna sattva + shared rasa shanta
hexagram_48,hexagram_devi_resonance,devi_nitya,yijing_tantraraja,hexagram_devi_resonance.csv,0.6,false,shared element water + shared guna sattva + shared rasa shanta
hexagram_48,hexagram_devi_resonance,devi_nilapataka,yijing_tantraraja,hexagram_devi_resonance.csv,0.45,false,shared element air + shared guna sattva
hexagram_49,hexagram_devi_resonance,devi_kamesvari,yijing_tantraraja,hexagram_devi_resonance.csv,0.45,false,shared element fire + shared guna rajas
hexagram_49,hexagram_devi_resonance,devi_bherunda,yijing_tantraraja,hexagram_devi_resonance.csv,0.4,false,shared element fire + shared rasa raudra
hexagram_49,hexagram_devi_resonance,devi_vahnivasini,yijing_tantraraja,hexagram_devi_resonance.csv,0.45,false,shared element fire + shared guna rajas
hexagram_49,hexagram_devi_resonance,devi_tvarita,yijing_tantraraja,hexagram_devi_resonance.csv,0.45,false,shared element fire + shared guna rajas
hexagram_49,hexagram_devi_resonance,devi_vijaya,yijing_tantraraja,hexagram_devi_resonance.csv,0.45,false,shared element fire + shared guna rajas
hexagram_49,hexagram_devi_resonance,devi_jvalamalini,yijing_tantraraja,hexagram_devi_resonance.csv,0.6,false,shared element fire + shared guna rajas + shared rasa raudra
hexagram_50,hexagram_devi_resonance,devi_mahavajresvari,yijing_tantraraja,hexagram_devi_resonance.csv,0.4,false,shared element air + shared rasa adbhuta
hexagram_50,hexagram_devi_resonance,devi_nilapataka,yijing_tantraraja,hexagram_devi_resonance.csv,0.6,false,shared element air + shared guna sattva + shared rasa adbhuta
hexagram_51,hexagram_devi_resonance,devi_kamesvari,yijing_tantraraja,hexagram_devi_resonance.csv,0.45,false,shared element fire + shared guna rajas
hexagram_51,hexagram_devi_resonance,devi_vahnivasini,yijing_tantraraja,hexagram_devi_resonance.csv,0.45,false,shared element fire + shared guna rajas
hexagram_51,hexagram_devi_resonance,devi_tvarita,yijing_tantraraja,hexagram_devi_resonance.csv,0.45,false,shared element fire + shared guna rajas
hexagram_51,hexagram_devi_resonance,devi_vijaya,yijing_tantraraja,hexagram_devi_resonance.csv,0.45,false,shared element fire + shared guna rajas
hexagram_51,hexagram_devi_resonance,devi_jvalamalini,yijing_tantraraja,hexagram_devi_resonance.csv,0.45,false,shared element fire + shared guna rajas
hexagram_53,hexagram_devi_resonance,devi_nilapataka,yijing_tantraraja,hexagram_devi_resonance.csv,0.45,false,shared element air + shared guna sattva
hexagram_53,hexagram_devi_resonance,devi_sarvangasundari,yijing_tantraraja,hexagram_devi_resonance.csv,0.6,false,shared element earth + shared guna sattva + shared rasa shringara
hexagram_54,hexagram_devi_resonance,devi_kamesvari,yijing_tantraraja,hexagram_devi_resonance.csv,0.45,false,shared element fire + shared guna rajas
hexagram_54,hexagram_devi_resonance,devi_nityaklinna,yijing_tantraraja,hexagram_devi_resonance.csv,0.4,false,shared element water + shared rasa karuna
hexagram_54,hexagram_devi_resonance,devi_vahnivasini,yijing_tantraraja,hexagram_devi_resonance.csv,0.45,false,shared element fire + shared guna rajas
hexagram_54,hexagram_devi_resonance,devi_tvarita,yijing_tantraraja,hexagram_devi_resonance.csv,0.45,false,shared element fire + shared guna rajas
hexagram_54,hexagram_devi_resonance,devi_vijaya,yijing_tantraraja,hexagram_devi_resonance.csv,0.45,false,shared element fire + shared guna rajas
hexagram_54,hexagram_devi_resonance,devi_jvalamalini,yijing_tantraraja,hexagram_devi_resonance.csv,0.45,false,shared element fire + shared guna rajas
hexagram_55,hexagram_devi_resonance,devi_kamesvari,yijing_tantraraja,hexagram_devi_resonance.csv,0.45,false,shared element fire + shared guna rajas
hexagram_55,hexagram_devi_resonance,devi_vahnivasini,yijing_tantraraja,hexagram_devi_resonance.csv,0.45,false,shared element fire + shared guna rajas
hexagram_55,hexagram_devi_resonance,devi_tvarita,yijing_tantraraja,hexagram_devi_resonance.csv,0.45,false,shared element fire + shared guna rajas
hexagram_55,hexagram_devi_resonance,devi_vijaya,yijing_tantraraja,hexagram_devi_resonance.csv,0.45,false,shared element fire + shared guna rajas
hexagram_55,hexagram_devi_resonance,devi_jvalamalini,yijing_tantraraja,hexagram_devi_resonance.csv,0.45,false,shared element fire + shared guna rajas
hexagram_56,hexagram_devi_resonance,devi_kamesvari,yijing_tantraraja,hexagram_devi_resonance.csv,0.45,false,shared element fire + shared guna rajas
hexagram_56,hexagram_devi_resonance,devi_vahnivasini,yijing_tantraraja,hexagram_devi_resonance.csv,0.45,false,shared element fire + shared guna rajas
hexagram_56,hexagram_devi_resonance,devi_tvarita,yijing_tantraraja,hexagram_devi_resonance.csv,0.45,false,shared element fire + shared guna rajas
hexagram_56,hexagram_devi_resonance,devi_vijaya,yijing_tantraraja,hexagram_devi_resonance.csv,0.45,false,shared element fire + shared guna rajas
hexagram_56,hexagram_devi_resonance,devi_jvalamalini,yijing_tantraraja,hexagram_devi_resonance.csv,0.45,false,shared element fire + shared guna rajas
hexagram_57,hexagram_devi_resonance,devi_nilapataka,yijing_tantraraja,hexagram_devi_resonance.csv,0.45,false,shared element air + shared guna sattva
hexagram_58,hexagram_devi_resonance,devi_bhagamalini,yijing_tantraraja,hexagram_devi_resonance.csv,0.45,false,shared element water + shared guna sattva
hexagram_58,hexagram_devi_resonance,devi_nitya,yijing_tantraraja,hexagram_devi_resonance.csv,0.45,false,shared element water + shared guna sattva
hexagram_59,hexagram_devi_resonance,devi_bhagamalini,yijing_tantraraja,hexagram_devi_resonance.csv,0.6,false,shared element water + shared guna sattva + shared rasa shanta
hexagram_59,hexagram_devi_resonance,devi_nitya,yijing_tantraraja,hexagram_devi_resonance.csv,0.6,false,shared element water + shared guna sattva + shared rasa shanta
hexagram_59,hexagram_devi_resonance,devi_nilapataka,yijing_tantraraja,hexagram_devi_resonance.csv,0.45,false,shared element air + shared guna sattva
hexagram_60,hexagram_devi_resonance,devi_bhagamalini,yijing_tantraraja,hexagram_devi_resonance.csv,0.6,false,shared element water + shared guna sattva + shared rasa shanta
hexagram_60,hexagram_devi_resonance,devi_nitya,yijing_tantraraja,hexagram_devi_resonance.csv,0.6,false,shared element water + shared guna sattva + shared rasa shanta
hexagram_61,hexagram_devi_resonance,devi_bhagamalini,yijing_tantraraja,hexagram_devi_resonance.csv,0.6,false,shared element water + shared guna sattva + shared rasa shanta
hexagram_61,hexagram_devi_resonance,devi_nitya,yijing_tantraraja,hexagram_devi_resonance.csv,0.6,false,shared element water + shared guna sattva + shared rasa shanta
hexagram_61,hexagram_devi_resonance,devi_nilapataka,yijing_tantraraja,hexagram_devi_resonance.csv,0.45,false,shared element air + shared guna sattva
hexagram_62,hexagram_devi_resonance,devi_kamesvari,yijing_tantraraja,hexagram_devi_resonance.csv,0.45,false,shared element fire + shared guna rajas
hexagram_62,hexagram_devi_resonance,devi_vahnivasini,yijing_tantraraja,hexagram_devi_resonance.csv,0.45,false,shared element fire + shared guna rajas
hexagram_62,hexagram_devi_resonance,devi_tvarita,yijing_tantraraja,hexagram_devi_resonance.csv,0.45,false,shared element fire + shared guna rajas
hexagram_62,hexagram_devi_resonance,devi_vijaya,yijing_tantraraja,hexagram_devi_resonance.csv,0.45,false,shared element fire + shared guna rajas
hexagram_62,hexagram_devi_resonance,devi_jvalamalini,yijing_tantraraja,hexagram_devi_resonance.csv,0.45,false,shared element fire + shared guna rajas
hexagram_63,hexagram_devi_resonance,devi_bhagamalini,yijing_tantraraja,hexagram_devi_resonance.csv,0.6,false,shared element water + shared guna sattva + shared rasa shanta
hexagram_63,hexagram_devi_resonance,devi_nitya,yijing_tantraraja,hexagram_devi_resonance.csv,0.6,false,shared element water + shared guna sattva + shared rasa shanta
hexagram_64,hexagram_devi_resonance,devi_kamesvari,yijing_tantraraja,hexagram_devi_resonance.csv,0.45,false,shared element fire + shared guna rajas
hexagram_64,hexagram_devi_resonance,devi_vahnivasini,yijing_tantraraja,hexagram_devi_resonance.csv,0.45,false,shared element fire + shared guna rajas
hexagram_64,hexagram_devi_resonance,devi_tvarita,yijing_tantraraja,hexagram_devi_resonance.csv,0.45,false,shared element fire + shared guna rajas
hexagram_64,hexagram_devi_resonance,devi_vijaya,yijing_tantraraja,hexagram_devi_resonance.csv,0.45,false,shared element fire + shared guna rajas
hexagram_64,hexagram_devi_resonance,devi_jvalamalini,yijing_tantraraja,hexagram_devi_resonance.csv,0.45,false,shared element fire + shared guna rajas
hexagram_01,hexagram_raga_resonance,raga_yaman,yijing_sangita,hexagram_raga_resonance.csv,0.70,false,shared element ether + time-season alignment evening/late_autumn
hexagram_01,hexagram_raga_resonance,raga_puriya,yijing_sangita,hexagram_raga_resonance.csv,0.70,false,shared element ether + time-season alignment evening/late_autumn
hexagram_01,hexagram_raga_resonance,raga_purvi,yijing_sangita,hexagram_raga_resonance.csv,0.70,false,shared element ether + time-season alignment evening/late_autumn
hexagram_01,hexagram_raga_resonance,raga_hansadhwani,yijing_sangita,hexagram_raga_resonance.csv,0.70,false,shared rasa adbhuta + shared element ether + time-season alignment evening/late_autumn
hexagram_01,hexagram_raga_resonance,raga_shankara,yijing_sangita,hexagram_raga_resonance.csv,0.70,false,shared rasa adbhuta + shared element ether + time-season alignment night/late_autumn
hexagram_02,hexagram_raga_resonance,raga_malkauns,yijing_sangita,hexagram_raga_resonance.csv,0.70,false,shared rasa shanta + shared element earth
hexagram_03,hexagram_raga_resonance,raga_bhairava,yijing_sangita,hexagram_raga_resonance.csv,0.70,false,shared element fire + time-season alignment morning/spring + direct season match spring
hexagram_03,hexagram_raga_resonance,raga_bhairavi,yijing_sangita,hexagram_raga_resonance.csv,0.70,false,shared rasa karuna + shared element water + time-season alignment morning/spring
hexagram_03,hexagram_raga_resonance,raga_todi,yijing_sangita,hexagram_raga_resonance.csv,0.70,false,shared rasa karuna + shared element water + time-season alignment morning/spring
hexagram_03,hexagram_raga_resonance,raga_lalit,yijing_sangita,hexagram_raga_resonance.csv,0.70,false,time-season alignment dawn/spring + direct season match spring
hexagram_03,hexagram_raga_resonance,raga_jaunpuri,yijing_sangita,hexagram_raga_resonance.csv,0.70,false,shared rasa karuna + shared element water + time-season alignment morning/spring
hexagram_03,hexagram_raga_resonance,raga_hindol,yijing_sangita,hexagram_raga_resonance.csv,0.70,false,time-season alignment morning/spring + direct season match spring
hexagram_03,hexagram_raga_resonance,raga_bairagi,yijing_sangita,hexagram_raga_resonance.csv,0.70,false,shared rasa karuna + time-season alignment morning/spring + direct season match spring
hexagram_03,hexagram_raga_resonance,raga_ahir_bhairav,yijing_sangita,hexagram_raga_resonance.csv,0.70,false,shared element water + time-season alignment morning/spring + direct season match spring
hexagram_03,hexagram_raga_resonance,raga_charukeshi,yijing_sangita,hexagram_raga_resonance.csv,0.70,false,shared rasa karuna + shared element water
hexagram_03,hexagram_raga_resonance,raga_kirwani,yijing_sangita,hexagram_raga_resonance.csv,0.70,false,shared rasa karuna + shared element water
hexagram_04,hexagram_raga_resonance,raga_bhairavi,yijing_sangita,hexagram_raga_resonance.csv,0.70,false,shared element water + direct season match winter
hexagram_04,hexagram_raga_resonance,raga_darbari,yijing_sangita,hexagram_raga_resonance.csv,0.70,false,shared element earth + time-season alignment night/winter + direct season match winter
hexagram_04,hexagram_raga_resonance,raga_malkauns,yijing_sangita,hexagram_raga_resonance.csv,0.70,false,shared element earth + time-season alignment night/winter + direct season match winter
hexagram_04,hexagram_raga_resonance,raga_bageshri,yijing_sangita,hexagram_raga_resonance.csv,0.70,false,shared element water + time-season alignment night/winter
hexagram_04,hexagram_raga_resonance,raga_kedar,yijing_sangita,hexagram_raga_resonance.csv,0.70,false,shared element earth + time-season alignment night/winter
hexagram_04,hexagram_raga_resonance,raga_des,yijing_sangita,hexagram_raga_resonance.csv,0.70,false,shared element water + time-season alignment night/winter
hexagram_04,hexagram_raga_resonance,raga_khamaj,yijing_sangita,hexagram_raga_resonance.csv,0.70,false,shared element water + time-season alignment night/winter
hexagram_04,hexagram_raga_resonance,raga_jaunpuri,yijing_sangita,hexagram_raga_resonance.csv,0.70,false,shared element water + direct season match winter
hexagram_04,hexagram_raga_resonance,raga_charukeshi,yijing_sangita,hexagram_raga_resonance.csv,0.70,false,shared element water + time-season alignment night/winter + direct season match winter
hexagram_04,hexagram_raga_resonance,raga_kirwani,yijing_sangita,hexagram_raga_resonance.csv,0.70,false,shared element water + time-season alignment night/winter + direct season match winter
hexagram_04,hexagram_raga_resonance,raga_chandrakauns,yijing_sangita,hexagram_raga_resonance.csv,0.70,false,shared element water + time-season alignment night/winter + direct season match winter
hexagram_04,hexagram_raga_resonance,raga_shankara,yijing_sangita,hexagram_raga_resonance.csv,0.70,false,time-season alignment night/winter + direct season match winter
hexagram_05,hexagram_raga_resonance,raga_yaman,yijing_sangita,hexagram_raga_resonance.csv,0.70,false,shared element ether + time-season alignment evening/late_autumn
hexagram_05,hexagram_raga_resonance,raga_malkauns,yijing_sangita,hexagram_raga_resonance.csv,0.70,false,shared rasa shanta + time-season alignment night/late_autumn
hexagram_05,hexagram_raga_resonance,raga_bageshri,yijing_sangita,hexagram_raga_resonance.csv,0.70,false,shared element water + time-season alignment night/late_autumn
hexagram_05,hexagram_raga_resonance,raga_puriya,yijing_sangita,hexagram_raga_resonance.csv,0.70,false,shared element ether + time-season alignment evening/late_autumn
hexagram_05,hexagram_raga_resonance,raga_des,yijing_sangita,hexagram_raga_resonance.csv,0.70,false,shared element water + time-season alignment night/late_autumn
hexagram_05,hexagram_raga_resonance,raga_khamaj,yijing_sangita,hexagram_raga_resonance.csv,0.70,false,shared element water + time-season alignment night/late_autumn
hexagram_05,hexagram_raga_resonance,raga_purvi,yijing_sangita,hexagram_raga_resonance.csv,0.70,false,shared rasa shanta + shared element ether + time-season alignment evening/late_autumn
hexagram_05,hexagram_raga_resonance,raga_hansadhwani,yijing_sangita,hexagram_raga_resonance.csv,0.70,false,shared element ether + time-season alignment evening/late_autumn
hexagram_05,hexagram_raga_resonance,raga_charukeshi,yijing_sangita,hexagram_raga_resonance.csv,0.70,false,shared element water + time-season alignment night/late_autumn
hexagram_05,hexagram_raga_resonance,raga_kirwani,yijing_sangita,hexagram_raga_resonance.csv,0.70,false,shared element water + time-season alignment night/late_autumn
hexagram_05,hexagram_raga_resonance,raga_chandrakauns,yijing_sangita,hexagram_raga_resonance.csv,0.70,false,shared rasa shanta + shared element water + time-season alignment night/late_autumn
hexagram_05,hexagram_raga_resonance,raga_shankara,yijing_sangita,hexagram_raga_resonance.csv,0.70,false,shared element ether + time-season alignment night/late_autumn
hexagram_06,hexagram_raga_resonance,raga_bhairavi,yijing_sangita,hexagram_raga_resonance.csv,0.70,false,shared element water + direct season match winter
hexagram_06,hexagram_raga_resonance,raga_darbari,yijing_sangita,hexagram_raga_resonance.csv,0.70,false,time-season alignment night/winter + direct season match winter
hexagram_06,hexagram_raga_resonance,raga_malkauns,yijing_sangita,hexagram_raga_resonance.csv,0.70,false,time-season alignment night/winter + direct season match winter
hexagram_06,hexagram_raga_resonance,raga_bageshri,yijing_sangita,hexagram_raga_resonance.csv,0.70,false,shared element water + time-season alignment night/winter
hexagram_06,hexagram_raga_resonance,raga_des,yijing_sangita,hexagram_raga_resonance.csv,0.70,false,shared element water + time-season alignment night/winter
hexagram_06,hexagram_raga_resonance,raga_khamaj,yijing_sangita,hexagram_raga_resonance.csv,0.70,false,shared element water + time-season alignment night/winter
hexagram_06,hexagram_raga_resonance,raga_jaunpuri,yijing_sangita,hexagram_raga_resonance.csv,0.70,false,shared element water + direct season match winter
hexagram_06,hexagram_raga_resonance,raga_charukeshi,yijing_sangita,hexagram_raga_resonance.csv,0.70,false,shared element water + time-season alignment night/winter + direct season match winter
hexagram_06,hexagram_raga_resonance,raga_kirwani,yijing_sangita,hexagram_raga_resonance.csv,0.70,false,shared element water + time-season alignment night/winter + direct season match winter
hexagram_06,hexagram_raga_resonance,raga_chandrakauns,yijing_sangita,hexagram_raga_resonance.csv,0.70,false,shared element water + time-season alignment night/winter + direct season match winter
hexagram_06,hexagram_raga_resonance,raga_shankara,yijing_sangita,hexagram_raga_resonance.csv,0.70,false,shared element ether + time-season alignment night/winter + direct season match winter
hexagram_07,hexagram_raga_resonance,raga_miyan_ki_malhar,yijing_sangita,hexagram_raga_resonance.csv,0.70,false,shared rasa vira + shared element water + time-season alignment monsoon/late_summer
hexagram_08,hexagram_raga_resonance,raga_bhairavi,yijing_sangita,hexagram_raga_resonance.csv,0.70,false,shared element water + direct season match winter
hexagram_08,hexagram_raga_resonance,raga_darbari,yijing_sangita,hexagram_raga_resonance.csv,0.70,false,shared element earth + time-season alignment night/winter + direct season match winter
hexagram_08,hexagram_raga_resonance,raga_malkauns,yijing_sangita,hexagram_raga_resonance.csv,0.70,false,shared element earth + time-season alignment night/winter + direct season match winter
hexagram_08,hexagram_raga_resonance,raga_bageshri,yijing_sangita,hexagram_raga_resonance.csv,0.70,false,shared rasa shringara + shared element water + time-season alignment night/winter
hexagram_08,hexagram_raga_resonance,raga_kedar,yijing_sangita,hexagram_raga_resonance.csv,0.70,false,shared rasa shringara + shared element earth + time-season alignment night/winter
hexagram_08,hexagram_raga_resonance,raga_bihag,yijing_sangita,hexagram_raga_resonance.csv,0.70,false,shared rasa shringara + time-season alignment night/winter
hexagram_08,hexagram_raga_resonance,raga_des,yijing_sangita,hexagram_raga_resonance.csv,0.70,false,shared rasa shringara + shared element water + time-season alignment night/winter
hexagram_08,hexagram_raga_resonance,raga_khamaj,yijing_sangita,hexagram_raga_resonance.csv,0.70,false,shared rasa shringara + shared element water + time-season alignment night/winter
hexagram_08,hexagram_raga_resonance,raga_jaunpuri,yijing_sangita,hexagram_raga_resonance.csv,0.70,false,shared element water + direct season match winter
hexagram_08,hexagram_raga_resonance,raga_ahir_bhairav,yijing_sangita,hexagram_raga_resonance.csv,0.70,false,shared rasa shringara + shared element water
hexagram_08,hexagram_raga_resonance,raga_tilak_kamod,yijing_sangita,hexagram_raga_resonance.csv,0.70,false,shared rasa shringara + time-season alignment night/winter
hexagram_08,hexagram_raga_resonance,raga_rageshri,yijing_sangita,hexagram_raga_resonance.csv,0.70,false,shared rasa shringara + time-season alignment night/winter
hexagram_08,hexagram_raga_resonance,raga_charukeshi,yijing_sangita,hexagram_raga_resonance.csv,0.70,false,shared element water + time-season alignment night/winter + direct season match winter
hexagram_08,hexagram_raga_resonance,raga_kirwani,yijing_sangita,hexagram_raga_resonance.csv,0.70,false,shared element water + time-season alignment night/winter + direct season match winter
hexagram_08,hexagram_raga_resonance,raga_chandrakauns,yijing_sangita,hexagram_raga_resonance.csv,0.70,false,shared element water + time-season alignment night/winter + direct season match winter
hexagram_08,hexagram_raga_resonance,raga_shankara,yijing_sangita,hexagram_raga_resonance.csv,0.70,false,time-season alignment night/winter + direct season match winter
hexagram_09,hexagram_raga_resonance,raga_yaman,yijing_sangita,hexagram_raga_resonance.csv,0.70,false,shared rasa shringara + shared element ether
hexagram_09,hexagram_raga_resonance,raga_bhimpalasi,yijing_sangita,hexagram_raga_resonance.csv,0.70,false,shared rasa shringara + shared element air
hexagram_09,hexagram_raga_resonance,raga_lalit,yijing_sangita,hexagram_raga_resonance.csv,0.70,false,shared rasa shringara + shared element ether
hexagram_09,hexagram_raga_resonance,raga_bihag,yijing_sangita,hexagram_raga_resonance.csv,0.70,false,shared rasa shringara + shared element air
hexagram_09,hexagram_raga_resonance,raga_hindol,yijing_sangita,hexagram_raga_resonance.csv,0.70,false,shared rasa shringara + shared element ether
hexagram_09,hexagram_raga_resonance,raga_tilak_kamod,yijing_sangita,hexagram_raga_resonance.csv,0.70,false,shared rasa shringara + shared element air
hexagram_09,hexagram_raga_resonance,raga_rageshri,yijing_sangita,hexagram_raga_resonance.csv,0.70,false,shared rasa shringara + shared element air
hexagram_10,hexagram_raga_resonance,raga_yaman,yijing_sangita,hexagram_raga_resonance.csv,0.70,false,shared element ether + time-season alignment evening/autumn + direct season match autumn
hexagram_10,hexagram_raga_resonance,raga_marwa,yijing_sangita,hexagram_raga_resonance.csv,0.70,false,time-season alignment evening/autumn + direct season match autumn
hexagram_10,hexagram_raga_resonance,raga_bageshri,yijing_sangita,hexagram_raga_resonance.csv,0.70,false,shared element water + time-season alignment night/autumn + direct season match autumn
hexagram_10,hexagram_raga_resonance,raga_puriya,yijing_sangita,hexagram_raga_resonance.csv,0.70,false,shared element ether + time-season alignment evening/autumn + direct season match autumn
hexagram_10,hexagram_raga_resonance,raga_kedar,yijing_sangita,hexagram_raga_resonance.csv,0.70,false,time-season alignment night/autumn + direct season match autumn
hexagram_10,hexagram_raga_resonance,raga_bihag,yijing_sangita,hexagram_raga_resonance.csv,0.70,false,time-season alignment night/autumn + direct season match autumn
hexagram_10,hexagram_raga_resonance,raga_des,yijing_sangita,hexagram_raga_resonance.csv,0.70,false,shared element water + time-season alignment night/autumn
hexagram_10,hexagram_raga_resonance,raga_khamaj,yijing_sangita,hexagram_raga_resonance.csv,0.70,false,shared element water + time-season alignment night/autumn
hexagram_10,hexagram_raga_resonance,raga_durga,yijing_sangita,hexagram_raga_resonance.csv,0.70,false,time-season alignment night/autumn + direct season match autumn
hexagram_10,hexagram_raga_resonance,raga_shree,yijing_sangita,hexagram_raga_resonance.csv,0.70,false,time-season alignment evening/autumn + direct season match autumn
hexagram_10,hexagram_raga_resonance,raga_purvi,yijing_sangita,hexagram_raga_resonance.csv,0.70,false,shared element ether + time-season alignment evening/autumn + direct season match autumn
hexagram_10,hexagram_raga_resonance,raga_tilak_kamod,yijing_sangita,hexagram_raga_resonance.csv,0.70,false,time-season alignment night/autumn + direct season match autumn
hexagram_10,hexagram_raga_resonance,raga_rageshri,yijing_sangita,hexagram_raga_resonance.csv,0.70,false,time-season alignment night/autumn + direct season match autumn
hexagram_10,hexagram_raga_resonance,raga_hansadhwani,yijing_sangita,hexagram_raga_resonance.csv,0.70,false,shared element ether + time-season alignment evening/autumn + direct season match autumn
hexagram_10,hexagram_raga_resonance,raga_charukeshi,yijing_sangita,hexagram_raga_resonance.csv,0.70,false,shared element water + time-season alignment night/autumn
hexagram_10,hexagram_raga_resonance,raga_kirwani,yijing_sangita,hexagram_raga_resonance.csv,0.70,false,shared element water + time-season alignment night/autumn
hexagram_10,hexagram_raga_resonance,raga_chandrakauns,yijing_sangita,hexagram_raga_resonance.csv,0.70,false,shared element water + time-season alignment night/autumn
hexagram_10,hexagram_raga_resonance,raga_shankara,yijing_sangita,hexagram_raga_resonance.csv,0.70,false,shared element ether + time-season alignment night/autumn
hexagram_11,hexagram_raga_resonance,raga_yaman,yijing_sangita,hexagram_raga_resonance.csv,0.70,false,shared element ether + time-season alignment evening/late_autumn
hexagram_11,hexagram_raga_resonance,raga_darbari,yijing_sangita,hexagram_raga_resonance.csv,0.70,false,shared element earth + time-season alignment night/late_autumn
hexagram_11,hexagram_raga_resonance,raga_malkauns,yijing_sangita,hexagram_raga_resonance.csv,0.70,false,shared rasa shanta + shared element earth + time-season alignment night/late_autumn
hexagram_11,hexagram_raga_resonance,raga_puriya,yijing_sangita,hexagram_raga_resonance.csv,0.70,false,shared element ether + time-season alignment evening/late_autumn
hexagram_11,hexagram_raga_resonance,raga_kedar,yijing_sangita,hexagram_raga_resonance.csv,0.70,false,shared element earth + time-season alignment night/late_autumn
hexagram_11,hexagram_raga_resonance,raga_purvi,yijing_sangita,hexagram_raga_resonance.csv,0.70,false,shared rasa shanta + shared element ether + time-season alignment evening/late_autumn
hexagram_11,hexagram_raga_resonance,raga_hansadhwani,yijing_sangita,hexagram_raga_resonance.csv,0.70,false,shared element ether + time-season alignment evening/late_autumn
hexagram_11,hexagram_raga_resonance,raga_chandrakauns,yijing_sangita,hexagram_raga_resonance.csv,0.70,false,shared rasa shanta + time-season alignment night/late_autumn
hexagram_11,hexagram_raga_resonance,raga_shankara,yijing_sangita,hexagram_raga_resonance.csv,0.70,false,shared element ether + time-season alignment night/late_autumn
hexagram_13,hexagram_raga_resonance,raga_yaman,yijing_sangita,hexagram_raga_resonance.csv,0.70,false,shared rasa shringara + shared element ether
hexagram_13,hexagram_raga_resonance,raga_bhimpalasi,yijing_sangita,hexagram_raga_resonance.csv,0.70,false,shared rasa shringara + time-season alignment afternoon/summer + direct season match summer
hexagram_13,hexagram_raga_resonance,raga_lalit,yijing_sangita,hexagram_raga_resonance.csv,0.70,false,shared rasa shringara + shared element ether
hexagram_13,hexagram_raga_resonance,raga_miyan_ki_malhar,yijing_sangita,hexagram_raga_resonance.csv,0.70,false,time-season alignment monsoon/summer + direct season match summer
hexagram_13,hexagram_raga_resonance,raga_khamaj,yijing_sangita,hexagram_raga_resonance.csv,0.70,false,shared rasa shringara + direct season match summer
hexagram_13,hexagram_raga_resonance,raga_hindol,yijing_sangita,hexagram_raga_resonance.csv,0.70,false,shared rasa shringara + shared element ether
hexagram_13,hexagram_raga_resonance,raga_shree,yijing_sangita,hexagram_raga_resonance.csv,0.70,false,shared rasa shringara + shared element fire
hexagram_13,hexagram_raga_resonance,raga_multani,yijing_sangita,hexagram_raga_resonance.csv,0.70,false,time-season alignment afternoon/summer + direct season match summer
hexagram_13,hexagram_raga_resonance,raga_sarang,yijing_sangita,hexagram_raga_resonance.csv,0.70,false,shared element fire + time-season alignment midday/summer + direct season match summer
hexagram_14,hexagram_raga_resonance,raga_bhimpalasi,yijing_sangita,hexagram_raga_resonance.csv,0.70,false,time-season alignment afternoon/summer + direct season match summer
hexagram_14,hexagram_raga_resonance,raga_miyan_ki_malhar,yijing_sangita,hexagram_raga_resonance.csv,0.70,false,time-season alignment monsoon/summer + direct season match summer
hexagram_14,hexagram_raga_resonance,raga_multani,yijing_sangita,hexagram_raga_resonance.csv,0.70,false,time-season alignment afternoon/summer + direct season match summer
hexagram_14,hexagram_raga_resonance,raga_hansadhwani,yijing_sangita,hexagram_raga_resonance.csv,0.70,false,shared rasa adbhuta + shared element ether
hexagram_14,hexagram_raga_resonance,raga_shankara,yijing_sangita,hexagram_raga_resonance.csv,0.70,false,shared rasa adbhuta + shared element ether
hexagram_14,hexagram_raga_resonance,raga_sarang,yijing_sangita,hexagram_raga_resonance.csv,0.70,false,shared element fire + time-season alignment midday/summer + direct season match summer
hexagram_15,hexagram_raga_resonance,raga_malkauns,yijing_sangita,hexagram_raga_resonance.csv,0.70,false,shared rasa shanta + shared element earth
hexagram_16,hexagram_raga_resonance,raga_bhairava,yijing_sangita,hexagram_raga_resonance.csv,0.70,false,shared element fire + time-season alignment morning/spring + direct season match spring
hexagram_16,hexagram_raga_resonance,raga_lalit,yijing_sangita,hexagram_raga_resonance.csv,0.70,false,time-season alignment dawn/spring + direct season match spring
hexagram_16,hexagram_raga_resonance,raga_hindol,yijing_sangita,hexagram_raga_resonance.csv,0.70,false,time-season alignment morning/spring + direct season match spring
hexagram_16,hexagram_raga_resonance,raga_bairagi,yijing_sangita,hexagram_raga_resonance.csv,0.70,false,time-season alignment morning/spring + direct season match spring
hexagram_16,hexagram_raga_resonance,raga_ahir_bhairav,yijing_sangita,hexagram_raga_resonance.csv,0.70,false,time-season alignment morning/spring + direct season match spring
hexagram_17,hexagram_raga_resonance,raga_bhairava,yijing_sangita,hexagram_raga_resonance.csv,0.70,false,shared element fire + time-season alignment morning/spring + direct season match spring
hexagram_17,hexagram_raga_resonance,raga_bhairavi,yijing_sangita,hexagram_raga_resonance.csv,0.70,false,shared element water + time-season alignment morning/spring
hexagram_17,hexagram_raga_resonance,raga_todi,yijing_sangita,hexagram_raga_resonance.csv,0.70,false,shared element water + time-season alignment morning/spring
hexagram_17,hexagram_raga_resonance,raga_bageshri,yijing_sangita,hexagram_raga_resonance.csv,0.70,false,shared rasa shringara + shared element water
hexagram_17,hexagram_raga_resonance,raga_lalit,yijing_sangita,hexagram_raga_resonance.csv,0.70,false,shared rasa shringara + time-season alignment dawn/spring + direct season match spring
hexagram_17,hexagram_raga_resonance,raga_des,yijing_sangita,hexagram_raga_resonance.csv,0.70,false,shared rasa shringara + shared element water
hexagram_17,hexagram_raga_resonance,raga_khamaj,yijing_sangita,hexagram_raga_resonance.csv,0.70,false,shared rasa shringara + shared element water
hexagram_17,hexagram_raga_resonance,raga_jaunpuri,yijing_sangita,hexagram_raga_resonance.csv,0.70,false,shared element water + time-season alignment morning/spring
hexagram_17,hexagram_raga_resonance,raga_hindol,yijing_sangita,hexagram_raga_resonance.csv,0.70,false,shared rasa shringara + time-season alignment morning/spring + direct season match spring
hexagram_17,hexagram_raga_resonance,raga_shree,yijing_sangita,hexagram_raga_resonance.csv,0.70,false,shared rasa shringara + shared element fire
hexagram_17,hexagram_raga_resonance,raga_bairagi,yijing_sangita,hexagram_raga_resonance.csv,0.70,false,time-season alignment morning/spring + direct season match spring
hexagram_17,hexagram_raga_resonance,raga_ahir_bhairav,yijing_sangita,hexagram_raga_resonance.csv,0.70,false,shared rasa shringara + shared element water + time-season alignment morning/spring + direct season match spring
hexagram_18,hexagram_raga_resonance,raga_todi,yijing_sangita,hexagram_raga_resonance.csv,0.70,false,shared rasa karuna + direct season match late_spring
hexagram_18,hexagram_raga_resonance,raga_darbari,yijing_sangita,hexagram_raga_resonance.csv,0.70,false,shared rasa karuna + shared element earth
hexagram_18,hexagram_raga_resonance,raga_multani,yijing_sangita,hexagram_raga_resonance.csv,0.70,false,shared rasa karuna + shared element air
hexagram_19,hexagram_raga_resonance,raga_yaman,yijing_sangita,hexagram_raga_resonance.csv,0.70,false,shared rasa shringara + time-season alignment evening/autumn + direct season match autumn
hexagram_19,hexagram_raga_resonance,raga_marwa,yijing_sangita,hexagram_raga_resonance.csv,0.70,false,time-season alignment evening/autumn + direct season match autumn
hexagram_19,hexagram_raga_resonance,raga_darbari,yijing_sangita,hexagram_raga_resonance.csv,0.70,false,shared element earth + time-season alignment night/autumn
hexagram_19,hexagram_raga_resonance,raga_malkauns,yijing_sangita,hexagram_raga_resonance.csv,0.70,false,shared element earth + time-season alignment night/autumn
hexagram_19,hexagram_raga_resonance,raga_bageshri,yijing_sangita,hexagram_raga_resonance.csv,0.70,false,shared rasa shringara + shared element water + time-season alignment night/autumn + direct season match autumn
hexagram_19,hexagram_raga_resonance,raga_puriya,yijing_sangita,hexagram_raga_resonance.csv,0.70,false,time-season alignment evening/autumn + direct season match autumn
hexagram_19,hexagram_raga_resonance,raga_kedar,yijing_sangita,hexagram_raga_resonance.csv,0.70,false,shared rasa shringara + shared element earth + time-season alignment night/autumn + direct season match autumn
hexagram_19,hexagram_raga_resonance,raga_bihag,yijing_sangita,hexagram_raga_resonance.csv,0.70,false,shared rasa shringara + time-season alignment night/autumn + direct season match autumn
hexagram_19,hexagram_raga_resonance,raga_des,yijing_sangita,hexagram_raga_resonance.csv,0.70,false,shared rasa shringara + shared element water + time-season alignment night/autumn
hexagram_19,hexagram_raga_resonance,raga_khamaj,yijing_sangita,hexagram_raga_resonance.csv,0.70,false,shared rasa shringara + shared element water + time-season alignment night/autumn
hexagram_19,hexagram_raga_resonance,raga_durga,yijing_sangita,hexagram_raga_resonance.csv,0.70,false,time-season alignment night/autumn + direct season match autumn
hexagram_19,hexagram_raga_resonance,raga_shree,yijing_sangita,hexagram_raga_resonance.csv,0.70,false,shared rasa shringara + time-season alignment evening/autumn + direct season match autumn
hexagram_19,hexagram_raga_resonance,raga_purvi,yijing_sangita,hexagram_raga_resonance.csv,0.70,false,time-season alignment evening/autumn + direct season match autumn
hexagram_19,hexagram_raga_resonance,raga_ahir_bhairav,yijing_sangita,hexagram_raga_resonance.csv,0.70,false,shared rasa shringara + shared element water
hexagram_19,hexagram_raga_resonance,raga_tilak_kamod,yijing_sangita,hexagram_raga_resonance.csv,0.70,false,shared rasa shringara + time-season alignment night/autumn + direct season match autumn
hexagram_19,hexagram_raga_resonance,raga_rageshri,yijing_sangita,hexagram_raga_resonance.csv,0.70,false,shared rasa shringara + time-season alignment night/autumn + direct season match autumn
hexagram_19,hexagram_raga_resonance,raga_hansadhwani,yijing_sangita,hexagram_raga_resonance.csv,0.70,false,time-season alignment evening/autumn + direct season match autumn
hexagram_19,hexagram_raga_resonance,raga_charukeshi,yijing_sangita,hexagram_raga_resonance.csv,0.70,false,shared element water + time-season alignment night/autumn
hexagram_19,hexagram_raga_resonance,raga_kirwani,yijing_sangita,hexagram_raga_resonance.csv,0.70,false,shared element water + time-season alignment night/autumn
hexagram_19,hexagram_raga_resonance,raga_chandrakauns,yijing_sangita,hexagram_raga_resonance.csv,0.70,false,shared element water + time-season alignment night/autumn
hexagram_20,hexagram_raga_resonance,raga_bhimpalasi,yijing_sangita,hexagram_raga_resonance.csv,0.70,false,shared element air + time-season alignment afternoon/late_summer
hexagram_20,hexagram_raga_resonance,raga_malkauns,yijing_sangita,hexagram_raga_resonance.csv,0.70,false,shared rasa shanta + shared element earth
hexagram_20,hexagram_raga_resonance,raga_multani,yijing_sangita,hexagram_raga_resonance.csv,0.70,false,shared element air + time-season alignment afternoon/late_summer
hexagram_21,hexagram_raga_resonance,raga_bhairava,yijing_sangita,hexagram_raga_resonance.csv,0.70,false,shared element fire + time-season alignment morning/spring + direct season match spring
hexagram_21,hexagram_raga_resonance,raga_lalit,yijing_sangita,hexagram_raga_resonance.csv,0.70,false,time-season alignment dawn/spring + direct season match spring
hexagram_21,hexagram_raga_resonance,raga_hindol,yijing_sangita,hexagram_raga_resonance.csv,0.70,false,time-season alignment morning/spring + direct season match spring
hexagram_21,hexagram_raga_resonance,raga_bairagi,yijing_sangita,hexagram_raga_resonance.csv,0.70,false,time-season alignment morning/spring + direct season match spring
hexagram_21,hexagram_raga_resonance,raga_ahir_bhairav,yijing_sangita,hexagram_raga_resonance.csv,0.70,false,time-season alignment morning/spring + direct season match spring
hexagram_22,hexagram_raga_resonance,raga_bhimpalasi,yijing_sangita,hexagram_raga_resonance.csv,0.70,false,shared rasa shringara + time-season alignment afternoon/summer + direct season match summer
hexagram_22,hexagram_raga_resonance,raga_miyan_ki_malhar,yijing_sangita,hexagram_raga_resonance.csv,0.70,false,time-season alignment monsoon/summer + direct season match summer
hexagram_22,hexagram_raga_resonance,raga_kedar,yijing_sangita,hexagram_raga_resonance.csv,0.70,false,shared rasa shringara + shared element earth
hexagram_22,hexagram_raga_resonance,raga_khamaj,yijing_sangita,hexagram_raga_resonance.csv,0.70,false,shared rasa shringara + direct season match summer
hexagram_22,hexagram_raga_resonance,raga_shree,yijing_sangita,hexagram_raga_resonance.csv,0.70,false,shared rasa shringara + shared element fire
hexagram_22,hexagram_raga_resonance,raga_multani,yijing_sangita,hexagram_raga_resonance.csv,0.70,false,time-season alignment afternoon/summer + direct season match summer
hexagram_22,hexagram_raga_resonance,raga_sarang,yijing_sangita,hexagram_raga_resonance.csv,0.70,false,shared element fire + time-season alignment midday/summer + direct season match summer
hexagram_24,hexagram_raga_resonance,raga_bhairava,yijing_sangita,hexagram_raga_resonance.csv,0.70,false,shared element fire + time-season alignment morning/spring + direct season match spring
hexagram_24,hexagram_raga_resonance,raga_lalit,yijing_sangita,hexagram_raga_resonance.csv,0.70,false,time-season alignment dawn/spring + direct season match spring
hexagram_24,hexagram_raga_resonance,raga_hindol,yijing_sangita,hexagram_raga_resonance.csv,0.70,false,time-season alignment morning/spring + direct season match spring
hexagram_24,hexagram_raga_resonance,raga_bairagi,yijing_sangita,hexagram_raga_resonance.csv,0.70,false,time-season alignment morning/spring + direct season match spring
hexagram_24,hexagram_raga_resonance,raga_ahir_bhairav,yijing_sangita,hexagram_raga_resonance.csv,0.70,false,time-season alignment morning/spring + direct season match spring
hexagram_25,hexagram_raga_resonance,raga_bhairava,yijing_sangita,hexagram_raga_resonance.csv,0.70,false,shared element fire + time-season alignment morning/spring + direct season match spring
hexagram_25,hexagram_raga_resonance,raga_lalit,yijing_sangita,hexagram_raga_resonance.csv,0.70,false,shared element ether + time-season alignment dawn/spring + direct season match spring
hexagram_25,hexagram_raga_resonance,raga_hindol,yijing_sangita,hexagram_raga_resonance.csv,0.70,false,shared element ether + time-season alignment morning/spring + direct season match spring
hexagram_25,hexagram_raga_resonance,raga_bairagi,yijing_sangita,hexagram_raga_resonance.csv,0.70,false,shared element ether + time-season alignment morning/spring + direct season match spring
hexagram_25,hexagram_raga_resonance,raga_ahir_bhairav,yijing_sangita,hexagram_raga_resonance.csv,0.70,false,time-season alignment morning/spring + direct season match spring
hexagram_25,hexagram_raga_resonance,raga_hansadhwani,yijing_sangita,hexagram_raga_resonance.csv,0.70,false,shared rasa adbhuta + shared element ether
hexagram_25,hexagram_raga_resonance,raga_shankara,yijing_sangita,hexagram_raga_resonance.csv,0.70,false,shared rasa adbhuta + shared element ether
hexagram_26,hexagram_raga_resonance,raga_yaman,yijing_sangita,hexagram_raga_resonance.csv,0.70,false,shared element ether + time-season alignment evening/late_autumn
hexagram_26,hexagram_raga_resonance,raga_marwa,yijing_sangita,hexagram_raga_resonance.csv,0.70,false,shared rasa vira + time-season alignment evening/late_autumn
hexagram_26,hexagram_raga_resonance,raga_darbari,yijing_sangita,hexagram_raga_resonance.csv,0.70,false,shared element earth + time-season alignment night/late_autumn
hexagram_26,hexagram_raga_resonance,raga_malkauns,yijing_sangita,hexagram_raga_resonance.csv,0.70,false,shared element earth + time-season alignment night/late_autumn
hexagram_26,hexagram_raga_resonance,raga_puriya,yijing_sangita,hexagram_raga_resonance.csv,0.70,false,shared element ether + time-season alignment evening/late_autumn
hexagram_26,hexagram_raga_resonance,raga_kedar,yijing_sangita,hexagram_raga_resonance.csv,0.70,false,shared element earth + time-season alignment night/late_autumn
hexagram_26,hexagram_raga_resonance,raga_durga,yijing_sangita,hexagram_raga_resonance.csv,0.70,false,shared rasa vira + time-season alignment night/late_autumn
hexagram_26,hexagram_raga_resonance,raga_purvi,yijing_sangita,hexagram_raga_resonance.csv,0.70,false,shared element ether + time-season alignment evening/late_autumn
hexagram_26,hexagram_raga_resonance,raga_hansadhwani,yijing_sangita,hexagram_raga_resonance.csv,0.70,false,shared element ether + time-season alignment evening/late_autumn
hexagram_26,hexagram_raga_resonance,raga_shankara,yijing_sangita,hexagram_raga_resonance.csv,0.70,false,shared element ether + time-season alignment night/late_autumn
hexagram_27,hexagram_raga_resonance,raga_bhairava,yijing_sangita,hexagram_raga_resonance.csv,0.70,false,shared element fire + time-season alignment morning/spring + direct season match spring
hexagram_27,hexagram_raga_resonance,raga_lalit,yijing_sangita,hexagram_raga_resonance.csv,0.70,false,shared rasa shringara + time-season alignment dawn/spring + direct season match spring
hexagram_27,hexagram_raga_resonance,raga_kedar,yijing_sangita,hexagram_raga_resonance.csv,0.70,false,shared rasa shringara + shared element earth
hexagram_27,hexagram_raga_resonance,raga_hindol,yijing_sangita,hexagram_raga_resonance.csv,0.70,false,shared rasa shringara + time-season alignment morning/spring + direct season match spring
hexagram_27,hexagram_raga_resonance,raga_shree,yijing_sangita,hexagram_raga_resonance.csv,0.70,false,shared rasa shringara + shared element fire
hexagram_27,hexagram_raga_resonance,raga_bairagi,yijing_sangita,hexagram_raga_resonance.csv,0.70,false,time-season alignment morning/spring + direct season match spring
hexagram_27,hexagram_raga_resonance,raga_ahir_bhairav,yijing_sangita,hexagram_raga_resonance.csv,0.70,false,shared rasa shringara + time-season alignment morning/spring + direct season match spring
hexagram_28,hexagram_raga_resonance,raga_yaman,yijing_sangita,hexagram_raga_resonance.csv,0.70,false,time-season alignment evening/autumn + direct season match autumn
hexagram_28,hexagram_raga_resonance,raga_marwa,yijing_sangita,hexagram_raga_resonance.csv,0.70,false,time-season alignment evening/autumn + direct season match autumn
hexagram_28,hexagram_raga_resonance,raga_bageshri,yijing_sangita,hexagram_raga_resonance.csv,0.70,false,shared element water + time-season alignment night/autumn + direct season match autumn
hexagram_28,hexagram_raga_resonance,raga_puriya,yijing_sangita,hexagram_raga_resonance.csv,0.70,false,time-season alignment evening/autumn + direct season match autumn
hexagram_28,hexagram_raga_resonance,raga_kedar,yijing_sangita,hexagram_raga_resonance.csv,0.70,false,time-season alignment night/autumn + direct season match autumn
hexagram_28,hexagram_raga_resonance,raga_bihag,yijing_sangita,hexagram_raga_resonance.csv,0.70,false,shared element air + time-season alignment night/autumn + direct season match autumn
hexagram_28,hexagram_raga_resonance,raga_des,yijing_sangita,hexagram_raga_resonance.csv,0.70,false,shared element water + time-season alignment night/autumn
hexagram_28,hexagram_raga_resonance,raga_khamaj,yijing_sangita,hexagram_raga_resonance.csv,0.70,false,shared element water + time-season alignment night/autumn
hexagram_28,hexagram_raga_resonance,raga_durga,yijing_sangita,hexagram_raga_resonance.csv,0.70,false,time-season alignment night/autumn + direct season match autumn
hexagram_28,hexagram_raga_resonance,raga_shree,yijing_sangita,hexagram_raga_resonance.csv,0.70,false,time-season alignment evening/autumn + direct season match autumn
hexagram_28,hexagram_raga_resonance,raga_purvi,yijing_sangita,hexagram_raga_resonance.csv,0.70,false,time-season alignment evening/autumn + direct season match autumn
hexagram_28,hexagram_raga_resonance,raga_tilak_kamod,yijing_sangita,hexagram_raga_resonance.csv,0.70,false,shared element air + time-season alignment night/autumn + direct season match autumn
hexagram_28,hexagram_raga_resonance,raga_rageshri,yijing_sangita,hexagram_raga_resonance.csv,0.70,false,shared element air + time-season alignment night/autumn + direct season match autumn
hexagram_28,hexagram_raga_resonance,raga_hansadhwani,yijing_sangita,hexagram_raga_resonance.csv,0.70,false,time-season alignment evening/autumn + direct season match autumn
hexagram_28,hexagram_raga_resonance,raga_charukeshi,yijing_sangita,hexagram_raga_resonance.csv,0.70,false,shared element water + time-season alignment night/autumn
hexagram_28,hexagram_raga_resonance,raga_kirwani,yijing_sangita,hexagram_raga_resonance.csv,0.70,false,shared element water + time-season alignment night/autumn
hexagram_28,hexagram_raga_resonance,raga_chandrakauns,yijing_sangita,hexagram_raga_resonance.csv,0.70,false,shared element water + time-season alignment night/autumn
hexagram_29,hexagram_raga_resonance,raga_bhairavi,yijing_sangita,hexagram_raga_resonance.csv,0.70,false,shared element water + direct season match winter
hexagram_29,hexagram_raga_resonance,raga_darbari,yijing_sangita,hexagram_raga_resonance.csv,0.70,false,time-season alignment night/winter + direct season match winter
hexagram_29,hexagram_raga_resonance,raga_malkauns,yijing_sangita,hexagram_raga_resonance.csv,0.70,false,time-season alignment night/winter + direct season match winter
hexagram_29,hexagram_raga_resonance,raga_bageshri,yijing_sangita,hexagram_raga_resonance.csv,0.70,false,shared element water + time-season alignment night/winter
hexagram_29,hexagram_raga_resonance,raga_des,yijing_sangita,hexagram_raga_resonance.csv,0.70,false,shared element water + time-season alignment night/winter
hexagram_29,hexagram_raga_resonance,raga_khamaj,yijing_sangita,hexagram_raga_resonance.csv,0.70,false,shared element water + time-season alignment night/winter
hexagram_29,hexagram_raga_resonance,raga_jaunpuri,yijing_sangita,hexagram_raga_resonance.csv,0.70,false,shared element water + direct season match winter
hexagram_29,hexagram_raga_resonance,raga_charukeshi,yijing_sangita,hexagram_raga_resonance.csv,0.70,false,shared element water + time-season alignment night/winter + direct season match winter
hexagram_29,hexagram_raga_resonance,raga_kirwani,yijing_sangita,hexagram_raga_resonance.csv,0.70,false,shared element water + time-season alignment night/winter + direct season match winter
hexagram_29,hexagram_raga_resonance,raga_chandrakauns,yijing_sangita,hexagram_raga_resonance.csv,0.70,false,shared element water + time-season alignment night/winter + direct season match winter
hexagram_29,hexagram_raga_resonance,raga_shankara,yijing_sangita,hexagram_raga_resonance.csv,0.70,false,time-season alignment night/winter + direct season match winter
hexagram_30,hexagram_raga_resonance,raga_bhimpalasi,yijing_sangita,hexagram_raga_resonance.csv,0.70,false,time-season alignment afternoon/summer + direct season match summer
hexagram_30,hexagram_raga_resonance,raga_miyan_ki_malhar,yijing_sangita,hexagram_raga_resonance.csv,0.70,false,time-season alignment monsoon/summer + direct season match summer
hexagram_30,hexagram_raga_resonance,raga_multani,yijing_sangita,hexagram_raga_resonance.csv,0.70,false,time-season alignment afternoon/summer + direct season match summer
hexagram_30,hexagram_raga_resonance,raga_sarang,yijing_sangita,hexagram_raga_resonance.csv,0.70,false,shared element fire + time-season alignment midday/summer + direct season match summer
hexagram_31,hexagram_raga_resonance,raga_bhairavi,yijing_sangita,hexagram_raga_resonance.csv,0.70,false,shared element water + time-season alignment morning/early_spring
hexagram_31,hexagram_raga_resonance,raga_todi,yijing_sangita,hexagram_raga_resonance.csv,0.70,false,shared element water + time-season alignment morning/early_spring
hexagram_31,hexagram_raga_resonance,raga_bageshri,yijing_sangita,hexagram_raga_resonance.csv,0.70,false,shared rasa shringara + shared element water
hexagram_31,hexagram_raga_resonance,raga_lalit,yijing_sangita,hexagram_raga_resonance.csv,0.70,false,shared rasa shringara + time-season alignment dawn/early_spring
hexagram_31,hexagram_raga_resonance,raga_kedar,yijing_sangita,hexagram_raga_resonance.csv,0.70,false,shared rasa shringara + shared element earth
hexagram_31,hexagram_raga_resonance,raga_des,yijing_sangita,hexagram_raga_resonance.csv,0.70,false,shared rasa shringara + shared element water
hexagram_31,hexagram_raga_resonance,raga_khamaj,yijing_sangita,hexagram_raga_resonance.csv,0.70,false,shared rasa shringara + shared element water
hexagram_31,hexagram_raga_resonance,raga_jaunpuri,yijing_sangita,hexagram_raga_resonance.csv,0.70,false,shared element water + time-season alignment morning/early_spring
hexagram_31,hexagram_raga_resonance,raga_hindol,yijing_sangita,hexagram_raga_resonance.csv,0.70,false,shared rasa shringara + time-season alignment morning/early_spring
hexagram_31,hexagram_raga_resonance,raga_ahir_bhairav,yijing_sangita,hexagram_raga_resonance.csv,0.70,false,shared rasa shringara + shared element water + time-season alignment morning/early_spring
hexagram_33,hexagram_raga_resonance,raga_malkauns,yijing_sangita,hexagram_raga_resonance.csv,0.70,false,shared rasa shanta + shared element earth
hexagram_33,hexagram_raga_resonance,raga_lalit,yijing_sangita,hexagram_raga_resonance.csv,0.70,false,shared element ether + time-season alignment dawn/early_spring
hexagram_33,hexagram_raga_resonance,raga_hindol,yijing_sangita,hexagram_raga_resonance.csv,0.70,false,shared element ether + time-season alignment morning/early_spring
hexagram_33,hexagram_raga_resonance,raga_purvi,yijing_sangita,hexagram_raga_resonance.csv,0.70,false,shared rasa shanta + shared element ether
hexagram_33,hexagram_raga_resonance,raga_bairagi,yijing_sangita,hexagram_raga_resonance.csv,0.70,false,shared element ether + time-season alignment morning/early_spring
hexagram_34,hexagram_raga_resonance,raga_bhairava,yijing_sangita,hexagram_raga_resonance.csv,0.70,false,shared rasa vira + shared element fire + time-season alignment morning/spring + direct season match spring
hexagram_34,hexagram_raga_resonance,raga_marwa,yijing_sangita,hexagram_raga_resonance.csv,0.70,false,shared rasa vira + shared element fire
hexagram_34,hexagram_raga_resonance,raga_lalit,yijing_sangita,hexagram_raga_resonance.csv,0.70,false,shared element ether + time-season alignment dawn/spring + direct season match spring
hexagram_34,hexagram_raga_resonance,raga_durga,yijing_sangita,hexagram_raga_resonance.csv,0.70,false,shared rasa vira + shared element fire
hexagram_34,hexagram_raga_resonance,raga_hindol,yijing_sangita,hexagram_raga_resonance.csv,0.70,false,shared element ether + time-season alignment morning/spring + direct season match spring
hexagram_34,hexagram_raga_resonance,raga_bairagi,yijing_sangita,hexagram_raga_resonance.csv,0.70,false,shared element ether + time-season alignment morning/spring + direct season match spring
hexagram_34,hexagram_raga_resonance,raga_ahir_bhairav,yijing_sangita,hexagram_raga_resonance.csv,0.70,false,time-season alignment morning/spring + direct season match spring
hexagram_34,hexagram_raga_resonance,raga_sarang,yijing_sangita,hexagram_raga_resonance.csv,0.70,false,shared rasa vira + shared element fire
hexagram_35,hexagram_raga_resonance,raga_bhimpalasi,yijing_sangita,hexagram_raga_resonance.csv,0.70,false,time-season alignment afternoon/summer + direct season match summer
hexagram_35,hexagram_raga_resonance,raga_miyan_ki_malhar,yijing_sangita,hexagram_raga_resonance.csv,0.70,false,time-season alignment monsoon/summer + direct season match summer
hexagram_35,hexagram_raga_resonance,raga_multani,yijing_sangita,hexagram_raga_resonance.csv,0.70,false,time-season alignment afternoon/summer + direct season match summer
hexagram_35,hexagram_raga_resonance,raga_sarang,yijing_sangita,hexagram_raga_resonance.csv,0.70,false,shared element fire + time-season alignment midday/summer + direct season match summer
hexagram_36,hexagram_raga_resonance,raga_bhimpalasi,yijing_sangita,hexagram_raga_resonance.csv,0.70,false,time-season alignment afternoon/summer + direct season match summer
hexagram_36,hexagram_raga_resonance,raga_darbari,yijing_sangita,hexagram_raga_resonance.csv,0.70,false,shared rasa karuna + shared element earth
hexagram_36,hexagram_raga_resonance,raga_miyan_ki_malhar,yijing_sangita,hexagram_raga_resonance.csv,0.70,false,time-season alignment monsoon/summer + direct season match summer
hexagram_36,hexagram_raga_resonance,raga_multani,yijing_sangita,hexagram_raga_resonance.csv,0.70,false,shared rasa karuna + time-season alignment afternoon/summer + direct season match summer
hexagram_36,hexagram_raga_resonance,raga_sarang,yijing_sangita,hexagram_raga_resonance.csv,0.70,false,shared element fire + time-season alignment midday/summer + direct season match summer
hexagram_37,hexagram_raga_resonance,raga_bhimpalasi,yijing_sangita,hexagram_raga_resonance.csv,0.70,false,shared rasa shringara + shared element air + time-season alignment afternoon/summer + direct season match summer
hexagram_37,hexagram_raga_resonance,raga_miyan_ki_malhar,yijing_sangita,hexagram_raga_resonance.csv,0.70,false,time-season alignment monsoon/summer + direct season match summer
hexagram_37,hexagram_raga_resonance,raga_bihag,yijing_sangita,hexagram_raga_resonance.csv,0.70,false,shared rasa shringara + shared element air
hexagram_37,hexagram_raga_resonance,raga_khamaj,yijing_sangita,hexagram_raga_resonance.csv,0.70,false,shared rasa shringara + direct season match summer
hexagram_37,hexagram_raga_resonance,raga_shree,yijing_sangita,hexagram_raga_resonance.csv,0.70,false,shared rasa shringara + shared element fire
hexagram_37,hexagram_raga_resonance,raga_multani,yijing_sangita,hexagram_raga_resonance.csv,0.70,false,shared element air + time-season alignment afternoon/summer + direct season match summer
hexagram_37,hexagram_raga_resonance,raga_tilak_kamod,yijing_sangita,hexagram_raga_resonance.csv,0.70,false,shared rasa shringara + shared element air
hexagram_37,hexagram_raga_resonance,raga_rageshri,yijing_sangita,hexagram_raga_resonance.csv,0.70,false,shared rasa shringara + shared element air
hexagram_37,hexagram_raga_resonance,raga_sarang,yijing_sangita,hexagram_raga_resonance.csv,0.70,false,shared element fire + time-season alignment midday/summer + direct season match summer
hexagram_38,hexagram_raga_resonance,raga_yaman,yijing_sangita,hexagram_raga_resonance.csv,0.70,false,time-season alignment evening/autumn + direct season match autumn
hexagram_38,hexagram_raga_resonance,raga_marwa,yijing_sangita,hexagram_raga_resonance.csv,0.70,false,shared element fire + time-season alignment evening/autumn + direct season match autumn
hexagram_38,hexagram_raga_resonance,raga_bageshri,yijing_sangita,hexagram_raga_resonance.csv,0.70,false,shared element water + time-season alignment night/autumn + direct season match autumn
hexagram_38,hexagram_raga_resonance,raga_puriya,yijing_sangita,hexagram_raga_resonance.csv,0.70,false,time-season alignment evening/autumn + direct season match autumn
hexagram_38,hexagram_raga_resonance,raga_kedar,yijing_sangita,hexagram_raga_resonance.csv,0.70,false,time-season alignment night/autumn + direct season match autumn
hexagram_38,hexagram_raga_resonance,raga_bihag,yijing_sangita,hexagram_raga_resonance.csv,0.70,false,time-season alignment night/autumn + direct season match autumn
hexagram_38,hexagram_raga_resonance,raga_des,yijing_sangita,hexagram_raga_resonance.csv,0.70,false,shared element water + time-season alignment night/autumn
hexagram_38,hexagram_raga_resonance,raga_khamaj,yijing_sangita,hexagram_raga_resonance.csv,0.70,false,shared element water + time-season alignment night/autumn
hexagram_38,hexagram_raga_resonance,raga_durga,yijing_sangita,hexagram_raga_resonance.csv,0.70,false,shared element fire + time-season alignment night/autumn + direct season match autumn
hexagram_38,hexagram_raga_resonance,raga_shree,yijing_sangita,hexagram_raga_resonance.csv,0.70,false,shared element fire + time-season alignment evening/autumn + direct season match autumn
hexagram_38,hexagram_raga_resonance,raga_purvi,yijing_sangita,hexagram_raga_resonance.csv,0.70,false,time-season alignment evening/autumn + direct season match autumn
hexagram_38,hexagram_raga_resonance,raga_tilak_kamod,yijing_sangita,hexagram_raga_resonance.csv,0.70,false,time-season alignment night/autumn + direct season match autumn
hexagram_38,hexagram_raga_resonance,raga_rageshri,yijing_sangita,hexagram_raga_resonance.csv,0.70,false,time-season alignment night/autumn + direct season match autumn
hexagram_38,hexagram_raga_resonance,raga_hansadhwani,yijing_sangita,hexagram_raga_resonance.csv,0.70,false,time-season alignment evening/autumn + direct season match autumn
hexagram_38,hexagram_raga_resonance,raga_charukeshi,yijing_sangita,hexagram_raga_resonance.csv,0.70,false,shared element water + time-season alignment night/autumn
hexagram_38,hexagram_raga_resonance,raga_kirwani,yijing_sangita,hexagram_raga_resonance.csv,0.70,false,shared element water + time-season alignment night/autumn
hexagram_38,hexagram_raga_resonance,raga_chandrakauns,yijing_sangita,hexagram_raga_resonance.csv,0.70,false,shared element water + time-season alignment night/autumn
hexagram_39,hexagram_raga_resonance,raga_bhairavi,yijing_sangita,hexagram_raga_resonance.csv,0.70,false,shared rasa karuna + shared element water + direct season match winter
hexagram_39,hexagram_raga_resonance,raga_todi,yijing_sangita,hexagram_raga_resonance.csv,0.70,false,shared rasa karuna + shared element water
hexagram_39,hexagram_raga_resonance,raga_darbari,yijing_sangita,hexagram_raga_resonance.csv,0.70,false,shared rasa karuna + shared element earth + time-season alignment night/winter + direct season match winter
hexagram_39,hexagram_raga_resonance,raga_malkauns,yijing_sangita,hexagram_raga_resonance.csv,0.70,false,shared element earth + time-season alignment night/winter + direct season match winter
hexagram_39,hexagram_raga_resonance,raga_bageshri,yijing_sangita,hexagram_raga_resonance.csv,0.70,false,shared element water + time-season alignment night/winter
hexagram_39,hexagram_raga_resonance,raga_kedar,yijing_sangita,hexagram_raga_resonance.csv,0.70,false,shared element earth + time-season alignment night/winter
hexagram_39,hexagram_raga_resonance,raga_des,yijing_sangita,hexagram_raga_resonance.csv,0.70,false,shared element water + time-season alignment night/winter
hexagram_39,hexagram_raga_resonance,raga_khamaj,yijing_sangita,hexagram_raga_resonance.csv,0.70,false,shared element water + time-season alignment night/winter
hexagram_39,hexagram_raga_resonance,raga_jaunpuri,yijing_sangita,hexagram_raga_resonance.csv,0.70,false,shared rasa karuna + shared element water + direct season match winter
hexagram_39,hexagram_raga_resonance,raga_charukeshi,yijing_sangita,hexagram_raga_resonance.csv,0.70,false,shared rasa karuna + shared element water + time-season alignment night/winter + direct season match winter
hexagram_39,hexagram_raga_resonance,raga_kirwani,yijing_sangita,hexagram_raga_resonance.csv,0.70,false,shared rasa karuna + shared element water + time-season alignment night/winter + direct season match winter
hexagram_39,hexagram_raga_resonance,raga_chandrakauns,yijing_sangita,hexagram_raga_resonance.csv,0.70,false,shared element water + time-season alignment night/winter + direct season match winter
hexagram_39,hexagram_raga_resonance,raga_shankara,yijing_sangita,hexagram_raga_resonance.csv,0.70,false,time-season alignment night/winter + direct season match winter
hexagram_40,hexagram_raga_resonance,raga_bhairava,yijing_sangita,hexagram_raga_resonance.csv,0.70,false,shared element fire + time-season alignment morning/spring + direct season match spring
hexagram_40,hexagram_raga_resonance,raga_bhairavi,yijing_sangita,hexagram_raga_resonance.csv,0.70,false,shared element water + time-season alignment morning/spring
hexagram_40,hexagram_raga_resonance,raga_todi,yijing_sangita,hexagram_raga_resonance.csv,0.70,false,shared element water + time-season alignment morning/spring
hexagram_40,hexagram_raga_resonance,raga_lalit,yijing_sangita,hexagram_raga_resonance.csv,0.70,false,time-season alignment dawn/spring + direct season match spring
hexagram_40,hexagram_raga_resonance,raga_jaunpuri,yijing_sangita,hexagram_raga_resonance.csv,0.70,false,shared element water + time-season alignment morning/spring
hexagram_40,hexagram_raga_resonance,raga_hindol,yijing_sangita,hexagram_raga_resonance.csv,0.70,false,time-season alignment morning/spring + direct season match spring
hexagram_40,hexagram_raga_resonance,raga_bairagi,yijing_sangita,hexagram_raga_resonance.csv,0.70,false,time-season alignment morning/spring + direct season match spring
hexagram_40,hexagram_raga_resonance,raga_ahir_bhairav,yijing_sangita,hexagram_raga_resonance.csv,0.70,false,shared element water + time-season alignment morning/spring + direct season match spring
hexagram_41,hexagram_raga_resonance,raga_bhairavi,yijing_sangita,hexagram_raga_resonance.csv,0.70,false,shared rasa karuna + shared element water
hexagram_41,hexagram_raga_resonance,raga_todi,yijing_sangita,hexagram_raga_resonance.csv,0.70,false,shared rasa karuna + shared element water
hexagram_41,hexagram_raga_resonance,raga_yaman,yijing_sangita,hexagram_raga_resonance.csv,0.70,false,time-season alignment evening/autumn + direct season match autumn
hexagram_41,hexagram_raga_resonance,raga_marwa,yijing_sangita,hexagram_raga_resonance.csv,0.70,false,time-season alignment evening/autumn + direct season match autumn
hexagram_41,hexagram_raga_resonance,raga_darbari,yijing_sangita,hexagram_raga_resonance.csv,0.70,false,shared rasa karuna + shared element earth + time-season alignment night/autumn
hexagram_41,hexagram_raga_resonance,raga_malkauns,yijing_sangita,hexagram_raga_resonance.csv,0.70,false,shared element earth + time-season alignment night/autumn
hexagram_41,hexagram_raga_resonance,raga_bageshri,yijing_sangita,hexagram_raga_resonance.csv,0.70,false,shared element water + time-season alignment night/autumn + direct season match autumn
hexagram_41,hexagram_raga_resonance,raga_puriya,yijing_sangita,hexagram_raga_resonance.csv,0.70,false,shared rasa karuna + time-season alignment evening/autumn + direct season match autumn
hexagram_41,hexagram_raga_resonance,raga_kedar,yijing_sangita,hexagram_raga_resonance.csv,0.70,false,shared element earth + time-season alignment night/autumn + direct season match autumn
hexagram_41,hexagram_raga_resonance,raga_bihag,yijing_sangita,hexagram_raga_resonance.csv,0.70,false,time-season alignment night/autumn + direct season match autumn
hexagram_41,hexagram_raga_resonance,raga_des,yijing_sangita,hexagram_raga_resonance.csv,0.70,false,shared element water + time-season alignment night/autumn
hexagram_41,hexagram_raga_resonance,raga_khamaj,yijing_sangita,hexagram_raga_resonance.csv,0.70,false,shared element water + time-season alignment night/autumn
hexagram_41,hexagram_raga_resonance,raga_jaunpuri,yijing_sangita,hexagram_raga_resonance.csv,0.70,false,shared rasa karuna + shared element water
hexagram_41,hexagram_raga_resonance,raga_durga,yijing_sangita,hexagram_raga_resonance.csv,0.70,false,time-season alignment night/autumn + direct season match autumn
hexagram_41,hexagram_raga_resonance,raga_shree,yijing_sangita,hexagram_raga_resonance.csv,0.70,false,time-season alignment evening/autumn + direct season match autumn
hexagram_41,hexagram_raga_resonance,raga_purvi,yijing_sangita,hexagram_raga_resonance.csv,0.70,false,time-season alignment evening/autumn + direct season match autumn
hexagram_41,hexagram_raga_resonance,raga_tilak_kamod,yijing_sangita,hexagram_raga_resonance.csv,0.70,false,time-season alignment night/autumn + direct season match autumn
hexagram_41,hexagram_raga_resonance,raga_rageshri,yijing_sangita,hexagram_raga_resonance.csv,0.70,false,time-season alignment night/autumn + direct season match autumn
hexagram_41,hexagram_raga_resonance,raga_hansadhwani,yijing_sangita,hexagram_raga_resonance.csv,0.70,false,time-season alignment evening/autumn + direct season match autumn
hexagram_41,hexagram_raga_resonance,raga_charukeshi,yijing_sangita,hexagram_raga_resonance.csv,0.70,false,shared rasa karuna + shared element water + time-season alignment night/autumn
hexagram_41,hexagram_raga_resonance,raga_kirwani,yijing_sangita,hexagram_raga_resonance.csv,0.70,false,shared rasa karuna + shared element water + time-season alignment night/autumn
hexagram_41,hexagram_raga_resonance,raga_chandrakauns,yijing_sangita,hexagram_raga_resonance.csv,0.70,false,shared element water + time-season alignment night/autumn
hexagram_42,hexagram_raga_resonance,raga_bhairava,yijing_sangita,hexagram_raga_resonance.csv,0.70,false,shared element fire + time-season alignment morning/spring + direct season match spring
hexagram_42,hexagram_raga_resonance,raga_lalit,yijing_sangita,hexagram_raga_resonance.csv,0.70,false,time-season alignment dawn/spring + direct season match spring
hexagram_42,hexagram_raga_resonance,raga_hindol,yijing_sangita,hexagram_raga_resonance.csv,0.70,false,time-season alignment morning/spring + direct season match spring
hexagram_42,hexagram_raga_resonance,raga_bairagi,yijing_sangita,hexagram_raga_resonance.csv,0.70,false,time-season alignment morning/spring + direct season match spring
hexagram_42,hexagram_raga_resonance,raga_ahir_bhairav,yijing_sangita,hexagram_raga_resonance.csv,0.70,false,time-season alignment morning/spring + direct season match spring
hexagram_43,hexagram_raga_resonance,raga_yaman,yijing_sangita,hexagram_raga_resonance.csv,0.70,false,shared element ether + time-season alignment evening/autumn + direct season match autumn
hexagram_43,hexagram_raga_resonance,raga_marwa,yijing_sangita,hexagram_raga_resonance.csv,0.70,false,shared rasa vira + time-season alignment evening/autumn + direct season match autumn
hexagram_43,hexagram_raga_resonance,raga_bageshri,yijing_sangita,hexagram_raga_resonance.csv,0.70,false,shared element water + time-season alignment night/autumn + direct season match autumn
hexagram_43,hexagram_raga_resonance,raga_puriya,yijing_sangita,hexagram_raga_resonance.csv,0.70,false,shared element ether + time-season alignment evening/autumn + direct season match autumn
hexagram_43,hexagram_raga_resonance,raga_miyan_ki_malhar,yijing_sangita,hexagram_raga_resonance.csv,0.70,false,shared rasa vira + shared element water
hexagram_43,hexagram_raga_resonance,raga_kedar,yijing_sangita,hexagram_raga_resonance.csv,0.70,false,time-season alignment night/autumn + direct season match autumn
hexagram_43,hexagram_raga_resonance,raga_bihag,yijing_sangita,hexagram_raga_resonance.csv,0.70,false,time-season alignment night/autumn + direct season match autumn
hexagram_43,hexagram_raga_resonance,raga_des,yijing_sangita,hexagram_raga_resonance.csv,0.70,false,shared element water + time-season alignment night/autumn
hexagram_43,hexagram_raga_resonance,raga_khamaj,yijing_sangita,hexagram_raga_resonance.csv,0.70,false,shared element water + time-season alignment night/autumn
hexagram_43,hexagram_raga_resonance,raga_durga,yijing_sangita,hexagram_raga_resonance.csv,0.70,false,shared rasa vira + time-season alignment night/autumn + direct season match autumn
hexagram_43,hexagram_raga_resonance,raga_shree,yijing_sangita,hexagram_raga_resonance.csv,0.70,false,time-season alignment evening/autumn + direct season match autumn
hexagram_43,hexagram_raga_resonance,raga_purvi,yijing_sangita,hexagram_raga_resonance.csv,0.70,false,shared element ether + time-season alignment evening/autumn + direct season match autumn
hexagram_43,hexagram_raga_resonance,raga_tilak_kamod,yijing_sangita,hexagram_raga_resonance.csv,0.70,false,time-season alignment night/autumn + direct season match autumn
hexagram_43,hexagram_raga_resonance,raga_rageshri,yijing_sangita,hexagram_raga_resonance.csv,0.70,false,time-season alignment night/autumn + direct season match autumn
hexagram_43,hexagram_raga_resonance,raga_hansadhwani,yijing_sangita,hexagram_raga_resonance.csv,0.70,false,shared element ether + time-season alignment evening/autumn + direct season match autumn
hexagram_43,hexagram_raga_resonance,raga_charukeshi,yijing_sangita,hexagram_raga_resonance.csv,0.70,false,shared element water + time-season alignment night/autumn
hexagram_43,hexagram_raga_resonance,raga_kirwani,yijing_sangita,hexagram_raga_resonance.csv,0.70,false,shared element water + time-season alignment night/autumn
hexagram_43,hexagram_raga_resonance,raga_chandrakauns,yijing_sangita,hexagram_raga_resonance.csv,0.70,false,shared element water + time-season alignment night/autumn
hexagram_43,hexagram_raga_resonance,raga_shankara,yijing_sangita,hexagram_raga_resonance.csv,0.70,false,shared element ether + time-season alignment night/autumn
hexagram_44,hexagram_raga_resonance,raga_yaman,yijing_sangita,hexagram_raga_resonance.csv,0.70,false,shared rasa shringara + shared element ether
hexagram_44,hexagram_raga_resonance,raga_bhimpalasi,yijing_sangita,hexagram_raga_resonance.csv,0.70,false,shared rasa shringara + shared element air
hexagram_44,hexagram_raga_resonance,raga_lalit,yijing_sangita,hexagram_raga_resonance.csv,0.70,false,shared rasa shringara + shared element ether
hexagram_44,hexagram_raga_resonance,raga_bihag,yijing_sangita,hexagram_raga_resonance.csv,0.70,false,shared rasa shringara + shared element air
hexagram_44,hexagram_raga_resonance,raga_hindol,yijing_sangita,hexagram_raga_resonance.csv,0.70,false,shared rasa shringara + shared element ether
hexagram_44,hexagram_raga_resonance,raga_tilak_kamod,yijing_sangita,hexagram_raga_resonance.csv,0.70,false,shared rasa shringara + shared element air
hexagram_44,hexagram_raga_resonance,raga_rageshri,yijing_sangita,hexagram_raga_resonance.csv,0.70,false,shared rasa shringara + shared element air
hexagram_45,hexagram_raga_resonance,raga_yaman,yijing_sangita,hexagram_raga_resonance.csv,0.70,false,shared rasa shringara + time-season alignment evening/autumn + direct season match autumn
hexagram_45,hexagram_raga_resonance,raga_marwa,yijing_sangita,hexagram_raga_resonance.csv,0.70,false,time-season alignment evening/autumn + direct season match autumn
hexagram_45,hexagram_raga_resonance,raga_darbari,yijing_sangita,hexagram_raga_resonance.csv,0.70,false,shared element earth + time-season alignment night/autumn
hexagram_45,hexagram_raga_resonance,raga_malkauns,yijing_sangita,hexagram_raga_resonance.csv,0.70,false,shared element earth + time-season alignment night/autumn
hexagram_45,hexagram_raga_resonance,raga_bageshri,yijing_sangita,hexagram_raga_resonance.csv,0.70,false,shared rasa shringara + shared element water + time-season alignment night/autumn + direct season match autumn
hexagram_45,hexagram_raga_resonance,raga_puriya,yijing_sangita,hexagram_raga_resonance.csv,0.70,false,time-season alignment evening/autumn + direct season match autumn
hexagram_45,hexagram_raga_resonance,raga_kedar,yijing_sangita,hexagram_raga_resonance.csv,0.70,false,shared rasa shringara + shared element earth + time-season alignment night/autumn + direct season match autumn
hexagram_45,hexagram_raga_resonance,raga_bihag,yijing_sangita,hexagram_raga_resonance.csv,0.70,false,shared rasa shringara + time-season alignment night/autumn + direct season match autumn
hexagram_45,hexagram_raga_resonance,raga_des,yijing_sangita,hexagram_raga_resonance.csv,0.70,false,shared rasa shringara + shared element water + time-season alignment night/autumn
hexagram_45,hexagram_raga_resonance,raga_khamaj,yijing_sangita,hexagram_raga_resonance.csv,0.70,false,shared rasa shringara + shared element water + time-season alignment night/autumn
hexagram_45,hexagram_raga_resonance,raga_durga,yijing_sangita,hexagram_raga_resonance.csv,0.70,false,time-season alignment night/autumn + direct season match autumn
hexagram_45,hexagram_raga_resonance,raga_shree,yijing_sangita,hexagram_raga_resonance.csv,0.70,false,shared rasa shringara + time-season alignment evening/autumn + direct season match autumn
hexagram_45,hexagram_raga_resonance,raga_purvi,yijing_sangita,hexagram_raga_resonance.csv,0.70,false,time-season alignment evening/autumn + direct season match autumn
hexagram_45,hexagram_raga_resonance,raga_ahir_bhairav,yijing_sangita,hexagram_raga_resonance.csv,0.70,false,shared rasa shringara + shared element water
hexagram_45,hexagram_raga_resonance,raga_tilak_kamod,yijing_sangita,hexagram_raga_resonance.csv,0.70,false,shared rasa shringara + time-season alignment night/autumn + direct season match autumn
hexagram_45,hexagram_raga_resonance,raga_rageshri,yijing_sangita,hexagram_raga_resonance.csv,0.70,false,shared rasa shringara + time-season alignment night/autumn + direct season match autumn
hexagram_45,hexagram_raga_resonance,raga_hansadhwani,yijing_sangita,hexagram_raga_resonance.csv,0.70,false,time-season alignment evening/autumn + direct season match autumn
hexagram_45,hexagram_raga_resonance,raga_charukeshi,yijing_sangita,hexagram_raga_resonance.csv,0.70,false,shared element water + time-season alignment night/autumn
hexagram_45,hexagram_raga_resonance,raga_kirwani,yijing_sangita,hexagram_raga_resonance.csv,0.70,false,shared element water + time-season alignment night/autumn
hexagram_45,hexagram_raga_resonance,raga_chandrakauns,yijing_sangita,hexagram_raga_resonance.csv,0.70,false,shared element water + time-season alignment night/autumn
hexagram_47,hexagram_raga_resonance,raga_bhairavi,yijing_sangita,hexagram_raga_resonance.csv,0.70,false,shared rasa karuna + shared element water + direct season match winter
hexagram_47,hexagram_raga_resonance,raga_todi,yijing_sangita,hexagram_raga_resonance.csv,0.70,false,shared rasa karuna + shared element water
hexagram_47,hexagram_raga_resonance,raga_darbari,yijing_sangita,hexagram_raga_resonance.csv,0.70,false,shared rasa karuna + time-season alignment night/winter + direct season match winter
hexagram_47,hexagram_raga_resonance,raga_malkauns,yijing_sangita,hexagram_raga_resonance.csv,0.70,false,time-season alignment night/winter + direct season match winter
hexagram_47,hexagram_raga_resonance,raga_bageshri,yijing_sangita,hexagram_raga_resonance.csv,0.70,false,shared element water + time-season alignment night/winter
hexagram_47,hexagram_raga_resonance,raga_des,yijing_sangita,hexagram_raga_resonance.csv,0.70,false,shared element water + time-season alignment night/winter
hexagram_47,hexagram_raga_resonance,raga_khamaj,yijing_sangita,hexagram_raga_resonance.csv,0.70,false,shared element water + time-season alignment night/winter
hexagram_47,hexagram_raga_resonance,raga_jaunpuri,yijing_sangita,hexagram_raga_resonance.csv,0.70,false,shared rasa karuna + shared element water + direct season match winter
hexagram_47,hexagram_raga_resonance,raga_charukeshi,yijing_sangita,hexagram_raga_resonance.csv,0.70,false,shared rasa karuna + shared element water + time-season alignment night/winter + direct season match winter
hexagram_47,hexagram_raga_resonance,raga_kirwani,yijing_sangita,hexagram_raga_resonance.csv,0.70,false,shared rasa karuna + shared element water + time-season alignment night/winter + direct season match winter
hexagram_47,hexagram_raga_resonance,raga_chandrakauns,yijing_sangita,hexagram_raga_resonance.csv,0.70,false,shared element water + time-season alignment night/winter + direct season match winter
hexagram_47,hexagram_raga_resonance,raga_shankara,yijing_sangita,hexagram_raga_resonance.csv,0.70,false,time-season alignment night/winter + direct season match winter
hexagram_48,hexagram_raga_resonance,raga_bhairavi,yijing_sangita,hexagram_raga_resonance.csv,0.70,false,shared element water + direct season match winter
hexagram_48,hexagram_raga_resonance,raga_darbari,yijing_sangita,hexagram_raga_resonance.csv,0.70,false,time-season alignment night/winter + direct season match winter
hexagram_48,hexagram_raga_resonance,raga_malkauns,yijing_sangita,hexagram_raga_resonance.csv,0.70,false,shared rasa shanta + time-season alignment night/winter + direct season match winter
hexagram_48,hexagram_raga_resonance,raga_bageshri,yijing_sangita,hexagram_raga_resonance.csv,0.70,false,shared element water + time-season alignment night/winter
hexagram_48,hexagram_raga_resonance,raga_bihag,yijing_sangita,hexagram_raga_resonance.csv,0.70,false,shared element air + time-season alignment night/winter
hexagram_48,hexagram_raga_resonance,raga_des,yijing_sangita,hexagram_raga_resonance.csv,0.70,false,shared element water + time-season alignment night/winter
hexagram_48,hexagram_raga_resonance,raga_khamaj,yijing_sangita,hexagram_raga_resonance.csv,0.70,false,shared element water + time-season alignment night/winter
hexagram_48,hexagram_raga_resonance,raga_jaunpuri,yijing_sangita,hexagram_raga_resonance.csv,0.70,false,shared element water + direct season match winter
hexagram_48,hexagram_raga_resonance,raga_tilak_kamod,yijing_sangita,hexagram_raga_resonance.csv,0.70,false,shared element air + time-season alignment night/winter
hexagram_48,hexagram_raga_resonance,raga_rageshri,yijing_sangita,hexagram_raga_resonance.csv,0.70,false,shared element air + time-season alignment night/winter
hexagram_48,hexagram_raga_resonance,raga_charukeshi,yijing_sangita,hexagram_raga_resonance.csv,0.70,false,shared element water + time-season alignment night/winter + direct season match winter
hexagram_48,hexagram_raga_resonance,raga_kirwani,yijing_sangita,hexagram_raga_resonance.csv,0.70,false,shared element water + time-season alignment night/winter + direct season match winter
hexagram_48,hexagram_raga_resonance,raga_chandrakauns,yijing_sangita,hexagram_raga_resonance.csv,0.70,false,shared rasa shanta + shared element water + time-season alignment night/winter + direct season match winter
hexagram_48,hexagram_raga_resonance,raga_shankara,yijing_sangita,hexagram_raga_resonance.csv,0.70,false,time-season alignment night/winter + direct season match winter
hexagram_49,hexagram_raga_resonance,raga_bhimpalasi,yijing_sangita,hexagram_raga_resonance.csv,0.70,false,time-season alignment afternoon/summer + direct season match summer
hexagram_49,hexagram_raga_resonance,raga_miyan_ki_malhar,yijing_sangita,hexagram_raga_resonance.csv,0.70,false,shared element water + time-season alignment monsoon/summer + direct season match summer
hexagram_49,hexagram_raga_resonance,raga_khamaj,yijing_sangita,hexagram_raga_resonance.csv,0.70,false,shared element water + direct season match summer
hexagram_49,hexagram_raga_resonance,raga_multani,yijing_sangita,hexagram_raga_resonance.csv,0.70,false,time-season alignment afternoon/summer + direct season match summer
hexagram_49,hexagram_raga_resonance,raga_sarang,yijing_sangita,hexagram_raga_resonance.csv,0.70,false,shared element fire + time-season alignment midday/summer + direct season match summer
hexagram_50,hexagram_raga_resonance,raga_bhimpalasi,yijing_sangita,hexagram_raga_resonance.csv,0.70,false,shared element air + time-season alignment afternoon/summer + direct season match summer
hexagram_50,hexagram_raga_resonance,raga_miyan_ki_malhar,yijing_sangita,hexagram_raga_resonance.csv,0.70,false,time-season alignment monsoon/summer + direct season match summer
hexagram_50,hexagram_raga_resonance,raga_multani,yijing_sangita,hexagram_raga_resonance.csv,0.70,false,shared element air + time-season alignment afternoon/summer + direct season match summer
hexagram_50,hexagram_raga_resonance,raga_sarang,yijing_sangita,hexagram_raga_resonance.csv,0.70,false,shared element fire + time-season alignment midday/summer + direct season match summer
hexagram_51,hexagram_raga_resonance,raga_bhairava,yijing_sangita,hexagram_raga_resonance.csv,0.70,false,shared element fire + time-season alignment morning/spring + direct season match spring
hexagram_51,hexagram_raga_resonance,raga_lalit,yijing_sangita,hexagram_raga_resonance.csv,0.70,false,time-season alignment dawn/spring + direct season match spring
hexagram_51,hexagram_raga_resonance,raga_hindol,yijing_sangita,hexagram_raga_resonance.csv,0.70,false,time-season alignment morning/spring + direct season match spring
hexagram_51,hexagram_raga_resonance,raga_bairagi,yijing_sangita,hexagram_raga_resonance.csv,0.70,false,time-season alignment morning/spring + direct season match spring
hexagram_51,hexagram_raga_resonance,raga_ahir_bhairav,yijing_sangita,hexagram_raga_resonance.csv,0.70,false,time-season alignment morning/spring + direct season match spring
hexagram_52,hexagram_raga_resonance,raga_malkauns,yijing_sangita,hexagram_raga_resonance.csv,0.70,false,shared rasa shanta + shared element earth
hexagram_53,hexagram_raga_resonance,raga_bhimpalasi,yijing_sangita,hexagram_raga_resonance.csv,0.70,false,shared rasa shringara + shared element air
hexagram_53,hexagram_raga_resonance,raga_lalit,yijing_sangita,hexagram_raga_resonance.csv,0.70,false,shared rasa shringara + time-season alignment dawn/early_spring
hexagram_53,hexagram_raga_resonance,raga_kedar,yijing_sangita,hexagram_raga_resonance.csv,0.70,false,shared rasa shringara + shared element earth
hexagram_53,hexagram_raga_resonance,raga_bihag,yijing_sangita,hexagram_raga_resonance.csv,0.70,false,shared rasa shringara + shared element air
hexagram_53,hexagram_raga_resonance,raga_hindol,yijing_sangita,hexagram_raga_resonance.csv,0.70,false,shared rasa shringara + time-season alignment morning/early_spring
hexagram_53,hexagram_raga_resonance,raga_ahir_bhairav,yijing_sangita,hexagram_raga_resonance.csv,0.70,false,shared rasa shringara + time-season alignment morning/early_spring
hexagram_53,hexagram_raga_resonance,raga_tilak_kamod,yijing_sangita,hexagram_raga_resonance.csv,0.70,false,shared rasa shringara + shared element air
hexagram_53,hexagram_raga_resonance,raga_rageshri,yijing_sangita,hexagram_raga_resonance.csv,0.70,false,shared rasa shringara + shared element air
hexagram_54,hexagram_raga_resonance,raga_bhairava,yijing_sangita,hexagram_raga_resonance.csv,0.70,false,shared element fire + time-season alignment morning/spring + direct season match spring
hexagram_54,hexagram_raga_resonance,raga_bhairavi,yijing_sangita,hexagram_raga_resonance.csv,0.70,false,shared rasa karuna + shared element water + time-season alignment morning/spring
hexagram_54,hexagram_raga_resonance,raga_todi,yijing_sangita,hexagram_raga_resonance.csv,0.70,false,shared rasa karuna + shared element water + time-season alignment morning/spring
hexagram_54,hexagram_raga_resonance,raga_lalit,yijing_sangita,hexagram_raga_resonance.csv,0.70,false,time-season alignment dawn/spring + direct season match spring
hexagram_54,hexagram_raga_resonance,raga_jaunpuri,yijing_sangita,hexagram_raga_resonance.csv,0.70,false,shared rasa karuna + shared element water + time-season alignment morning/spring
hexagram_54,hexagram_raga_resonance,raga_hindol,yijing_sangita,hexagram_raga_resonance.csv,0.70,false,time-season alignment morning/spring + direct season match spring
hexagram_54,hexagram_raga_resonance,raga_bairagi,yijing_sangita,hexagram_raga_resonance.csv,0.70,false,shared rasa karuna + time-season alignment morning/spring + direct season match spring
hexagram_54,hexagram_raga_resonance,raga_ahir_bhairav,yijing_sangita,hexagram_raga_resonance.csv,0.70,false,shared element water + time-season alignment morning/spring + direct season match spring
hexagram_54,hexagram_raga_resonance,raga_charukeshi,yijing_sangita,hexagram_raga_resonance.csv,0.70,false,shared rasa karuna + shared element water
hexagram_54,hexagram_raga_resonance,raga_kirwani,yijing_sangita,hexagram_raga_resonance.csv,0.70,false,shared rasa karuna + shared element water
hexagram_55,hexagram_raga_resonance,raga_bhimpalasi,yijing_sangita,hexagram_raga_resonance.csv,0.70,false,time-season alignment afternoon/summer + direct season match summer
hexagram_55,hexagram_raga_resonance,raga_miyan_ki_malhar,yijing_sangita,hexagram_raga_resonance.csv,0.70,false,time-season alignment monsoon/summer + direct season match summer
hexagram_55,hexagram_raga_resonance,raga_multani,yijing_sangita,hexagram_raga_resonance.csv,0.70,false,time-season alignment afternoon/summer + direct season match summer
hexagram_55,hexagram_raga_resonance,raga_sarang,yijing_sangita,hexagram_raga_resonance.csv,0.70,false,shared element fire + time-season alignment midday/summer + direct season match summer
hexagram_56,hexagram_raga_resonance,raga_bhimpalasi,yijing_sangita,hexagram_raga_resonance.csv,0.70,false,time-season alignment afternoon/summer + direct season match summer
hexagram_56,hexagram_raga_resonance,raga_darbari,yijing_sangita,hexagram_raga_resonance.csv,0.70,false,shared rasa karuna + shared element earth
hexagram_56,hexagram_raga_resonance,raga_miyan_ki_malhar,yijing_sangita,hexagram_raga_resonance.csv,0.70,false,time-season alignment monsoon/summer + direct season match summer
hexagram_56,hexagram_raga_resonance,raga_multani,yijing_sangita,hexagram_raga_resonance.csv,0.70,false,shared rasa karuna + time-season alignment afternoon/summer + direct season match summer
hexagram_56,hexagram_raga_resonance,raga_sarang,yijing_sangita,hexagram_raga_resonance.csv,0.70,false,shared element fire + time-season alignment midday/summer + direct season match summer
hexagram_57,hexagram_raga_resonance,raga_bhimpalasi,yijing_sangita,hexagram_raga_resonance.csv,0.70,false,shared rasa shringara + shared element air
hexagram_57,hexagram_raga_resonance,raga_bihag,yijing_sangita,hexagram_raga_resonance.csv,0.70,false,shared rasa shringara + shared element air
hexagram_57,hexagram_raga_resonance,raga_tilak_kamod,yijing_sangita,hexagram_raga_resonance.csv,0.70,false,shared rasa shringara + shared element air
hexagram_57,hexagram_raga_resonance,raga_rageshri,yijing_sangita,hexagram_raga_resonance.csv,0.70,false,shared rasa shringara + shared element air
hexagram_58,hexagram_raga_resonance,raga_yaman,yijing_sangita,hexagram_raga_resonance.csv,0.70,false,time-season alignment evening/autumn + direct season match autumn
hexagram_58,hexagram_raga_resonance,raga_marwa,yijing_sangita,hexagram_raga_resonance.csv,0.70,false,time-season alignment evening/autumn + direct season match autumn
hexagram_58,hexagram_raga_resonance,raga_bageshri,yijing_sangita,hexagram_raga_resonance.csv,0.70,false,shared element water + time-season alignment night/autumn + direct season match autumn
hexagram_58,hexagram_raga_resonance,raga_puriya,yijing_sangita,hexagram_raga_resonance.csv,0.70,false,time-season alignment evening/autumn + direct season match autumn
hexagram_58,hexagram_raga_resonance,raga_kedar,yijing_sangita,hexagram_raga_resonance.csv,0.70,false,time-season alignment night/autumn + direct season match autumn
hexagram_58,hexagram_raga_resonance,raga_bihag,yijing_sangita,hexagram_raga_resonance.csv,0.70,false,time-season alignment night/autumn + direct season match autumn
hexagram_58,hexagram_raga_resonance,raga_des,yijing_sangita,hexagram_raga_resonance.csv,0.70,false,shared element water + time-season alignment night/autumn
hexagram_58,hexagram_raga_resonance,raga_khamaj,yijing_sangita,hexagram_raga_resonance.csv,0.70,false,shared element water + time-season alignment night/autumn
hexagram_58,hexagram_raga_resonance,raga_durga,yijing_sangita,hexagram_raga_resonance.csv,0.70,false,time-season alignment night/autumn + direct season match autumn
hexagram_58,hexagram_raga_resonance,raga_shree,yijing_sangita,hexagram_raga_resonance.csv,0.70,false,time-season alignment evening/autumn + direct season match autumn
hexagram_58,hexagram_raga_resonance,raga_purvi,yijing_sangita,hexagram_raga_resonance.csv,0.70,false,time-season alignment evening/autumn + direct season match autumn
hexagram_58,hexagram_raga_resonance,raga_tilak_kamod,yijing_sangita,hexagram_raga_resonance.csv,0.70,false,time-season alignment night/autumn + direct season match autumn
hexagram_58,hexagram_raga_resonance,raga_rageshri,yijing_sangita,hexagram_raga_resonance.csv,0.70,false,time-season alignment night/autumn + direct season match autumn
hexagram_58,hexagram_raga_resonance,raga_hansadhwani,yijing_sangita,hexagram_raga_resonance.csv,0.70,false,time-season alignment evening/autumn + direct season match autumn
hexagram_58,hexagram_raga_resonance,raga_charukeshi,yijing_sangita,hexagram_raga_resonance.csv,0.70,false,shared element water + time-season alignment night/autumn
hexagram_58,hexagram_raga_resonance,raga_kirwani,yijing_sangita,hexagram_raga_resonance.csv,0.70,false,shared element water + time-season alignment night/autumn
hexagram_58,hexagram_raga_resonance,raga_chandrakauns,yijing_sangita,hexagram_raga_resonance.csv,0.70,false,shared element water + time-season alignment night/autumn
hexagram_59,hexagram_raga_resonance,raga_bhairavi,yijing_sangita,hexagram_raga_resonance.csv,0.70,false,shared element water + direct season match winter
hexagram_59,hexagram_raga_resonance,raga_darbari,yijing_sangita,hexagram_raga_resonance.csv,0.70,false,time-season alignment night/winter + direct season match winter
hexagram_59,hexagram_raga_resonance,raga_malkauns,yijing_sangita,hexagram_raga_resonance.csv,0.70,false,shared rasa shanta + time-season alignment night/winter + direct season match winter
hexagram_59,hexagram_raga_resonance,raga_bageshri,yijing_sangita,hexagram_raga_resonance.csv,0.70,false,shared element water + time-season alignment night/winter
hexagram_59,hexagram_raga_resonance,raga_bihag,yijing_sangita,hexagram_raga_resonance.csv,0.70,false,shared element air + time-season alignment night/winter
hexagram_59,hexagram_raga_resonance,raga_des,yijing_sangita,hexagram_raga_resonance.csv,0.70,false,shared element water + time-season alignment night/winter
hexagram_59,hexagram_raga_resonance,raga_khamaj,yijing_sangita,hexagram_raga_resonance.csv,0.70,false,shared element water + time-season alignment night/winter
hexagram_59,hexagram_raga_resonance,raga_jaunpuri,yijing_sangita,hexagram_raga_resonance.csv,0.70,false,shared element water + direct season match winter
hexagram_59,hexagram_raga_resonance,raga_tilak_kamod,yijing_sangita,hexagram_raga_resonance.csv,0.70,false,shared element air + time-season alignment night/winter
hexagram_59,hexagram_raga_resonance,raga_rageshri,yijing_sangita,hexagram_raga_resonance.csv,0.70,false,shared element air + time-season alignment night/winter
hexagram_59,hexagram_raga_resonance,raga_charukeshi,yijing_sangita,hexagram_raga_resonance.csv,0.70,false,shared element water + time-season alignment night/winter + direct season match winter
hexagram_59,hexagram_raga_resonance,raga_kirwani,yijing_sangita,hexagram_raga_resonance.csv,0.70,false,shared element water + time-season alignment night/winter + direct season match winter
hexagram_59,hexagram_raga_resonance,raga_chandrakauns,yijing_sangita,hexagram_raga_resonance.csv,0.70,false,shared rasa shanta + shared element water + time-season alignment night/winter + direct season match winter
hexagram_59,hexagram_raga_resonance,raga_shankara,yijing_sangita,hexagram_raga_resonance.csv,0.70,false,time-season alignment night/winter + direct season match winter
hexagram_60,hexagram_raga_resonance,raga_bhairavi,yijing_sangita,hexagram_raga_resonance.csv,0.70,false,shared element water + direct season match winter
hexagram_60,hexagram_raga_resonance,raga_darbari,yijing_sangita,hexagram_raga_resonance.csv,0.70,false,time-season alignment night/winter + direct season match winter
hexagram_60,hexagram_raga_resonance,raga_malkauns,yijing_sangita,hexagram_raga_resonance.csv,0.70,false,shared rasa shanta + time-season alignment night/winter + direct season match winter
hexagram_60,hexagram_raga_resonance,raga_bageshri,yijing_sangita,hexagram_raga_resonance.csv,0.70,false,shared element water + time-season alignment night/winter
hexagram_60,hexagram_raga_resonance,raga_des,yijing_sangita,hexagram_raga_resonance.csv,0.70,false,shared element water + time-season alignment night/winter
hexagram_60,hexagram_raga_resonance,raga_khamaj,yijing_sangita,hexagram_raga_resonance.csv,0.70,false,shared element water + time-season alignment night/winter
hexagram_60,hexagram_raga_resonance,raga_jaunpuri,yijing_sangita,hexagram_raga_resonance.csv,0.70,false,shared element water + direct season match winter
hexagram_60,hexagram_raga_resonance,raga_charukeshi,yijing_sangita,hexagram_raga_resonance.csv,0.70,false,shared element water + time-season alignment night/winter + direct season match winter
hexagram_60,hexagram_raga_resonance,raga_kirwani,yijing_sangita,hexagram_raga_resonance.csv,0.70,false,shared element water + time-season alignment night/winter + direct season match winter
hexagram_60,hexagram_raga_resonance,raga_chandrakauns,yijing_sangita,hexagram_raga_resonance.csv,0.70,false,shared rasa shanta + shared element water + time-season alignment night/winter + direct season match winter
hexagram_60,hexagram_raga_resonance,raga_shankara,yijing_sangita,hexagram_raga_resonance.csv,0.70,false,time-season alignment night/winter + direct season match winter
hexagram_61,hexagram_raga_resonance,raga_yaman,yijing_sangita,hexagram_raga_resonance.csv,0.70,false,time-season alignment evening/autumn + direct season match autumn
hexagram_61,hexagram_raga_resonance,raga_marwa,yijing_sangita,hexagram_raga_resonance.csv,0.70,false,time-season alignment evening/autumn + direct season match autumn
hexagram_61,hexagram_raga_resonance,raga_malkauns,yijing_sangita,hexagram_raga_resonance.csv,0.70,false,shared rasa shanta + time-season alignment night/autumn
hexagram_61,hexagram_raga_resonance,raga_bageshri,yijing_sangita,hexagram_raga_resonance.csv,0.70,false,shared element water + time-season alignment night/autumn + direct season match autumn
hexagram_61,hexagram_raga_resonance,raga_puriya,yijing_sangita,hexagram_raga_resonance.csv,0.70,false,time-season alignment evening/autumn + direct season match autumn
hexagram_61,hexagram_raga_resonance,raga_kedar,yijing_sangita,hexagram_raga_resonance.csv,0.70,false,time-season alignment night/autumn + direct season match autumn
hexagram_61,hexagram_raga_resonance,raga_bihag,yijing_sangita,hexagram_raga_resonance.csv,0.70,false,shared element air + time-season alignment night/autumn + direct season match autumn
hexagram_61,hexagram_raga_resonance,raga_des,yijing_sangita,hexagram_raga_resonance.csv,0.70,false,shared element water + time-season alignment night/autumn
hexagram_61,hexagram_raga_resonance,raga_khamaj,yijing_sangita,hexagram_raga_resonance.csv,0.70,false,shared element water + time-season alignment night/autumn
hexagram_61,hexagram_raga_resonance,raga_durga,yijing_sangita,hexagram_raga_resonance.csv,0.70,false,time-season alignment night/autumn + direct season match autumn
hexagram_61,hexagram_raga_resonance,raga_shree,yijing_sangita,hexagram_raga_resonance.csv,0.70,false,time-season alignment evening/autumn + direct season match autumn
hexagram_61,hexagram_raga_resonance,raga_purvi,yijing_sangita,hexagram_raga_resonance.csv,0.70,false,shared rasa shanta + time-season alignment evening/autumn + direct season match autumn
hexagram_61,hexagram_raga_resonance,raga_tilak_kamod,yijing_sangita,hexagram_raga_resonance.csv,0.70,false,shared element air + time-season alignment night/autumn + direct season match autumn
hexagram_61,hexagram_raga_resonance,raga_rageshri,yijing_sangita,hexagram_raga_resonance.csv,0.70,false,shared element air + time-season alignment night/autumn + direct season match autumn
hexagram_61,hexagram_raga_resonance,raga_hansadhwani,yijing_sangita,hexagram_raga_resonance.csv,0.70,false,time-season alignment evening/autumn + direct season match autumn
hexagram_61,hexagram_raga_resonance,raga_charukeshi,yijing_sangita,hexagram_raga_resonance.csv,0.70,false,shared element water + time-season alignment night/autumn
hexagram_61,hexagram_raga_resonance,raga_kirwani,yijing_sangita,hexagram_raga_resonance.csv,0.70,false,shared element water + time-season alignment night/autumn
hexagram_61,hexagram_raga_resonance,raga_chandrakauns,yijing_sangita,hexagram_raga_resonance.csv,0.70,false,shared rasa shanta + shared element water + time-season alignment night/autumn
hexagram_62,hexagram_raga_resonance,raga_bhairava,yijing_sangita,hexagram_raga_resonance.csv,0.70,false,shared element fire + time-season alignment morning/spring + direct season match spring
hexagram_62,hexagram_raga_resonance,raga_bhairavi,yijing_sangita,hexagram_raga_resonance.csv,0.70,false,shared rasa karuna + time-season alignment morning/spring
hexagram_62,hexagram_raga_resonance,raga_todi,yijing_sangita,hexagram_raga_resonance.csv,0.70,false,shared rasa karuna + time-season alignment morning/spring
hexagram_62,hexagram_raga_resonance,raga_darbari,yijing_sangita,hexagram_raga_resonance.csv,0.70,false,shared rasa karuna + shared element earth
hexagram_62,hexagram_raga_resonance,raga_lalit,yijing_sangita,hexagram_raga_resonance.csv,0.70,false,time-season alignment dawn/spring + direct season match spring
hexagram_62,hexagram_raga_resonance,raga_jaunpuri,yijing_sangita,hexagram_raga_resonance.csv,0.70,false,shared rasa karuna + time-season alignment morning/spring
hexagram_62,hexagram_raga_resonance,raga_hindol,yijing_sangita,hexagram_raga_resonance.csv,0.70,false,time-season alignment morning/spring + direct season match spring
hexagram_62,hexagram_raga_resonance,raga_bairagi,yijing_sangita,hexagram_raga_resonance.csv,0.70,false,shared rasa karuna + time-season alignment morning/spring + direct season match spring
hexagram_62,hexagram_raga_resonance,raga_ahir_bhairav,yijing_sangita,hexagram_raga_resonance.csv,0.70,false,time-season alignment morning/spring + direct season match spring
hexagram_63,hexagram_raga_resonance,raga_bhimpalasi,yijing_sangita,hexagram_raga_resonance.csv,0.70,false,time-season alignment afternoon/summer + direct season match summer
hexagram_63,hexagram_raga_resonance,raga_miyan_ki_malhar,yijing_sangita,hexagram_raga_resonance.csv,0.70,false,shared element water + time-season alignment monsoon/summer + direct season match summer
hexagram_63,hexagram_raga_resonance,raga_khamaj,yijing_sangita,hexagram_raga_resonance.csv,0.70,false,shared element water + direct season match summer
hexagram_63,hexagram_raga_resonance,raga_multani,yijing_sangita,hexagram_raga_resonance.csv,0.70,false,time-season alignment afternoon/summer + direct season match summer
hexagram_63,hexagram_raga_resonance,raga_chandrakauns,yijing_sangita,hexagram_raga_resonance.csv,0.70,false,shared rasa shanta + shared element water
hexagram_63,hexagram_raga_resonance,raga_sarang,yijing_sangita,hexagram_raga_resonance.csv,0.70,false,shared element fire + time-season alignment midday/summer + direct season match summer
hexagram_64,hexagram_raga_resonance,raga_bhairavi,yijing_sangita,hexagram_raga_resonance.csv,0.70,false,shared element water + direct season match winter
hexagram_64,hexagram_raga_resonance,raga_darbari,yijing_sangita,hexagram_raga_resonance.csv,0.70,false,time-season alignment night/winter + direct season match winter
hexagram_64,hexagram_raga_resonance,raga_malkauns,yijing_sangita,hexagram_raga_resonance.csv,0.70,false,time-season alignment night/winter + direct season match winter
hexagram_64,hexagram_raga_resonance,raga_bageshri,yijing_sangita,hexagram_raga_resonance.csv,0.70,false,shared element water + time-season alignment night/winter
hexagram_64,hexagram_raga_resonance,raga_des,yijing_sangita,hexagram_raga_resonance.csv,0.70,false,shared element water + time-season alignment night/winter
hexagram_64,hexagram_raga_resonance,raga_khamaj,yijing_sangita,hexagram_raga_resonance.csv,0.70,false,shared element water + time-season alignment night/winter
hexagram_64,hexagram_raga_resonance,raga_jaunpuri,yijing_sangita,hexagram_raga_resonance.csv,0.70,false,shared element water + direct season match winter
hexagram_64,hexagram_raga_resonance,raga_durga,yijing_sangita,hexagram_raga_resonance.csv,0.70,false,shared element fire + time-season alignment night/winter
hexagram_64,hexagram_raga_resonance,raga_charukeshi,yijing_sangita,hexagram_raga_resonance.csv,0.70,false,shared element water + time-season alignment night/winter + direct season match winter
hexagram_64,hexagram_raga_resonance,raga_kirwani,yijing_sangita,hexagram_raga_resonance.csv,0.70,false,shared element water + time-season alignment night/winter + direct season match winter
hexagram_64,hexagram_raga_resonance,raga_chandrakauns,yijing_sangita,hexagram_raga_resonance.csv,0.70,false,shared element water + time-season alignment night/winter + direct season match winter
hexagram_64,hexagram_raga_resonance,raga_shankara,yijing_sangita,hexagram_raga_resonance.csv,0.70,false,shared rasa adbhuta + time-season alignment night/winter + direct season match winter
