from_id,relation,to_id,source_title,source_locator,excerpt,tradition,confidence,notes
chunk:bhavaprakasha:0,mentions,deity:krishna,bhavaprakasha,0,"Bhavamisra: Bhavaprakasa (three chapters) 
 
 
 

Bhavamisra: Bhavaprakasa (three chapters; to be continued) 
Benares Ci",ayurveda,0.7,auto-linked from bhavaprakasha
chunk:bhavaprakasha:14,mentions,graha:guru,bhavaprakasha,14,"/ 57 
pippalī madhusaṃyuktā medaḥkaphavināśinī / 
śvāsakāsajvaraharā vṛṣyā medhyāgnivardhinī // 58 
jīrṇajvare'gnimāndye",ayurveda,0.7,auto-linked from bhavaprakasha
chunk:bhavaprakasha:27,mentions,graha:guru,bhavaprakasha,27,"śuklārdrakanibhaḥ kando latājātaḥ supāṇḍuraḥ / 
mahāmedābhidho jñeyo medālakṣaṇamucyate // 128 
śuklakando nakhacchedyo ",ayurveda,0.7,auto-linked from bhavaprakasha
chunk:bhavaprakasha:28,mentions,graha:guru,bhavaprakasha,28,"133 
sa proktaḥ kṣīrakākolī kākolīliṅgamucyate / 
yathā syāt kṣīrakākolī kākolyapi tathā bhavet // 134 
eṣā kiṃcid bhave",ayurveda,0.7,auto-linked from bhavaprakasha
chunk:bhavaprakasha:49,mentions,graha:guru,bhavaprakasha,49,"ṣṇaṃ cāpi sūkṣmaṃ cābhiṣyandi kaṭupāki ca // 245 
sāmudraṃ yattu lavaṇam akṣībaṃ vaśiraṃ ca tat / 
samudrajaṃ sāgarajaṃ ",ayurveda,0.7,auto-linked from bhavaprakasha
chunk:bhavaprakasha:50,mentions,graha:guru,bhavaprakasha,50,"uvarcalaṃ syād rucakaṃ manthapākaṃ ca tanmatam / 
rucakaṃ rocanaṃ bhedi dīpanaṃ pācanaṃ param // 250 
susnehaṃ vātanunnā",ayurveda,0.7,auto-linked from bhavaprakasha
chunk:bhavaprakasha:55,mentions,graha:guru,bhavaprakasha,55,"hikoṭarasaṃyuktaṃ candanaṃ śreṣṭham ucyate // 12 
candanaṃ śītalaṃ rūkṣaṃ tiktam āhlādanaṃ laghu / 
śramaśoṣaviṣaśleṣmat",ayurveda,0.7,auto-linked from bhavaprakasha
chunk:bhavaprakasha:71,mentions,plant:mahua,bhavaprakasha,71,"śaṭhī palāśī ṣaḍgranthā suvratā gandhamūlikā / 
gāndhārikā gandhavadhūr vadhūḥ palāśikā // 99 
bhavedgandhapalāśī tu kaṣ",ayurveda,0.7,auto-linked from bhavaprakasha
chunk:bhavaprakasha:71,mentions,graha:guru,bhavaprakasha,71,"śaṭhī palāśī ṣaḍgranthā suvratā gandhamūlikā / 
gāndhārikā gandhavadhūr vadhūḥ palāśikā // 99 
bhavedgandhapalāśī tu kaṣ",ayurveda,0.7,auto-linked from bhavaprakasha
chunk:bhavaprakasha:80,mentions,graha:guru,bhavaprakasha,80,"gāmbhārī bhadraparṇī ca śrīparṇī madhuparṇikā / 
kāśmīrī kāśmarī hīrā kāśmaryaḥ pītarohiṇī // 14 
kṛṣṇavṛntā madhurasā m",ayurveda,0.7,auto-linked from bhavaprakasha
chunk:bhavaprakasha:82,mentions,graha:guru,bhavaprakasha,82,"4 
śyonākaḥ śoṣaṇaśca syānnaṭakaṭvaṅgaṭuṇṭukāḥ / 
maṇḍūkaparṇapattrorṇaśukanāsakuṭannaṭāḥ // 25 
dīrghavṛnto 'raluścāpi ",ayurveda,0.7,auto-linked from bhavaprakasha
chunk:charaka_samhita:20,mentions,plant:mahua,charaka_samhita,20,"bhagavānātreyaḥ // Car_1,1.2 
 [{Āyurvedadīpikā} 
 nanu kathamagniveśaḥ sakalapadārthāśeṣaviśeṣajñānavyākhyeyam āyurveda",ayurveda,0.7,auto-linked from charaka_samhita
chunk:charaka_samhita:23,mentions,plant:palasha,charaka_samhita,23,"hūtamātre liḍ bhavati tathāca darśayiṣyāmaḥ // 4 
 bhagaṃ pūjitaṃ jñānaṃ tadvān yathoktam utpattiṃ pralayaṃ caiva bhūtān",ayurveda,0.7,auto-linked from charaka_samhita
chunk:charaka_samhita:44,mentions,parampara:brahma,charaka_samhita,44,"atra sūcanāt sūtraṇāccārthasaṃtateḥ sūtram // 10 
 etena taṃ yathā brahmā trisūtraṃ bubudhe tathaiva hetuliṅgauṣadhajñān",ayurveda,0.7,auto-linked from charaka_samhita
chunk:charaka_samhita:46,mentions,parampara:brahma,charaka_samhita,46,"dhaḥ skandhaśca sthūlāvayavaḥ pravibhāgo vā // 5 
 tatraivāyurvedagrahaṇe mano yasya sa tanmanāḥ // 6 
 mananājjñānaprak",ayurveda,0.7,auto-linked from charaka_samhita
chunk:charaka_samhita:50,mentions,parampara:brahma,charaka_samhita,50,"stanmunervacaḥ // Car_1,1.31 
 [{Āyurvedadīpikā} 
 athetyādinā bharadvājaśiṣyasyātreyasya punarvasvaparanāmno 'gniveśādi",ayurveda,0.7,auto-linked from charaka_samhita
chunk:charaka_samhita:66,mentions,vastu:deity_diti,charaka_samhita,66,"diti darśayati // 2 
 sādhayitvā pratipādya // 3 
 vātakarmasu pratyakṣāṇi vacanādīni manaḥpreraṇādyanumeyaṃ garbhākṛtik",ayurveda,0.7,auto-linked from charaka_samhita
chunk:charaka_samhita:74,mentions,vastu:deity_soma,charaka_samhita,74,"ittaharasya sarpiṣo'gnivardhanatvenoktatvāt // 1 
 paktimapaktimiti avikṛtivikṛtibhedena pācakasyāgneḥ karma darśanādarś",ayurveda,0.7,auto-linked from charaka_samhita
chunk:charaka_samhita:93,mentions,element:water,charaka_samhita,93,"adhurādīnāṃ ṣaṇṇām // 27 
 prakṛtāv ityādi // 28 
 prakṛtau kāraṇe jala ityarthaḥ // 29 
 avyaktatvaṃ ca rasasāmānyamātr",ayurveda,0.7,auto-linked from charaka_samhita
chunk:charaka_samhita:122,mentions,graha:guru,charaka_samhita,122,"ogādvā bhavatīti darśayannāha dravyāṇītyādi // 3 
 dvirasādīni utpattisiddhadvirasatrirasādīni dvirasaṃ yathā kaṣāyamadh",ayurveda,0.7,auto-linked from charaka_samhita
chunk:charaka_samhita:129,mentions,rasa:madhura,charaka_samhita,129,"sthāyāṃ nānuyāti nāsau rasaḥ kiṃtv anurasaḥ // 5 
 yathā pippalyā ārdrāyā madhuro raso vyaktaḥ śuṣkāyāstu pippalyāḥ kaṭu",ayurveda,0.7,auto-linked from charaka_samhita
chunk:charaka_samhita:131,mentions,devi:nitya,charaka_samhita,131,"Car_1,26.30 
deśakālavayomānapākavīryarasādiṣu / 
parāparatve yuktiśca yojanā yā tu yujyate // Car_1,26.31 
saṃkhyā syād",ayurveda,0.7,auto-linked from charaka_samhita
chunk:charaka_samhita:154,mentions,rasa:madhura,charaka_samhita,154,"guruśca / 
 [{Āyurvedadīpikā} 
 tatretyādi // 1 
 madhura ādāv ucyate praśastāyuṣyādiguṇatayā prāyaḥ prāṇipriyatayā ca /",ayurveda,0.7,auto-linked from charaka_samhita
chunk:charaka_samhita:175,mentions,vastu:deity_vara,charaka_samhita,175,"pi // 2 
 kaṭukaścāntya iti avara ityarthaḥ // 3 
 evaṃ lavaṇaścāntya iti avara ityarthaḥ // 4 
 lavaṇo'vara iti gurutve",ayurveda,0.7,auto-linked from charaka_samhita
chunk:charaka_samhita:178,mentions,rasa:madhura,charaka_samhita,178,"purīṣāṇāṃ prāyo mokṣe sukhā matāḥ // Car_1,26.59 
kaṭutiktakaṣāyāstu rūkṣabhāvāt trayo rasāḥ / 
duḥkhāya mokṣe dṛśyante ",ayurveda,0.7,auto-linked from charaka_samhita
chunk:charaka_samhita:181,mentions,rasa:madhura,charaka_samhita,181,"malpatvādayo viśeṣā bhavantītyuktaṃ bhavati // 3 
 atra kecidbruvate pratirasaṃ pāko bhavati yathā madhurādīnāṃ ṣaṇṇāṃ ṣ",ayurveda,0.7,auto-linked from charaka_samhita
chunk:charaka_samhita:182,mentions,rasa:madhura,charaka_samhita,182,"nirvartante'dhikāstatra pāko madhura ucyate // 7 
 tejo'nilākāśaguṇāḥ pacyamāneṣu yeṣu tu // 8 
 nirvartante'dhikāstatra",ayurveda,0.7,auto-linked from charaka_samhita
chunk:charaka_samhita:205,mentions,plant:mahua,charaka_samhita,205,"tvena kathita iti guṇavirodhakasyaivodāharaṇam / 
 virodhaśca viruddhaguṇatve satyapi kvacid eva dravyaprabhāvād bhavati",ayurveda,0.7,auto-linked from charaka_samhita
chunk:charaka_samhita:210,mentions,plant:mahua,charaka_samhita,210,"sūpaguḍasarpirbhiḥ sahopayojyaṃ vairodhikatvāt / 
tathāmrāmrātakamātuluṅganikucakaramardamocadantaśaṭhabadarakośāmrabhav",ayurveda,0.7,auto-linked from charaka_samhita
chunk:charaka_samhita:211,mentions,plant:mahua,charaka_samhita,211,"ati / 
upodikā tilakalkasiddhā heturatīsārasya / 
balākā vāruṇyā saha kulmāṣairapi viruddhā saiva śūkaravasāparibhṛṣṭā s",ayurveda,0.7,auto-linked from charaka_samhita
chunk:charaka_samhita:212,mentions,plant:mahua,charaka_samhita,212,"a / 
madhu coṣṇam uṣṇārtasya ca madhu maraṇāya / 
madhusarpiṣī samadhṛte cāntarikṣaṃ samadhṛtaṃ madhu puṣkarabījaṃ madhu",ayurveda,0.7,auto-linked from charaka_samhita
chunk:charaka_samhita:216,mentions,plant:mahua,charaka_samhita,216,"e'pyuktaṃ matsyavasā siddhāḥ pippalyaḥ iti // 17 
 kākamācī madhu ceti saṃyogaviruddham // 18 
 bhāso goṣṭhakukkuṭaḥ // ",ayurveda,0.7,auto-linked from charaka_samhita
chunk:charaka_samhita:218,mentions,graha:guru,charaka_samhita,218,"ddhaṃ tu viruddhaṃ tv anilādibhiḥ // Car_1,26.91 
yā samānaguṇābhyāsaviruddhānnauṣadhakriyā / 
saṃskārato viruddhaṃ tady",ayurveda,0.7,auto-linked from charaka_samhita
chunk:charaka_samhita:222,mentions,plant:mahua,charaka_samhita,222,"haḥ virodhimātrasaṃyoga eva virodhī bhavati // 5 
 yattu madhuna uṣṇena vamanena saṃyuktasya satyapi madanaphalādidravya",ayurveda,0.7,auto-linked from charaka_samhita
chunk:charaka_samhita:226,mentions,rasa:madhura,charaka_samhita,226,"iṃśo'dhyāyaḥ // Car_1,26.114 
 [{Āyurvedadīpikā} 
 saṃgrahe dravyasaṃkhyā rasāśrayā iti bhedaścaiṣām ityādinā rasasaṃkhy",ayurveda,0.7,auto-linked from charaka_samhita
chunk:charaka_samhita:232,mentions,plant:mahua,charaka_samhita,232,"ṃ tadindhanā hītyādināgnihetutvaṃ varṇyate // 15 
 sattvamūrjayatīti manobalaṃ karoti // 16 
 dhātuvyūho dhātusaṃghātaḥ ",ayurveda,0.7,auto-linked from charaka_samhita
chunk:charaka_samhita:272,mentions,graha:guru,charaka_samhita,272,"tathā jāṅgalā ityatra cakāro luptanirdiṣṭaḥ // 3 
 kaphānuge iti chedaḥ // 4] 
nātiśītagurusnigdhaṃ māṃsam ājam adoṣalam",ayurveda,0.7,auto-linked from charaka_samhita
chunk:charaka_samhita:277,mentions,graha:guru,charaka_samhita,277,"urāḥ snigdhā balaśukravivardhanāḥ // Car_1,27.75 
saṃnipātapraśamanāḥ śamanā mārutasya ca / 
kaṣāyo viśado rūkṣaḥ śītaḥ ",ayurveda,0.7,auto-linked from charaka_samhita
chunk:charaka_samhita:278,mentions,graha:guru,charaka_samhita,278,"uraṃ vṛṣyaṃ māhiṣaṃ guru tarpaṇam // Car_1,27.80 
dārḍhyaṃ bṛhattvamutsāhaṃ svapnaṃ ca janayatyapi / 
gurūṣṇā madhurā ba",ayurveda,0.7,auto-linked from charaka_samhita
chunk:charaka_samhita:286,mentions,graha:guru,charaka_samhita,286,"lmalipuṣpāṇi karbudāraḥ suvarcalā // Car_1,27.99 
niṣpāvaḥ kovidāraśca pattūraś cuccuparṇikā / 
kumārajīvo loṭṭākaḥ pāla",ayurveda,0.7,auto-linked from charaka_samhita
chunk:charaka_samhita:288,mentions,graha:guru,charaka_samhita,288,"aṭutiktāmlamadhomārgapravartanam // Car_1,27.109 
rūkṣāmlamuṣṇaṃ kausumbhaṃ kaphaghnaṃ pittavardhanam / 
trapusairvāruka",ayurveda,0.7,auto-linked from charaka_samhita
chunk:charaka_samhita:291,mentions,graha:guru,charaka_samhita,291,"citrairaṇḍaḥ // 29 
 ervārukaṃ rājakarkaṭī // 30 
 kūṣmāṇḍakaṃ suśrute bālyādyāvasthābhedena paṭhitaṃ tad apyaviruddham ",ayurveda,0.7,auto-linked from charaka_samhita
chunk:charaka_samhita:292,mentions,graha:guru,charaka_samhita,292,"ṭabisaśālūkakrauñcādanakaśerukam // Car_1,27.116 
śṛṅgāṭakāṅkaloḍyaṃ ca guru viṣṭambhi śītalam / 
kumudotpalanālāstu sap",ayurveda,0.7,auto-linked from charaka_samhita
chunk:charaka_samhita:295,mentions,graha:guru,charaka_samhita,295,"sarpacchattraṃ sarpaphaṇākāraṃ chattrakam // 13 
 anyāś chattrajātayaḥ karīṣapalālādijā bahulā jñeyāḥ // 14 
 pattrakand",ayurveda,0.7,auto-linked from charaka_samhita
chunk:charaka_samhita:296,mentions,graha:guru,charaka_samhita,296,"arpaṇaṃ bṛṃhaṇaṃ phalgu guru viṣṭambhi śītalam / 
parūṣakaṃ madhūkaṃ ca vātapitte ca śasyate // Car_1,27.128 
madhuraṃ b",ayurveda,0.7,auto-linked from charaka_samhita
chunk:charaka_samhita:297,mentions,graha:guru,charaka_samhita,297,"tyuṣṇaṃ guru sampakvaṃ svāduprāyaṃ mukhapriyam / 
bṛṃhaṇaṃ jīryati kṣipraṃ nātidoṣalamārukam // Car_1,27.133 
dvividhaṃ ",ayurveda,0.7,auto-linked from charaka_samhita
chunk:charaka_samhita:298,mentions,graha:guru,charaka_samhita,298,"bilvaṃ tu durjaraṃ pakvaṃ doṣalaṃ pūtimārutam / 
snigdhoṣṇatīkṣṇaṃ tadbālaṃ dīpanaṃ kaphavātajit // Car_1,27.138 
raktap",ayurveda,0.7,auto-linked from charaka_samhita
chunk:charaka_samhita:301,mentions,graha:guru,charaka_samhita,301,"mlikāyāḥ phalaṃ pakvaṃ tasmādalpāntaraṃ guṇaiḥ / 
guṇais tair eva saṃyuktaṃ bhedanaṃ tv amlavetasam // Car_1,27.152 
śūl",ayurveda,0.7,auto-linked from charaka_samhita
chunk:charaka_samhita:302,mentions,graha:guru,charaka_samhita,302,"_1,27.156 
vātāmābhiṣukākṣoṭamukūlakanikocakāḥ / 
gurūṣṇasnigdhamadhurāḥ sorumāṇā balapradāḥ // Car_1,27.157 
vātaghnā b",ayurveda,0.7,auto-linked from charaka_samhita
chunk:charaka_samhita:307,mentions,graha:guru,charaka_samhita,307,"akaṃ pānīyāmalakam // 29 
 tindukaṃ kenduḥ // 30 
 dāḍimaguṇe kaphapittāvirodhīti amladāḍimaṃ pittāvirodhi madhuraṃ tu k",ayurveda,0.7,auto-linked from charaka_samhita
chunk:charaka_samhita:413,mentions,plant:mahua,charaka_samhita,413,"5 
 praśamanārthānīti praśamanaprayojanāni // 6] 
tatra tailaṃ snehauṣṇyagauravopapannatvād vātaṃ jayati satatamabhyasya",ayurveda,0.7,auto-linked from charaka_samhita
chunk:charaka_samhita:517,mentions,deity:brahma,charaka_samhita,517,"ghamihāyuraśnute rasāyanaṃ yo vidhivanniṣevate / 
gatiṃ sa devarṣiniṣevitāṃ śubhāṃ prapadyate brahma tatheti cākṣayam //",ayurveda,0.7,auto-linked from charaka_samhita
chunk:charaka_samhita:547,mentions,parampara:brahma,charaka_samhita,547,"haradvājo bhṛguranye ca tadvidhāḥ // Car_6,1.3.4 
prayujya prayatā muktāḥ śramavyādhijarābhayāt / 
yāvad aicchaṃs tapast",ayurveda,0.7,auto-linked from charaka_samhita
chunk:charaka_samhita:572,mentions,parampara:brahma,charaka_samhita,572,"taṃ brahmavidāṃ jñānatapodhanānāṃ brahmarṣīṇām / 
asti nanu vo glānir aprabhāvatvaṃ vaisvaryaṃ vaivarṇyaṃ ca grāmyavāsak",ayurveda,0.7,auto-linked from charaka_samhita
chunk:charaka_samhita:573,mentions,deity:brahma,charaka_samhita,573,hānubandham alpatvād alpatapodamaniyamadānādhyayanasaṃcayaṃ matvā puṇyatamam āyuḥprakarṣakaraṃ jarāvyādhipraśamanam ūrja,ayurveda,0.7,auto-linked from charaka_samhita
chunk:charaka_samhita:574,mentions,parampara:brahma,charaka_samhita,574,"tītyasukhānubandham // 1 
 mūlamiti kāraṇam // 2 
 kṛtaḥ prajānāmanugraha iti grāme sthitvā āyurvedoktārogyasādhanadharm",ayurveda,0.7,auto-linked from charaka_samhita
chunk:charaka_samhita:577,mentions,vastu:deity_soma,charaka_samhita,577,"āvaṇī alambuṣā // 1 
 aticchatrā madhurikā // 2] 
brahmasuvarcalā nāmauṣadhir yā hiraṇyakṣīrā puṣkarasadṛśapattrā āditya",ayurveda,0.7,auto-linked from charaka_samhita
chunk:charaka_samhita:579,mentions,vastu:deity_soma,charaka_samhita,579,"padravaṃ ceti // Car_6,1.4.7 
 [{Āyurvedadīpikā} 
 brahmasuvarcalāprabhṛtayo yathoktalakṣaṇā divyauṣadhayo nātiprasiddhā",ayurveda,0.7,auto-linked from charaka_samhita
chunk:charaka_samhita:654,mentions,graha:guru,charaka_samhita,654,"śuddhā utkārikāḥ kāryāś candramaṇḍalasaṃnibhāḥ / 
tāsāṃ prayogādgajavannārīḥ saṃtarpayennaraḥ // Car_6,2.4.35 
 [{Āyurve",ayurveda,0.7,auto-linked from charaka_samhita
chunk:charaka_samhita:661,mentions,graha:guru,charaka_samhita,661,"īranirvṛttau śukraṃ hetur ityuktaṃ bhavati // 18 
 śukraṃ ceha prakaraṇāgatatvenoktaṃ tena ārtavamapyātmano rūpadravyaṃ ",ayurveda,0.7,auto-linked from charaka_samhita
chunk:yogasataka:12,mentions,plant:mahua,yogasataka,12,"yeṣu varcovibandheṣu ca nityam adyāt // Yś_31 // 
harītakīnāgaramustacūrṇaṃ guḍena sārdhaṃ guṭikā vidheyā / 
nivārayaty ",ayurveda,0.7,auto-linked from yogasataka
chunk:bhagavata_purana_01:2,mentions,deity:brahma,bhagavata_purana_01,2,"etil.sub.uni-goettingen.de/gretil/gretdias.pdf 
 
For further information see: 
http://gretil.sub.uni-goettingen.de/gret",cosmology,0.7,auto-linked from bhagavata_purana_01
chunk:bhagavata_purana_01:8,mentions,parampara:vyasa,bhagavata_purana_01,8,"021/3 āsīnā dīrghasatreṇa kathāyāṃ sakṣaṇā hareḥ 
BhP_01.01.022/1 tvaṃ naḥ sandarśito dhātrā dustaraṃ nistitīrṣatām 
BhP",cosmology,0.7,auto-linked from bhagavata_purana_01
chunk:bhagavata_purana_01:18,mentions,parampara:brahma,bhagavata_purana_01,18,"pam adabhracakṣuṣā sahasrapādorubhujānanādbhutam 
BhP_01.03.004/3 sahasramūrdhaśravaṇākṣināsikaṃ sahasramaulyambarakuṇḍa",cosmology,0.7,auto-linked from bhagavata_purana_01
chunk:bhagavata_purana_01:28,mentions,parampara:vyasa,bhagavata_purana_01,28,"3 so 'haṃ vaḥ śrāvayiṣyāmi yathādhītaṃ yathāmati 
BhP_01.04.001/0 vyāsa uvāca 
BhP_01.04.001/1 iti bruvāṇaṃ saṃstūya mun",cosmology,0.7,auto-linked from bhagavata_purana_01
chunk:bhagavata_purana_01:28,mentions,vastu:deity_vara,bhagavata_purana_01,28,"3 so 'haṃ vaḥ śrāvayiṣyāmi yathādhītaṃ yathāmati 
BhP_01.04.001/0 vyāsa uvāca 
BhP_01.04.001/1 iti bruvāṇaṃ saṃstūya mun",cosmology,0.7,auto-linked from bhagavata_purana_01
chunk:bhagavata_purana_01:36,mentions,parampara:narada,bhagavata_purana_01,36,"tasyaivaṃ khilam ātmānaṃ manyamānasya khidyataḥ 
BhP_01.04.032/3 kṛṣṇasya nārado 'bhyāgādāśramaṃ prāg udāhṛtam 
BhP_01.0",cosmology,0.7,auto-linked from bhagavata_purana_01
chunk:bhagavata_purana_01:37,mentions,deity:brahma,bhagavata_purana_01,37,"03/1 jijñāsitaṃ susampannam api te mahadadbhutam 
BhP_01.05.003/3 kṛtavān bhārataṃ yastvaṃ sarvārthaparibṛṃhitam 
BhP_01",cosmology,0.7,auto-linked from bhagavata_purana_01
chunk:bhagavata_purana_01:37,mentions,parampara:vyasa,bhagavata_purana_01,37,"03/1 jijñāsitaṃ susampannam api te mahadadbhutam 
BhP_01.05.003/3 kṛtavān bhārataṃ yastvaṃ sarvārthaparibṛṃhitam 
BhP_01",cosmology,0.7,auto-linked from bhagavata_purana_01
chunk:bhagavata_purana_01:38,mentions,plant:arka,bhagavata_purana_01,38,"o manasaiva viśvaṃ sṛjatyavatyatti guṇairasaṅgaḥ 
BhP_01.05.007/1 tvaṃ paryaṭann arka iva trilokīm antaścaro vāyurivātma",cosmology,0.7,auto-linked from bhagavata_purana_01
chunk:bhagavata_purana_01:48,mentions,parampara:vyasa,bhagavata_purana_01,48,"hurarditātmanāṃ saṅkleśanirvāṇam uśanti nānyathā 
BhP_01.06.001/0 sūta uvāca 
BhP_01.06.001/1 evaṃ niśamya bhagavān deva",cosmology,0.7,auto-linked from bhagavata_purana_01
chunk:bhagavata_purana_01:49,mentions,parampara:narada,bhagavata_purana_01,49,"04/1 prākkalpaviṣayām etāṃ smṛtiṃ te munisattama 
BhP_01.06.004/3 na hyeṣa vyavadhāt kāla eṣa sarvanirākṛtiḥ 
BhP_01.06.",cosmology,0.7,auto-linked from bhagavata_purana_01
chunk:bhagavata_purana_01:63,mentions,plant:arjuna,bhagavata_purana_01,63,"1/3 prāṇāpadam abhiprekṣya viṣṇuṃ jiṣṇuruvāca ha 
BhP_01.07.022/0 arjuna uvāca 
BhP_01.07.022/1 kṛṣṇa kṛṣṇa mahābāho bha",cosmology,0.7,auto-linked from bhagavata_purana_01
chunk:bhagavata_purana_01:63,mentions,parampara:krishna,bhagavata_purana_01,63,"1/3 prāṇāpadam abhiprekṣya viṣṇuṃ jiṣṇuruvāca ha 
BhP_01.07.022/0 arjuna uvāca 
BhP_01.07.022/1 kṛṣṇa kṛṣṇa mahābāho bha",cosmology,0.7,auto-linked from bhagavata_purana_01
chunk:bhagavata_purana_01:94,mentions,parampara:krishna,bhagavata_purana_01,94,"kvacidvihartuṃ prakṛtim upeyuṣi yadbhavapravāhaḥ 
BhP_01.09.033/1 tribhuvanakamanaṃ tamālavarṇaṃ ravikaragauravarāmbaraṃ",cosmology,0.7,auto-linked from bhagavata_purana_01
chunk:bhagavata_purana_01:97,mentions,parampara:krishna,bhagavata_purana_01,97,"am upapeda īkṣaṇīyo mama dṛśigocara eṣa āvirātmā 
BhP_01.09.042/1 tam imam aham ajaṃ śarīrabhājāṃ hṛdi hṛdi dhiṣṭhitam ā",cosmology,0.7,auto-linked from bhagavata_purana_01
chunk:bhagavata_purana_01:100,mentions,deity:indra,bhagavata_purana_01,100,"am athācyutoktaṃ pravṛttavijñānavidhūtavibhramaḥ 
BhP_01.10.003/3 śaśāsa gām indra ivājitāśrayaḥ paridhyupāntām anujānuv",cosmology,0.7,auto-linked from bhagavata_purana_01
chunk:bhagavata_purana_01:138,mentions,parampara:narada,bhagavata_purana_01,138,"arcayan munim 
BhP_01.13.039/0 yudhiṣṭhira uvāca 
BhP_01.13.039/1 nāhaṃ veda gatiṃ pitrorbhagavan kva gatāvitaḥ 
BhP_01.",cosmology,0.7,auto-linked from bhagavata_purana_01
chunk:bhagavata_purana_01:155,mentions,plant:arjuna,bhagavata_purana_01,155,"evaṃ kṛṣṇasakhaḥ kṛṣṇo bhrātrā rājñā vikalpitaḥ 
BhP_01.15.001/3 nānāśaṅkāspadaṃ rūpaṃ kṛṣṇaviśleṣakarśitaḥ 
BhP_01.15.0",cosmology,0.7,auto-linked from bhagavata_purana_01
chunk:bhagavata_purana_01:168,mentions,deity:brahma,bhagavata_purana_01,168,"044/3 udīcīṃ praviveśāśāṃ gatapūrvāṃ mahātmabhiḥ 
BhP_01.15.044/5 hṛdi brahma paraṃ dhyāyan nāvarteta yato gataḥ 
BhP_01",cosmology,0.7,auto-linked from bhagavata_purana_01
chunk:bhagavata_purana_01:176,mentions,marma:urvi,bhagavata_purana_01,176,"ocasi maikapādam ātmānaṃ vā vṛṣalairbhokṣyamāṇam 
BhP_01.16.022/3 āho surādīn hṛtayajñabhāgān prajā uta svin maghavatyav",cosmology,0.7,auto-linked from bhagavata_purana_01
chunk:bhagavata_purana_01:195,mentions,plant:mahua,bhagavata_purana_01,195,"8.009/3 vāsudevakathopetam ākhyānaṃ yadapṛcchata 
BhP_01.18.010/1 yā yāḥ kathā bhagavataḥ kathanīyorukarmaṇaḥ 
BhP_01.18",cosmology,0.7,auto-linked from bhagavata_purana_01
chunk:bhagavata_purana_05:4,mentions,deity:brahma,bhagavata_purana_05,4,"hatāṃ svāṃ śivatamāṃ padavīṃ na prāyeṇa hinvanti 
BhP_05.01.006/1 yarhi vāva ha rājan sa rāja-putraḥ priyavrataḥ parama-",cosmology,0.7,auto-linked from bhagavata_purana_05
chunk:bhagavata_purana_05:5,mentions,vastu:deity_gandharva,bhagavata_purana_05,5,"tmano 'nyasmād asato 'pi parābhavam anvīkṣamāṇaḥ 
BhP_05.01.007/1 atha ha bhagavān ādi-deva etasya guṇa-visargasya parib",cosmology,0.7,auto-linked from bhagavata_purana_05
chunk:bhagavata_purana_05:19,mentions,vastu:deity_vara,bhagavata_purana_05,19,"bhū-saṃsthānaṃ kṛtaṃ yena sarid-giri-vanādibhiḥ 
BhP_05.01.039/2 sīmā ca bhūta-nirvṛtyai dvīpe dvīpe vibhāgaśaḥ 
BhP_05.",cosmology,0.7,auto-linked from bhagavata_purana_05
chunk:bhagavata_purana_05:24,mentions,plant:kadamba,bhagavata_purana_05,24,"05.02.009/2 gāyanti sāma sarahasyam ajasram īśam 
BhP_05.02.009/3 yuṣmac-chikhā-vilulitāḥ sumano 'bhivṛṣṭīḥ 
BhP_05.02.0",cosmology,0.7,auto-linked from bhagavata_purana_05
chunk:bhagavata_purana_05:26,mentions,vastu:deity_mitra,bhagavata_purana_05,26,"02.013/4 āsanna-bhṛṅga-nikaraṃ sara in mukhaṃ te 
BhP_05.02.014/1 yo 'sau tvayā kara-saroja-hataḥ pataṅgo 
BhP_05.02.014",cosmology,0.7,auto-linked from bhagavata_purana_05
chunk:bhagavata_purana_05:28,mentions,vastu:deity_vara,bhagavata_purana_05,28,"ṃ jambūdvīpa-patinā bhauma-svarga-bhogān bubhuje 
BhP_05.02.019/1 tasyām u ha vā ātmajān sa rāja-vara āgnīdhro nābhi-kim",cosmology,0.7,auto-linked from bhagavata_purana_05
chunk:bhagavata_purana_05:36,mentions,deity:brahma,bhagavata_purana_05,36,"ivoḍhum aviduṣām 
BhP_05.03.015/0 śrī-śuka uvāca 
BhP_05.03.015/1 iti nigadenābhiṣṭūyamāno bhagavān animiṣarṣabho varṣa-",cosmology,0.7,auto-linked from bhagavata_purana_05
chunk:bhagavata_purana_05:37,mentions,bhava:virya,bhagavata_purana_05,37,"anupalabhamānaḥ 
BhP_05.03.018/0 śrī-śuka uvāca 
BhP_05.03.018/1 iti niśāmayantyā merudevyāḥ patim abhidhāyāntardadhe bh",cosmology,0.7,auto-linked from bhagavata_purana_05
chunk:bhagavata_purana_05:40,mentions,deity:indra,bhagavata_purana_05,40,"rahmaṇyo 'nyaḥ kuto nābher viprā maṅgala-pūjitāḥ 
BhP_05.04.007/2 yasya barhiṣi yajñeśaṃ darśayām āsur ojasā 
BhP_05.04.",cosmology,0.7,auto-linked from bhagavata_purana_05
chunk:bhagavata_purana_05:41,mentions,parampara:narada,bhagavata_purana_05,41,"ṇa āsīd yenedaṃ varṣaṃ bhāratam iti vyapadiśanti 
BhP_05.04.010/1 tam anu kuśāvarta ilāvarto brahmāvarto malayaḥ ketur b",cosmology,0.7,auto-linked from bhagavata_purana_05
chunk:bhagavata_purana_05:42,mentions,devi:nitya,bhagavata_purana_05,42,"da-saṃvādam upaśamāyanam upariṣṭād varṇayiṣyāmaḥ 
BhP_05.04.013/1 yavīyāṃsa ekāśītir jāyanteyāḥ pitur ādeśakarā mahā-śāl",cosmology,0.7,auto-linked from bhagavata_purana_05
chunk:bhagavata_purana_05:44,mentions,deity:brahma,bhagavata_purana_05,44,"tary anusavanaṃ vijṛmbhita-snehātiśayam antareṇa 
BhP_05.04.019/1 sa kadācid aṭamāno bhagavān ṛṣabho brahmāvarta-gato br",cosmology,0.7,auto-linked from bhagavata_purana_05
chunk:bhagavata_purana_05:48,mentions,guna:sattva,bhagavata_purana_05,48,"āmyopaśamena putrā jihāsayā deha-gehātma-buddheḥ 
BhP_05.05.012/1 adhyātma-yogena vivikta-sevayā prāṇendriyātmābhijayena",cosmology,0.7,auto-linked from bhagavata_purana_05
chunk:bhagavata_purana_05:51,mentions,vastu:deity_gandharva,bhagavata_purana_05,51,"to hṛdayena jātāḥ sarve mahīyāṃsam amuṃ sanābham 
BhP_05.05.020/2 akliṣṭa-buddhyā bharataṃ bhajadhvaṃ śuśrūṣaṇaṃ tad bha",cosmology,0.7,auto-linked from bhagavata_purana_05
chunk:bhagavata_purana_05:51,mentions,deity:brahma,bhagavata_purana_05,51,"to hṛdayena jātāḥ sarve mahīyāṃsam amuṃ sanābham 
BhP_05.05.020/2 akliṣṭa-buddhyā bharataṃ bhajadhvaṃ śuśrūṣaṇaṃ tad bha",cosmology,0.7,auto-linked from bhagavata_purana_05
chunk:bhagavata_purana_05:62,mentions,deity:brahma,bhagavata_purana_05,62,"-dāvānalas tad vanam ālelihānaḥ saha tena dadāha 
BhP_05.06.009/1 yasya kilānucaritam upākarṇya koṅka-veṅka-kuṭakānāṃ rā",cosmology,0.7,auto-linked from bhagavata_purana_05
chunk:bhagavata_purana_05:74,mentions,vastu:deity_yoni,bhagavata_purana_05,74,"ram abhigṛṇāno muhūrta-trayam udakānta upaviveśa 
BhP_05.08.002/1 tatra tadā rājan hariṇī pipāsayā jalāśayābhyāśam ekaiv",cosmology,0.7,auto-linked from bhagavata_purana_05
chunk:bhagavata_purana_05:75,mentions,vastu:deity_yoni,bhagavata_purana_05,75,"yāvagalito yoni-nirgato garbhaḥ srotasi nipapāta 
BhP_05.08.006/1 tat-prasavotsarpaṇa-bhaya-khedāturā sva-gaṇena viyujya",cosmology,0.7,auto-linked from bhagavata_purana_05
chunk:bhagavata_purana_05:75,mentions,parampara:krishna,bhagavata_purana_05,75,"yāvagalito yoni-nirgato garbhaḥ srotasi nipapāta 
BhP_05.08.006/1 tat-prasavotsarpaṇa-bhaya-khedāturā sva-gaṇena viyujya",cosmology,0.7,auto-linked from bhagavata_purana_05
chunk:bhagavata_purana_05:81,mentions,parampara:krishna,bhagavata_purana_05,81,"ta-rāsa ṛṣi-kumāravad avahita-karaṇa-kalāpa āste 
BhP_05.08.023/1 kiṃ vā are ācaritaṃ tapas tapasvinyānayā yad iyam avan",cosmology,0.7,auto-linked from bhagavata_purana_05
chunk:bhagavata_purana_05:91,mentions,devi:nitya,bhagavata_purana_05,91,"tir iti bhrātur anuśāsana-nirbandhān nyavṛtsanta 
BhP_05.09.008/1 sa ca prākṛtair dvipada-paśubhir unmatta-jaḍa-badhira-",cosmology,0.7,auto-linked from bhagavata_purana_05
chunk:bhagavata_purana_05:92,mentions,deity:brahma,bhagavata_purana_05,92,"ayor dvandva-nimittayor asambhāvita-dehābhimānaḥ 
BhP_05.09.010/1 śītoṣṇa-vāta-varṣeṣu vṛṣa ivānāvṛtāṅgaḥ pīnaḥ saṃhanan",cosmology,0.7,auto-linked from bhagavata_purana_05
chunk:bhagavata_purana_05:95,mentions,guna:rajas,bhagavata_purana_05,95,"ad-abhimantritam asim ati-karāla-niśitam upādade 
BhP_05.09.017/1 iti teṣāṃ vṛṣalānāṃ rajas-tamaḥ-prakṛtīnāṃ dhana-mada-",cosmology,0.7,auto-linked from bhagavata_purana_05
chunk:bhagavata_purana_05:95,mentions,deity:brahma,bhagavata_purana_05,95,"ad-abhimantritam asim ati-karāla-niśitam upādade 
BhP_05.09.017/1 iti teṣāṃ vṛṣalānāṃ rajas-tamaḥ-prakṛtīnāṃ dhana-mada-",cosmology,0.7,auto-linked from bhagavata_purana_05
chunk:bhagavata_purana_05:96,mentions,bhava:bhayanaka,bhagavata_purana_05,96,"nena vapuṣā sahasoccacāṭa saiva devī bhadra-kālī 
BhP_05.09.018/1 bhṛśam amarṣa-roṣāveśa-rabhasa-vilasita-bhru-kuṭi-viṭa",cosmology,0.7,auto-linked from bhagavata_purana_05
chunk:bhagavata_purana_05:97,mentions,guna:sattva,bhagavata_purana_05,97,"mahad-abhicārāti-kramaḥ kārtsnyenātmane phalati 
BhP_05.09.020/1 na vā etad viṣṇudatta mahad-adbhutaṃ yad asambhramaḥ sv",cosmology,0.7,auto-linked from bhagavata_purana_05
chunk:bhagavata_purana_05:98,mentions,vastu:deity_vara,bhagavata_purana_05,98,"a-paramahaṃsānām 
BhP_05.10.001/0 śrī-śuka uvāca 
BhP_05.10.001/1 atha sindhu-sauvīra-pate rahūgaṇasya vrajata ikṣumatyā",cosmology,0.7,auto-linked from bhagavata_purana_05
chunk:bhagavata_purana_05:99,mentions,deity:brahma,bhagavata_purana_05,99,"ādhv atikramata kim iti viṣamam uhyate yānam iti 
BhP_05.10.003/1 atha ta īśvara-vacaḥ sopālambham upākarṇyopāya-turīyāc",cosmology,0.7,auto-linked from bhagavata_purana_05
chunk:bhagavata_purana_05:100,mentions,deity:brahma,bhagavata_purana_05,100,"ma-tejasaṃ jāta-vedasam iva rajasāvṛta-matir āha 
BhP_05.10.006/1 aho kaṣṭaṃ bhrātar vyaktam uru-pariśrānto dīrgham adhv",cosmology,0.7,auto-linked from bhagavata_purana_05
chunk:bhagavata_purana_05:101,mentions,deity:brahma,bhagavata_purana_05,101,"yayo brahma-bhūtas tūṣṇīṃ śibikāṃ pūrvavad uvāha 
BhP_05.10.007/1 atha punaḥ sva-śibikāyāṃ viṣama-gatāyāṃ prakupita uvāc",cosmology,0.7,auto-linked from bhagavata_purana_05
chunk:bhagavata_purana_05:103,mentions,vastu:deity_vara,bhagavata_purana_05,103,"va īḍya yatra tarhy ucyate 'sau vidhikṛtya-yogaḥ 
BhP_05.10.012/1 viśeṣa-buddher vivaraṃ manāk ca paśyāma yan na vyavahā",cosmology,0.7,auto-linked from bhagavata_purana_05
chunk:bhagavata_purana_05:105,mentions,plant:arka,bhagavata_purana_05,105,"a-rāja-vajrān na tryakṣa-śūlān na yamasya daṇḍāt 
BhP_05.10.017/2 nāgny-arka-somānila-vittapāstrāc chaṅke bhṛśaṃ brahma-",cosmology,0.7,auto-linked from bhagavata_purana_05
chunk:bhagavata_purana_05:105,mentions,deity:brahma,bhagavata_purana_05,105,"a-rāja-vajrān na tryakṣa-śūlān na yamasya daṇḍāt 
BhP_05.10.017/2 nāgny-arka-somānila-vittapāstrāc chaṅke bhṛśaṃ brahma-",cosmology,0.7,auto-linked from bhagavata_purana_05
chunk:bhagavata_purana_05:106,mentions,deity:agni,bhagavata_purana_05,106,"a-nirīkṣaṇārtham avyakta-liṅgo vicaraty api svit 
BhP_05.10.020/2 yogeśvarāṇāṃ gatim andha-buddhiḥ kathaṃ vicakṣīta gṛhā",cosmology,0.7,auto-linked from bhagavata_purana_05
chunk:bhagavata_purana_05:116,mentions,deity:brahma,bhagavata_purana_05,116,"ṃ kṣiti-śabda-vṛttam asan nidhānāt paramāṇavo ye 
BhP_05.12.009/2 avidyayā manasā kalpitās te yeṣāṃ samūhena kṛto viśeṣa",cosmology,0.7,auto-linked from bhagavata_purana_05
chunk:bhagavata_purana_05:118,mentions,guna:rajas,bhagavata_purana_05,118,"mṛga-dehe 'pi vīra kṛṣṇārcana-prabhavā no jahāti 
BhP_05.12.015/2 atho ahaṃ jana-saṅgād asaṅgo viśaṅkamāno 'vivṛtaś carā",cosmology,0.7,auto-linked from bhagavata_purana_05
chunk:bhagavata_purana_05:118,mentions,guna:sattva,bhagavata_purana_05,118,"mṛga-dehe 'pi vīra kṛṣṇārcana-prabhavā no jahāti 
BhP_05.12.015/2 atho ahaṃ jana-saṅgād asaṅgo viśaṅkamāno 'vivṛtaś carā",cosmology,0.7,auto-linked from bhagavata_purana_05
chunk:bhagavata_purana_05:119,mentions,vastu:deity_gandharva,bhagavata_purana_05,119,"deva dasyavaḥ sārthaṃ vilumpanti kunāyakaṃ balāt 
BhP_05.13.002/2 gomāyavo yatra haranti sārthikaṃ pramattam āviśya yath",cosmology,0.7,auto-linked from bhagavata_purana_05
chunk:bhagavata_purana_05:119,mentions,guna:rajas,bhagavata_purana_05,119,"deva dasyavaḥ sārthaṃ vilumpanti kunāyakaṃ balāt 
BhP_05.13.002/2 gomāyavo yatra haranti sārthikaṃ pramattam āviśya yath",cosmology,0.7,auto-linked from bhagavata_purana_05
chunk:bhagavata_purana_05:120,mentions,deity:agni,bhagavata_purana_05,120,"-svana-karṇa-śūla ulūka-vāgbhir vyathitāntarātmā 
BhP_05.13.005/2 apuṇya-vṛkṣān śrayate kṣudhārdito marīci-toyāny abhidh",cosmology,0.7,auto-linked from bhagavata_purana_05
chunk:bhagavata_purana_05:120,mentions,vastu:deity_gandharva,bhagavata_purana_05,120,"-svana-karṇa-śūla ulūka-vāgbhir vyathitāntarātmā 
BhP_05.13.005/2 apuṇya-vṛkṣān śrayate kṣudhārdito marīci-toyāny abhidh",cosmology,0.7,auto-linked from bhagavata_purana_05
chunk:bhagavata_purana_05:128,mentions,graha:guru,bhagavata_purana_05,128,"lpena nirdiśyatām iti 
BhP_05.14.001/0 sa hovāca 
BhP_05.14.001/1 sa eṣa dehātma-mānināṃ sattvādi-guṇa-viśeṣa-vikalpita-",cosmology,0.7,auto-linked from bhagavata_purana_05
chunk:bhagavata_purana_05:129,mentions,graha:guru,bhagavata_purana_05,129,"-guru-caraṇāravinda-madhukarānupadavīm avarundhe 
BhP_05.14.002/1 yasyām u ha vā ete ṣaḍ-indriya-nāmānaḥ karmaṇā dasyava",cosmology,0.7,auto-linked from bhagavata_purana_05
chunk:bhagavata_purana_05:130,mentions,vastu:deity_gandharva,bhagavata_purana_05,130,"ina uraṇakavat saṃrakṣyamāṇaṃ miṣato 'pi haranti 
BhP_05.14.004/1 yathā hy anuvatsaraṃ kṛṣyamāṇam apy adagdha-bījaṃ kṣet",cosmology,0.7,auto-linked from bhagavata_purana_05
chunk:bhagavata_purana_05:131,mentions,deity:agni,bhagavata_purana_05,131,"a-nagaram upapannam iti mithyā-dṛṣṭir anupaśyati 
BhP_05.14.006/1 tatra ca kvacid ātapodaka-nibhān viṣayān upadhāvati pā",cosmology,0.7,auto-linked from bhagavata_purana_05
chunk:bhagavata_purana_05:131,mentions,guna:rajas,bhagavata_purana_05,131,"a-nagaram upapannam iti mithyā-dṛṣṭir anupaśyati 
BhP_05.14.006/1 tatra ca kvacid ātapodaka-nibhān viṣayān upadhāvati pā",cosmology,0.7,auto-linked from bhagavata_purana_05
chunk:bhagavata_purana_05:135,mentions,plant:mahua,bhagavata_purana_05,135,"a iva śete nānyat-kiñcana veda śava ivāpaviddhaḥ 
BhP_05.14.021/1 kadācid bhagna-māna-daṃṣṭro durjana-danda-śūkair alabd",cosmology,0.7,auto-linked from bhagavata_purana_05
chunk:bhagavata_purana_05:139,mentions,deity:brahma,bhagavata_purana_05,139,"-prāyā ārya-samaya-parihṛtāḥ sāṅketyenābhidhatte 
BhP_05.14.030/1 yadā pākhaṇḍibhir ātma-vañcitais tair uru vañcito brah",cosmology,0.7,auto-linked from bhagavata_purana_05
chunk:bhagavata_purana_05:148,mentions,vastu:deity_soma,bhagavata_purana_05,148,"yāti karmabhir yajvābhimānī bahuvid dharma-goptā 
BhP_05.15.009/2 samāgata-śrīḥ sadasas-patiḥ satāṃ sat-sevako 'nyo bhag",cosmology,0.7,auto-linked from bhagavata_purana_05
chunk:bhagavata_purana_05:149,mentions,vastu:deity_soma,bhagavata_purana_05,149,"agavān adhvarātmā maghoni mādyaty uru-soma-pīthe 
BhP_05.15.012/2 śraddhā-viśuddhācala-bhakti-yoga- samarpitejyā-phalam ",cosmology,0.7,auto-linked from bhagavata_purana_05
chunk:bhagavata_purana_05:152,mentions,plant:lotus,bhagavata_purana_05,152,"am ahaṃ mānato lakṣaṇataś ca sarvaṃ vi-jijñāsāmi 
BhP_05.16.003/1 bhagavato guṇamaye sthūla-rūpa āveśitaṃ mano hy aguṇe ",cosmology,0.7,auto-linked from bhagavata_purana_05
chunk:bhagavata_purana_05:155,mentions,plant:kadamba,bhagavata_purana_05,155,"ā hari-varṣa-kimpuruṣa-bhāratānāṃ yathā-saṅkhyam 
BhP_05.16.010/1 tathaivelāvṛtam apareṇa pūrveṇa ca mālyavad-gandhamāda",cosmology,0.7,auto-linked from bhagavata_purana_05
chunk:bhagavata_purana_05:157,mentions,rasa:madhura,bhagavata_purana_05,157,"i-śikhara-sthūlāni phalāny amṛta-kalpāni patanti 
BhP_05.16.017/1 teṣāṃ viśīryamāṇānām ati-madhura-surabhi-sugandhi-bahu",cosmology,0.7,auto-linked from bhagavata_purana_05
chunk:bhagavata_purana_05:158,mentions,plant:arka,bhagavata_purana_05,158,"ntī dakṣiṇenātmānaṃ yāvad ilāvṛtam upasyandayati 
BhP_05.16.020/1 tāvad ubhayor api rodhasor yā mṛttikā tad-rasenānuvidh",cosmology,0.7,auto-linked from bhagavata_purana_05
chunk:bhagavata_purana_05:158,mentions,plant:mahua,bhagavata_purana_05,158,"ntī dakṣiṇenātmānaṃ yāvad ilāvṛtam upasyandayati 
BhP_05.16.020/1 tāvad ubhayor api rodhasor yā mṛttikā tad-rasenānuvidh",cosmology,0.7,auto-linked from bhagavata_purana_05
chunk:bhagavata_purana_05:159,mentions,plant:mahua,bhagavata_purana_05,159,"rāt patantyo 'pareṇātmānam ilāvṛtam anumodayanti 
BhP_05.16.023/1 yā hy upayuñjānānāṃ mukha-nirvāsito vāyuḥ samantāc cha",cosmology,0.7,auto-linked from bhagavata_purana_05
chunk:bhagavata_purana_05:162,mentions,element:water,bhagavata_purana_05,162,"'ṣṭāv upakḷptāḥ 
BhP_05.17.001/0 śrī-śuka uvāca 
BhP_05.17.001/1 tatra bhagavataḥ sākṣād yajña-liṅgasya viṣṇor vikramato",cosmology,0.7,auto-linked from bhagavata_purana_05
chunk:bhagavata_purana_05:164,mentions,deity:brahma,bhagavata_purana_05,164,"aka-kulako 'dhunāpi paramādareṇa śirasā bibharti 
BhP_05.17.003/1 tataḥ sapta ṛṣayas tat prabhāvābhijñā yāṃ nanu tapasa ",cosmology,0.7,auto-linked from bhagavata_purana_05
chunk:bhagavata_purana_05:165,mentions,deity:brahma,bhagavata_purana_05,165,"tim evābhiniviśati sītālakanandā cakṣur bhadreti 
BhP_05.17.006/1 sītā tu brahma-sadanāt kesarācalādi-giri-śikharebhyo '",cosmology,0.7,auto-linked from bhagavata_purana_05
chunk:bhagavata_purana_05:166,mentions,deity:brahma,bhagavata_purana_05,166,"kurūn abhita udīcyāṃ diśi jaladhim abhipraviśati 
BhP_05.17.009/1 tathaivālakanandā dakṣiṇena brahma-sadanād bahūni giri",cosmology,0.7,auto-linked from bhagavata_purana_05
chunk:bhagavata_purana_05:168,mentions,element:water,bhagavata_purana_05,168,"alatrāṇāṃ tatra tu tretā-yuga-samaḥ kālo vartate 
BhP_05.17.013/1 yatra ha deva-patayaḥ svaiḥ svair gaṇa-nāyakair vihita",cosmology,0.7,auto-linked from bhagavata_purana_05
chunk:bhagavata_purana_05:175,mentions,element:fire,bhagavata_purana_05,175,"ye 'bhiyācate tasmai namas te 'vitathehitāya iti 
BhP_05.18.007/1 hari-varṣe cāpi bhagavān nara-hari-rūpeṇāste tad-rūpa-",cosmology,0.7,auto-linked from bhagavata_purana_05
chunk:bhagavata_purana_05:176,mentions,bhava:virya,bhagavata_purana_05,176,"svāhā abhayam abhayam ātmani bhūyiṣṭhā oṃ kṣraum 
BhP_05.18.009/1 svasty astu viśvasya khalaḥ prasīdatāṃ dhyāyantu bhūtā",cosmology,0.7,auto-linked from bhagavata_purana_05
chunk:bhagavata_purana_05:183,mentions,guna:sattva,bhagavata_purana_05,183,"a ūrmi-mālini kṣoṇīm imām oṣadhi-vīrudhāṃ nidhim 
BhP_05.18.028/2 mayā sahoru kramate 'ja ojasā tasmai jagat-prāṇa-gaṇāt",cosmology,0.7,auto-linked from bhagavata_purana_05
chunk:bhagavata_purana_05:184,mentions,tattva:abhidheya,bhagavata_purana_05,184,"ja-māyayārpitam artha-svarūpaṃ bahu-rūpa-rūpitam 
BhP_05.18.031/2 saṅkhyā na yasyāsty ayathopalambhanāt tasmai namas te ",cosmology,0.7,auto-linked from bhagavata_purana_05
chunk:bhagavata_purana_05:194,mentions,parampara:krishna,bhagavata_purana_05,194,"gā marudvṛdhā vitastā asiknī viśveti mahā-nadyaḥ 
BhP_05.19.019/1 asminn eva varṣe puruṣair labdha-janmabhiḥ śukla-lohit",cosmology,0.7,auto-linked from bhagavata_purana_05
chunk:bhagavata_purana_05:200,mentions,guna:rajas,bhagavata_purana_05,200,"a ātmajebhya ākalayya svayam ātma-yogenopararāma 
BhP_05.20.003/1 śivaṃ yavasaṃ subhadraṃ śāntaṃ kṣemam amṛtam abhayam i",cosmology,0.7,auto-linked from bhagavata_purana_05
chunk:bhagavata_purana_05:203,mentions,parampara:krishna,bhagavata_purana_05,203,"atiḥ sinīvālī sarasvatī kuhū rajanī nandā rāketi 
BhP_05.20.011/1 tad-varṣa-puruṣāḥ śrutadhara-vīryadhara-vasundhareṣand",cosmology,0.7,auto-linked from bhagavata_purana_05
chunk:bhagavata_purana_05:210,mentions,guna:rajas,bhagavata_purana_05,210,"aparājitā pañcapadī sahasrasrutir nijadhṛtir iti 
BhP_05.20.027/1 tad-varṣa-puruṣā ṛtavrata-satyavrata-dānavratānuvrata-",cosmology,0.7,auto-linked from bhagavata_purana_05
chunk:bhagavata_purana_05:212,mentions,deity:brahma,bhagavata_purana_05,212,"sa svayaṃ pūrvajavad-bhagavat-karma-śīla evāste 
BhP_05.20.032/1 tad-varṣa-puruṣā bhagavantaṃ brahma-rūpiṇaṃ sakarmakeṇa",cosmology,0.7,auto-linked from bhagavata_purana_05
chunk:bhagavata_purana_05:212,mentions,guna:sattva,bhagavata_purana_05,212,"sa svayaṃ pūrvajavad-bhagavat-karma-śīla evāste 
BhP_05.20.032/1 tad-varṣa-puruṣā bhagavantaṃ brahma-rūpiṇaṃ sakarmakeṇa",cosmology,0.7,auto-linked from bhagavata_purana_05
chunk:bhagavata_purana_05:213,mentions,guna:sattva,bhagavata_purana_05,213,"pratyupalabhyate tasmāt sarva-sattva-parihṛtāsīt 
BhP_05.20.036/1 lokāloka iti samākhyā yad anenācalena lokālokasyāntarv",cosmology,0.7,auto-linked from bhagavata_purana_05
chunk:bhagavata_purana_05:227,mentions,plant:arka,bhagavata_purana_05,227,"abho-vīthyāṃ pracarati taṃ kālam ayanam ācakṣate 
BhP_05.22.007/1 atha ca yāvan nabho-maṇḍalaṃ saha dyāv-āpṛthivyor maṇḍ",cosmology,0.7,auto-linked from bhagavata_purana_05
chunk:bhagavata_purana_05:229,mentions,vastu:deity_soma,bhagavata_purana_05,229,"kālāyana īśvara-yojitāni sahābhijitāṣṭā-viṃśatiḥ 
BhP_05.22.012/1 tata upariṣṭād uśanā dvi-lakṣa-yojanata upalabhyate pu",cosmology,0.7,auto-linked from bhagavata_purana_05
chunk:bhagavata_purana_05:235,mentions,nakshatra:punarvasu,bhagavata_purana_05,235,"havanti pṛṣṭhe tv ajavīthī ākāśa-gaṅgā codarataḥ 
BhP_05.23.006/1 punarvasu-puṣyau dakṣiṇa-vāmayoḥ śroṇyor ārdrāśleṣe ca",cosmology,0.7,auto-linked from bhagavata_purana_05
chunk:bhagavata_purana_05:240,mentions,devi:nitya,bhagavata_purana_05,240,"-śyena-suparṇādayaḥ patattri-pravarā utpatantīti 
BhP_05.24.007/1 upavarṇitaṃ bhūmer yathā-sanniveśāvasthānam avaner apy",cosmology,0.7,auto-linked from bhagavata_purana_05
chunk:bhagavata_purana_05:242,mentions,element:water,bhagavata_purana_05,242,"ir vivareśvara-gṛhottamaiḥ samalaṅkṛtāś cakāsati 
BhP_05.24.010/1 udyānāni cātitarāṃ mana-indriyānandibhiḥ kusuma-phala-",cosmology,0.7,auto-linked from bhagavata_purana_05
chunk:bhagavata_purana_05:242,mentions,rasa:madhura,bhagavata_purana_05,242,"ir vivareśvara-gṛhottamaiḥ samalaṅkṛtāś cakāsati 
BhP_05.24.010/1 udyānāni cātitarāṃ mana-indriyānandibhiḥ kusuma-phala-",cosmology,0.7,auto-linked from bhagavata_purana_05
chunk:bhagavata_purana_05:250,mentions,devi:vijaya,bhagavata_purana_05,250,"vataḥ param iti bhagavatoparate khalu sva-pitari 
BhP_05.24.026/1 tasya mahānubhāvasyānupatham amṛjita-kaṣāyaḥ ko vāsmad",cosmology,0.7,auto-linked from bhagavata_purana_05
chunk:bhagavata_purana_05:251,mentions,devi:vijaya,bhagavata_purana_05,251,"śa-kandharo yojanāyutāyutaṃ dig-vijaya uccāṭitaḥ 
BhP_05.24.028/1 tato 'dhastāt talātale mayo nāma dānavendras tri-purād",cosmology,0.7,auto-linked from bhagavata_purana_05
chunk:bhagavata_purana_05:254,mentions,deity:rudra,bhagavata_purana_05,254,"ociṣā vidhamanti 
BhP_05.25.001/0 śrī-śuka uvāca 
BhP_05.25.001/1 tasya mūla-deśe triṃśad-yojana-sahasrāntara āste yā va",cosmology,0.7,auto-linked from bhagavata_purana_05
chunk:bhagavata_purana_05:255,mentions,plant:lotus,bhagavata_purana_05,255,"y-akṣas tri-śikhaṃ śūlam uttambhayann udatiṣṭhat 
BhP_05.25.004/1 yasyāṅghri-kamala-yugalāruṇa-viśada-nakha-maṇi-ṣaṇḍa-m",cosmology,0.7,auto-linked from bhagavata_purana_05
chunk:bhagavata_purana_05:257,mentions,vastu:deity_gandharva,bhagavata_purana_05,257,"upasaṃhṛtāmarṣa-roṣa-vego lokānāṃ svastaya āste 
BhP_05.25.007/1 dhyāyamānaḥ surāsuroraga-siddha-gandharva-vidyādhara-mu",cosmology,0.7,auto-linked from bhagavata_purana_05
chunk:bhagavata_purana_05:257,mentions,rasa:madhura,bhagavata_purana_05,257,"upasaṃhṛtāmarṣa-roṣa-vego lokānāṃ svastaya āste 
BhP_05.25.007/1 dhyāyamānaḥ surāsuroraga-siddha-gandharva-vidyādhara-mu",cosmology,0.7,auto-linked from bhagavata_purana_05
chunk:bhagavata_purana_05:258,mentions,guna:sattva,bhagavata_purana_05,258,"raṇendra iva kāñcanīṃ kakṣām udāra-līlo bibharti 
BhP_05.25.008/1 ya eṣa evam anuśruto dhyāyamāno mumukṣūṇām anādi-kāla-",cosmology,0.7,auto-linked from bhagavata_purana_05
chunk:bhagavata_purana_05:258,mentions,guna:rajas,bhagavata_purana_05,258,"raṇendra iva kāñcanīṃ kakṣām udāra-līlo bibharti 
BhP_05.25.008/1 ya eṣa evam anuśruto dhyāyamāno mumukṣūṇām anādi-kāla-",cosmology,0.7,auto-linked from bhagavata_purana_05
chunk:bhagavata_purana_05:265,mentions,vastu:deity_yama,bhagavata_purana_05,265,"ity aṣṭā-viṃśatir narakā vividha-yātanā-bhūmayaḥ 
BhP_05.26.007/1 tatra yas tu para-vittāpatya-kalatrāṇy apaharati sa hi",cosmology,0.7,auto-linked from bhagavata_purana_05
chunk:bhagavata_purana_05:266,mentions,vastu:deity_yama,bhagavata_purana_05,266,"yamāna-mūlas tasmād andhatāmisraṃ tam upadiśanti 
BhP_05.26.009/1 yas tv iha vā etad aham iti mamedam iti bhūta-droheṇa ",cosmology,0.7,auto-linked from bhagavata_purana_05
chunk:bhagavata_purana_05:267,mentions,deity:brahma,bhagavata_purana_05,267,"taṃ kravyeṇa ghātayanti yaḥ kevalaṃ dehambharaḥ 
BhP_05.26.012/1 yas tv iha vā ugraḥ paśūn pakṣiṇo vā prāṇata uparandhay",cosmology,0.7,auto-linked from bhagavata_purana_05
chunk:bhagavata_purana_05:271,mentions,vastu:deity_yama,bhagavata_purana_05,271,"labdhāvasthānaḥ parikrāmati yathā kuśarīre jīvaḥ 
BhP_05.26.017/1 yas tv iha vā asaṃvibhajyāśnāti yat kiñcanopanatam ani",cosmology,0.7,auto-linked from bhagavata_purana_05
chunk:bhagavata_purana_05:271,mentions,deity:agni,bhagavata_purana_05,271,"labdhāvasthānaḥ parikrāmati yathā kuśarīre jīvaḥ 
BhP_05.26.017/1 yas tv iha vā asaṃvibhajyāśnāti yat kiñcanopanatam ani",cosmology,0.7,auto-linked from bhagavata_purana_05
chunk:bhagavata_purana_05:272,mentions,deity:agni,bhagavata_purana_05,272,"smayair agni-piṇḍaiḥ sandaṃśais tvaci niṣkuṣanti 
BhP_05.26.019/1 yas tv iha vā agamyāṃ striyam agamyaṃ vā puruṣaṃ yoṣid",cosmology,0.7,auto-linked from bhagavata_purana_05
chunk:bhagavata_purana_05:274,mentions,vastu:deity_yama,bhagavata_purana_05,274,"a-nakhāsthi-medo-māṃsa-vasā-vāhinyām upatapyante 
BhP_05.26.022/1 ye tv iha vai vṛṣalī-patayo naṣṭa-śaucācāra-niyamās ty",cosmology,0.7,auto-linked from bhagavata_purana_05
chunk:bhagavata_purana_05:276,mentions,vastu:deity_soma,bhagavata_purana_05,276,"naḥ sapta-śatāni viṃśatiś ca sarabhasaṃ khādanti 
BhP_05.26.027/1 yas tv iha vā anṛtaṃ vadati sākṣye dravya-vinimaye dān",cosmology,0.7,auto-linked from bhagavata_purana_05
chunk:bhagavata_purana_05:277,mentions,vastu:deity_yama,bhagavata_purana_05,277,"myāsye vahninā dravamāṇaṃ kārṣṇāyasaṃ niṣiñcanti 
BhP_05.26.029/1 atha ca yas tv iha vā ātma-sambhāvanena svayam adhamo ",cosmology,0.7,auto-linked from bhagavata_purana_05
chunk:bhagavata_purana_05:278,mentions,vastu:deity_yama,bhagavata_purana_05,278,"tyanti ca gāyanti ca hṛṣyamāṇā yatheha puruṣādāḥ 
BhP_05.26.031/1 ye tv iha vā anāgaso 'raṇye grāme vā vaiśrambhakair up",cosmology,0.7,auto-linked from bhagavata_purana_05
chunk:bhagavata_purana_05:280,mentions,vastu:deity_vyaya,bhagavata_purana_05,280,"aṅka-kāka-vaṭādayaḥ prasahyoru-balād utpāṭayanti 
BhP_05.26.035/1 yas tv iha vā āḍhyābhimatir ahaṅkṛtis tiryak-prekṣaṇaḥ",cosmology,0.7,auto-linked from bhagavata_purana_05
chunk:bhagavata_purana_10:2,mentions,vastu:deity_soma,bhagavata_purana_10,2,"etil.sub.uni-goettingen.de/gretil/gretdias.pdf 
 
For further information see: 
http://gretil.sub.uni-goettingen.de/gret",cosmology,0.7,auto-linked from bhagavata_purana_10
chunk:bhagavata_purana_10:5,mentions,parampara:krishna,bhagavata_purana_10,5,"bhrātaraṃ cāvadhīt kaṃsaṃ mātur addhātad-arhaṇam 
BhP_10.01.011/1 dehaṃ mānuṣam āśritya kati varṣāṇi vṛṣṇibhiḥ 
BhP_10.0",cosmology,0.7,auto-linked from bhagavata_purana_10
chunk:bhagavata_purana_10:6,mentions,parampara:krishna,bhagavata_purana_10,6,"01.014/2 vaiyāsakiḥ sa bhagavān atha viṣṇu-rātam 
BhP_10.01.014/3 pratyarcya kṛṣṇa-caritaṃ kali-kalmaṣa-ghnaṃ 
BhP_10.01",cosmology,0.7,auto-linked from bhagavata_purana_10
chunk:bhagavata_purana_10:6,mentions,deity:kali,bhagavata_purana_10,6,"01.014/2 vaiyāsakiḥ sa bhagavān atha viṣṇu-rātam 
BhP_10.01.014/3 pratyarcya kṛṣṇa-caritaṃ kali-kalmaṣa-ghnaṃ 
BhP_10.01",cosmology,0.7,auto-linked from bhagavata_purana_10
chunk:bhagavata_purana_10:7,mentions,parampara:brahma,bhagavata_purana_10,7,"/3 ākrāntā bhūri-bhāreṇa brahmāṇaṃ śaraṇaṃ yayau 
BhP_10.01.018/1 gaur bhūtvāśru-mukhī khinnā krandantī karuṇaṃ vibhoḥ 
",cosmology,0.7,auto-linked from bhagavata_purana_10
chunk:bhagavata_purana_10:10,mentions,vastu:deity_vara,bhagavata_purana_10,10,"/3 devakyā sūryayā sārdhaṃ prayāṇe ratham āruhat 
BhP_10.01.030/1 ugrasena-sutaḥ kaṃsaḥ svasuḥ priya-cikīrṣayā 
BhP_10.0",cosmology,0.7,auto-linked from bhagavata_purana_10
chunk:bhagavata_purana_10:11,mentions,vastu:deity_vara,bhagavata_purana_10,11,"/3 prayāṇa-prakrame tāta vara-vadhvoḥ sumaṅgalam 
BhP_10.01.034/1 pathi pragrahiṇaṃ kaṃsam ābhāṣyāhāśarīra-vāk 
BhP_10.0",cosmology,0.7,auto-linked from bhagavata_purana_10
chunk:bhagavata_purana_10:11,mentions,graha:budha,bhagavata_purana_10,11,"/3 prayāṇa-prakrame tāta vara-vadhvoḥ sumaṅgalam 
BhP_10.01.034/1 pathi pragrahiṇaṃ kaṃsam ābhāṣyāhāśarīra-vāk 
BhP_10.0",cosmology,0.7,auto-linked from bhagavata_purana_10
chunk:bhagavata_purana_10:21,mentions,bija:bija_master_2,bhagavata_purana_10,21,"/3 śālvān vidarbhān niṣadhān videhān kośalān api 
BhP_10.02.004/1 eke tam anurundhānā jñātayaḥ paryupāsate 
BhP_10.02.00",cosmology,0.7,auto-linked from bhagavata_purana_10
chunk:bhagavata_purana_10:22,mentions,vastu:deity_vara,bhagavata_purana_10,22,"07/5 anyāś ca kaṃsa-saṃvignā vivareṣu vasanti hi 
BhP_10.02.008/1 devakyā jaṭhare garbhaṃ śeṣākhyaṃ dhāma māmakam 
BhP_1",cosmology,0.7,auto-linked from bhagavata_purana_10
chunk:bhagavata_purana_10:26,mentions,parampara:brahma,bhagavata_purana_10,26,"n khalu sampareto varteta yo 'tyanta-nṛśaṃsitena 
BhP_10.02.022/3 dehe mṛte taṃ manujāḥ śapanti gantā tamo 'ndhaṃ tanu-m",cosmology,0.7,auto-linked from bhagavata_purana_10
chunk:bhagavata_purana_10:26,mentions,vastu:deity_satya,bhagavata_purana_10,26,"n khalu sampareto varteta yo 'tyanta-nṛśaṃsitena 
BhP_10.02.022/3 dehe mṛte taṃ manujāḥ śapanti gantā tamo 'ndhaṃ tanu-m",cosmology,0.7,auto-linked from bhagavata_purana_10
chunk:bhagavata_purana_10:27,mentions,vastu:deity_satya,bhagavata_purana_10,27,"_10.02.026/1 satya-vrataṃ satya-paraṃ tri-satyaṃ 
BhP_10.02.026/2 satyasya yoniṃ nihitaṃ ca satye 
BhP_10.02.026/3 satya",cosmology,0.7,auto-linked from bhagavata_purana_10
chunk:bhagavata_purana_10:28,mentions,guna:sattva,bhagavata_purana_10,28,"ṃvṛta-cetasas tvāṃ paśyanti nānā na vipaścito ye 
BhP_10.02.029/1 bibharṣi rūpāṇy avabodha ātmā kṣemāya lokasya carācara",cosmology,0.7,auto-linked from bhagavata_purana_10
chunk:bhagavata_purana_10:34,mentions,vastu:deity_asura,bhagavata_purana_10,34,"/3 agnayaś ca dvijātīnāṃ śāntās tatra samindhata 
BhP_10.03.005/1 manāṃsy āsan prasannāni sādhūnām asura-druhām 
BhP_10.",cosmology,0.7,auto-linked from bhagavata_purana_10
chunk:bhagavata_purana_10:40,mentions,deity:brahma,bhagavata_purana_10,40,"3/1 athainam ātmajaṃ vīkṣya mahā-puruṣa-lakṣaṇam 
BhP_10.03.023/3 devakī tam upādhāvat kaṃsād bhītā suvismitā 
BhP_10.03",cosmology,0.7,auto-linked from bhagavata_purana_10
chunk:bhagavata_purana_10:44,mentions,vastu:deity_vara,bhagavata_purana_10,44,"1 evaṃ vāṃ tapyatos tīvraṃ tapaḥ parama-duṣkaram 
BhP_10.03.036/3 divya-varṣa-sahasrāṇi dvādaśeyur mad-ātmanoḥ 
BhP_10.0",cosmology,0.7,auto-linked from bhagavata_purana_10
chunk:bhagavata_purana_10:46,mentions,deity:brahma,bhagavata_purana_10,46,"etad vāṃ darśitaṃ rūpaṃ prāg-janma-smaraṇāya me 
BhP_10.03.044/3 nānyathā mad-bhavaṃ jñānaṃ martya-liṅgena jāyate 
BhP_1",cosmology,0.7,auto-linked from bhagavata_purana_10
chunk:bhagavata_purana_10:47,mentions,parampara:krishna,bhagavata_purana_10,47,"hP_10.03.047/3 yadā bahir gantum iyeṣa tarhy ajā 
BhP_10.03.047/4 yā yogamāyājani nanda-jāyayā 
BhP_10.03.048/1 tayā hṛt",cosmology,0.7,auto-linked from bhagavata_purana_10
chunk:bhagavata_purana_10:47,mentions,vastu:deity_parjanya,bhagavata_purana_10,47,"hP_10.03.047/3 yadā bahir gantum iyeṣa tarhy ajā 
BhP_10.03.047/4 yā yogamāyājani nanda-jāyayā 
BhP_10.03.048/1 tayā hṛt",cosmology,0.7,auto-linked from bhagavata_purana_10
chunk:bhagavata_purana_10:52,mentions,deity:brahma,bhagavata_purana_10,52,"atra kva vā pūrva-śatrur mā hiṃsīḥ kṛpaṇān vṛthā 
BhP_10.04.013/1 iti prabhāṣya taṃ devī māyā bhagavatī bhuvi 
BhP_10.04",cosmology,0.7,auto-linked from bhagavata_purana_10
chunk:bhagavata_purana_10:53,mentions,deity:brahma,bhagavata_purana_10,53,"kān lokān vai gamiṣyāmi brahma-heva mṛtaḥ śvasan 
BhP_10.04.017/1 daivam apy anṛtaṃ vakti na martyā eva kevalam 
BhP_10.",cosmology,0.7,auto-linked from bhagavata_purana_10
chunk:bhagavata_purana_10:58,mentions,deity:brahma,bhagavata_purana_10,58,"036/3 raho-juṣā kiṃ hariṇā śambhunā vā vanaukasā 
BhP_10.04.036/5 kim indreṇālpa-vīryeṇa brahmaṇā vā tapasyatā 
BhP_10.0",cosmology,0.7,auto-linked from bhagavata_purana_10
chunk:bhagavata_purana_10:59,mentions,deity:brahma,bhagavata_purana_10,59,"asya ca brahma-go-viprās tapo yajñāḥ sa-dakṣiṇāḥ 
BhP_10.04.040/1 tasmāt sarvātmanā rājan brāhmaṇān brahma-vādinaḥ 
BhP_",cosmology,0.7,auto-linked from bhagavata_purana_10
chunk:bhagavata_purana_10:59,mentions,vastu:deity_asura,bhagavata_purana_10,59,"asya ca brahma-go-viprās tapo yajñāḥ sa-dakṣiṇāḥ 
BhP_10.04.040/1 tasmāt sarvātmanā rājan brāhmaṇān brahma-vādinaḥ 
BhP_",cosmology,0.7,auto-linked from bhagavata_purana_10
chunk:bhagavata_purana_10:60,mentions,deity:brahma,bhagavata_purana_10,60,"ṣīṇāṃ vihiṃsanam 
BhP_10.04.043/0 śrī-śuka uvāca 
BhP_10.04.043/1 evaṃ durmantribhiḥ kaṃsaḥ saha sammantrya durmatiḥ 
Bh",cosmology,0.7,auto-linked from bhagavata_purana_10
chunk:bhagavata_purana_10:62,mentions,nakshatra:chitra,bhagavata_purana_10,62,"hyanti dānaiḥ santuṣṭyā dravyāṇy ātmātma-vidyayā 
BhP_10.05.005/1 saumaṅgalya-giro viprāḥ sūta-māgadha-vandinaḥ 
BhP_10.",cosmology,0.7,auto-linked from bhagavata_purana_10
chunk:bhagavata_purana_10:67,mentions,nakshatra:chitra,bhagavata_purana_10,67,"ṣṭyā saṃsāra-cakre 'smin vartamānaḥ punar-bhavaḥ 
BhP_10.05.024/3 upalabdho bhavān adya durlabhaṃ priya-darśanam 
BhP_10",cosmology,0.7,auto-linked from bhagavata_purana_10
chunk:bhagavata_purana_10:71,mentions,vastu:deity_vara,bhagavata_purana_10,71,"10.06.006/4 gopyaḥ śriyaṃ draṣṭum ivāgatāṃ patim 
BhP_10.06.007/1 bāla-grahas tatra vicinvatī śiśūn yadṛcchayā nanda-gṛh",cosmology,0.7,auto-linked from bhagavata_purana_10
chunk:bhagavata_purana_10:75,mentions,plant:mahua,bhagavata_purana_10,75,"0/1 go-mūtreṇa snāpayitvā punar go-rajasārbhakam 
BhP_10.06.020/3 rakṣāṃ cakruś ca śakṛtā dvādaśāṅgeṣu nāmabhiḥ 
BhP_10.",cosmology,0.7,auto-linked from bhagavata_purana_10
chunk:bhagavata_purana_10:76,mentions,plant:mahua,bhagavata_purana_10,76,"023/2 tvat-pārśvayor dhanur-asī madhu-hājanaś ca 
BhP_10.06.023/3 koṇeṣu śaṅkha urugāya upary upendras 
BhP_10.06.023/4 ",cosmology,0.7,auto-linked from bhagavata_purana_10
chunk:bhagavata_purana_10:78,mentions,parampara:krishna,bhagavata_purana_10,78,"30/3 pāyayitvā stanaṃ mātā sannyaveśayad ātmajam 
BhP_10.06.031/1 tāvan nandādayo gopā mathurāyā vrajaṃ gatāḥ 
BhP_10.06",cosmology,0.7,auto-linked from bhagavata_purana_10
chunk:bhagavata_purana_10:79,mentions,parampara:krishna,bhagavata_purana_10,79,"utthitaḥ kṛṣṇa-nirbhukta- sapady āhata-pāpmanaḥ 
BhP_10.06.035/1 pūtanā loka-bāla-ghnī rākṣasī rudhirāśanā 
BhP_10.06.03",cosmology,0.7,auto-linked from bhagavata_purana_10
chunk:bhagavata_purana_10:80,mentions,parampara:krishna,bhagavata_purana_10,80,"kṛṣṇa-bhukta-stana-kṣīrāḥ kim u gāvo 'numātaraḥ 
BhP_10.06.039/1 payāṃsi yāsām apibat putra-sneha-snutāny alam 
BhP_10.0",cosmology,0.7,auto-linked from bhagavata_purana_10
chunk:bhagavata_purana_10:85,mentions,vastu:deity_satya,bhagavata_purana_10,85,"ūrvavat sthāpitaṃ gopair balibhiḥ sa-paricchadam 
BhP_10.07.012/3 viprā hutvārcayāṃ cakrur dadhy-akṣata-kuśāmbubhiḥ 
BhP",cosmology,0.7,auto-linked from bhagavata_purana_10
chunk:bhagavata_purana_10:88,mentions,bhava:santa,bhagavata_purana_10,88,"akra-pāṃśu-varṣe suta-padavīm abalāvilakṣya mātā 
BhP_10.07.024/3 atikaruṇam anusmaranty aśocad bhuvi patitā mṛta-vatsak",cosmology,0.7,auto-linked from bhagavata_purana_10
chunk:bhagavata_purana_10:88,mentions,graha:guru,bhagavata_purana_10,88,"akra-pāṃśu-varṣe suta-padavīm abalāvilakṣya mātā 
BhP_10.07.024/3 atikaruṇam anusmaranty aśocad bhuvi patitā mṛta-vatsak",cosmology,0.7,auto-linked from bhagavata_purana_10
chunk:bhagavata_purana_10:89,mentions,deity:rudra,bhagavata_purana_10,89,"/3 gale gṛhīta utsraṣṭuṃ nāśaknod adbhutārbhakam 
BhP_10.07.028/1 gala-grahaṇa-niśceṣṭo daityo nirgata-locanaḥ 
BhP_10.0",cosmology,0.7,auto-linked from bhagavata_purana_10
chunk:bhagavata_purana_10:93,mentions,deity:brahma,bhagavata_purana_10,93,"/3 niḥśreyasāya bhagavan kalpate nānyathā kvacit 
BhP_10.08.005/1 jyotiṣām ayanaṃ sākṣād yat taj jñānam atīndriyam 
BhP_",cosmology,0.7,auto-linked from bhagavata_purana_10
chunk:bhagavata_purana_10:98,mentions,deity:agni,bhagavata_purana_10,98,".023/1 tan-mātarau nija-sutau ghṛṇayā snuvantyau 
BhP_10.08.023/2 paṅkāṅga-rāga-rucirāv upagṛhya dorbhyām 
BhP_10.08.023",cosmology,0.7,auto-linked from bhagavata_purana_10
chunk:bhagavata_purana_10:98,mentions,element:water,bhagavata_purana_10,98,".023/1 tan-mātarau nija-sutau ghṛṇayā snuvantyau 
BhP_10.08.023/2 paṅkāṅga-rāga-rucirāv upagṛhya dorbhyām 
BhP_10.08.023",cosmology,0.7,auto-linked from bhagavata_purana_10
chunk:bhagavata_purana_10:102,mentions,vastu:deity_satya,bhagavata_purana_10,102,"3 yaśodā bhaya-sambhrānta- prekṣaṇākṣam abhāṣata 
BhP_10.08.034/1 kasmān mṛdam adāntātman bhavān bhakṣitavān rahaḥ 
BhP_",cosmology,0.7,auto-linked from bhagavata_purana_10
chunk:bhagavata_purana_10:110,mentions,bhava:virya,bhagavata_purana_10,110,"P_10.09.009/3 gopy anvadhāvan na yam āpa yogināṃ 
BhP_10.09.009/4 kṣamaṃ praveṣṭuṃ tapaseritaṃ manaḥ 
BhP_10.09.010/1 an",cosmology,0.7,auto-linked from bhagavata_purana_10
chunk:bhagavata_purana_10:111,mentions,bhava:virya,bhagavata_purana_10,111,"2/3 iyeṣa kila taṃ baddhuṃ dāmnātad-vīrya-kovidā 
BhP_10.09.013/1 na cāntar na bahir yasya na pūrvaṃ nāpi cāparam 
BhP_1",cosmology,0.7,auto-linked from bhagavata_purana_10
chunk:bhagavata_purana_10:113,mentions,parampara:narada,bhagavata_purana_10,113,"3 prasādaṃ lebhire gopī yat tat prāpa vimuktidāt 
BhP_10.09.021/1 nāyaṃ sukhāpo bhagavān dehināṃ gopikā-sutaḥ 
BhP_10.09",cosmology,0.7,auto-linked from bhagavata_purana_10
chunk:bhagavata_purana_10:115,mentions,parampara:narada,bhagavata_purana_10,115,"005/3 apaśyan nārado devau kṣībāṇau samabudhyata 
BhP_10.10.006/1 taṃ dṛṣṭvā vrīḍitā devyo vivastrāḥ śāpa-śaṅkitāḥ 
BhP_",cosmology,0.7,auto-linked from bhagavata_purana_10
chunk:bhagavata_purana_10:121,mentions,parampara:krishna,bhagavata_purana_10,121,"0.10.028/2 siddhāv upetya kujayor iva jāta-vedāḥ 
BhP_10.10.028/3 kṛṣṇaṃ praṇamya śirasākhila-loka-nāthaṃ 
BhP_10.10.028",cosmology,0.7,auto-linked from bhagavata_purana_10
chunk:bhagavata_purana_10:121,mentions,guna:sattva,bhagavata_purana_10,121,"0.10.028/2 siddhāv upetya kujayor iva jāta-vedāḥ 
BhP_10.10.028/3 kṛṣṇaṃ praṇamya śirasākhila-loka-nāthaṃ 
BhP_10.10.028",cosmology,0.7,auto-linked from bhagavata_purana_10
chunk:bhagavata_purana_10:129,mentions,parampara:krishna,bhagavata_purana_10,129,"4/3 yaśodājohavīt kṛṣṇaṃ putra-sneha-snuta-stanī 
BhP_10.11.015/1 kṛṣṇa kṛṣṇāravindākṣa tāta ehi stanaṃ piba 
BhP_10.11.",cosmology,0.7,auto-linked from bhagavata_purana_10
chunk:bhagavata_purana_10:133,mentions,parampara:krishna,bhagavata_purana_10,133,"c chrutvaika-dhiyo gopāḥ sādhu sādhv iti vādinaḥ 
BhP_10.11.030/3 vrajān svān svān samāyujya yayū rūḍha-paricchadāḥ 
BhP",cosmology,0.7,auto-linked from bhagavata_purana_10
chunk:bhagavata_purana_10:134,mentions,parampara:krishna,bhagavata_purana_10,134,"034/1 tathā yaśodā-rohiṇyāv ekaṃ śakaṭam āsthite 
BhP_10.11.034/3 rejatuḥ kṛṣṇa-rāmābhyāṃ tat-kathā-śravaṇotsuke 
BhP_10",cosmology,0.7,auto-linked from bhagavata_purana_10
chunk:bhagavata_purana_10:135,mentions,parampara:krishna,bhagavata_purana_10,135,".038/1 avidūre vraja-bhuvaḥ saha gopāla-dārakaiḥ 
BhP_10.11.038/3 cārayām āsatur vatsān nānā-krīḍā-paricchadau 
BhP_10.1",cosmology,0.7,auto-linked from bhagavata_purana_10
chunk:bhagavata_purana_10:140,mentions,deity:brahma,bhagavata_purana_10,140,"athāpy abhibhavanty enaṃ naiva te ghora-darśanāḥ 
BhP_10.11.056/3 jighāṃsayainam āsādya naśyanty agnau pataṅgavat 
BhP_1",cosmology,0.7,auto-linked from bhagavata_purana_10
chunk:bhagavata_purana_10:140,mentions,parampara:krishna,bhagavata_purana_10,140,"athāpy abhibhavanty enaṃ naiva te ghora-darśanāḥ 
BhP_10.11.056/3 jighāṃsayainam āsādya naśyanty agnau pataṅgavat 
BhP_1",cosmology,0.7,auto-linked from bhagavata_purana_10
chunk:bhagavata_purana_10:141,mentions,parampara:krishna,bhagavata_purana_10,141,"ṭotplavanādibhiḥ 
BhP_10.12.001/0 śrī-śuka uvāca 
BhP_10.12.001/1 kvacid vanāśāya mano dadhad vrajāt prātaḥ samutthāya v",cosmology,0.7,auto-linked from bhagavata_purana_10
chunk:bhagavata_purana_10:143,mentions,deity:brahma,bhagavata_purana_10,143,"chāyābhiḥ pradhāvanto gacchantaḥ sādhu-haṃsakaiḥ 
BhP_10.12.008/3 bakair upaviśantaś ca nṛtyantaś ca kalāpibhiḥ 
BhP_10.",cosmology,0.7,auto-linked from bhagavata_purana_10
chunk:bhagavata_purana_10:144,mentions,parampara:krishna,bhagavata_purana_10,144,"10.12.012/1 yat-pāda-pāṃsur bahu-janma-kṛcchrato 
BhP_10.12.012/2 dhṛtātmabhir yogibhir apy alabhyaḥ 
BhP_10.12.012/3 sa",cosmology,0.7,auto-linked from bhagavata_purana_10
chunk:bhagavata_purana_10:146,mentions,guna:sattva,bhagavata_purana_10,146,"vitatādhva-jihvaḥ paruṣānila-śvāsa-davekṣaṇoṣṇaḥ 
BhP_10.12.018/1 dṛṣṭvā taṃ tādṛśaṃ sarve matvā vṛndāvana-śriyam 
BhP_1",cosmology,0.7,auto-linked from bhagavata_purana_10
chunk:bhagavata_purana_10:146,mentions,plant:arka,bhagavata_purana_10,146,"vitatādhva-jihvaḥ paruṣānila-śvāsa-davekṣaṇoṣṇaḥ 
BhP_10.12.018/1 dṛṣṭvā taṃ tādṛśaṃ sarve matvā vṛndāvana-śriyam 
BhP_1",cosmology,0.7,auto-linked from bhagavata_purana_10
chunk:bhagavata_purana_10:147,mentions,guna:sattva,bhagavata_purana_10,147,"ga-śṛṅgālayo 'py etās tad-daṃṣṭrābhiś ca paśyata 
BhP_10.12.022/1 āstṛtāyāma-mārgo 'yaṃ rasanāṃ pratigarjati 
BhP_10.12.",cosmology,0.7,auto-linked from bhagavata_purana_10
chunk:bhagavata_purana_10:151,mentions,bhava:adbhuta,bhagavata_purana_10,151,"_10.12.034/2 puṣpaiḥ sugā apsarasaś ca nartanaiḥ 
BhP_10.12.034/3 gītaiḥ surā vādya-dharāś ca vādyakaiḥ 
BhP_10.12.034/4",cosmology,0.7,auto-linked from bhagavata_purana_10
chunk:bhagavata_purana_10:153,mentions,parampara:krishna,bhagavata_purana_10,153,"'pi tad eva puṇyaṃ vaiyāsakiṃ yan nigṛhīta-cetāḥ 
BhP_10.12.041/0 śrī-rājovāca 
BhP_10.12.041/1 brahman kālāntara-kṛtaṃ ",cosmology,0.7,auto-linked from bhagavata_purana_10
chunk:bhagavata_purana_10:160,mentions,deity:brahma,bhagavata_purana_10,160,"āvac chīla-guṇābhidhākṛti-vayo yāvad vihārādikaṃ 
BhP_10.13.019/4 sarvaṃ viṣṇumayaṃ giro 'ṅga-vad ajaḥ sarva-svarūpo bab",cosmology,0.7,auto-linked from bhagavata_purana_10
chunk:bhagavata_purana_10:161,mentions,deity:brahma,bhagavata_purana_10,161,"yaḥ-sudhāsavaṃ matvā paraṃ brahma sutān apāyayan 
BhP_10.13.023/1 tato nṛponmardana-majja-lepanā- laṅkāra-rakṣā-tilakāśa",cosmology,0.7,auto-linked from bhagavata_purana_10
chunk:bhagavata_purana_10:162,mentions,deity:durga,bhagavata_purana_10,162,"vrajaukasāṃ sva-tokeṣu sneha-vally ābdam anvaham 
BhP_10.13.026/3 śanair niḥsīma vavṛdhe yathā kṛṣṇe tv apūrvavat 
BhP_1",cosmology,0.7,auto-linked from bhagavata_purana_10
chunk:bhagavata_purana_10:163,mentions,deity:durga,bhagavata_purana_10,163,"aśo 'smṛtātmā sa go-vrajo 'tyātmapa-durga-mārgaḥ 
BhP_10.13.030/3 dvi-pāt kakud-grīva udāsya-puccho 'gād dhuṅkṛtair āsru",cosmology,0.7,auto-linked from bhagavata_purana_10
chunk:bhagavata_purana_10:169,mentions,vastu:deity_satya,bhagavata_purana_10,169,"sva-mahi-dhvasta-mahibhir mūrtimadbhir upāsitāḥ 
BhP_10.13.054/1 satya-jñānānantānanda- mātraika-rasa-mūrtayaḥ 
BhP_10.1",cosmology,0.7,auto-linked from bhagavata_purana_10
chunk:bhagavata_purana_10:177,mentions,element:water,bhagavata_purana_10,177,"padeśa-bhūṣitaṃ tavāsti kukṣeḥ kiyad apy anantaḥ 
BhP_10.14.013/1 jagat-trayāntodadhi-samplavode nārāyaṇasyodara-nābhi-n",cosmology,0.7,auto-linked from bhagavata_purana_10
chunk:bhagavata_purana_10:180,mentions,devi:nitya,bhagavata_purana_10,180,"agavan parātman yogeśvarotīr bhavatas tri-lokyām 
BhP_10.14.021/3 kva vā kathaṃ vā kati vā kadeti vistārayan krīḍasi yog",cosmology,0.7,auto-linked from bhagavata_purana_10
chunk:bhagavata_purana_10:181,mentions,plant:arka,bhagavata_purana_10,181,"ukho nirañjanaḥ pūrṇādvayo mukta upādhito 'mṛtaḥ 
BhP_10.14.024/1 evaṃ-vidhaṃ tvāṃ sakalātmanām api svātmānam ātmātmatay",cosmology,0.7,auto-linked from bhagavata_purana_10
chunk:bhagavata_purana_10:183,mentions,deity:brahma,bhagavata_purana_10,183,"a bhūri-bhāgo bhave 'tra vānyatra tu vā tiraścām 
BhP_10.14.030/3 yenāham eko 'pi bhavaj-janānāṃ bhūtvā niṣeve tava pāda",cosmology,0.7,auto-linked from bhagavata_purana_10
chunk:bhagavata_purana_10:185,mentions,parampara:krishna,bhagavata_purana_10,185,"sad-veṣād iva pūtanāpi sa-kulā tvām eva devāpitā 
BhP_10.14.035/4 yad-dhāmārtha-suhṛt-priyātma-tanaya-prāṇāśayās tvat-kṛ",cosmology,0.7,auto-linked from bhagavata_purana_10
chunk:bhagavata_purana_10:186,mentions,parampara:krishna,bhagavata_purana_10,186,"anujānīhi māṃ kṛṣṇa sarvaṃ tvaṃ vetsi sarva-dṛk 
BhP_10.14.039/3 tvam eva jagatāṃ nātho jagad etat tavārpitam 
BhP_10.14",cosmology,0.7,auto-linked from bhagavata_purana_10
chunk:bhagavata_purana_10:187,mentions,parampara:krishna,bhagavata_purana_10,187,"to 'nujñāpya bhagavān sva-bhuvaṃ prāg avasthitān 
BhP_10.14.042/3 vatsān pulinam āninye yathā-pūrva-sakhaṃ svakam 
BhP_1",cosmology,0.7,auto-linked from bhagavata_purana_10
chunk:bhagavata_purana_10:198,mentions,parampara:krishna,bhagavata_purana_10,198,"15.018/1 anye tad-anurūpāṇi manojñāni mahātmanaḥ 
BhP_10.15.018/3 gāyanti sma mahā-rāja sneha-klinna-dhiyaḥ śanaiḥ 
BhP_",cosmology,0.7,auto-linked from bhagavata_purana_10
chunk:bhagavata_purana_10:199,mentions,parampara:krishna,bhagavata_purana_10,199,".022/1 phalāni tatra bhūrīṇi patanti patitāni ca 
BhP_10.15.022/3 santi kintv avaruddhāni dhenukena durātmanā 
BhP_10.15",cosmology,0.7,auto-linked from bhagavata_purana_10
chunk:bhagavata_purana_10:200,mentions,parampara:krishna,bhagavata_purana_10,200,"prayaccha tāni naḥ kṛṣṇa gandha-lobhita-cetasām 
BhP_10.15.026/3 vāñchāsti mahatī rāma gamyatāṃ yadi rocate 
BhP_10.15.0",cosmology,0.7,auto-linked from bhagavata_purana_10
chunk:bhagavata_purana_10:203,mentions,plant:lotus,bhagavata_purana_10,203,"phala-prakara-saṅkīrṇaṃ daitya-dehair gatāsubhiḥ 
BhP_10.15.038/3 rarāja bhūḥ sa-tālāgrair ghanair iva nabhas-talam 
BhP",cosmology,0.7,auto-linked from bhagavata_purana_10
chunk:bhagavata_purana_10:205,mentions,vastu:deity_vara,bhagavata_purana_10,205,"3 yathā-kāmaṃ yathā-kālaṃ vyadhattāṃ paramāśiṣaḥ 
BhP_10.15.045/1 gatādhvāna-śramau tatra majjanonmardanādibhiḥ 
BhP_10.",cosmology,0.7,auto-linked from bhagavata_purana_10
chunk:bhagavata_purana_10:209,mentions,vastu:deity_vara,bhagavata_purana_10,209,".16.007/2 saṅkṣobhitoraga-viṣocchvasitāmbu-rāśiḥ 
BhP_10.16.007/3 paryak pluto viṣa-kaṣāya-bibhīṣaṇormir 
BhP_10.16.007/",cosmology,0.7,auto-linked from bhagavata_purana_10
chunk:bhagavata_purana_10:211,mentions,parampara:krishna,bhagavata_purana_10,211,"utpetur bhuvi divy ātmany āsanna-bhaya-śaṃsinaḥ 
BhP_10.16.013/1 tān ālakṣya bhayodvignā gopā nanda-purogamāḥ 
BhP_10.16",cosmology,0.7,auto-linked from bhagavata_purana_10
chunk:bhagavata_purana_10:212,mentions,vastu:deity_bhujaga,bhagavata_purana_10,212,"prahasya kiñcin novāca prabhāva-jño 'nujasya saḥ 
BhP_10.16.017/1 te 'nveṣamāṇā dayitaṃ kṛṣṇaṃ sūcitayā padaiḥ 
BhP_10.1",cosmology,0.7,auto-linked from bhagavata_purana_10
chunk:bhagavata_purana_10:213,mentions,parampara:krishna,bhagavata_purana_10,213,"16.019/4 saṅkrandataḥ parama-kaśmalam āpur ārtāḥ 
BhP_10.16.020/1 gopyo 'nurakta-manaso bhagavaty anante 
BhP_10.16.020/",cosmology,0.7,auto-linked from bhagavata_purana_10
chunk:bhagavata_purana_10:216,mentions,vastu:deity_gandharva,bhagavata_purana_10,216,"16.027/1 taṃ nartum udyatam avekṣya tadā tadīya- 
BhP_10.16.027/2 gandharva-siddha-muni-cāraṇa-deva-vadhvaḥ 
BhP_10.16.0",cosmology,0.7,auto-linked from bhagavata_purana_10
chunk:bhagavata_purana_10:217,mentions,nakshatra:chitra,bhagavata_purana_10,217,"6.029/2 yad yat samunnamati niḥśvasato ruṣoccaiḥ 
BhP_10.16.029/3 nṛtyan padānunamayan damayāṃ babhūva 
BhP_10.16.029/4 ",cosmology,0.7,auto-linked from bhagavata_purana_10
chunk:bhagavata_purana_10:225,mentions,vastu:deity_yoni,bhagavata_purana_10,225,"rcchitaṃ bhagna-śirasaṃ visasarjāṅghri-kuṭṭanaiḥ 
BhP_10.16.055/1 pratilabdhendriya-prāṇaḥ kāliyaḥ śanakair harim 
BhP_1",cosmology,0.7,auto-linked from bhagavata_purana_10
chunk:bhagavata_purana_10:229,mentions,bhava:virya,bhagavata_purana_10,229,"001/1 nāgālayaṃ ramaṇakaṃ kathaṃ tatyāja kāliyaḥ 
BhP_10.17.001/3 kṛtaṃ kiṃ vā suparṇasya tenaikenāsamañjasam 
BhP_10.17",cosmology,0.7,auto-linked from bhagavata_purana_10
chunk:bhagavata_purana_10:231,mentions,element:water,bhagavata_purana_10,231,"08/1 suparṇa-pakṣābhihataḥ kāliyo 'tīva vihvalaḥ 
BhP_10.17.008/3 hradaṃ viveśa kālindyās tad-agamyaṃ durāsadam 
BhP_10.",cosmology,0.7,auto-linked from bhagavata_purana_10
chunk:bhagavata_purana_10:233,mentions,parampara:krishna,bhagavata_purana_10,233,"16/1 rāmaś cācyutam āliṅgya jahāsāsyānubhāva-vit 
BhP_10.17.016/3 premṇā tam aṅkam āropya punaḥ punar udaikṣata 
BhP_10.",cosmology,0.7,auto-linked from bhagavata_purana_10
chunk:bhagavata_purana_10:234,mentions,parampara:krishna,bhagavata_purana_10,234,"19/3 pariṣvajyāṅkam āropya mumocāśru-kalāṃ muhuḥ 
BhP_10.17.020/1 tāṃ rātriṃ tatra rājendra kṣut-tṛḍbhyāṃ śrama-karṣitāḥ",cosmology,0.7,auto-linked from bhagavata_purana_10
chunk:bhagavata_purana_10:234,mentions,plant:palasha,bhagavata_purana_10,234,"19/3 pariṣvajyāṅkam āropya mumocāśru-kalāṃ muhuḥ 
BhP_10.17.020/1 tāṃ rātriṃ tatra rājendra kṣut-tṛḍbhyāṃ śrama-karṣitāḥ",cosmology,0.7,auto-linked from bhagavata_purana_10
chunk:bhagavata_purana_10:236,mentions,plant:arka,bhagavata_purana_10,236,"3 grīṣmo nāmartur abhavan nāti-preyāñ charīriṇām 
BhP_10.18.003/1 sa ca vṛndāvana-guṇair vasanta iva lakṣitaḥ 
BhP_10.18",cosmology,0.7,auto-linked from bhagavata_purana_10
chunk:bhagavata_purana_10:237,mentions,nakshatra:chitra,bhagavata_purana_10,237,"-taṭormibhir dravat-purīṣyāḥ pulinaiḥ samantataḥ 
BhP_10.18.006/3 na yatra caṇḍāṃśu-karā viṣolbaṇā bhuvo rasaṃ śādvalita",cosmology,0.7,auto-linked from bhagavata_purana_10
chunk:bhagavata_purana_10:238,mentions,parampara:krishna,bhagavata_purana_10,238,"0/1 kṛṣṇasya nṛtyataḥ kecij jaguḥ kecid avādayan 
BhP_10.18.010/3 veṇu-pāṇitalaiḥ śṛṅgaiḥ praśaśaṃsur athāpare 
BhP_10.1",cosmology,0.7,auto-linked from bhagavata_purana_10
chunk:bhagavata_purana_10:240,mentions,parampara:krishna,bhagavata_purana_10,240,"1 taṃ vidvān api dāśārho bhagavān sarva-darśanaḥ 
BhP_10.18.018/3 anvamodata tat-sakhyaṃ vadhaṃ tasya vicintayan 
BhP_10",cosmology,0.7,auto-linked from bhagavata_purana_10
chunk:bhagavata_purana_10:241,mentions,parampara:krishna,bhagavata_purana_10,241,"/1 vahanto vāhyamānāś ca cārayantaś ca go-dhanam 
BhP_10.18.022/3 bhāṇḍīrakaṃ nāma vaṭaṃ jagmuḥ kṛṣṇa-purogamāḥ 
BhP_10.",cosmology,0.7,auto-linked from bhagavata_purana_10
chunk:bhagavata_purana_10:244,mentions,parampara:krishna,bhagavata_purana_10,244,"032/1 pāpe pralambe nihate devāḥ parama-nirvṛtāḥ 
BhP_10.18.032/3 abhyavarṣan balaṃ mālyaiḥ śaśaṃsuḥ sādhu sādhv iti 
Bh",cosmology,0.7,auto-linked from bhagavata_purana_10
chunk:bhagavata_purana_10:246,mentions,parampara:krishna,bhagavata_purana_10,246,"nolbaṇolmukair vilelihānaḥ sthira-jaṅgamān mahān 
BhP_10.19.008/1 tam āpatantaṃ parito davāgniṃ gopāś ca gāvaḥ prasamīkṣ",cosmology,0.7,auto-linked from bhagavata_purana_10
chunk:bhagavata_purana_10:248,mentions,parampara:krishna,bhagavata_purana_10,248,"5/1 gāḥ sannivartya sāyāhne saha-rāmo janārdanaḥ 
BhP_10.19.015/3 veṇuṃ viraṇayan goṣṭham agād gopair abhiṣṭutaḥ 
BhP_10",cosmology,0.7,auto-linked from bhagavata_purana_10
chunk:bhagavata_purana_10:248,mentions,guna:sattva,bhagavata_purana_10,248,"5/1 gāḥ sannivartya sāyāhne saha-rāmo janārdanaḥ 
BhP_10.19.015/3 veṇuṃ viraṇayan goṣṭham agād gopair abhiṣṭutaḥ 
BhP_10",cosmology,0.7,auto-linked from bhagavata_purana_10
chunk:bhagavata_purana_10:249,mentions,guna:sattva,bhagavata_purana_10,249,"tataḥ prāvartata prāvṛṭ sarva-sattva-samudbhavā 
BhP_10.20.003/3 vidyotamāna-paridhir visphūrjita-nabhas-talā 
BhP_10.20",cosmology,0.7,auto-linked from bhagavata_purana_10
chunk:bhagavata_purana_10:250,mentions,vastu:deity_parjanya,bhagavata_purana_10,250,".007/1 tapaḥ-kṛśā deva-mīḍhā āsīd varṣīyasī mahī 
BhP_10.20.007/3 yathaiva kāmya-tapasas tanuḥ samprāpya tat-phalam 
BhP",cosmology,0.7,auto-linked from bhagavata_purana_10
chunk:bhagavata_purana_10:251,mentions,element:water,bhagavata_purana_10,251,"/1 haritā haribhiḥ śaṣpair indragopaiś ca lohitā 
BhP_10.20.011/3 ucchilīndhra-kṛta-cchāyā nṛṇāṃ śrīr iva bhūr abhūt 
Bh",cosmology,0.7,auto-linked from bhagavata_purana_10
chunk:bhagavata_purana_10:254,mentions,plant:mahua,bhagavata_purana_10,254,"3/1 jalaughair nirabhidyanta setavo varṣatīśvare 
BhP_10.20.023/3 pāṣaṇḍinām asad-vādair veda-mārgāḥ kalau yathā 
BhP_10",cosmology,0.7,auto-linked from bhagavata_purana_10
chunk:bhagavata_purana_10:255,mentions,plant:mahua,bhagavata_purana_10,255,"7/1 vanaukasaḥ pramuditā vana-rājīr madhu-cyutaḥ 
BhP_10.20.027/3 jala-dhārā girer nādād āsannā dadṛśe guhāḥ 
BhP_10.20.",cosmology,0.7,auto-linked from bhagavata_purana_10
chunk:bhagavata_purana_10:255,mentions,element:water,bhagavata_purana_10,255,"7/1 vanaukasaḥ pramuditā vana-rājīr madhu-cyutaḥ 
BhP_10.20.027/3 jala-dhārā girer nādād āsannā dadṛśe guhāḥ 
BhP_10.20.",cosmology,0.7,auto-linked from bhagavata_purana_10
chunk:bhagavata_purana_10:257,mentions,plant:arka,bhagavata_purana_10,257,"sarva-svaṃ jaladā hitvā virejuḥ śubhra-varcasaḥ 
BhP_10.20.035/3 yathā tyaktaiṣaṇāḥ śāntā munayo mukta-kilbiṣāḥ 
BhP_10.",cosmology,0.7,auto-linked from bhagavata_purana_10
chunk:bhagavata_purana_10:259,mentions,guna:sattva,bhagavata_purana_10,259,"3/1 kham aśobhata nirmeghaṃ śarad-vimala-tārakam 
BhP_10.20.043/3 sattva-yuktaṃ yathā cittaṃ śabda-brahmārtha-darśanam 
",cosmology,0.7,auto-linked from bhagavata_purana_10
chunk:bhagavata_purana_10:259,mentions,parampara:krishna,bhagavata_purana_10,259,"3/1 kham aśobhata nirmeghaṃ śarad-vimala-tārakam 
BhP_10.20.043/3 sattva-yuktaṃ yathā cittaṃ śabda-brahmārtha-darśanam 
",cosmology,0.7,auto-linked from bhagavata_purana_10
chunk:bhagavata_purana_10:261,mentions,parampara:krishna,bhagavata_purana_10,261,"/3 nyaviśad vāyunā vātaṃ sa -go-gopālako 'cyutaḥ 
BhP_10.21.002/1 kusumita-vanarāji-śuṣmi-bhṛṅga dvija-kula-ghuṣṭa-saraḥ",cosmology,0.7,auto-linked from bhagavata_purana_10
chunk:bhagavata_purana_10:261,mentions,vastu:deity_vara,bhagavata_purana_10,261,"/3 nyaviśad vāyunā vātaṃ sa -go-gopālako 'cyutaḥ 
BhP_10.21.002/1 kusumita-vanarāji-śuṣmi-bhṛṅga dvija-kula-ghuṣṭa-saraḥ",cosmology,0.7,auto-linked from bhagavata_purana_10
chunk:bhagavata_purana_10:262,mentions,vastu:deity_vara,bhagavata_purana_10,262,"1 barhāpīḍaṃ naṭa-vara-vapuḥ karṇayoḥ karṇikāraṃ 
BhP_10.21.005/2 bibhrad vāsaḥ kanaka-kapiśaṃ vaijayantīṃ ca mālām 
BhP",cosmology,0.7,auto-linked from bhagavata_purana_10
chunk:bhagavata_purana_10:264,mentions,parampara:krishna,bhagavata_purana_10,264,".21.010/1 vṛndāvanaṃ sakhi bhuvo vitanoti kīṛtiṃ 
BhP_10.21.010/2 yad devakī-suta-padāmbuja-labdha-lakṣmi 
BhP_10.21.010",cosmology,0.7,auto-linked from bhagavata_purana_10
chunk:bhagavata_purana_10:265,mentions,parampara:krishna,bhagavata_purana_10,265,"1.012/2 śrutvā ca tat-kvaṇita-veṇu-vivikta-gītam 
BhP_10.21.012/3 devyo vimāna-gatayaḥ smara-nunna-sārā 
BhP_10.21.012/4",cosmology,0.7,auto-linked from bhagavata_purana_10
chunk:bhagavata_purana_10:267,mentions,parampara:krishna,bhagavata_purana_10,267,".016/4 sakhyur vyadhāt sva-vapuṣāmbuda ātapatram 
BhP_10.21.017/1 pūrṇāḥ pulindya urugāya-padābja-rāga 
BhP_10.21.017/2 ",cosmology,0.7,auto-linked from bhagavata_purana_10
chunk:bhagavata_purana_10:269,mentions,bija:bija_master_2,bhagavata_purana_10,269,"02/1 āplutyāmbhasi kālindyā jalānte codite 'ruṇe 
BhP_10.22.002/3 kṛtvā pratikṛtiṃ devīm ānarcur nṛpa saikatīm 
BhP_10.2",cosmology,0.7,auto-linked from bhagavata_purana_10
chunk:bhagavata_purana_10:269,mentions,parampara:krishna,bhagavata_purana_10,269,"02/1 āplutyāmbhasi kālindyā jalānte codite 'ruṇe 
BhP_10.22.002/3 kṛtvā pratikṛtiṃ devīm ānarcur nṛpa saikatīm 
BhP_10.2",cosmology,0.7,auto-linked from bhagavata_purana_10
chunk:bhagavata_purana_10:276,mentions,parampara:krishna,bhagavata_purana_10,276,"28/1 ity ādiṣṭā bhagavatā labdha-kāmāḥ kumārikāḥ 
BhP_10.22.028/3 dhyāyantyas tat-padāmbhojam kṛcchrān nirviviśur vrajam",cosmology,0.7,auto-linked from bhagavata_purana_10
chunk:bhagavata_purana_10:278,mentions,parampara:krishna,bhagavata_purana_10,278,"6/1 iti pravāla-stabaka- phala-puṣpa-dalotkaraiḥ 
BhP_10.22.036/3 tarūṇāṃ namra-śākhānāṃ madhyato yamunāṃ gataḥ 
BhP_10.",cosmology,0.7,auto-linked from bhagavata_purana_10
chunk:bhagavata_purana_10:279,mentions,deity:brahma,bhagavata_purana_10,279,"kartum arhathaḥ 
BhP_10.23.002/0 śrī-śuka uvāca 
BhP_10.23.002/1 iti vijñāpito gopair bhagavān devakī-sutaḥ 
BhP_10.23.0",cosmology,0.7,auto-linked from bhagavata_purana_10
chunk:bhagavata_purana_10:281,mentions,deity:brahma,bhagavata_purana_10,281,"9/3 kṣudrāśā bhūri-karmāṇo bāliśā vṛddha-māninaḥ 
BhP_10.23.010/1 deśaḥ kālaḥ pṛthag dravyaṃ mantra-tantrartvijo 'gnayaḥ",cosmology,0.7,auto-linked from bhagavata_purana_10
chunk:bhagavata_purana_10:281,mentions,parampara:krishna,bhagavata_purana_10,281,"9/3 kṣudrāśā bhūri-karmāṇo bāliśā vṛddha-māninaḥ 
BhP_10.23.010/1 deśaḥ kālaḥ pṛthag dravyaṃ mantra-tantrartvijo 'gnayaḥ",cosmology,0.7,auto-linked from bhagavata_purana_10
chunk:bhagavata_purana_10:286,mentions,plant:tulsi,bhagavata_purana_10,286,"028/1 tad yāta deva-yajanaṃ patayo vo dvijātayaḥ 
BhP_10.23.028/3 sva-satraṃ pārayiṣyanti yuṣmābhir gṛha-medhinaḥ 
BhP_1",cosmology,0.7,auto-linked from bhagavata_purana_10
chunk:bhagavata_purana_10:292,mentions,deity:indra,bhagavata_purana_10,292,"3 jāto yaduṣv ity āśṛṇma hy api mūḍhā na vidmahe 
BhP_10.23.050/1 tasmai namo bhagavate kṛṣṇāyākuṇṭha-medhase 
BhP_10.23",cosmology,0.7,auto-linked from bhagavata_purana_10
chunk:bhagavata_purana_10:293,mentions,deity:indra,bhagavata_purana_10,293,"01/3 apaśyan nivasan gopān indra-yāga-kṛtodyamān 
BhP_10.24.002/1 tad-abhijño 'pi bhagavān sarvātmā sarva-darśanaḥ 
BhP_",cosmology,0.7,auto-linked from bhagavata_purana_10
chunk:bhagavata_purana_10:298,mentions,guna:rajas,bhagavata_purana_10,298,"vaiśyas tu vārtayā jīvec chūdras tu dvija-sevayā 
BhP_10.24.021/1 kṛṣi-vāṇijya-go-rakṣā kusīdaṃ tūryam ucyate 
BhP_10.24",cosmology,0.7,auto-linked from bhagavata_purana_10
chunk:bhagavata_purana_10:299,mentions,deity:indra,bhagavata_purana_10,299,"24/3 vanaukasas tāta nityaṃ vana-śaila-nivāsinaḥ 
BhP_10.24.025/1 tasmād gavāṃ brāhmaṇānām adreś cārabhyatāṃ makhaḥ 
BhP",cosmology,0.7,auto-linked from bhagavata_purana_10
chunk:bhagavata_purana_10:299,mentions,deity:brahma,bhagavata_purana_10,299,"24/3 vanaukasas tāta nityaṃ vana-śaila-nivāsinaḥ 
BhP_10.24.025/1 tasmād gavāṃ brāhmaṇānām adreś cārabhyatāṃ makhaḥ 
BhP",cosmology,0.7,auto-linked from bhagavata_purana_10
chunk:bhagavata_purana_10:301,mentions,parampara:krishna,bhagavata_purana_10,301,"vācayitvā svasty-ayanaṃ tad-dravyeṇa giri-dvijān 
BhP_10.24.033/1 upahṛtya balīn samyag ādṛtā yavasaṃ gavām 
BhP_10.24.0",cosmology,0.7,auto-linked from bhagavata_purana_10
chunk:bhagavata_purana_10:302,mentions,parampara:krishna,bhagavata_purana_10,302,"aho paśyata śailo 'sau rūpī no 'nugrahaṃ vyadhāt 
BhP_10.24.037/1 eṣo 'vajānato martyān kāma-rūpī vanaukasaḥ 
BhP_10.24.",cosmology,0.7,auto-linked from bhagavata_purana_10
chunk:bhagavata_purana_10:304,mentions,element:water,bhagavata_purana_10,304,"dhunuta śrī-mada-stambhaṃ paśūn nayata saṅkṣayam 
BhP_10.25.007/1 ahaṃ cairāvataṃ nāgam āruhyānuvraje vrajam 
BhP_10.25.",cosmology,0.7,auto-linked from bhagavata_purana_10
chunk:bhagavata_purana_10:305,mentions,parampara:krishna,bhagavata_purana_10,305,"jalaughaiḥ plāvyamānā bhūr nādṛśyata natonnatam 
BhP_10.25.011/1 aty-āsārāti-vātena paśavo jāta-vepanāḥ 
BhP_10.25.011/3",cosmology,0.7,auto-linked from bhagavata_purana_10
chunk:bhagavata_purana_10:308,mentions,parampara:krishna,bhagavata_purana_10,308,"2/3 yathāvakāśaṃ sa-dhanāḥ sa-vrajāḥ sopajīvinaḥ 
BhP_10.25.023/1 kṣut-tṛḍ-vyathāṃ sukhāpekṣāṃ hitvā tair vraja-vāsibhiḥ",cosmology,0.7,auto-linked from bhagavata_purana_10
chunk:bhagavata_purana_10:310,mentions,vastu:deity_gandharva,bhagavata_purana_10,310,"030/1 yaśodā rohiṇī nando rāmaś ca balināṃ varaḥ 
BhP_10.25.030/3 kṛṣṇam āliṅgya yuyujur āśiṣaḥ sneha-kātarāḥ 
BhP_10.25",cosmology,0.7,auto-linked from bhagavata_purana_10
chunk:bhagavata_purana_10:311,mentions,bhava:virya,bhagavata_purana_10,311,"ditā hṛdi-spṛśaḥ 
BhP_10.26.001/0 śrī-śuka uvāca 
BhP_10.26.001/1 evaṃ-vidhāni karmāṇi gopāḥ kṛṣṇasya vīkṣya te 
BhP_10.",cosmology,0.7,auto-linked from bhagavata_purana_10
chunk:bhagavata_purana_10:318,mentions,deity:indra,bhagavata_purana_10,318,".002/3 pasparśa pādayor enaṃ kirīṭenārka-varcasā 
BhP_10.27.003/1 dṛṣṭa-śrutānubhāvo 'sya kṛṣṇasyāmita-tejasaḥ 
BhP_10.2",cosmology,0.7,auto-linked from bhagavata_purana_10
chunk:bhagavata_purana_10:318,mentions,guna:rajas,bhagavata_purana_10,318,".002/3 pasparśa pādayor enaṃ kirīṭenārka-varcasā 
BhP_10.27.003/1 dṛṣṭa-śrutānubhāvo 'sya kṛṣṇasyāmita-tejasaḥ 
BhP_10.2",cosmology,0.7,auto-linked from bhagavata_purana_10
chunk:bhagavata_purana_10:318,mentions,graha:budha,bhagavata_purana_10,318,".002/3 pasparśa pādayor enaṃ kirīṭenārka-varcasā 
BhP_10.27.003/1 dṛṣṭa-śrutānubhāvo 'sya kṛṣṇasyāmita-tejasaḥ 
BhP_10.2",cosmology,0.7,auto-linked from bhagavata_purana_10
chunk:bhagavata_purana_10:322,mentions,parampara:krishna,bhagavata_purana_10,322,"mām aiśvarya-śrī-madāndho daṇḍa pāṇiṃ na paśyati 
BhP_10.27.016/3 taṃ bhraṃśayāmi sampadbhyo yasya cecchāmy anugraham 
B",cosmology,0.7,auto-linked from bhagavata_purana_10
chunk:bhagavata_purana_10:324,mentions,vastu:deity_gandharva,bhagavata_purana_10,324,"3/3 abhyasiñcata dāśārhaṃ govinda iti cābhyadhāt 
BhP_10.27.024/1 tatrāgatās tumburu-nāradādayo gandharva-vidyādhara-sid",cosmology,0.7,auto-linked from bhagavata_purana_10
chunk:bhagavata_purana_10:324,mentions,plant:mahua,bhagavata_purana_10,324,"3/3 abhyasiñcata dāśārhaṃ govinda iti cābhyadhāt 
BhP_10.27.024/1 tatrāgatās tumburu-nāradādayo gandharva-vidyādhara-sid",cosmology,0.7,auto-linked from bhagavata_purana_10
chunk:bhagavata_purana_10:325,mentions,parampara:krishna,bhagavata_purana_10,325,"027/1 kṛṣṇe 'bhiṣikta etāni sarvāṇi kuru-nandana 
BhP_10.27.027/3 nirvairāṇy abhavaṃs tāta krūrāṇy api nisargataḥ 
BhP_1",cosmology,0.7,auto-linked from bhagavata_purana_10
chunk:bhagavata_purana_10:326,mentions,parampara:krishna,bhagavata_purana_10,326,"3/1 cukruśus tam apaśyantaḥ kṛṣṇa rāmeti gopakāḥ 
BhP_10.28.003/3 bhagavāṃs tad upaśrutya pitaraṃ varuṇāhṛtam 
BhP_10.28",cosmology,0.7,auto-linked from bhagavata_purana_10
chunk:bhagavata_purana_10:327,mentions,parampara:krishna,bhagavata_purana_10,327,"006/3 na yatra śrūyate māyā loka-sṛṣṭi-vikalpanā 
BhP_10.28.007/1 ajānatā māmakena mūḍhenākārya-vedinā 
BhP_10.28.007/3 ",cosmology,0.7,auto-linked from bhagavata_purana_10
chunk:bhagavata_purana_10:329,mentions,deity:brahma,bhagavata_purana_10,329,"/3 darśayām āsa lokaṃ svaṃ gopānāṃ tamasaḥ param 
BhP_10.28.015/1 satyaṃ jñānam anantaṃ yad brahma-jyotiḥ sanātanam 
BhP",cosmology,0.7,auto-linked from bhagavata_purana_10
chunk:bhagavata_purana_10:330,mentions,parampara:krishna,bhagavata_purana_10,330,"/1 bhagavān api tā rātṛīḥ śāradotphulla-mallikāḥ 
BhP_10.29.001/3 vīkṣya rantuṃ manaś cakre yoga-māyām upāśritaḥ 
BhP_10",cosmology,0.7,auto-linked from bhagavata_purana_10
chunk:bhagavata_purana_10:331,mentions,parampara:krishna,bhagavata_purana_10,331,"ṅga-vardhanaṃ vraja-striyaḥ kṛṣṇa-gṛhīta-mānasāḥ 
BhP_10.29.004/3 ājagmur anyonyam alakṣitodyamāḥ sa yatra kānto java-lo",cosmology,0.7,auto-linked from bhagavata_purana_10
chunk:bhagavata_purana_10:331,mentions,vastu:deity_java,bhagavata_purana_10,331,"ṅga-vardhanaṃ vraja-striyaḥ kṛṣṇa-gṛhīta-mānasāḥ 
BhP_10.29.004/3 ājagmur anyonyam alakṣitodyamāḥ sa yatra kānto java-lo",cosmology,0.7,auto-linked from bhagavata_purana_10
chunk:bhagavata_purana_10:334,mentions,guna:sattva,bhagavata_purana_10,334,"1 na caivaṃ vismayaḥ kāryo bhavatā bhagavaty aje 
BhP_10.29.016/3 yogeśvareśvare kṛṣṇe yata etad vimucyate 
BhP_10.29.01",cosmology,0.7,auto-linked from bhagavata_purana_10
chunk:bhagavata_purana_10:339,mentions,devi:nitya,bhagavata_purana_10,339,"/4 preṣṭho bhavāṃs tanu-bhṛtāṃ kila bandhur ātmā 
BhP_10.29.033/1 kurvanti hi tvayi ratiṃ kuśalāḥ sva ātman 
BhP_10.29.0",cosmology,0.7,auto-linked from bhagavata_purana_10
chunk:bhagavata_purana_10:345,mentions,parampara:krishna,bhagavata_purana_10,345,"aivāntaradhīyata 
BhP_10.30.001/0 śrī-śuka uvāca 
BhP_10.30.001/1 antarhite bhagavati sahasaiva vrajāṅganāḥ 
BhP_10.30.0",cosmology,0.7,auto-linked from bhagavata_purana_10
chunk:bhagavata_purana_10:346,mentions,plant:tulsi,bhagavata_purana_10,346,"m eva saṃhatā vicikyur unmattaka-vad vanād vanam 
BhP_10.30.004/3 papracchur ākāśa-vad antaraṃ bahir bhūteṣu santaṃ puru",cosmology,0.7,auto-linked from bhagavata_purana_10
chunk:bhagavata_purana_10:347,mentions,plant:arka,bhagavata_purana_10,347,"/1 mālaty adarśi vaḥ kaccin mallike jāti-yūthike 
BhP_10.30.008/3 prītiṃ vo janayan yātaḥ kara-sparśena mādhavaḥ 
BhP_10",cosmology,0.7,auto-linked from bhagavata_purana_10
chunk:bhagavata_purana_10:347,mentions,plant:bael,bhagavata_purana_10,347,"/1 mālaty adarśi vaḥ kaccin mallike jāti-yūthike 
BhP_10.30.008/3 prītiṃ vo janayan yātaḥ kara-sparśena mādhavaḥ 
BhP_10",cosmology,0.7,auto-linked from bhagavata_purana_10
chunk:bhagavata_purana_10:347,mentions,plant:kadamba,bhagavata_purana_10,347,"/1 mālaty adarśi vaḥ kaccin mallike jāti-yūthike 
BhP_10.30.008/3 prītiṃ vo janayan yātaḥ kara-sparśena mādhavaḥ 
BhP_10",cosmology,0.7,auto-linked from bhagavata_purana_10
chunk:bhagavata_purana_10:347,mentions,parampara:krishna,bhagavata_purana_10,347,"/1 mālaty adarśi vaḥ kaccin mallike jāti-yūthike 
BhP_10.30.008/3 prītiṃ vo janayan yātaḥ kara-sparśena mādhavaḥ 
BhP_10",cosmology,0.7,auto-linked from bhagavata_purana_10
chunk:bhagavata_purana_10:349,mentions,parampara:krishna,bhagavata_purana_10,349,"nūnaṃ tat-karaja-spṛṣṭā bibhraty utpulakāny aho 
BhP_10.30.014/1 ity unmatta-vaco gopyaḥ kṛṣṇānveṣaṇa-kātarāḥ 
BhP_10.30",cosmology,0.7,auto-linked from bhagavata_purana_10
chunk:bhagavata_purana_10:356,mentions,graha:chandra,bhagavata_purana_10,356,"arśaya sannidhim 
BhP_10.30.040/0 śrī-śuka uvāca 
BhP_10.30.040/1 anvicchantyo bhagavato mārgaṃ gopyo 'vidūritaḥ 
BhP_10",cosmology,0.7,auto-linked from bhagavata_purana_10
chunk:bhagavata_purana_10:357,mentions,parampara:krishna,bhagavata_purana_10,357,"43/3 tad-guṇān eva gāyantyo nātmagārāṇi sasmaruḥ 
BhP_10.30.044/1 punaḥ pulinam āgatya kālindyāḥ kṛṣṇa-bhāvanāḥ 
BhP_10.",cosmology,0.7,auto-linked from bhagavata_purana_10
chunk:bhagavata_purana_10:357,mentions,vastu:deity_vara,bhagavata_purana_10,357,"43/3 tad-guṇān eva gāyantyo nātmagārāṇi sasmaruḥ 
BhP_10.30.044/1 punaḥ pulinam āgatya kālindyāḥ kṛṣṇa-bhāvanāḥ 
BhP_10.",cosmology,0.7,auto-linked from bhagavata_purana_10
chunk:bhagavata_purana_10:359,mentions,graha:budha,bhagavata_purana_10,359,"havat-kiṅkarīḥ sma no jalaruhānanaṃ cāru darśaya 
BhP_10.31.007/1 praṇata-dehināṃ pāpa-karṣaṇaṃ tṛṇa-carānugaṃ śrī-niket",cosmology,0.7,auto-linked from bhagavata_purana_10
chunk:bhagavata_purana_10:363,mentions,parampara:krishna,bhagavata_purana_10,363,"31.019/2 bhītāḥ śanaiḥ priya dadhīmahi karkaśeṣu 
BhP_10.31.019/3 tenāṭavīm aṭasi tad vyathate na kiṃ svit 
BhP_10.31.01",cosmology,0.7,auto-linked from bhagavata_purana_10
chunk:bhagavata_purana_10:366,mentions,nakshatra:hasta,bhagavata_purana_10,366,"1/3 vikasat-kunda-mandāra surabhy-anila-ṣaṭpadam 
BhP_10.32.012/1 śarac-candrāṃśu-sandoha- dhvasta-doṣā-tamaḥ śivam 
BhP",cosmology,0.7,auto-linked from bhagavata_purana_10
chunk:bhagavata_purana_10:368,mentions,graha:guru,bhagavata_purana_10,368,"1 bhajanty abhajato ye vai karuṇāḥ pitarau yathā 
BhP_10.32.018/3 dharmo nirapavādo 'tra sauhṛdaṃ ca su-madhyamāḥ 
BhP_1",cosmology,0.7,auto-linked from bhagavata_purana_10
chunk:bhagavata_purana_10:370,mentions,vastu:deity_gandharva,bhagavata_purana_10,370,"3/1 rāsotsavaḥ sampravṛtto gopī-maṇḍala-maṇḍitaḥ 
BhP_10.33.003/3 yogeśvareṇa kṛṣṇena tāsāṃ madhye dvayor dvayoḥ 
BhP_10",cosmology,0.7,auto-linked from bhagavata_purana_10
chunk:bhagavata_purana_10:371,mentions,parampara:krishna,bhagavata_purana_10,371,"/3 sa-priyāṇām abhūc chabdas tumulo rāsa-maṇḍale 
BhP_10.33.006/1 tatrātiśuśubhe tābhir bhagavān devakī-sutaḥ 
BhP_10.33",cosmology,0.7,auto-linked from bhagavata_purana_10
chunk:bhagavata_purana_10:374,mentions,parampara:krishna,bhagavata_purana_10,374,"3.015/3 gopyaḥ samaṃ bhagavatā nanṛtuḥ sva-keśa- 
BhP_10.33.015/4 srasta-srajo bhramara-gāyaka-rāsa-goṣṭhyām 
BhP_10.33.",cosmology,0.7,auto-linked from bhagavata_purana_10
chunk:bhagavata_purana_10:376,mentions,vastu:deity_gandharva,bhagavata_purana_10,376,"3.022/1 tābhir yutaḥ śramam apohitum aṅga-saṅga- 
BhP_10.33.022/2 ghṛṣṭa-srajaḥ sa kuca-kuṅkuma-rañjitāyāḥ 
BhP_10.33.02",cosmology,0.7,auto-linked from bhagavata_purana_10
chunk:bhagavata_purana_10:376,mentions,element:water,bhagavata_purana_10,376,"3.022/1 tābhir yutaḥ śramam apohitum aṅga-saṅga- 
BhP_10.33.022/2 ghṛṣṭa-srajaḥ sa kuca-kuṅkuma-rañjitāyāḥ 
BhP_10.33.02",cosmology,0.7,auto-linked from bhagavata_purana_10
chunk:bhagavata_purana_10:377,mentions,element:water,bhagavata_purana_10,377,"ne jala-sthala prasūna-gandhānila-juṣṭa-dik-taṭe 
BhP_10.33.024/3 cacāra bhṛṅga-pramadā-gaṇāvṛto yathā mada-cyud dvirada",cosmology,0.7,auto-linked from bhagavata_purana_10
chunk:bhagavata_purana_10:377,mentions,vastu:deity_satya,bhagavata_purana_10,377,"ne jala-sthala prasūna-gandhānila-juṣṭa-dik-taṭe 
BhP_10.33.024/3 cacāra bhṛṅga-pramadā-gaṇāvṛto yathā mada-cyud dvirada",cosmology,0.7,auto-linked from bhagavata_purana_10
chunk:bhagavata_purana_10:380,mentions,deity:brahma,bhagavata_purana_10,380,"35/1 gopīnāṃ tat-patīnāṃ ca sarveṣām eva dehinām 
BhP_10.33.035/3 yo 'ntaś carati so 'dhyakṣaḥ krīḍaneneha deha-bhāk 
Bh",cosmology,0.7,auto-linked from bhagavata_purana_10
chunk:bhagavata_purana_10:381,mentions,plant:mahua,bhagavata_purana_10,381,".039/1 vikrīḍitaṃ vraja-vadhūbhir idaṃ ca viṣṇoḥ 
BhP_10.33.039/2 śraddhānvito 'nuśṛṇuyād atha varṇayed yaḥ 
BhP_10.33.0",cosmology,0.7,auto-linked from bhagavata_purana_10
chunk:bhagavata_purana_10:382,mentions,plant:mahua,bhagavata_purana_10,382,"1 gāvo hiraṇyaṃ vāsāṃsi madhu madhv-annam ādṛtāḥ 
BhP_10.34.003/3 brāhmaṇebhyo daduḥ sarve devo naḥ prīyatām iti 
BhP_10",cosmology,0.7,auto-linked from bhagavata_purana_10
chunk:bhagavata_purana_10:382,mentions,parampara:krishna,bhagavata_purana_10,382,"1 gāvo hiraṇyaṃ vāsāṃsi madhu madhv-annam ādṛtāḥ 
BhP_10.34.003/3 brāhmaṇebhyo daduḥ sarve devo naḥ prīyatām iti 
BhP_10",cosmology,0.7,auto-linked from bhagavata_purana_10
chunk:bhagavata_purana_10:385,mentions,deity:brahma,bhagavata_purana_10,385,"taṃ tvāhaṃ bhava-bhītānāṃ prapannānāṃ bhayāpaham 
BhP_10.34.015/3 āpṛcche śāpa-nirmuktaḥ pāda-sparśād amīva-han 
BhP_10.",cosmology,0.7,auto-linked from bhagavata_purana_10
chunk:bhagavata_purana_10:388,mentions,parampara:krishna,bhagavata_purana_10,388,"tayor nirīkṣato rājaṃs tan-nāthaṃ pramadā-janam 
BhP_10.34.026/3 krośantaṃ kālayām āsa diśy udīcyām aśaṅkitaḥ 
BhP_10.34",cosmology,0.7,auto-linked from bhagavata_purana_10
chunk:bhagavata_purana_10:389,mentions,parampara:krishna,bhagavata_purana_10,389,"/1 tam anvadhāvad govindo yatra yatra sa dhāvati 
BhP_10.34.030/3 jihīrṣus tac-chiro-ratnaṃ tasthau rakṣan striyo balaḥ ",cosmology,0.7,auto-linked from bhagavata_purana_10
chunk:bhagavata_purana_10:391,mentions,bhava:virya,bhagavata_purana_10,391,"vraja-vṛṣā mṛga-gāvo veṇu-vādya-hṛta-cetasa ārāt 
BhP_10.35.005/3 danta-daṣṭa-kavalā dhṛta-karṇā nidritā likhita-citram ",cosmology,0.7,auto-linked from bhagavata_purana_10
chunk:bhagavata_purana_10:392,mentions,plant:mahua,bhagavata_purana_10,392,"iri-taṭeṣu carantīr veṇunāhvayati gāḥ sa yadā hi 
BhP_10.35.009/1 vana-latās tarava ātmani viṣṇuṃ vyañjayantya iva puṣpa",cosmology,0.7,auto-linked from bhagavata_purana_10
chunk:bhagavata_purana_10:394,mentions,graha:mangala,bhagavata_purana_10,394,"i yadādhara-bimbe datta-veṇur anayat svara-jātīḥ 
BhP_10.35.015/1 savanaśas tad upadhārya sureśāḥ śakra-śarva-parameṣṭhi",cosmology,0.7,auto-linked from bhagavata_purana_10
chunk:bhagavata_purana_10:395,mentions,parampara:krishna,bhagavata_purana_10,395,"kvacid āgaṇayan gā mālayā dayita-gandha-tulasyāḥ 
BhP_10.35.018/3 praṇayino 'nucarasya kadāṃse prakṣipan bhujam agāyata ",cosmology,0.7,auto-linked from bhagavata_purana_10
chunk:bhagavata_purana_10:397,mentions,parampara:krishna,bhagavata_purana_10,397,"dvirada-rāja-vihāro yāminī-patir ivaiṣa dinānte 
BhP_10.35.025/3 mudita-vaktra upayāti durantaṃ mocayan vraja-gavāṃ dina",cosmology,0.7,auto-linked from bhagavata_purana_10
chunk:bhagavata_purana_10:398,mentions,parampara:krishna,bhagavata_purana_10,398,"/3 udyamya pucchaṃ vaprāṇi viṣāṇāgreṇa coddharan 
BhP_10.36.002/5 kiñcit kiñcic chakṛn muñcan mūtrayan stabdha-locanaḥ 
",cosmology,0.7,auto-linked from bhagavata_purana_10
chunk:bhagavata_purana_10:400,mentions,deity:indra,bhagavata_purana_10,400,"agra-nyasta-viṣāṇāgraḥ stabdhāsṛg-locano 'cyutam 
BhP_10.36.010/3 kaṭākṣipyādravat tūrṇam indra-mukto 'śanir yathā 
BhP_",cosmology,0.7,auto-linked from bhagavata_purana_10
chunk:bhagavata_purana_10:406,mentions,vastu:deity_mitra,bhagavata_purana_10,406,".033/1 tayor nihatayos taptān vasudeva-purogamān 
BhP_10.36.033/3 tad-bandhūn nihaniṣyāmi vṛṣṇi-bhoja-daśārhakān 
BhP_10",cosmology,0.7,auto-linked from bhagavata_purana_10
chunk:bhagavata_purana_10:410,mentions,parampara:krishna,bhagavata_purana_10,410,"_10.37.006/1 dantā nipetur bhagavad-bhuja-spṛśas 
BhP_10.37.006/2 te keśinas tapta-maya-spṛśo yathā 
BhP_10.37.006/3 bāh",cosmology,0.7,auto-linked from bhagavata_purana_10
chunk:bhagavata_purana_10:411,mentions,parampara:krishna,bhagavata_purana_10,411,"tārikaḥ suraiḥ prasūna-varṣair varṣadbhir īḍitaḥ 
BhP_10.37.009/1 devarṣir upasaṅgamya bhāgavata-pravaro nṛpa 
BhP_10.37",cosmology,0.7,auto-linked from bhagavata_purana_10
chunk:bhagavata_purana_10:411,mentions,vastu:deity_satya,bhagavata_purana_10,411,"tārikaḥ suraiḥ prasūna-varṣair varṣadbhir īḍitaḥ 
BhP_10.37.009/1 devarṣir upasaṅgamya bhāgavata-pravaro nṛpa 
BhP_10.37",cosmology,0.7,auto-linked from bhagavata_purana_10
chunk:bhagavata_purana_10:412,mentions,vastu:deity_satya,bhagavata_purana_10,412,"air idaṃ satya-saṅkalpaḥ sṛjasy atsy avasīśvaraḥ 
BhP_10.37.013/1 sa tvaṃ bhūdhara-bhūtānāṃ daitya-pramatha-rakṣasām 
Bh",cosmology,0.7,auto-linked from bhagavata_purana_10
chunk:bhagavata_purana_10:413,mentions,bhava:virya,bhagavata_purana_10,413,"37.016/3 pārijātāpaharaṇam indrasya ca parājayam 
BhP_10.37.017/1 udvāhaṃ vīra-kanyānāṃ vīrya-śulkādi-lakṣaṇam 
BhP_10.3",cosmology,0.7,auto-linked from bhagavata_purana_10
chunk:bhagavata_purana_10:414,mentions,plant:arjuna,bhagavata_purana_10,414,"kartā drakṣyāmy ahaṃ tāni geyāni kavibhir bhuvi 
BhP_10.37.021/1 atha te kāla-rūpasya kṣapayiṣṇor amuṣya vai 
BhP_10.37.",cosmology,0.7,auto-linked from bhagavata_purana_10
chunk:bhagavata_purana_10:414,mentions,devi:nitya,bhagavata_purana_10,414,"kartā drakṣyāmy ahaṃ tāni geyāni kavibhir bhuvi 
BhP_10.37.021/1 atha te kāla-rūpasya kṣapayiṣṇor amuṣya vai 
BhP_10.37.",cosmology,0.7,auto-linked from bhagavata_purana_10
chunk:bhagavata_purana_10:417,mentions,plant:mahua,bhagavata_purana_10,417,"/3 icchan vimoktum ātmānaṃ nāśaknod grahaṇāturaḥ 
BhP_10.37.032/1 taṃ nigṛhyācyuto dorbhyāṃ pātayitvā mahī-tale 
BhP_10.",cosmology,0.7,auto-linked from bhagavata_purana_10
chunk:bhagavata_purana_10:418,mentions,deity:brahma,bhagavata_purana_10,418,".002/3 bhaktiṃ parām upagata evam etad acintayat 
BhP_10.38.003/1 kiṃ mayācaritaṃ bhadraṃ kiṃ taptaṃ paramaṃ tapaḥ 
BhP_",cosmology,0.7,auto-linked from bhagavata_purana_10
chunk:bhagavata_purana_10:419,mentions,deity:brahma,bhagavata_purana_10,419,"yan namasye bhagavato yogi-dhyeyānghri-paṅkajam 
BhP_10.38.007/1 kaṃso batādyākṛta me 'ty-anugrahaṃ drakṣye 'ṅghri-padma",cosmology,0.7,auto-linked from bhagavata_purana_10
chunk:bhagavata_purana_10:422,mentions,nakshatra:hasta,bhagavata_purana_10,422,"_10.38.014/4 drakṣye mamāsann uṣasaḥ su-darśanāḥ 
BhP_10.38.015/1 athāvarūḍhaḥ sapadīśayo rathāt pradhāna-puṃsoś caraṇaṃ",cosmology,0.7,auto-linked from bhagavata_purana_10
chunk:bhagavata_purana_10:429,mentions,plant:mahua,bhagavata_purana_10,429,"3 parirebhe 'bhyupākṛṣya prītaḥ praṇata-vatsalaḥ 
BhP_10.38.037/1 saṅkarṣaṇaś ca praṇatam upaguhya mahā-manāḥ 
BhP_10.38",cosmology,0.7,auto-linked from bhagavata_purana_10
chunk:bhagavata_purana_10:430,mentions,deity:rama,bhagavata_purana_10,430,"vāsair gandha-mālyaiḥ parāṃ prītiṃ vyadhāt punaḥ 
BhP_10.38.041/1 papraccha sat-kṛtaṃ nandaḥ kathaṃ stha niranugrahe 
Bh",cosmology,0.7,auto-linked from bhagavata_purana_10
chunk:bhagavata_purana_10:433,mentions,plant:mahua,bhagavata_purana_10,433,"9/3 yad uktaṃ nāradenāsya sva-janmānakadundubheḥ 
BhP_10.39.010/1 śrutvākrūra-vacaḥ kṛṣṇo balaś ca para-vīra-hā 
BhP_10.",cosmology,0.7,auto-linked from bhagavata_purana_10
chunk:bhagavata_purana_10:434,mentions,nakshatra:chitra,bhagavata_purana_10,434,"opyas tās tad upaśrutya babhūvur vyathitā bhṛśam 
BhP_10.39.013/3 rāma-kṛṣṇau purīṃ netum akrūraṃ vrajam āgatam 
BhP_10.",cosmology,0.7,auto-linked from bhagavata_purana_10
chunk:bhagavata_purana_10:436,mentions,plant:mahua,bhagavata_purana_10,436,"BhP_10.39.020/3 śokāpanoda-smita-leśa-sundaraṃ 
BhP_10.39.020/4 karoṣi pārokṣyam asādhu te kṛtam 
BhP_10.39.021/1 krūras",cosmology,0.7,auto-linked from bhagavata_purana_10
chunk:bhagavata_purana_10:437,mentions,plant:mahua,bhagavata_purana_10,437,"P_10.39.022/4 tad-dāsyam addhopagatā nava-priyaḥ 
BhP_10.39.023/1 sukhaṃ prabhātā rajanīyam āśiṣaḥ satyā babhūvuḥ pura-y",cosmology,0.7,auto-linked from bhagavata_purana_10
chunk:bhagavata_purana_10:440,mentions,parampara:krishna,bhagavata_purana_10,440,".030/4 cittaṃ kṣiṇoty amum ṛte nu kathaṃ bhavema 
BhP_10.39.031/0 śrī-śuka uvāca 
BhP_10.39.031/1 evaṃ bruvāṇā virahātur",cosmology,0.7,auto-linked from bhagavata_purana_10
chunk:bhagavata_purana_10:442,mentions,deity:brahma,bhagavata_purana_10,442,"038/1 bhagavān api samprāpto rāmākrūra-yuto nṛpa 
BhP_10.39.038/3 rathena vāyu-vegena kālindīm agha-nāśinīm 
BhP_10.39.0",cosmology,0.7,auto-linked from bhagavata_purana_10
chunk:bhagavata_purana_10:445,mentions,deity:brahma,bhagavata_purana_10,445,"1 tuṅga-gulphāruṇa-nakha vrāta-dīdhitibhir vṛtam 
BhP_10.39.050/3 navāṅguly-aṅguṣṭha-dalair vilasat-pāda-paṅkajam 
BhP_1",cosmology,0.7,auto-linked from bhagavata_purana_10
chunk:bhagavata_purana_10:445,mentions,parampara:narada,bhagavata_purana_10,445,"1 tuṅga-gulphāruṇa-nakha vrāta-dīdhitibhir vṛtam 
BhP_10.39.050/3 navāṅguly-aṅguṣṭha-dalair vilasat-pāda-paṅkajam 
BhP_1",cosmology,0.7,auto-linked from bhagavata_purana_10
chunk:bhagavata_purana_10:446,mentions,parampara:narada,bhagavata_purana_10,446,"prahrāda-nārada-vasu pramukhair bhāgavatottamaiḥ 
BhP_10.39.054/3 stūyamānaṃ pṛthag-bhāvair vacobhir amalātmabhiḥ 
BhP_1",cosmology,0.7,auto-linked from bhagavata_purana_10
chunk:bhagavata_purana_10:449,mentions,guna:rajas,bhagavata_purana_10,449,"008/1 tvām evānye śivoktena mārgeṇa śiva-rūpiṇam 
BhP_10.40.008/3 bahv-ācārya-vibhedena bhagavantarn upāsate 
BhP_10.40.",cosmology,0.7,auto-linked from bhagavata_purana_10
chunk:bhagavata_purana_10:449,mentions,deity:brahma,bhagavata_purana_10,449,"008/1 tvām evānye śivoktena mārgeṇa śiva-rūpiṇam 
BhP_10.40.008/3 bahv-ācārya-vibhedena bhagavantarn upāsate 
BhP_10.40.",cosmology,0.7,auto-linked from bhagavata_purana_10
chunk:bhagavata_purana_10:451,mentions,plant:mahua,bhagavata_purana_10,451,"BhP_10.40.014/3 nimeṣaṇaṃ rātry-ahanī prajāpatir 
BhP_10.40.014/4 meḍhras tu vṛṣṭis tava vīryam iṣyate 
BhP_10.40.015/1 ",cosmology,0.7,auto-linked from bhagavata_purana_10
chunk:bhagavata_purana_10:453,mentions,vastu:deity_satya,bhagavata_purana_10,453,"22/1 namo buddhāya śuddhāya daitya-dānava-mohine 
BhP_10.40.022/3 mleccha-prāya-kṣatra-hantre namas te kalki-rūpiṇe 
BhP",cosmology,0.7,auto-linked from bhagavata_purana_10
chunk:bhagavata_purana_10:466,mentions,parampara:krishna,bhagavata_purana_10,466,"vasitvātma-priye vastre kṛṣṇaḥ saṅkarṣaṇas tathā 
BhP_10.41.039/3 śeṣāṇy ādatta gopebhyo visṛjya bhuvi kānicit 
BhP_10.4",cosmology,0.7,auto-linked from bhagavata_purana_10
chunk:bhagavata_purana_10:468,mentions,parampara:krishna,bhagavata_purana_10,468,"/1 na hi vāṃ viṣamā dṛṣṭiḥ suhṛdor jagad-ātmanoḥ 
BhP_10.41.047/3 samayoḥ sarva-bhūteṣu bhajantaṃ bhajator api 
BhP_10.4",cosmology,0.7,auto-linked from bhagavata_purana_10
chunk:bhagavata_purana_10:468,mentions,vastu:deity_vara,bhagavata_purana_10,468,"/1 na hi vāṃ viṣamā dṛṣṭiḥ suhṛdor jagad-ātmanoḥ 
BhP_10.41.047/3 samayoḥ sarva-bhūteṣu bhajantaṃ bhajator api 
BhP_10.4",cosmology,0.7,auto-linked from bhagavata_purana_10
chunk:bhagavata_purana_10:470,mentions,bhava:madhurya,bhagavata_purana_10,470,"u hānulepanaṃ kasyāṅgane vā kathayasva sādhu naḥ 
BhP_10.42.002/3 dehy āvayor aṅga-vilepam uttamaṃ śreyas tatas te na ci",cosmology,0.7,auto-linked from bhagavata_purana_10
chunk:bhagavata_purana_10:475,mentions,parampara:krishna,bhagavata_purana_10,475,"balaṃ ca kaṃsa-prahitaṃ hatvā śālā-mukhāt tataḥ 
BhP_10.42.021/3 niṣkramya ceratur hṛṣṭau nirīkṣya pura-sampadaḥ 
BhP_10",cosmology,0.7,auto-linked from bhagavata_purana_10
chunk:bhagavata_purana_10:475,mentions,plant:mahua,bhagavata_purana_10,475,"balaṃ ca kaṃsa-prahitaṃ hatvā śālā-mukhāt tataḥ 
BhP_10.42.021/3 niṣkramya ceratur hṛṣṭau nirīkṣya pura-sampadaḥ 
BhP_10",cosmology,0.7,auto-linked from bhagavata_purana_10
chunk:bhagavata_purana_10:478,mentions,deity:brahma,bhagavata_purana_10,478,"2/3 kārayām āsa vai kaṃso malla-krīḍā-mahotsavam 
BhP_10.42.033/1 ānarcuḥ puruṣā raṅgaṃ tūrya-bheryaś ca jaghnire 
BhP_1",cosmology,0.7,auto-linked from bhagavata_purana_10
chunk:bhagavata_purana_10:480,mentions,vastu:deity_yama,bhagavata_purana_10,480,"apaśyat kuvalayāpīḍaṃ kṛṣṇo 'mbaṣṭha-pracoditam 
BhP_10.43.003/1 baddhvā parikaraṃ śauriḥ samuhya kuṭilālakān 
BhP_10.43",cosmology,0.7,auto-linked from bhagavata_purana_10
chunk:bhagavata_purana_10:485,mentions,bhava:madhurya,bhagavata_purana_10,485,"itekṣaṇānanāḥ papur na tṛptā nayanais tad-ānanam 
BhP_10.43.021/1 pibanta iva cakṣurbhyāṃ lihanta iva jihvayā 
BhP_10.43",cosmology,0.7,auto-linked from bhagavata_purana_10
chunk:bhagavata_purana_10:486,mentions,devi:nitya,bhagavata_purana_10,486,"4/3 kālam etaṃ vasan gūḍho vavṛdhe nanda-veśmani 
BhP_10.43.025/1 pūtanānena nītāntaṃ cakravātaś ca dānavaḥ 
BhP_10.43.0",cosmology,0.7,auto-linked from bhagavata_purana_10
chunk:bhagavata_purana_10:487,mentions,plant:lotus,bhagavata_purana_10,487,"aśyantyo vividhāṃs tāpāṃs taranti smāśramaṃ mudā 
BhP_10.43.029/1 vadanty anena vaṃśo 'yaṃ yadoḥ su-bahu-viśrutaḥ 
BhP_1",cosmology,0.7,auto-linked from bhagavata_purana_10
chunk:bhagavata_purana_10:487,mentions,parampara:krishna,bhagavata_purana_10,487,"aśyantyo vividhāṃs tāpāṃs taranti smāśramaṃ mudā 
BhP_10.43.029/1 vadanty anena vaṃśo 'yaṃ yadoḥ su-bahu-viśrutaḥ 
BhP_1",cosmology,0.7,auto-linked from bhagavata_purana_10
chunk:bhagavata_purana_10:489,mentions,guna:sattva,bhagavata_purana_10,489,"iyuddham ātmano 'bhīṣṭaṃ manyamāno 'bhinandya ca 
BhP_10.43.037/1 prajā bhoja-pater asya vayaṃ cāpi vane-carāḥ 
BhP_10.4",cosmology,0.7,auto-linked from bhagavata_purana_10
chunk:bhagavata_purana_10:493,mentions,nakshatra:chitra,bhagavata_purana_10,493,"muṣṭikaṃ prati sāmarṣaṃ hāsa-saṃrambha-śobhitam 
BhP_10.44.013/1 puṇyā bata vraja-bhuvo yad ayaṃ nṛ-liṅga 
BhP_10.44.013",cosmology,0.7,auto-linked from bhagavata_purana_10
chunk:bhagavata_purana_10:496,mentions,deity:indra,bhagavata_purana_10,496,".022/1 nācalat tat-prahāreṇa mālāhata iva dvipaḥ 
BhP_10.44.022/3 bāhvor nigṛhya cāṇūraṃ bahuśo bhrāmayan hariḥ 
BhP_10.",cosmology,0.7,auto-linked from bhagavata_purana_10
chunk:bhagavata_purana_10:497,mentions,parampara:krishna,bhagavata_purana_10,497,"/1 tataḥ kūṭam anuprāptaṃ rāmaḥ praharatāṃ varaḥ 
BhP_10.44.026/3 avadhīl līlayā rājan sāvajñaṃ vāma-muṣṭinā 
BhP_10.44.",cosmology,0.7,auto-linked from bhagavata_purana_10
chunk:bhagavata_purana_10:503,mentions,parampara:krishna,bhagavata_purana_10,503,"49/1 rāja-yoṣita āśvāsya bhagavāṃl loka-bhāvanaḥ 
BhP_10.44.049/3 yām āhur laukikīṃ saṃsthāṃ hatānāṃ samakārayat 
BhP_10",cosmology,0.7,auto-linked from bhagavata_purana_10
chunk:bhagavata_purana_10:507,mentions,plant:mahua,bhagavata_purana_10,507,"5.014/1 mayi bhṛtya upāsīne bhavato vibudhādayaḥ 
BhP_10.45.014/3 baliṃ haranty avanatāḥ kim utānye narādhipāḥ 
BhP_10.4",cosmology,0.7,auto-linked from bhagavata_purana_10
chunk:bhagavata_purana_10:507,mentions,parampara:krishna,bhagavata_purana_10,507,"5.014/1 mayi bhṛtya upāsīne bhavato vibudhādayaḥ 
BhP_10.45.014/3 baliṃ haranty avanatāḥ kim utānye narādhipāḥ 
BhP_10.4",cosmology,0.7,auto-linked from bhagavata_purana_10
chunk:bhagavata_purana_10:510,mentions,parampara:krishna,bhagavata_purana_10,510,".026/1 atha śūra-suto rājan putrayoḥ samakārayat 
BhP_10.45.026/3 purodhasā brāhmaṇaiś ca yathāvad dvija-saṃskṛtim 
BhP_",cosmology,0.7,auto-linked from bhagavata_purana_10
chunk:bhagavata_purana_10:511,mentions,graha:guru,bhagavata_purana_10,511,"rabhavau sarva-vidyānāṃ sarva-jñau jagad-īśvarau 
BhP_10.45.030/3 nānya-siddhāmalaṃ jñānaṃ gūhamānau narehitaiḥ 
BhP_10.",cosmology,0.7,auto-linked from bhagavata_purana_10
chunk:bhagavata_purana_10:512,mentions,vastu:deity_vara,bhagavata_purana_10,512,"ahasyaṃ dhanur-vedaṃ dharmān nyāya-pathāṃs tathā 
BhP_10.45.034/3 tathā cānvīkṣikīṃ vidyāṃ rāja-nītiṃ ca ṣaḍ-vidhām 
BhP",cosmology,0.7,auto-linked from bhagavata_purana_10
chunk:bhagavata_purana_10:512,mentions,graha:guru,bhagavata_purana_10,512,"ahasyaṃ dhanur-vedaṃ dharmān nyāya-pathāṃs tathā 
BhP_10.45.034/3 tathā cānvīkṣikīṃ vidyāṃ rāja-nītiṃ ca ṣaḍ-vidhām 
BhP",cosmology,0.7,auto-linked from bhagavata_purana_10
chunk:bhagavata_purana_10:513,mentions,graha:guru,bhagavata_purana_10,513,"hP_10.45.037/4 bālaṃ prabhāse varayāṃ babhūva ha 
BhP_10.45.038/1 tethety athāruhya mahā-rathau rathaṃ 
BhP_10.45.038/2 ",cosmology,0.7,auto-linked from bhagavata_purana_10
chunk:bhagavata_purana_10:513,mentions,element:water,bhagavata_purana_10,513,"hP_10.45.037/4 bālaṃ prabhāse varayāṃ babhūva ha 
BhP_10.45.038/1 tethety athāruhya mahā-rathau rathaṃ 
BhP_10.45.038/2 ",cosmology,0.7,auto-linked from bhagavata_purana_10
chunk:bhagavata_purana_10:513,mentions,parampara:krishna,bhagavata_purana_10,513,"hP_10.45.037/4 bālaṃ prabhāse varayāṃ babhūva ha 
BhP_10.45.038/1 tethety athāruhya mahā-rathau rathaṃ 
BhP_10.45.038/2 ",cosmology,0.7,auto-linked from bhagavata_purana_10
chunk:bhagavata_purana_10:514,mentions,element:water,bhagavata_purana_10,514,"antar-jala-caraḥ kṛṣṇa śaṅkha-rūpa-dharo 'suraḥ 
BhP_10.45.041/1 āste tenāhṛto nūnaṃ tac chrutvā satvaraṃ prabhuḥ 
BhP_1",cosmology,0.7,auto-linked from bhagavata_purana_10
chunk:bhagavata_purana_10:514,mentions,parampara:krishna,bhagavata_purana_10,514,"antar-jala-caraḥ kṛṣṇa śaṅkha-rūpa-dharo 'suraḥ 
BhP_10.45.041/1 āste tenāhṛto nūnaṃ tac chrutvā satvaraṃ prabhuḥ 
BhP_1",cosmology,0.7,auto-linked from bhagavata_purana_10
chunk:bhagavata_purana_10:515,mentions,graha:guru,bhagavata_purana_10,515,"5.044/3 uvācāvanataḥ kṛṣṇaṃ sarva-bhūtāśayālayam 
BhP_10.45.044/5 līlā-manuṣyayor viṣṇo yuvayoḥ karavāma kim 
BhP_10.45.",cosmology,0.7,auto-linked from bhagavata_purana_10
chunk:bhagavata_purana_10:516,mentions,vastu:deity_parjanya,bhagavata_purana_10,516,"47/3 ko nu yuṣmad-vidha-guroḥ kāmānām avaśiṣyate 
BhP_10.45.048/1 gacchataṃ sva-gṛhaṃ vīrau kīrtir vām astu pāvanī 
BhP_",cosmology,0.7,auto-linked from bhagavata_purana_10
chunk:bhagavata_purana_10:522,mentions,parampara:krishna,bhagavata_purana_10,522,"/3 duratyayebhyo mṛtyubhyaḥ kṛṣṇena su-mahātmanā 
BhP_10.46.021/1 smaratāṃ kṛṣṇa-vīryāṇi līlāpāṅga-nirīkṣitam 
BhP_10.46",cosmology,0.7,auto-linked from bhagavata_purana_10
chunk:bhagavata_purana_10:525,mentions,deity:brahma,bhagavata_purana_10,525,"āṇa-viyoga-kāle kṣanaṃ samāveśya mano 'viśuddham 
BhP_10.46.032/3 nirhṛtya karmāśayam āśu yāti parāṃ gatiṃ brahma-mayo '",cosmology,0.7,auto-linked from bhagavata_purana_10
chunk:bhagavata_purana_10:527,mentions,guna:rajas,bhagavata_purana_10,527,"3 krīḍārthaṃ so 'pi sādhūnāṃ paritrāṇāya kalpate 
BhP_10.46.040/1 sattvaṃ rajas tama iti bhajate nirguṇo guṇān 
BhP_10.4",cosmology,0.7,auto-linked from bhagavata_purana_10
chunk:bhagavata_purana_10:529,mentions,plant:mahua,bhagavata_purana_10,529,"ana-śabda-miśrito nirasyate yena diśām amaṅgalam 
BhP_10.46.047/1 bhagavaty udite sūrye nanda-dvāri vrajaukasaḥ 
BhP_10.",cosmology,0.7,auto-linked from bhagavata_purana_10
chunk:bhagavata_purana_10:529,mentions,plant:lotus,bhagavata_purana_10,529,"ana-śabda-miśrito nirasyate yena diśām amaṅgalam 
BhP_10.46.047/1 bhagavaty udite sūrye nanda-dvāri vrajaukasaḥ 
BhP_10.",cosmology,0.7,auto-linked from bhagavata_purana_10
chunk:bhagavata_purana_10:532,mentions,parampara:krishna,bhagavata_purana_10,532,"khagā vīta-phalaṃ vṛkṣaṃ bhuktvā cātithayo gṛham 
BhP_10.47.008/3 dagdhaṃ mṛgās tathāraṇyaṃ jārā bhuktvā ratāṃ striyam 
",cosmology,0.7,auto-linked from bhagavata_purana_10
chunk:bhagavata_purana_10:533,mentions,plant:mahua,bhagavata_purana_10,533,"1 madhupa kitava-bandho mā spṛśaṅghriṃ sapatnyāḥ 
BhP_10.47.012/2 kuca-vilulita-mālā-kuṅkuma-śmaśrubhir naḥ 
BhP_10.47.0",cosmology,0.7,auto-linked from bhagavata_purana_10
chunk:bhagavata_purana_10:534,mentions,devi:vijaya,bhagavata_purana_10,534,"0.47.014/2 adhipatim agṛhāṇām agrato naḥ purāṇam 
BhP_10.47.014/3 vijaya-sakha-sakhīnāṃ gīyatāṃ tat-prasaṅgaḥ 
BhP_10.47",cosmology,0.7,auto-linked from bhagavata_purana_10
chunk:bhagavata_purana_10:536,mentions,parampara:krishna,bhagavata_purana_10,536,"7.018/4 bahava iha vihaṅgā bhikṣu-caryāṃ caranti 
BhP_10.47.019/1 vayam ṛtam iva jihma-vyāhṛtaṃ śraddadhānāḥ 
BhP_10.47.",cosmology,0.7,auto-linked from bhagavata_purana_10
chunk:bhagavata_purana_10:536,mentions,plant:mahua,bhagavata_purana_10,536,"7.018/4 bahava iha vihaṅgā bhikṣu-caryāṃ caranti 
BhP_10.47.019/1 vayam ṛtam iva jihma-vyāhṛtaṃ śraddadhānāḥ 
BhP_10.47.",cosmology,0.7,auto-linked from bhagavata_purana_10
chunk:bhagavata_purana_10:537,mentions,plant:mahua,bhagavata_purana_10,537,"021/1 api bata madhu-puryām ārya-putro 'dhunāste 
BhP_10.47.021/2 smarati sa pitṛ-gehān saumya bandhūṃś ca gopān 
BhP_10",cosmology,0.7,auto-linked from bhagavata_purana_10
chunk:bhagavata_purana_10:537,mentions,parampara:krishna,bhagavata_purana_10,537,"021/1 api bata madhu-puryām ārya-putro 'dhunāste 
BhP_10.47.021/2 smarati sa pitṛ-gehān saumya bandhūṃś ca gopān 
BhP_10",cosmology,0.7,auto-linked from bhagavata_purana_10
chunk:bhagavata_purana_10:541,mentions,bhava:virya,bhagavata_purana_10,541,"35/1 yathā dūra-care preṣṭhe mana āviśya vartate 
BhP_10.47.035/3 strīṇāṃ ca na tathā cetaḥ sannikṛṣṭe 'kṣi-gocare 
BhP_",cosmology,0.7,auto-linked from bhagavata_purana_10
chunk:bhagavata_purana_10:543,mentions,parampara:krishna,bhagavata_purana_10,543,"hi-madhye pura-strīṇām grāmyāḥ svaira-kathāntare 
BhP_10.47.043/1 tāḥ kiṃ niśāḥ smarati yāsu tadā priyābhir 
BhP_10.47.0",cosmology,0.7,auto-linked from bhagavata_purana_10
chunk:bhagavata_purana_10:545,mentions,parampara:krishna,bhagavata_purana_10,545,"0/1 punaḥ punaḥ smārayanti nanda-gopa-sutaṃ bata 
BhP_10.47.050/3 śrī-niketais tat-padakair vismartuṃ naiva śaknumaḥ 
Bh",cosmology,0.7,auto-linked from bhagavata_purana_10
chunk:bhagavata_purana_10:546,mentions,parampara:krishna,bhagavata_purana_10,546,".054/1 uvāsa katicin māsān gopīnāṃ vinudan śucaḥ 
BhP_10.47.054/3 kṛṣṇa-līlā-kathāṃ gāyan ramayām āsa gokulam 
BhP_10.47",cosmology,0.7,auto-linked from bhagavata_purana_10
chunk:bhagavata_purana_10:547,mentions,deity:brahma,bhagavata_purana_10,547,"47.058/1 etāḥ paraṃ tanu-bhṛto bhuvi gopa-vadhvo 
BhP_10.47.058/2 govinda eva nikhilātmani rūḍha-bhāvāḥ 
BhP_10.47.058/3",cosmology,0.7,auto-linked from bhagavata_purana_10
chunk:bhagavata_purana_10:549,mentions,parampara:krishna,bhagavata_purana_10,549,".47.062/3 kṛṣṇasya tad bhagavataḥ caraṇāravindaṃ 
BhP_10.47.062/4 nyastaṃ staneṣu vijahuḥ parirabhya tāpam 
BhP_10.47.06",cosmology,0.7,auto-linked from bhagavata_purana_10
chunk:bhagavata_purana_10:550,mentions,parampara:krishna,bhagavata_purana_10,550,"/1 manaso vṛttayo naḥ syuḥ kṛṣṇa pādāmbujāśrayāḥ 
BhP_10.47.066/3 vāco 'bhidhāyinīr nāmnāṃ kāyas tat-prahvaṇādiṣu 
BhP_1",cosmology,0.7,auto-linked from bhagavata_purana_10
chunk:bhagavata_purana_10:554,mentions,vastu:deity_vara,bhagavata_purana_10,554,"/3 sahoddhavena sarveśaḥ sva-dhāmāgamad ṛddhimat 
BhP_10.48.011/1 durārdhyaṃ samārādhya viṣṇuṃ sarveśvareśvaram 
BhP_10.",cosmology,0.7,auto-linked from bhagavata_purana_10
chunk:bhagavata_purana_10:555,mentions,parampara:krishna,bhagavata_purana_10,555,".014/3 pūjayām āsa vidhi-vat kṛtāsana-parigrahān 
BhP_10.48.015/1 pādāvanejanīr āpo dhārayan śirasā nṛpa 
BhP_10.48.015/",cosmology,0.7,auto-linked from bhagavata_purana_10
chunk:bhagavata_purana_10:556,mentions,guna:rajas,bhagavata_purana_10,556,"bhavadbhyāṃ na vinā kiñcit param asti na cāparam 
BhP_10.48.019/1 ātma-sṛṣṭam idaṃ viśvam anvāviśya sva-śaktibhiḥ 
BhP_1",cosmology,0.7,auto-linked from bhagavata_purana_10
chunk:bhagavata_purana_10:556,mentions,guna:sattva,bhagavata_purana_10,556,"bhavadbhyāṃ na vinā kiñcit param asti na cāparam 
BhP_10.48.019/1 ātma-sṛṣṭam idaṃ viśvam anvāviśya sva-śaktibhiḥ 
BhP_1",cosmology,0.7,auto-linked from bhagavata_purana_10
chunk:bhagavata_purana_10:557,mentions,guna:sattva,bhagavata_purana_10,557,"nirūpitatvād bhavo na sākṣān na bhidātmanaḥ syāt 
BhP_10.48.022/3 ato na bandhas tava naiva mokṣaḥ syātām nikāmas tvayi ",cosmology,0.7,auto-linked from bhagavata_purana_10
chunk:bhagavata_purana_10:563,mentions,bhava:sakhya,bhagavata_purana_10,563,"/3 prajānurāgaṃ pārtheṣu na sahadbhiś cikīṛṣitam 
BhP_10.49.006/1 kṛtaṃ ca dhārtarāṣṭrair yad gara-dānādy apeśalam 
BhP_",cosmology,0.7,auto-linked from bhagavata_purana_10
chunk:bhagavata_purana_10:564,mentions,parampara:krishna,bhagavata_purana_10,564,"/3 paitṛ-ṣvasreyān smarati rāmaś cāmburuhekṣaṇaḥ 
BhP_10.49.010/1 sapatna-madhye śocantīṃ vṛkānāṃ hariṇīm iva 
BhP_10.49",cosmology,0.7,auto-linked from bhagavata_purana_10
chunk:bhagavata_purana_10:570,mentions,parampara:krishna,bhagavata_purana_10,570,"astiḥ prāptiś ca kaṃsasya mahiṣyau bharatarṣabha 
BhP_10.50.001/3 mṛte bhartari duḥkhārte īyatuḥ sma pitur gṛhān 
BhP_10",cosmology,0.7,auto-linked from bhagavata_purana_10
chunk:bhagavata_purana_10:571,mentions,parampara:krishna,bhagavata_purana_10,571,"5/1 nirīkṣya tad-balaṃ kṛṣṇa udvelam iva sāgaram 
BhP_10.50.005/3 sva-puraṃ tena saṃruddhaṃ sva-janaṃ ca bhayākulam 
BhP",cosmology,0.7,auto-linked from bhagavata_purana_10
chunk:bhagavata_purana_10:573,mentions,parampara:krishna,bhagavata_purana_10,573,"aśyārya vyasanaṃ prāptaṃ yadūnāṃ tvāvatāṃ prabho 
BhP_10.50.013/3 eṣa te ratha āyāto dayitāny āyudhāni ca 
BhP_10.50.014",cosmology,0.7,auto-linked from bhagavata_purana_10
chunk:bhagavata_purana_10:574,mentions,parampara:krishna,bhagavata_purana_10,574,"17/1 tāv āha māgadho vīkṣya he kṛṣṇa puruṣādhama 
BhP_10.50.017/3 na tvayā yoddhum icchāmi bālenaikena lajjayā 
BhP_10.5",cosmology,0.7,auto-linked from bhagavata_purana_10
chunk:bhagavata_purana_10:577,mentions,deity:durga,bhagavata_purana_10,577,"-śīrṣa-kacchapā hata-dvipa-dvīpa-haya grahākulāḥ 
BhP_10.50.026/1 karoru-mīnā nara-keśa-śaivalā dhanus-taraṅgāyudha-gulm",cosmology,0.7,auto-linked from bhagavata_purana_10
chunk:bhagavata_purana_10:580,mentions,deity:brahma,bhagavata_purana_10,580,"/1 māthurair upasaṅgamya vijvarair muditātmabhiḥ 
BhP_10.50.036/3 upagīyamāna-vijayaḥ sūta-māgadha-vandibhiḥ 
BhP_10.50.",cosmology,0.7,auto-linked from bhagavata_purana_10
chunk:bhagavata_purana_10:581,mentions,parampara:krishna,bhagavata_purana_10,581,"40/1 āyodhana-gataṃ vittam anantaṃ vīra-bhūṣaṇam 
BhP_10.50.040/3 yadu-rājāya tat sarvam āhṛtaṃ prādiśat prabhuḥ 
BhP_10",cosmology,0.7,auto-linked from bhagavata_purana_10
chunk:bhagavata_purana_10:581,mentions,parampara:narada,bhagavata_purana_10,581,"40/1 āyodhana-gataṃ vittam anantaṃ vīra-bhūṣaṇam 
BhP_10.50.040/3 yadu-rājāya tat sarvam āhṛtaṃ prādiśat prabhuḥ 
BhP_10",cosmology,0.7,auto-linked from bhagavata_purana_10
chunk:bhagavata_purana_10:586,mentions,devi:nitya,bhagavata_purana_10,586,"/3 pṛthu-dīrgha-catur-bāhuṃ nava-kañjāruṇekṣaṇam 
BhP_10.51.003/1 nitya-pramuditaṃ śrīmat su-kapolaṃ śuci-smitam 
BhP_10",cosmology,0.7,auto-linked from bhagavata_purana_10
chunk:bhagavata_purana_10:586,mentions,parampara:narada,bhagavata_purana_10,586,"/3 pṛthu-dīrgha-catur-bāhuṃ nava-kañjāruṇekṣaṇam 
BhP_10.51.003/1 nitya-pramuditaṃ śrīmat su-kapolaṃ śuci-smitam 
BhP_10",cosmology,0.7,auto-linked from bhagavata_purana_10
chunk:bhagavata_purana_10:587,mentions,nakshatra:hasta,bhagavata_purana_10,587,"6/3 anvadhāvaj jighṛkṣus taṃ durāpam api yoginām 
BhP_10.51.007/1 hasta-prāptam ivātmānaṃ harīṇā sa pade pade 
BhP_10.51",cosmology,0.7,auto-linked from bhagavata_purana_10
chunk:bhagavata_purana_10:588,mentions,bhava:virya,bhagavata_purana_10,588,"10/3 iti matvācyutaṃ mūḍhas taṃ padā samatāḍayat 
BhP_10.51.011/1 sa utthāya ciraṃ suptaḥ śanair unmīlya locane 
BhP_10.",cosmology,0.7,auto-linked from bhagavata_purana_10
chunk:bhagavata_purana_10:589,mentions,vastu:deity_satya,bhagavata_purana_10,589,"014/1 sa ikṣvāku-kule jāto māndhātṛ-tanayo mahān 
BhP_10.51.014/3 mucukunda iti khyāto brahmaṇyaḥ satya-saṅgaraḥ 
BhP_10",cosmology,0.7,auto-linked from bhagavata_purana_10
chunk:bhagavata_purana_10:593,mentions,vastu:deity_mitra,bhagavata_purana_10,593,".030/1 śuśrūṣatām avyalīkam asmākaṃ nara-puṅgava 
BhP_10.51.030/3 sva-janma karma gotraṃ vā kathyatāṃ yadi rocate 
BhP_1",cosmology,0.7,auto-linked from bhagavata_purana_10
chunk:bhagavata_purana_10:600,mentions,guna:rajas,bhagavata_purana_10,600,"tadaiva sad-gatau parāvareśe tvayi jāyate matiḥ 
BhP_10.51.054/1 manye mamānugraha īśa te kṛto rājyānubandhāpagamo yadṛc",cosmology,0.7,auto-linked from bhagavata_purana_10
chunk:bhagavata_purana_10:600,mentions,guna:sattva,bhagavata_purana_10,600,"tadaiva sad-gatau parāvareśe tvayi jāyate matiḥ 
BhP_10.51.054/1 manye mamānugraha īśa te kṛto rājyānubandhāpagamo yadṛc",cosmology,0.7,auto-linked from bhagavata_purana_10
chunk:bhagavata_purana_10:603,mentions,deity:kali,bhagavata_purana_10,603,"paiṣyasi kevalam 
BhP_10.52.001/0 śrī-śuka uvāca 
BhP_10.52.001/1 itthaṃ so 'nagrahīto 'nga kṛṣṇenekṣvāku nandanaḥ 
BhP_",cosmology,0.7,auto-linked from bhagavata_purana_10
chunk:bhagavata_purana_10:607,mentions,parampara:krishna,bhagavata_purana_10,607,"idarbhīṃ bhīṣmaka-sutāṃ śriyo mātrāṃ svayaṃ-vare 
BhP_10.52.017/1 pramathya tarasā rājñaḥ śālvādīṃś caidya-pakṣa-gān 
Bh",cosmology,0.7,auto-linked from bhagavata_purana_10
chunk:bhagavata_purana_10:607,mentions,devi:nitya,bhagavata_purana_10,607,"idarbhīṃ bhīṣmaka-sutāṃ śriyo mātrāṃ svayaṃ-vare 
BhP_10.52.017/1 pramathya tarasā rājñaḥ śālvādīṃś caidya-pakṣa-gān 
Bh",cosmology,0.7,auto-linked from bhagavata_purana_10
chunk:bhagavata_purana_10:608,mentions,devi:nitya,bhagavata_purana_10,608,"3 ko nu tṛpyeta śṛṇvānaḥ śruta-jño nitya-nūtanāḥ 
BhP_10.52.021/0 śrī-bādarāyaṇir uvāca 
BhP_10.52.021/1 rājāsīd bhīṣmak",cosmology,0.7,auto-linked from bhagavata_purana_10
chunk:bhagavata_purana_10:608,mentions,bhava:virya,bhagavata_purana_10,608,"3 ko nu tṛpyeta śṛṇvānaḥ śruta-jño nitya-nūtanāḥ 
BhP_10.52.021/0 śrī-bādarāyaṇir uvāca 
BhP_10.52.021/1 rājāsīd bhīṣmak",cosmology,0.7,auto-linked from bhagavata_purana_10
chunk:bhagavata_purana_10:609,mentions,parampara:krishna,bhagavata_purana_10,609,"kṛṣṇaś ca sadṛśīṃ bhāryāṃ samudvoḍhuṃ mano dadhe 
BhP_10.52.025/1 bandhūnām icchatāṃ dātuṃ kṛṣṇāya bhaginīṃ nṛpa 
BhP_10",cosmology,0.7,auto-linked from bhagavata_purana_10
chunk:bhagavata_purana_10:610,mentions,vastu:deity_vara,bhagavata_purana_10,610,"28/3 upaveśyārhayāṃ cakre yathātmānaṃ divaukasaḥ 
BhP_10.52.029/1 taṃ bhuktavantaṃ viśrāntam upagamya satāṃ gatiḥ 
BhP_1",cosmology,0.7,auto-linked from bhagavata_purana_10
chunk:bhagavata_purana_10:614,mentions,bhava:virya,bhagavata_purana_10,614,".52.041/2 guptaḥ sametya pṛtanā-patibhiḥ parītaḥ 
BhP_10.52.041/3 nirmathya caidya-magadhendra-balaṃ prasahya 
BhP_10.52",cosmology,0.7,auto-linked from bhagavata_purana_10
chunk:bhagavata_purana_10:617,mentions,nakshatra:chitra,bhagavata_purana_10,617,"6/3 ānartād eka-rātreṇa vidarbhān agamad dhayaiḥ 
BhP_10.53.007/1 rājā sa kuṇḍina-patiḥ putra-sneha-vaśānugaḥ 
BhP_10.53",cosmology,0.7,auto-linked from bhagavata_purana_10
chunk:bhagavata_purana_10:619,mentions,parampara:krishna,bhagavata_purana_10,619,"3 kārayām āsa mantra-jñaiḥ sarvam abhyudayocitam 
BhP_10.53.015/1 mada-cyudbhir gajānīkaiḥ syandanair hema-mālibhiḥ 
BhP",cosmology,0.7,auto-linked from bhagavata_purana_10
chunk:bhagavata_purana_10:622,mentions,parampara:krishna,bhagavata_purana_10,622,".026/3 nyamīlayata kāla-jñā netre cāśru-kalākule 
BhP_10.53.027/1 evaṃ vadhvāḥ pratīkṣantyā govindāgamanaṃ nṛpa 
BhP_10.",cosmology,0.7,auto-linked from bhagavata_purana_10
chunk:bhagavata_purana_10:622,mentions,vastu:deity_satya,bhagavata_purana_10,622,".026/3 nyamīlayata kāla-jñā netre cāśru-kalākule 
BhP_10.53.027/1 evaṃ vadhvāḥ pratīkṣantyā govindāgamanaṃ nṛpa 
BhP_10.",cosmology,0.7,auto-linked from bhagavata_purana_10
chunk:bhagavata_purana_10:623,mentions,vastu:deity_satya,bhagavata_purana_10,623,"030/3 uktaṃ ca satya-vacanam ātmopanayanaṃ prati 
BhP_10.53.031/1 tam āgataṃ samājñāya vaidarbhī hṛṣṭa-mānasā 
BhP_10.53",cosmology,0.7,auto-linked from bhagavata_purana_10
chunk:bhagavata_purana_10:623,mentions,plant:mahua,bhagavata_purana_10,623,"030/3 uktaṃ ca satya-vacanam ātmopanayanaṃ prati 
BhP_10.53.031/1 tam āgataṃ samājñāya vaidarbhī hṛṣṭa-mānasā 
BhP_10.53",cosmology,0.7,auto-linked from bhagavata_purana_10
chunk:bhagavata_purana_10:634,mentions,parampara:krishna,bhagavata_purana_10,634,"trayo-viṃśatibhiḥ sainyair jigye ekam ahaṃ param 
BhP_10.54.014/1 tathāpy ahaṃ na śocāmi na prahṛṣyāmi karhicit 
BhP_10.",cosmology,0.7,auto-linked from bhagavata_purana_10
chunk:bhagavata_purana_10:635,mentions,parampara:krishna,bhagavata_purana_10,635,"a-śeṣāḥ punas te 'pi yayuḥ svaṃ svaṃ puraṃ nṛpāḥ 
BhP_10.54.018/1 rukmī tu rākṣasodvāhaṃ kṛṣṇa-dviḍ asahan svasuḥ 
BhP_1",cosmology,0.7,auto-linked from bhagavata_purana_10
chunk:bhagavata_purana_10:636,mentions,bhava:virya,bhagavata_purana_10,636,"codayāśvān yataḥ kṛṣṇaḥ tasya me saṃyugaṃ bhavet 
BhP_10.54.022/1 adyāhaṃ niśitair bāṇair gopālasya su-durmateḥ 
BhP_10.",cosmology,0.7,auto-linked from bhagavata_purana_10
chunk:bhagavata_purana_10:640,mentions,parampara:krishna,bhagavata_purana_10,640,"athā-bhūtaṃ hata-prāyaṃ dṛṣṭvā saṅkarṣaṇo vibhuḥ 
BhP_10.54.036/5 vimucya baddhaṃ karuṇo bhagavān kṛṣṇam abravīt 
BhP_10",cosmology,0.7,auto-linked from bhagavata_purana_10
chunk:bhagavata_purana_10:644,mentions,nakshatra:chitra,bhagavata_purana_10,644,"051/5 cakre bhojakaṭaṃ nāma nivāsāya mahat puram 
BhP_10.54.052/1 ahatvā durmatiṃ kṛṣṇam apratyūhya yavīyasīm 
BhP_10.54",cosmology,0.7,auto-linked from bhagavata_purana_10
chunk:bhagavata_purana_10:646,mentions,deity:rudra,bhagavata_purana_10,646,"/3 rājāno rāja-kanyāś ca babhūvur bhṛśa-vismitāḥ 
BhP_10.54.060/1 dvārakāyām abhūd rājan mahā-modaḥ puraukasām 
BhP_10.5",cosmology,0.7,auto-linked from bhagavata_purana_10
chunk:bhagavata_purana_10:646,mentions,parampara:krishna,bhagavata_purana_10,646,"/3 rājāno rāja-kanyāś ca babhūvur bhṛśa-vismitāḥ 
BhP_10.54.060/1 dvārakāyām abhūd rājan mahā-modaḥ puraukasām 
BhP_10.5",cosmology,0.7,auto-linked from bhagavata_purana_10
chunk:bhagavata_purana_10:646,mentions,bhava:virya,bhagavata_purana_10,646,"/3 rājāno rāja-kanyāś ca babhūvur bhṛśa-vismitāḥ 
BhP_10.54.060/1 dvārakāyām abhūd rājan mahā-modaḥ puraukasām 
BhP_10.5",cosmology,0.7,auto-linked from bhagavata_purana_10
chunk:bhagavata_purana_10:655,mentions,parampara:krishna,bhagavata_purana_10,655,"5/1 evaṃ mīmāṃsamaṇāyāṃ vaidarbhyāṃ devakī-sutaḥ 
BhP_10.55.035/3 devaky-ānakadundubhyām uttamaḥ-śloka āgamat 
BhP_10.55",cosmology,0.7,auto-linked from bhagavata_purana_10
chunk:bhagavata_purana_10:662,mentions,parampara:krishna,bhagavata_purana_10,662,"chrutvābhyadravat kruddho jāmbavān balināṃ varaḥ 
BhP_10.56.022/1 sa vai bhagavatā tena yuyudhe svāmīnātmanaḥ 
BhP_10.56",cosmology,0.7,auto-linked from bhagavata_purana_10
chunk:bhagavata_purana_10:672,mentions,graha:guru,bhagavata_purana_10,672,"15/3 ceṣṭāṃ viśva-sṛjo yasya na vidur mohitājayā 
BhP_10.57.016/1 yaḥ sapta-hāyanaḥ śailam utpāṭyaikena pāṇinā 
BhP_10.5",cosmology,0.7,auto-linked from bhagavata_purana_10
chunk:bhagavata_purana_10:673,mentions,graha:guru,bhagavata_purana_10,673,"/3 anvayātāṃ mahā-vegair aśvai rājan guru-druham 
BhP_10.57.020/1 mithilāyām upavane visṛjya patitaṃ hayam 
BhP_10.57.02",cosmology,0.7,auto-linked from bhagavata_purana_10
chunk:bhagavata_purana_10:673,mentions,parampara:krishna,bhagavata_purana_10,673,"/3 anvayātāṃ mahā-vegair aśvai rājan guru-druham 
BhP_10.57.020/1 mithilāyām upavane visṛjya patitaṃ hayam 
BhP_10.57.02",cosmology,0.7,auto-linked from bhagavata_purana_10
chunk:bhagavata_purana_10:681,mentions,parampara:krishna,bhagavata_purana_10,681,"smarantī tān bahūn kleśān kleśāpāyātma-darśanam 
BhP_10.58.009/1 tadaiva kuśalaṃ no 'bhūt sa-nāthās te kṛtā vayam 
BhP_1",cosmology,0.7,auto-linked from bhagavata_purana_10
chunk:bhagavata_purana_10:684,mentions,vastu:deity_vara,bhagavata_purana_10,684,".020/1 ahaṃ devasya savitur duhitā patim icchatī 
BhP_10.58.020/3 viṣṇuṃ vareṇyaṃ vara-daṃ tapaḥ paramam āsthitaḥ 
BhP_1",cosmology,0.7,auto-linked from bhagavata_purana_10
chunk:bhagavata_purana_10:685,mentions,bhava:sakhya,bhagavata_purana_10,685,"yadaiva kṛṣṇaḥ sandiṣṭaḥ pārthānāṃ paramādbutam 
BhP_10.58.024/3 kārayām āsa nagaraṃ vicitraṃ viśvakarmaṇā 
BhP_10.58.02",cosmology,0.7,auto-linked from bhagavata_purana_10
chunk:bhagavata_purana_10:685,mentions,element:water,bhagavata_purana_10,685,"yadaiva kṛṣṇaḥ sandiṣṭaḥ pārthānāṃ paramādbutam 
BhP_10.58.024/3 kārayām āsa nagaraṃ vicitraṃ viśvakarmaṇā 
BhP_10.58.02",cosmology,0.7,auto-linked from bhagavata_purana_10
chunk:bhagavata_purana_10:687,mentions,bhava:virya,bhagavata_purana_10,687,"2/1 nagnajin nāma kauśalya āsīd rājāti-dhārmikaḥ 
BhP_10.58.032/3 tasya satyābhavat kanyā devī nāgnajitī nṛpa 
BhP_10.58",cosmology,0.7,auto-linked from bhagavata_purana_10
chunk:bhagavata_purana_10:689,mentions,vastu:deity_vara,bhagavata_purana_10,689,"39/1 tam āha bhagavān hṛṣṭaḥ kṛtāsana-parigrahaḥ 
BhP_10.58.039/3 megha-gambhīrayā vācā sa-smitaṃ kuru-nandana 
BhP_10.5",cosmology,0.7,auto-linked from bhagavata_purana_10
chunk:bhagavata_purana_10:690,mentions,bhava:virya,bhagavata_purana_10,690,"intv asmābhiḥ kṛtaḥ pūrvaṃ samayaḥ sātvatarṣabha 
BhP_10.58.042/3 puṃsāṃ vīrya-parīkṣārthaṃ kanyā-vara-parīpsayā 
BhP_10",cosmology,0.7,auto-linked from bhagavata_purana_10
chunk:bhagavata_purana_10:690,mentions,vastu:deity_vara,bhagavata_purana_10,690,"intv asmābhiḥ kṛtaḥ pūrvaṃ samayaḥ sātvatarṣabha 
BhP_10.58.042/3 puṃsāṃ vīrya-parīkṣārthaṃ kanyā-vara-parīpsayā 
BhP_10",cosmology,0.7,auto-linked from bhagavata_purana_10
chunk:bhagavata_purana_10:698,mentions,vastu:deity_yama,bhagavata_purana_10,698,"ān asīn gadāḥ śakty-ṛṣṭi-śūlāny ajite ruṣolbaṇāḥ 
BhP_10.59.013/3 tac-chastra-kūṭaṃ bhagavān sva-mārgaṇair amogha-vīryas",cosmology,0.7,auto-linked from bhagavata_purana_10
chunk:bhagavata_purana_10:703,mentions,nakshatra:hasta,bhagavata_purana_10,703,"10.59.029/1 tvaṃ vai sisṛkṣur aja utkaṭaṃ prabho 
BhP_10.59.029/2 tamo nirodhāya bibharṣy asaṃvṛtaḥ 
BhP_10.59.029/3 sth",cosmology,0.7,auto-linked from bhagavata_purana_10
chunk:bhagavata_purana_10:713,mentions,bhava:virya,bhagavata_purana_10,713,"018/3 mama dviṣanti vāmoru rukmī cāpi tavāgrajaḥ 
BhP_10.60.019/1 teṣāṃ vīrya-madāndhānāṃ dṛptānāṃ smaya-nuttaye 
BhP_10",cosmology,0.7,auto-linked from bhagavata_purana_10
chunk:bhagavata_purana_10:715,mentions,bhava:hasya,bhagavata_purana_10,715,"0.60.024/4 rambheva vāyu-vihato pravikīrya keśān 
BhP_10.60.025/1 tad dṛṣṭvā bhagavān kṛṣṇaḥ priyāyāḥ prema-bandhanam 
B",cosmology,0.7,auto-linked from bhagavata_purana_10
chunk:bhagavata_purana_10:722,mentions,dosha:kapha,bhagavata_purana_10,722,"044/2 strīṇāṃ gṛheṣu khara-go-śva-viḍāla-bhṛtyāḥ 
BhP_10.60.044/3 yat-karṇa-mūlam an-karṣaṇa nopayāyād 
BhP_10.60.044/4 ",cosmology,0.7,auto-linked from bhagavata_purana_10
chunk:bhagavata_purana_10:722,mentions,dosha:pitta,bhagavata_purana_10,722,"044/2 strīṇāṃ gṛheṣu khara-go-śva-viḍāla-bhṛtyāḥ 
BhP_10.60.044/3 yat-karṇa-mūlam an-karṣaṇa nopayāyād 
BhP_10.60.044/4 ",cosmology,0.7,auto-linked from bhagavata_purana_10
chunk:bhagavata_purana_10:729,mentions,parampara:krishna,bhagavata_purana_10,729,"P_10.61.005/3 bhejur mudāviratam edhitayānurāga- 
BhP_10.61.005/4 hāsāvaloka-nava-saṅgama-lālasādyam 
BhP_10.61.006/1 pr",cosmology,0.7,auto-linked from bhagavata_purana_10
chunk:bhagavata_purana_10:732,mentions,parampara:krishna,bhagavata_purana_10,732,"mahāṃsaḥ pāvano vahnir mitravindātmajāḥ kṣudhiḥ 
BhP_10.61.017/1 saṅgrāmajid bṛhatsenaḥ śūraḥ praharaṇo 'rijit 
BhP_10.6",cosmology,0.7,auto-linked from bhagavata_purana_10
chunk:bhagavata_purana_10:739,mentions,vastu:deity_satya,bhagavata_purana_10,739,"1 bāṇaḥ putra-śata-jyeṣṭho baler āsīn mahātmanaḥ 
BhP_10.62.002/3 yena vāmana-rūpāya haraye 'dāyi medinī 
BhP_10.62.002/",cosmology,0.7,auto-linked from bhagavata_purana_10
chunk:bhagavata_purana_10:740,mentions,bhava:virya,bhagavata_purana_10,740,"3/3 vareṇa chandayām āsa sa taṃ vavre purādhipam 
BhP_10.62.004/1 sa ekadāha giriśaṃ pārśva-sthaṃ vīrya-durmadaḥ 
BhP_10",cosmology,0.7,auto-linked from bhagavata_purana_10
chunk:bhagavata_purana_10:741,mentions,bhava:virya,bhagavata_purana_10,741,"dyāyāṃ cūrṇayann adrīn bhītās te 'pi pradudruvuḥ 
BhP_10.62.008/1 tac chrutvā bhagavān kruddhaḥ ketus te bhajyate yadā 
",cosmology,0.7,auto-linked from bhagavata_purana_10
chunk:bhagavata_purana_10:742,mentions,nakshatra:hasta,bhagavata_purana_10,742,"sakhīnāṃ madhya uttasthau vihvalā vrīḍitā bhṛśam 
BhP_10.62.012/1 bāṇasya mantrī kumbhāṇḍaś citralekhā ca tat-sutā 
BhP_",cosmology,0.7,auto-linked from bhagavata_purana_10
chunk:bhagavata_purana_10:742,mentions,plant:lotus,bhagavata_purana_10,742,"sakhīnāṃ madhya uttasthau vihvalā vrīḍitā bhṛśam 
BhP_10.62.012/1 bāṇasya mantrī kumbhāṇḍaś citralekhā ca tat-sutā 
BhP_",cosmology,0.7,auto-linked from bhagavata_purana_10
chunk:bhagavata_purana_10:742,mentions,plant:mahua,bhagavata_purana_10,742,"sakhīnāṃ madhya uttasthau vihvalā vrīḍitā bhṛśam 
BhP_10.62.012/1 bāṇasya mantrī kumbhāṇḍaś citralekhā ca tat-sutā 
BhP_",cosmology,0.7,auto-linked from bhagavata_purana_10
chunk:bhagavata_purana_10:743,mentions,vastu:deity_gandharva,bhagavata_purana_10,743,"māṃ vṛjinārṇave 
BhP_10.62.016/0 citralekhovāca 
BhP_10.62.016/1 vyasanaṃ te 'pakarṣāmi tri-lokyāṃ yadi bhāvyate 
BhP_10",cosmology,0.7,auto-linked from bhagavata_purana_10
chunk:bhagavata_purana_10:744,mentions,parampara:krishna,bhagavata_purana_10,744,"019/3 so 'sāv asāv iti prāha smayamānā mahī-pate 
BhP_10.62.020/1 citralekhā tam ājñāya pautraṃ kṛṣṇasya yoginī 
BhP_10.",cosmology,0.7,auto-linked from bhagavata_purana_10
chunk:bhagavata_purana_10:746,mentions,plant:mahua,bhagavata_purana_10,746,"kanyāyā dūṣaṇaṃ pumbhir duṣprekṣyāyā na vidmahe 
BhP_10.62.028/1 tataḥ pravyathito bāṇo duhituḥ śruta-dūṣaṇaḥ 
BhP_10.62",cosmology,0.7,auto-linked from bhagavata_purana_10
chunk:bhagavata_purana_10:748,mentions,parampara:krishna,bhagavata_purana_10,748,"ṣāda-vihvalā baddhaṃ niśamyāśru-kalākṣy arautsīt 
BhP_10.63.001/0 śṛī-śuka uvāca 
BhP_10.63.001/1 apaśyatāṃ cāniruddhaṃ ",cosmology,0.7,auto-linked from bhagavata_purana_10
chunk:bhagavata_purana_10:749,mentions,raga:instrument_pakhawaj,bhagavata_purana_10,749,"/3 rurudhur bāṇa-nagaraṃ samantāt sātvatarṣabhāḥ 
BhP_10.63.005/1 bhajyamāna-purodyāna- prākārāṭṭāla-gopuram 
BhP_10.63.",cosmology,0.7,auto-linked from bhagavata_purana_10
chunk:bhagavata_purana_10:749,mentions,parampara:krishna,bhagavata_purana_10,749,"/3 rurudhur bāṇa-nagaraṃ samantāt sātvatarṣabhāḥ 
BhP_10.63.005/1 bhajyamāna-purodyāna- prākārāṭṭāla-gopuram 
BhP_10.63.",cosmology,0.7,auto-linked from bhagavata_purana_10
chunk:bhagavata_purana_10:750,mentions,deity:brahma,bhagavata_purana_10,750,"008/3 sāmbasya bāṇa-putreṇa bāṇena saha sātyakeḥ 
BhP_10.63.009/1 brahmādayaḥ surādhīśā munayaḥ siddha-cāraṇāḥ 
BhP_10.6",cosmology,0.7,auto-linked from bhagavata_purana_10
chunk:bhagavata_purana_10:754,mentions,deity:brahma,bhagavata_purana_10,754,"/3 alabdhvābhayam anyatra bhīto māheśvaro jvaraḥ 
BhP_10.63.024/5 śaraṇārthī hṛṣīkeśaṃ tuṣṭāva prayatāñjaliḥ 
BhP_10.63.",cosmology,0.7,auto-linked from bhagavata_purana_10
chunk:bhagavata_purana_10:756,mentions,deity:rudra,bhagavata_purana_10,756,"āṇas tu ratham ārūḍhaḥ prāgād yotsyan janārdanam 
BhP_10.63.031/1 tato bāhu-sahasreṇa nānāyudha-dharo 'suraḥ 
BhP_10.63.",cosmology,0.7,auto-linked from bhagavata_purana_10
chunk:bhagavata_purana_10:756,mentions,deity:brahma,bhagavata_purana_10,756,"āṇas tu ratham ārūḍhaḥ prāgād yotsyan janārdanam 
BhP_10.63.031/1 tato bāhu-sahasreṇa nānāyudha-dharo 'suraḥ 
BhP_10.63.",cosmology,0.7,auto-linked from bhagavata_purana_10
chunk:bhagavata_purana_10:757,mentions,plant:arka,bhagavata_purana_10,757,"034/3 yaṃ paśyanty amalātmāna ākāśam iva kevalam 
BhP_10.63.035/1 nābhir nabho 'gnir mukham ambu reto 
BhP_10.63.035/2 d",cosmology,0.7,auto-linked from bhagavata_purana_10
chunk:bhagavata_purana_10:762,mentions,parampara:krishna,bhagavata_purana_10,762,"051/1 akṣauhiṇyā parivṛtaṃ su-vāsaḥ-samalaṅkṛtam 
BhP_10.63.051/3 sa-patnīkaṃ puras-kṛtya yayau rudrānumoditaḥ 
BhP_10.6",cosmology,0.7,auto-linked from bhagavata_purana_10
chunk:bhagavata_purana_10:766,mentions,deity:brahma,bhagavata_purana_10,766,"12/1 yāvatyaḥ sikatā bhūmer yāvatyo divi tārakāḥ 
BhP_10.64.012/3 yāvatyo varṣa-dhārāś ca tāvatīr adadaṃ sma gāḥ 
BhP_10",cosmology,0.7,auto-linked from bhagavata_purana_10
chunk:bhagavata_purana_10:768,mentions,vastu:deity_yama,bhagavata_purana_10,768,"anunītāv ubhau viprau dharma-kṛcchra-gatena vai 
BhP_10.64.019/3 gavāṃ lakṣaṃ prakṛṣṭānāṃ dāsyāmy eṣā pradīyatām 
BhP_10",cosmology,0.7,auto-linked from bhagavata_purana_10
chunk:bhagavata_purana_10:770,mentions,parampara:krishna,bhagavata_purana_10,770,"4.026/3 sākṣād adhokṣaja uru-vyasanāndha-buddheḥ 
BhP_10.64.026/4 syān me 'nudṛśya iha yasya bhavāpavargaḥ 
BhP_10.64.02",cosmology,0.7,auto-linked from bhagavata_purana_10
chunk:bhagavata_purana_10:771,mentions,deity:brahma,bhagavata_purana_10,771,"y uktvā taṃ parikramya pādau spṛṣṭvā sva-maulinā 
BhP_10.64.030/3 anujñāto vimānāgryam āruhat paśyatāṃ nṛṇām 
BhP_10.64.",cosmology,0.7,auto-linked from bhagavata_purana_10
chunk:bhagavata_purana_10:772,mentions,deity:brahma,bhagavata_purana_10,772,"1 hinasti viṣam attāraṃ vahnir adbhiḥ praśāmyati 
BhP_10.64.034/3 kulaṃ sa-mūlaṃ dahati brahma-svāraṇi-pāvakaḥ 
BhP_10.6",cosmology,0.7,auto-linked from bhagavata_purana_10
chunk:bhagavata_purana_10:773,mentions,deity:brahma,bhagavata_purana_10,773,"/1 rājāno rāja-kulyāś ca tāvato 'bdān niraṅkuśāḥ 
BhP_10.64.038/3 kumbhī-pākeṣu pacyante brahma-dāyāpahāriṇaḥ 
BhP_10.64",cosmology,0.7,auto-linked from bhagavata_purana_10
chunk:bhagavata_purana_10:775,mentions,bhava:hasya,bhagavata_purana_10,775,"pariṣvaktaś cirotkaṇṭhair gopair gopībhir eva ca 
BhP_10.65.002/3 rāmo 'bhivādya pitarāv āśīrbhir abhinanditaḥ 
BhP_10.6",cosmology,0.7,auto-linked from bhagavata_purana_10
chunk:bhagavata_purana_10:775,mentions,nakshatra:hasta,bhagavata_purana_10,775,"pariṣvaktaś cirotkaṇṭhair gopair gopībhir eva ca 
BhP_10.65.002/3 rāmo 'bhivādya pitarāv āśīrbhir abhinanditaḥ 
BhP_10.6",cosmology,0.7,auto-linked from bhagavata_purana_10
chunk:bhagavata_purana_10:776,mentions,plant:lotus,bhagavata_purana_10,776,"06/1 pṛṣṭāś cānāmayaṃ sveṣu prema-gadgadayā girā 
BhP_10.65.006/3 kṛṣṇe kamala-patrākṣe sannyastākhila-rādhasaḥ 
BhP_10.",cosmology,0.7,auto-linked from bhagavata_purana_10
chunk:bhagavata_purana_10:778,mentions,nakshatra:chitra,bhagavata_purana_10,778,".65.013/2 vacaḥ kṛta-ghnasya budhāḥ pura-striyaḥ 
BhP_10.65.013/3 gṛhṇanti vai citra-kathasya sundara- 
BhP_10.65.013/4 ",cosmology,0.7,auto-linked from bhagavata_purana_10
chunk:bhagavata_purana_10:779,mentions,graha:chandra,bhagavata_purana_10,779,".016/3 sāntvayām āsa bhagavān nānānunaya-kovidaḥ 
BhP_10.65.017/1 dvau māsau tatra cāvātsīn madhuṃ mādhavaṃ eva ca 
BhP_",cosmology,0.7,auto-linked from bhagavata_purana_10
chunk:bhagavata_purana_10:779,mentions,plant:mahua,bhagavata_purana_10,779,".016/3 sāntvayām āsa bhagavān nānānunaya-kovidaḥ 
BhP_10.65.017/1 dvau māsau tatra cāvātsīn madhuṃ mādhavaṃ eva ca 
BhP_",cosmology,0.7,auto-linked from bhagavata_purana_10
chunk:bhagavata_purana_10:781,mentions,element:water,bhagavata_purana_10,781,"ibhrat smita-mukhāmbhojaṃ sveda-prāleya-bhūṣitam 
BhP_10.65.025/1 sa ājuhāva yamunāṃ jala-krīḍārtham īśvaraḥ 
BhP_10.65.",cosmology,0.7,auto-linked from bhagavata_purana_10
chunk:bhagavata_purana_10:784,mentions,plant:lotus,bhagavata_purana_10,784,"02/3 iti prastobhito bālair mena ātmānam acyutam 
BhP_10.66.003/1 dūtaṃ ca prāhiṇon mandaḥ kṛṣṇāyāvyakta-vartmane 
BhP_1",cosmology,0.7,auto-linked from bhagavata_purana_10
chunk:bhagavata_purana_10:795,mentions,vastu:deity_mitra,bhagavata_purana_10,795,"-pāpaiḥ pramucyate 
BhP_10.67.001/0 śrī-rājovāca 
BhP_10.67.001/1 bhuyo 'haṃ śrotum icchāmi rāmasyādbhuta-karmaṇaḥ 
BhP_",cosmology,0.7,auto-linked from bhagavata_purana_10
chunk:bhagavata_purana_10:796,mentions,vastu:deity_mitra,bhagavata_purana_10,796,"04/3 ānartān sutarām eva yatrāste mitra-hā hariḥ 
BhP_10.67.005/1 kvacit samudra-madhya-stho dorbhyām utkṣipya taj-jalam",cosmology,0.7,auto-linked from bhagavata_purana_10
chunk:bhagavata_purana_10:797,mentions,bhava:hasya,bhagavata_purana_10,797,"3 śrutvā su-lalitaṃ gītaṃ giriṃ raivatakaṃ yayau 
BhP_10.67.009/1 tatrāpaśyad yadu-patiṃ rāmaṃ puṣkara-mālinam 
BhP_10.6",cosmology,0.7,auto-linked from bhagavata_purana_10
chunk:bhagavata_purana_10:798,mentions,bhava:hasya,bhagavata_purana_10,798,".012/3 hāsya-priyā vijahasur baladeva-parigrahāḥ 
BhP_10.67.013/1 tā helayām āsa kapir bhrū-kṣepair sammukhādibhiḥ 
BhP_",cosmology,0.7,auto-linked from bhagavata_purana_10
chunk:bhagavata_purana_10:805,mentions,deity:kali,bhagavata_purana_10,805,"kumāraṃ svasya kanyāṃ ca sva-puraṃ jayino 'viśan 
BhP_10.68.013/1 tac chrutvā nāradoktena rājan sañjāta-manyavaḥ 
BhP_10",cosmology,0.7,auto-linked from bhagavata_purana_10
chunk:bhagavata_purana_10:805,mentions,graha:chandra,bhagavata_purana_10,805,"kumāraṃ svasya kanyāṃ ca sva-puraṃ jayino 'viśan 
BhP_10.68.013/1 tac chrutvā nāradoktena rājan sañjāta-manyavaḥ 
BhP_10",cosmology,0.7,auto-linked from bhagavata_purana_10
chunk:bhagavata_purana_10:807,mentions,bhava:virya,bhagavata_purana_10,807,"0/3 parasparam atho rāmo babhāṣe 'viklavaṃ vacaḥ 
BhP_10.68.021/1 ugrasenaḥ kṣiteśeśo yad va ājñāpayat prabhuḥ 
BhP_10.6",cosmology,0.7,auto-linked from bhagavata_purana_10
chunk:bhagavata_purana_10:811,mentions,parampara:brahma,bhagavata_purana_10,811,"yasya pāda-yugaṃ sākṣāc chrīr upāste 'khileśvarī 
BhP_10.68.036/3 sa nārhati kila śrīśo naradeva-paricchadān 
BhP_10.68.",cosmology,0.7,auto-linked from bhagavata_purana_10
chunk:bhagavata_purana_10:812,mentions,element:water,bhagavata_purana_10,812,".039/3 asambaddhā giṛo rukṣāḥ kaḥ sahetānuśāsītā 
BhP_10.68.040/1 adya niṣkauravaṃ pṛthvīṃ kariṣyāmīty amarṣitaḥ 
BhP_10",cosmology,0.7,auto-linked from bhagavata_purana_10
chunk:bhagavata_purana_10:821,mentions,parampara:narada,bhagavata_purana_10,821,"0.69.016/3 vāṇyābhibhāṣya mitayāmṛta-miṣṭayā taṃ 
BhP_10.69.016/4 prāha prabho bhagavate karavāma he kim 
BhP_10.69.017/",cosmology,0.7,auto-linked from bhagavata_purana_10
chunk:bhagavata_purana_10:822,mentions,parampara:krishna,bhagavata_purana_10,822,"18/4 dhyāyaṃś carāmy anugṛhāṇa yathā smṛtiḥ syāt 
BhP_10.69.019/1 tato 'nyad āviśad gehaṃ kṛṣṇa-patnyāḥ sa nāradaḥ 
BhP_",cosmology,0.7,auto-linked from bhagavata_purana_10
chunk:bhagavata_purana_10:823,mentions,deity:brahma,bhagavata_purana_10,823,"/3 sa tu vismita utthāya tūṣṇīm anyad agād gṛham 
BhP_10.69.023/1 tatrāpy acaṣṭa govindaṃ lālayantaṃ sutān śiśūn 
BhP_10",cosmology,0.7,auto-linked from bhagavata_purana_10
chunk:bhagavata_purana_10:824,mentions,element:water,bhagavata_purana_10,824,"kvacic chayānaṃ paryaṅke stūyamānaṃ ca vandibhiḥ 
BhP_10.69.027/1 mantrayantaṃ ca kasmiṃścin mantribhiś coddhavādibhiḥ 
",cosmology,0.7,auto-linked from bhagavata_purana_10
chunk:bhagavata_purana_10:830,mentions,devi:nitya,bhagavata_purana_10,830,"1 brāhme muhūrta utthāya vāry upaspṛśya mādhavaḥ 
BhP_10.70.004/3 dadhyau prasanna-karaṇa ātmānaṃ tamasaḥ param 
BhP_10.",cosmology,0.7,auto-linked from bhagavata_purana_10
chunk:bhagavata_purana_10:830,mentions,deity:brahma,bhagavata_purana_10,830,"1 brāhme muhūrta utthāya vāry upaspṛśya mādhavaḥ 
BhP_10.70.004/3 dadhyau prasanna-karaṇa ātmānaṃ tamasaḥ param 
BhP_10.",cosmology,0.7,auto-linked from bhagavata_purana_10
chunk:bhagavata_purana_10:834,mentions,bhava:hasya,bhagavata_purana_10,834,"sane vibhur babhau sva-bhāsā kakubho 'vabhāsayan 
BhP_10.70.018/3 vṛto nṛ-siṃhair yadubhir yadūttamo yathoḍu-rājo divi t",cosmology,0.7,auto-linked from bhagavata_purana_10
chunk:bhagavata_purana_10:834,mentions,deity:brahma,bhagavata_purana_10,834,"sane vibhur babhau sva-bhāsā kakubho 'vabhāsayan 
BhP_10.70.018/3 vṛto nṛ-siṃhair yadubhir yadūttamo yathoḍu-rājo divi t",cosmology,0.7,auto-linked from bhagavata_purana_10
chunk:bhagavata_purana_10:835,mentions,parampara:krishna,bhagavata_purana_10,835,"/1 tatraikaḥ puruṣo rājann āgato 'pūrva-darśanaḥ 
BhP_10.70.022/3 vijñāpito bhagavate pratīhāraiḥ praveśitaḥ 
BhP_10.70.",cosmology,0.7,auto-linked from bhagavata_purana_10
chunk:bhagavata_purana_10:839,mentions,parampara:narada,bhagavata_purana_10,839,"3 vavanda utthitaḥ śīrṣṇā sa-sabhyaḥ sānugo mudā 
BhP_10.70.034/1 sabhājayitvā vidhi-vat kṛtāsana-parigraham 
BhP_10.70.",cosmology,0.7,auto-linked from bhagavata_purana_10
chunk:bhagavata_purana_10:840,mentions,deity:brahma,bhagavata_purana_10,840,"huśo duratyayā māyā vibho viśva-sṛjaś ca māyinaḥ 
BhP_10.70.037/3 bhūteṣu bhūmaṃś carataḥ sva-śaktibhir vahner iva cchan",cosmology,0.7,auto-linked from bhagavata_purana_10
chunk:bhagavata_purana_10:841,mentions,deity:brahma,bhagavata_purana_10,841,"40/1 athāpy āśrāvaye brahma nara-loka-viḍambanam 
BhP_10.70.040/3 rājñaḥ paitṛ-ṣvasreyasya bhaktasya ca cikīrṣitam 
BhP_",cosmology,0.7,auto-linked from bhagavata_purana_10
chunk:bhagavata_purana_10:844,mentions,deity:brahma,bhagavata_purana_10,844,"03/1 yaṣṭavyam rājasūyena dik-cakra-jayinā vibho 
BhP_10.71.003/3 ato jarā-suta-jaya ubhayārtho mato mama 
BhP_10.71.004",cosmology,0.7,auto-linked from bhagavata_purana_10
chunk:bhagavata_purana_10:845,mentions,deity:brahma,bhagavata_purana_10,845,"1 brahma-veṣa-dharo gatvā taṃ bhikṣeta vṛkodaraḥ 
BhP_10.71.007/3 haniṣyati na sandeho dvai-rathe tava sannidhau 
BhP_10",cosmology,0.7,auto-linked from bhagavata_purana_10
chunk:bhagavata_purana_10:845,mentions,parampara:krishna,bhagavata_purana_10,845,"1 brahma-veṣa-dharo gatvā taṃ bhikṣeta vṛkodaraḥ 
BhP_10.71.007/3 haniṣyati na sandeho dvai-rathe tava sannidhau 
BhP_10",cosmology,0.7,auto-linked from bhagavata_purana_10
chunk:bhagavata_purana_10:850,mentions,deity:brahma,bhagavata_purana_10,850,"3/3 ajāta-śatrur niragāt sopadhyāyaḥ suhṛd-vṛtaḥ 
BhP_10.71.024/1 gīta-vāditra-ghoṣeṇa brahma-ghoṣeṇa bhūyasā 
BhP_10.71",cosmology,0.7,auto-linked from bhagavata_purana_10
chunk:bhagavata_purana_10:852,mentions,nakshatra:chitra,bhagavata_purana_10,852,"evaṃ suhṛdbhiḥ paryastaḥ puṇya-śloka-śikhāmaṇiḥ 
BhP_10.71.030/3 saṃstūyamāno bhagavān viveśālaṅkṛtaṃ puram 
BhP_10.71.0",cosmology,0.7,auto-linked from bhagavata_purana_10
chunk:bhagavata_purana_10:855,mentions,graha:guru,bhagavata_purana_10,855,"/3 prītātmotthāya paryaṅkāt sa-snuṣā pariṣasvaje 
BhP_10.71.039/1 govindaṃ gṛham ānīya deva-deveśam ādṛtaḥ 
BhP_10.71.03",cosmology,0.7,auto-linked from bhagavata_purana_10
chunk:bhagavata_purana_10:855,mentions,parampara:krishna,bhagavata_purana_10,855,"/3 prītātmotthāya paryaṅkāt sa-snuṣā pariṣasvaje 
BhP_10.71.039/1 govindaṃ gṛham ānīya deva-deveśam ādṛtaḥ 
BhP_10.71.03",cosmology,0.7,auto-linked from bhagavata_purana_10
chunk:bhagavata_purana_10:857,mentions,plant:lotus,bhagavata_purana_10,857,"ḥ kṣatriyair vaiśyair bhrātṛbhiś ca yudhiṣṭhiraḥ 
BhP_10.72.002/1 ācāryaiḥ kula-vṛddhaiś ca jñāti-sambandhi-bāndhavaiḥ 
",cosmology,0.7,auto-linked from bhagavata_purana_10
chunk:bhagavata_purana_10:861,mentions,deity:brahma,bhagavata_purana_10,861,"14/1 te vijitya nṛpān vīrā ājahrur digbhya ojasā 
BhP_10.72.014/3 ajāta-śatrave bhūri draviṇaṃ nṛpa yakṣyate 
BhP_10.72.",cosmology,0.7,auto-linked from bhagavata_purana_10
chunk:bhagavata_purana_10:863,mentions,deity:brahma,bhagavata_purana_10,863,"ṇa dhruvaṃ gatāḥ 
BhP_10.72.022/0 śrī-śuka uvāca 
BhP_10.72.022/1 svarair ākṛtibhis tāṃs tu prakoṣṭhair jyā-hatair api 
",cosmology,0.7,auto-linked from bhagavata_purana_10
chunk:bhagavata_purana_10:870,mentions,vastu:deity_vara,bhagavata_purana_10,870,"kṣut-kṣāmāḥ śuṣka-vadanāḥ saṃrodha-parikarśitāḥ 
BhP_10.73.002/3 dadṛśus te ghana-śyāmaṃ pīta-kauśeya-vāsasam 
BhP_10.73",cosmology,0.7,auto-linked from bhagavata_purana_10
chunk:bhagavata_purana_10:871,mentions,parampara:krishna,bhagavata_purana_10,871,"1 jighranta iva nāsābhyāṃ rambhanta iva bāhubhiḥ 
BhP_10.73.006/3 praṇemur hata-pāpmāno mūrdhabhiḥ pādayor hareḥ 
BhP_10",cosmology,0.7,auto-linked from bhagavata_purana_10
chunk:bhagavata_purana_10:875,mentions,deity:brahma,bhagavata_purana_10,875,"1 bhavanta etad vijñāya dehādy utpādyam anta-vat 
BhP_10.73.021/3 māṃ yajanto 'dhvarair yuktāḥ prajā dharmeṇa rakṣyatha ",cosmology,0.7,auto-linked from bhagavata_purana_10
chunk:bhagavata_purana_10:880,mentions,deity:brahma,bhagavata_purana_10,880,"ūnām iva vaikṛtī 
BhP_10.74.006/0 śrī-śuka uvāca 
BhP_10.74.006/1 ity uktvā yajñiye kāle vavre yuktān sa ṛtvijaḥ 
BhP_10",cosmology,0.7,auto-linked from bhagavata_purana_10
chunk:bhagavata_purana_10:882,mentions,parampara:krishna,bhagavata_purana_10,882,"013/3 indrādayo loka-pālā viriñci-bhava-saṃyutāḥ 
BhP_10.74.014/1 sa-gaṇāḥ siddha-gandharvā vidyādhara-mahoragāḥ 
BhP_10",cosmology,0.7,auto-linked from bhagavata_purana_10
chunk:bhagavata_purana_10:886,mentions,parampara:krishna,bhagavata_purana_10,886,"itthaṃ sabhājitaṃ vīkṣya sarve prāñjalayo janāḥ 
BhP_10.74.029/3 namo jayeti nemus taṃ nipetuḥ puṣpa-vṛṣṭayaḥ 
BhP_10.74",cosmology,0.7,auto-linked from bhagavata_purana_10
chunk:bhagavata_purana_10:887,mentions,deity:brahma,bhagavata_purana_10,887,"3 sadasas-patayaḥ sarve kṛṣṇo yat sammato 'rhaṇe 
BhP_10.74.033/1 tapo-vidyā-vrata-dharān jñāna-vidhvasta-kalmaṣān 
BhP_",cosmology,0.7,auto-linked from bhagavata_purana_10
chunk:bhagavata_purana_10:888,mentions,deity:brahma,bhagavata_purana_10,888,"3 vṛthā-pāna-rataṃ śaśvat saparyāṃ katham arhati 
BhP_10.74.037/1 brahmarṣi-sevitān deśān hitvaite 'brahma-varcasam 
BhP",cosmology,0.7,auto-linked from bhagavata_purana_10
chunk:bhagavata_purana_10:889,mentions,parampara:krishna,bhagavata_purana_10,889,"ato nāpaiti yaḥ so 'pi yāty adhaḥ sukṛtāc cyutaḥ 
BhP_10.74.041/1 tataḥ pāṇḍu-sutāḥ kruddhā matsya-kaikaya-sṛñjayāḥ 
BhP",cosmology,0.7,auto-linked from bhagavata_purana_10
chunk:bhagavata_purana_10:891,mentions,deity:brahma,bhagavata_purana_10,891,".048/3 uvāsa katicin māsān suhṛdbhir abhiyācitaḥ 
BhP_10.74.049/1 tato 'nujñāpya rājānam anicchantam apīśvaraḥ 
BhP_10.7",cosmology,0.7,auto-linked from bhagavata_purana_10
chunk:bhagavata_purana_10:893,mentions,graha:guru,bhagavata_purana_10,893,"/3 iti śrutaṃ no bhagavaṃs tatra kāraṇam ucyatām 
BhP_10.75.003/0 śrī-bādarāyaṇir uvāca 
BhP_10.75.003/1 pitāmahasya te ",cosmology,0.7,auto-linked from bhagavata_purana_10
chunk:bhagavata_purana_10:895,mentions,nakshatra:chitra,bhagavata_purana_10,895,"10/1 nārtakyo nanṛtur hṛṣṭā gāyakā yūthaśo jaguḥ 
BhP_10.75.010/3 vīṇā-veṇu-talonnādas teṣāṃ sa divam aspṛśat 
BhP_10.75",cosmology,0.7,auto-linked from bhagavata_purana_10
chunk:bhagavata_purana_10:895,mentions,deity:brahma,bhagavata_purana_10,895,"10/1 nārtakyo nanṛtur hṛṣṭā gāyakā yūthaśo jaguḥ 
BhP_10.75.010/3 vīṇā-veṇu-talonnādas teṣāṃ sa divam aspṛśat 
BhP_10.75",cosmology,0.7,auto-linked from bhagavata_purana_10
chunk:bhagavata_purana_10:898,mentions,vastu:deity_mitra,bhagavata_purana_10,898,"020/3 mumucuḥ puṣpa-varṣāṇi devarṣi-pitṛ-mānavāḥ 
BhP_10.75.021/1 sasnus tatra tataḥ sarve varṇāśrama-yutā narāḥ 
BhP_10",cosmology,0.7,auto-linked from bhagavata_purana_10
chunk:bhagavata_purana_10:899,mentions,deity:brahma,bhagavata_purana_10,899,"75.024/3 nāryaś ca kuṇḍala-yugālaka-vṛnda-juṣṭa- 
BhP_10.75.024/4 vaktra-śriyaḥ kanaka-mekhalayā virejuḥ 
BhP_10.75.025/",cosmology,0.7,auto-linked from bhagavata_purana_10
chunk:bhagavata_purana_10:901,mentions,plant:mahua,bhagavata_purana_10,901,"2/1 yasmiṃs narendra-ditijendra-surendra-lakṣmīr 
BhP_10.75.032/2 nānā vibhānti kila viśva-sṛjopakḷptāḥ 
BhP_10.75.032/3",cosmology,0.7,auto-linked from bhagavata_purana_10
chunk:bhagavata_purana_10:909,mentions,plant:arka,bhagavata_purana_10,909,"māyā-mayaṃ maya-kṛtaṃ durvibhāvyaṃ parair abhūt 
BhP_10.76.022/1 kvacid bhūmau kvacid vyomni giri-mūrdhni jale kvacit 
B",cosmology,0.7,auto-linked from bhagavata_purana_10
chunk:bhagavata_purana_10:913,mentions,parampara:krishna,bhagavata_purana_10,913,"gada-sātyaki-sāmbādyā jaghnuḥ saubha-pater balam 
BhP_10.77.004/3 petuḥ samudre saubheyāḥ sarve sañchinna-kandharāḥ 
BhP",cosmology,0.7,auto-linked from bhagavata_purana_10
chunk:bhagavata_purana_10:915,mentions,parampara:krishna,bhagavata_purana_10,915,"/1 śālvaś ca kṛṣṇam ālokya hata-prāya-baleśvaraḥ 
BhP_10.77.012/3 prāharat kṛṣṇa-sūtaya śaktiṃ bhīma-ravāṃ mṛdhe 
BhP_10",cosmology,0.7,auto-linked from bhagavata_purana_10
chunk:bhagavata_purana_10:917,mentions,parampara:krishna,bhagavata_purana_10,917,"/3 paurusaṃ darśayanti sma śūrā na bahu-bhāṣiṇaḥ 
BhP_10.77.020/1 ity uktvā bhagavāñ chālvaṃ gadayā bhīma-vegayā 
BhP_10",cosmology,0.7,auto-linked from bhagavata_purana_10
chunk:bhagavata_purana_10:921,mentions,parampara:krishna,bhagavata_purana_10,921,"P_10.77.033/4 saubhaṃ ca śatror gadayā ruroja ha 
BhP_10.77.034/1 tat kṛṣṇa-hasteritayā vicūrṇitaṃ papāta toye gadayā sa",cosmology,0.7,auto-linked from bhagavata_purana_10
chunk:bhagavata_purana_10:923,mentions,parampara:krishna,bhagavata_purana_10,923,"03/1 taṃ tathāyāntam ālokya gadām ādāya satvaraḥ 
BhP_10.78.003/3 avaplutya rathāt kṛṣṇaḥ sindhuṃ veleva pratyadhāt 
BhP",cosmology,0.7,auto-linked from bhagavata_purana_10
chunk:bhagavata_purana_10:923,mentions,vastu:deity_mitra,bhagavata_purana_10,923,"03/1 taṃ tathāyāntam ālokya gadām ādāya satvaraḥ 
BhP_10.78.003/3 avaplutya rathāt kṛṣṇaḥ sindhuṃ veleva pratyadhāt 
BhP",cosmology,0.7,auto-linked from bhagavata_purana_10
chunk:bhagavata_purana_10:926,mentions,yantra:bindu,bhagavata_purana_10,926,".015/1 upagīyamāna-vijayaḥ kusumair abhivarṣitaḥ 
BhP_10.78.015/3 vṛtaś ca vṛṣṇi-pravarair viveśālaṅkṛtāṃ purīm 
BhP_10.",cosmology,0.7,auto-linked from bhagavata_purana_10
chunk:bhagavata_purana_10:927,mentions,yantra:bindu,bhagavata_purana_10,927,"9/1 pṛthūdakaṃ bindu-saras tritakūpaṃ sudarśanam 
BhP_10.78.019/3 viśālaṃ brahma-tīrthaṃ ca cakraṃ prācīṃ sarasvatīm 
Bh",cosmology,0.7,auto-linked from bhagavata_purana_10
chunk:bhagavata_purana_10:927,mentions,deity:brahma,bhagavata_purana_10,927,"9/1 pṛthūdakaṃ bindu-saras tritakūpaṃ sudarśanam 
BhP_10.78.019/3 viśālaṃ brahma-tīrthaṃ ca cakraṃ prācīṃ sarasvatīm 
Bh",cosmology,0.7,auto-linked from bhagavata_purana_10
chunk:bhagavata_purana_10:929,mentions,deity:brahma,bhagavata_purana_10,929,"7/1 etad-artho hi loke 'sminn avatāro mayā kṛtaḥ 
BhP_10.78.027/3 vadhyā me dharma-dhvajinas te hi pātakino 'dhikāḥ 
BhP",cosmology,0.7,auto-linked from bhagavata_purana_10
chunk:bhagavata_purana_10:930,mentions,deity:brahma,bhagavata_purana_10,930,"031/1 ajānataivācaritas tvayā brahma-vadho yathā 
BhP_10.78.031/3 yogeśvarasya bhavato nāmnāyo 'pi niyāmakaḥ 
BhP_10.78.",cosmology,0.7,auto-linked from bhagavata_purana_10
chunk:bhagavata_purana_10:931,mentions,guna:sattva,bhagavata_purana_10,931,"sādhaye yoga-māyayā 
BhP_10.78.035/0 ṛṣaya ūcuḥ 
BhP_10.78.035/1 astrasya tava vīryasya mṛtyor asmākam eva ca 
BhP_10.78",cosmology,0.7,auto-linked from bhagavata_purana_10
chunk:bhagavata_purana_10:933,mentions,deity:brahma,bhagavata_purana_10,933,"1 tato 'medhya-mayaṃ varṣaṃ balvalena vinirmitam 
BhP_10.79.002/3 abhavad yajña-śālāyāṃ so 'nvadṛśyata śūla-dhṛk 
BhP_10",cosmology,0.7,auto-linked from bhagavata_purana_10
chunk:bhagavata_purana_10:941,mentions,bhava:adbhuta,bhagavata_purana_10,941,"33/3 anantasyāprameyasya māyā-martyasya santi hi 
BhP_10.79.034/1 yo 'nusmareta rāmasya karmāṇy adbhuta-karmaṇaḥ 
BhP_10",cosmology,0.7,auto-linked from bhagavata_purana_10
chunk:bhagavata_purana_10:942,mentions,deity:brahma,bhagavata_purana_10,942,"a guṇān gṛṇīte karau ca tat-karma-karau manaś ca 
BhP_10.80.003/3 smared vasantaṃ sthira-jaṅgameṣu śṛṇoti tat-puṇya-kath",cosmology,0.7,auto-linked from bhagavata_purana_10
chunk:bhagavata_purana_10:943,mentions,deity:brahma,bhagavata_purana_10,943,"ṛṣṇasyāsīt sakhā kaścid brāhmaṇo brahma-vittamaḥ 
BhP_10.80.006/3 virakta indriyārtheṣu praśāntātmā jitendriyaḥ 
BhP_10.",cosmology,0.7,auto-linked from bhagavata_purana_10
chunk:bhagavata_purana_10:945,mentions,parampara:krishna,bhagavata_purana_10,945,"/3 apy asty upāyanaṃ kiñcid gṛhe kalyāṇi dīyatām 
BhP_10.80.014/1 yācitvā caturo muṣṭīn viprān pṛthuka-taṇḍulān 
BhP_10.",cosmology,0.7,auto-linked from bhagavata_purana_10
chunk:bhagavata_purana_10:948,mentions,graha:guru,bhagavata_purana_10,948,"25/3 śriyā hīnena loke 'smin garhitenādhamena ca 
BhP_10.80.026/1 yo 'sau tri-loka-guruṇā śrī-nivāsena sambhṛtaḥ 
BhP_10",cosmology,0.7,auto-linked from bhagavata_purana_10
chunk:bhagavata_purana_10:949,mentions,graha:guru,bhagavata_purana_10,949,"9/3 naivāti-prīyase vidvan dhaneṣu viditaṃ hi me 
BhP_10.80.030/1 kecit kurvanti karmāṇi kāmair ahata-cetasaḥ 
BhP_10.80",cosmology,0.7,auto-linked from bhagavata_purana_10
chunk:bhagavata_purana_10:950,mentions,graha:guru,bhagavata_purana_10,950,"3/3 ye mayā guruṇā vācā taranty añjo bhavārṇavam 
BhP_10.80.034/1 nāham ijyā-prajātibhyāṃ tapasopaśamena vā 
BhP_10.80.0",cosmology,0.7,auto-linked from bhagavata_purana_10
chunk:bhagavata_purana_10:950,mentions,element:water,bhagavata_purana_10,950,"3/3 ye mayā guruṇā vācā taranty añjo bhavārṇavam 
BhP_10.80.034/1 nāham ijyā-prajātibhyāṃ tapasopaśamena vā 
BhP_10.80.0",cosmology,0.7,auto-linked from bhagavata_purana_10
chunk:bhagavata_purana_10:951,mentions,element:water,bhagavata_purana_10,951,"/3 nimnaṃ kūlaṃ jala-mayaṃ na prājñāyata kiñcana 
BhP_10.80.038/1 vayaṃ bhṛśam tatra mahānilāmbubhir nihanyamānā mahur a",cosmology,0.7,auto-linked from bhagavata_purana_10
chunk:bhagavata_purana_10:951,mentions,graha:guru,bhagavata_purana_10,951,"/3 nimnaṃ kūlaṃ jala-mayaṃ na prājñāyata kiñcana 
BhP_10.80.038/1 vayaṃ bhṛśam tatra mahānilāmbubhir nihanyamānā mahur a",cosmology,0.7,auto-linked from bhagavata_purana_10
chunk:bhagavata_purana_10:952,mentions,graha:guru,bhagavata_purana_10,952,"etad eva hi sac-chiṣyaiḥ kartavyaṃ guru-niṣkṛtam 
BhP_10.80.041/3 yad vai viśuddha-bhāvena sarvārthātmārpaṇaṃ gurau 
BhP",cosmology,0.7,auto-linked from bhagavata_purana_10
chunk:bhagavata_purana_10:952,mentions,vastu:deity_satya,bhagavata_purana_10,952,"etad eva hi sac-chiṣyaiḥ kartavyaṃ guru-niṣkṛtam 
BhP_10.80.041/3 yad vai viśuddha-bhāvena sarvārthātmārpaṇaṃ gurau 
BhP",cosmology,0.7,auto-linked from bhagavata_purana_10
chunk:bhagavata_purana_10:952,mentions,deity:brahma,bhagavata_purana_10,952,"etad eva hi sac-chiṣyaiḥ kartavyaṃ guru-niṣkṛtam 
BhP_10.80.041/3 yad vai viśuddha-bhāvena sarvārthātmārpaṇaṃ gurau 
BhP",cosmology,0.7,auto-linked from bhagavata_purana_10
chunk:bhagavata_purana_10:953,mentions,deity:brahma,bhagavata_purana_10,953,"1 yasya cchando-mayaṃ brahma deha āvapanaṃ vibho 
BhP_10.80.045/3 śreyasāṃ tasya guruṣu vāso 'tyanta-viḍambanam 
BhP_10.",cosmology,0.7,auto-linked from bhagavata_purana_10
chunk:bhagavata_purana_10:957,mentions,deity:brahma,bhagavata_purana_10,957,"5/1 aho brahmaṇya-devasya dṛṣṭā brahmaṇyatā mayā 
BhP_10.81.015/3 yad daridratamo lakṣmīm āśliṣṭo bibhratorasi 
BhP_10.8",cosmology,0.7,auto-linked from bhagavata_purana_10
chunk:bhagavata_purana_10:961,mentions,vastu:deity_parjanya,bhagavata_purana_10,961,"31/1 svaccha-sphaṭika-kuḍyeṣu mahā-mārakateṣu ca 
BhP_10.81.032/3 ratna-dīpān bhrājamānān lalanā ratna-saṃyutāḥ 
BhP_10.",cosmology,0.7,auto-linked from bhagavata_purana_10
chunk:bhagavata_purana_10:962,mentions,bhava:sakhya,bhagavata_purana_10,962,"at svayam īkṣamāṇo dāśārhakāṇām ṛṣabhaḥ sakhā me 
BhP_10.81.035/1 kiñcit karoty urv api yat sva-dattaṃ 
BhP_10.81.035/2 ",cosmology,0.7,auto-linked from bhagavata_purana_10
chunk:bhagavata_purana_10:966,mentions,parampara:krishna,bhagavata_purana_10,966,"r nadadbhir abhrābhair nṛbhir vidyādhara-dyubhiḥ 
BhP_10.82.008/1 vyarocanta mahā-tejāḥ pathi kāñcana-mālinaḥ 
BhP_10.82",cosmology,0.7,auto-linked from bhagavata_purana_10
chunk:bhagavata_purana_10:968,mentions,parampara:krishna,bhagavata_purana_10,968,"sravaj-jalā hṛṣyat-tvaco ruddha-giro yayur mudam 
BhP_10.82.015/1 striyaś ca saṃvīkṣya mitho 'ti-sauhṛda- 
BhP_10.82.015",cosmology,0.7,auto-linked from bhagavata_purana_10
chunk:bhagavata_purana_10:971,mentions,parampara:krishna,bhagavata_purana_10,971,"25/3 yudhāmanyuḥ suśarmā ca sa-sutā bāhlikādayaḥ 
BhP_10.82.026/1 rājāno ye ca rājendra yudhiṣṭhiram anuvratāḥ 
BhP_10.8",cosmology,0.7,auto-linked from bhagavata_purana_10
chunk:bhagavata_purana_10:972,mentions,parampara:krishna,bhagavata_purana_10,972,".82.029/2 pādāvanejana-payaś ca vacaś ca śāstram 
BhP_10.82.029/3 bhūḥ kāla-bharjita-bhagāpi yad-aṅghri-padma- 
BhP_10.8",cosmology,0.7,auto-linked from bhagavata_purana_10
chunk:bhagavata_purana_10:973,mentions,parampara:krishna,bhagavata_purana_10,973,"tatrāgamad vṛto gopair anaḥ-sthārthair didṛkṣayā 
BhP_10.82.032/1 taṃ dṛṣṭvā vṛṣṇayo hṛṣṭās tanvaḥ prāṇam ivotthitāḥ 
Bh",cosmology,0.7,auto-linked from bhagavata_purana_10
chunk:bhagavata_purana_10:975,mentions,devi:nitya,bhagavata_purana_10,975,"satāṃ paraḥ svaḥ 
BhP_10.82.039/0 śrī-śuka uvāca 
BhP_10.82.039/1 gopyaś ca kṛṣṇam upalabhya cirād abhīṣṭaṃ 
BhP_10.82.0",cosmology,0.7,auto-linked from bhagavata_purana_10
chunk:bhagavata_purana_10:979,mentions,parampara:krishna,bhagavata_purana_10,979,"hP_10.83.004/3 kālopasṛṣṭa-nigamāvana ātta-yoga- 
BhP_10.83.004/4 māyākṛtiṃ paramahaṃsa-gatiṃ natāḥ sma 
BhP_10.83.005/0",cosmology,0.7,auto-linked from bhagavata_purana_10
chunk:bhagavata_purana_10:980,mentions,parampara:krishna,bhagavata_purana_10,980,"he kṛṣṇa-patnya etan no brūte vo bhagavān svayam 
BhP_10.83.007/3 upayeme yathā lokam anukurvan sva-māyayā 
BhP_10.83.00",cosmology,0.7,auto-linked from bhagavata_purana_10
chunk:bhagavata_purana_10:982,mentions,vastu:deity_vara,bhagavata_purana_10,982,"gṛha-mārjanī 
BhP_10.83.012/0 śrī-mitravindovāca 
BhP_10.83.012/1 yo māṃ svayaṃ-vara upetya vijitya bhū-pān 
BhP_10.83.0",cosmology,0.7,auto-linked from bhagavata_purana_10
chunk:bhagavata_purana_10:982,mentions,bhava:virya,bhagavata_purana_10,982,"gṛha-mārjanī 
BhP_10.83.012/0 śrī-mitravindovāca 
BhP_10.83.012/1 yo māṃ svayaṃ-vara upetya vijitya bhū-pān 
BhP_10.83.0",cosmology,0.7,auto-linked from bhagavata_purana_10
chunk:bhagavata_purana_10:983,mentions,bhava:virya,bhagavata_purana_10,983,"okān 
BhP_10.83.014/1 ya itthaṃ vīrya-śulkāṃ māṃ 
BhP_10.83.014/2 dāsībhiś catur-angiṇīm 
BhP_10.83.014/3 pathi nirjitya",cosmology,0.7,auto-linked from bhagavata_purana_10
chunk:bhagavata_purana_10:983,mentions,parampara:narada,bhagavata_purana_10,983,"okān 
BhP_10.83.014/1 ya itthaṃ vīrya-śulkāṃ māṃ 
BhP_10.83.014/2 dāsībhiś catur-angiṇīm 
BhP_10.83.014/3 pathi nirjitya",cosmology,0.7,auto-linked from bhagavata_purana_10
chunk:bhagavata_purana_10:984,mentions,parampara:narada,bhagavata_purana_10,984,"uta-janma-karma śrutvā muhur nārada-gītam āsa ha 
BhP_10.83.017/3 cittaṃ mukunde kila padma-hastayā vṛtaḥ su-sammṛśya vi",cosmology,0.7,auto-linked from bhagavata_purana_10
chunk:bhagavata_purana_10:989,mentions,nakshatra:chitra,bhagavata_purana_10,989,"10.83.036/1 tataḥ purīṃ yadu-patir aty-alaṅkṛtāṃ 
BhP_10.83.036/2 ravi-cchada-dhvaja-paṭa-citra-toraṇām 
BhP_10.83.036/3",cosmology,0.7,auto-linked from bhagavata_purana_10
chunk:bhagavata_purana_10:991,mentions,parampara:krishna,bhagavata_purana_10,991,"a-kuṅkuma-gandhāḍhyaṃ mūrdhnā voḍhuṃ gadā-bhṛtaḥ 
BhP_10.83.043/1 vraja-striyo yad vāñchanti pulindyas tṛṇa-vīrudhaḥ 
Bh",cosmology,0.7,auto-linked from bhagavata_purana_10
chunk:bhagavata_purana_10:992,mentions,parampara:krishna,bhagavata_purana_10,992,".002/3 āyayur munayas tatra kṛṣṇa-rāma-didṛkṣayā 
BhP_10.84.003/1 dvaipāyano nāradaś ca cyavano devalo 'sitaḥ 
BhP_10.84",cosmology,0.7,auto-linked from bhagavata_purana_10
chunk:bhagavata_purana_10:992,mentions,deity:brahma,bhagavata_purana_10,992,".002/3 āyayur munayas tatra kṛṣṇa-rāma-didṛkṣayā 
BhP_10.84.003/1 dvaipāyano nāradaś ca cyavano devalo 'sitaḥ 
BhP_10.84",cosmology,0.7,auto-linked from bhagavata_purana_10
chunk:bhagavata_purana_10:993,mentions,parampara:krishna,bhagavata_purana_10,993,"pāṇḍavāḥ kṛṣṇa-rāmau ca praṇemur viśva-vanditān 
BhP_10.84.007/1 tān ānarcur yathā sarve saha-rāmo 'cyuto 'rcayat 
BhP_1",cosmology,0.7,auto-linked from bhagavata_purana_10
chunk:bhagavata_purana_10:994,mentions,graha:chandra,bhagavata_purana_10,994,"3 darśana-sparśana-praśna- prahva-pādārcanādikam 
BhP_10.84.011/1 na hy am-mayāni tīrthāni na devā mṛc-chilā-mayāḥ 
BhP_",cosmology,0.7,auto-linked from bhagavata_purana_10
chunk:bhagavata_purana_10:996,mentions,deity:brahma,bhagavata_purana_10,996,"ati gūḍha īhayā aho vicitram bhagavad-viceṣṭitam 
BhP_10.84.017/1 anīha etad bahudhaika ātmanā sṛjaty avaty atti na badh",cosmology,0.7,auto-linked from bhagavata_purana_10
chunk:bhagavata_purana_10:997,mentions,deity:brahma,bhagavata_purana_10,997,"d brahma-kulaṃ brahman śāstra-yones tvam ātmanaḥ 
BhP_10.84.020/3 sabhājayasi sad dhāma tad brahmaṇyāgraṇīr bhavān 
BhP_",cosmology,0.7,auto-linked from bhagavata_purana_10
chunk:bhagavata_purana_10:999,mentions,parampara:narada,bhagavata_purana_10,999,"ity anujñāpya dāśārhaṃ dhṛtarāṣṭraṃ yudhiṣṭhiram 
BhP_10.84.027/3 rājarṣe svāśramān gantuṃ munayo dadhire manaḥ 
BhP_10.",cosmology,0.7,auto-linked from bhagavata_purana_10
chunk:bhagavata_purana_10:1004,mentions,vastu:deity_soma,bhagavata_purana_10,1004,"045/3 dīkṣā-śālām upājagmur āliptā vastu-pāṇayaḥ 
BhP_10.84.046/1 nedur mṛdaṅga-paṭaha- śaṅkha-bhery-ānakādayaḥ 
BhP_10.",cosmology,0.7,auto-linked from bhagavata_purana_10
chunk:bhagavata_purana_10:1005,mentions,deity:agni,bhagavata_purana_10,1005,"49/1 tasyartvijo mahā-rāja ratna-kauśeya-vāsasaḥ 
BhP_10.84.049/3 sa-sadasyā virejus te yathā vṛtra-haṇo 'dhvare 
BhP_10",cosmology,0.7,auto-linked from bhagavata_purana_10
chunk:bhagavata_purana_10:1007,mentions,parampara:krishna,bhagavata_purana_10,1007,"tarāṣṭro 'nujaḥ pārthā bhīṣmo droṇaḥ pṛthā yamau 
BhP_10.84.057/3 nārado bhagavān vyāsaḥ suhṛt-sambandhi-bāndhavāḥ 
BhP_",cosmology,0.7,auto-linked from bhagavata_purana_10
chunk:bhagavata_purana_10:1010,mentions,parampara:krishna,bhagavata_purana_10,1010,"9/1 nando gopāś ca gopyaś ca govinda-caraṇāmbuje 
BhP_10.84.069/3 manaḥ kṣiptaṃ punar hartum anīśā mathurāṃ yayuḥ 
BhP_1",cosmology,0.7,auto-linked from bhagavata_purana_10
chunk:bhagavata_purana_10:1011,mentions,parampara:krishna,bhagavata_purana_10,1011,"1 munīnāṃ sa vacaḥ śrutvā putrayor dhāma-sūcakam 
BhP_10.85.002/3 tad-vīryair jāta-viśrambhaḥ paribhāṣyābhyabhāṣata 
BhP",cosmology,0.7,auto-linked from bhagavata_purana_10
chunk:bhagavata_purana_10:1013,mentions,guna:rajas,bhagavata_purana_10,1013,"driyaṃ tv indriyāṇāṃ tvaṃ devāś ca tad-anugrahaḥ 
BhP_10.85.010/3 avabodho bhavān buddher jīvasyānusmṛtiḥ satī 
BhP_10.8",cosmology,0.7,auto-linked from bhagavata_purana_10
chunk:bhagavata_purana_10:1017,mentions,parampara:krishna,bhagavata_purana_10,1017,"24/3 ātma-sṛṣṭais tat-kṛteṣu bhūteṣu bahudheyate 
BhP_10.85.025/1 khaṃ vāyur jyotir āpo bhūs tat-kṛteṣu yathāśayam 
BhP_",cosmology,0.7,auto-linked from bhagavata_purana_10
chunk:bhagavata_purana_10:1018,mentions,parampara:krishna,bhagavata_purana_10,1018,"/3 smarantī kṛpaṇaṃ prāha vaiklavyād aśru-locanā 
BhP_10.85.029/0 śrī-devaky uvāca 
BhP_10.85.029/1 rāma rāmāprameyātman",cosmology,0.7,auto-linked from bhagavata_purana_10
chunk:bhagavata_purana_10:1018,mentions,graha:guru,bhagavata_purana_10,1018,"/3 smarantī kṛpaṇaṃ prāha vaiklavyād aśru-locanā 
BhP_10.85.029/0 śrī-devaky uvāca 
BhP_10.85.029/1 rāma rāmāprameyātman",cosmology,0.7,auto-linked from bhagavata_purana_10
chunk:bhagavata_purana_10:1019,mentions,graha:guru,bhagavata_purana_10,1019,"2/3 āninyathuḥ pitṛ-sthānād gurave guru-dakṣiṇām 
BhP_10.85.033/1 tathā me kurutaṃ kāmaṃ yuvāṃ yogeśvareśvarau 
BhP_10.8",cosmology,0.7,auto-linked from bhagavata_purana_10
chunk:bhagavata_purana_10:1020,mentions,deity:brahma,bhagavata_purana_10,1020,"hP_10.85.035/4 sadyaḥ samutthāya nanāma sānvayaḥ 
BhP_10.85.036/1 tayoḥ samānīya varāsanaṃ mudā niviṣṭayos tatra mahātma",cosmology,0.7,auto-linked from bhagavata_purana_10
chunk:bhagavata_purana_10:1021,mentions,guna:rajas,bhagavata_purana_10,1021,"nṛpa gadgadākṣaram 
BhP_10.85.039/0 balir uvāca 
BhP_10.85.039/1 namo 'nantāya bṛhate namaḥ kṛṣṇāya vedhase 
BhP_10.85.0",cosmology,0.7,auto-linked from bhagavata_purana_10
chunk:bhagavata_purana_10:1021,mentions,guna:sattva,bhagavata_purana_10,1021,"nṛpa gadgadākṣaram 
BhP_10.85.039/0 balir uvāca 
BhP_10.85.039/1 namo 'nantāya bṛhate namaḥ kṛṣṇāya vedhase 
BhP_10.85.0",cosmology,0.7,auto-linked from bhagavata_purana_10
chunk:bhagavata_purana_10:1022,mentions,guna:sattva,bhagavata_purana_10,1022,"nityaṃ nibaddha-vairās te vayaṃ cānye ca tādṛśāḥ 
BhP_10.85.043/1 kecanodbaddha-vaireṇa bhaktyā kecana kāmataḥ 
BhP_10.8",cosmology,0.7,auto-linked from bhagavata_purana_10
chunk:bhagavata_purana_10:1026,mentions,parampara:vyasa,bhagavata_purana_10,1026,"8/1 evaṃ-vidhāny adbhutāni kṛṣṇasya paramātmanaḥ 
BhP_10.85.058/3 vīryāṇy ananta-vīryasya santy anantāni bhārata 
BhP_10",cosmology,0.7,auto-linked from bhagavata_purana_10
chunk:bhagavata_purana_10:1028,mentions,deity:durga,bhagavata_purana_10,1028,"3 śraddhayopahṛtaṃ bhaikṣyaṃ balena bubhuje kila 
BhP_10.86.006/1 so 'paśyat tatra mahatīṃ kanyāṃ vīra-mano-harām 
BhP_1",cosmology,0.7,auto-linked from bhagavata_purana_10
chunk:bhagavata_purana_10:1029,mentions,vastu:deity_vara,bhagavata_purana_10,1029,"9/3 jahārānumataḥ pitroḥ kṛṣṇasya ca mahā-rathaḥ 
BhP_10.86.010/1 ratha-stho dhanur ādāya śūrāṃś cārundhato bhaṭān 
BhP_",cosmology,0.7,auto-linked from bhagavata_purana_10
chunk:bhagavata_purana_10:1031,mentions,plant:mahua,bhagavata_purana_10,1031,"3 āruhya sākaṃ munibhir videhān prayayau prabhuḥ 
BhP_10.86.018/1 nārado vāmadevo 'triḥ kṛṣṇo rāmo 'sito 'ruṇiḥ 
BhP_10.",cosmology,0.7,auto-linked from bhagavata_purana_10
chunk:bhagavata_purana_10:1037,mentions,guna:sattva,bhagavata_purana_10,1037,"svāgatenābhinandyāṅghrīn sa-bhāryo 'vanije mudā 
BhP_10.86.040/1 tad-ambhasā mahā-bhāga ātmānaṃ sa-gṛhānvayam 
BhP_10.86",cosmology,0.7,auto-linked from bhagavata_purana_10
chunk:bhagavata_purana_10:1041,mentions,deity:brahma,bhagavata_purana_10,1041,"na brāhmaṇān me dayitaṃ rūpam etac catur-bhujam 
BhP_10.86.054/3 sarva-veda-mayo vipraḥ sarva-deva-mayo hy aham 
BhP_10.",cosmology,0.7,auto-linked from bhagavata_purana_10
chunk:bhagavata_purana_10:1044,mentions,deity:brahma,bhagavata_purana_10,1044,"3 dharma-jñāna-śamopetam ā-kalpād āsthitas tapaḥ 
BhP_10.87.007/1 tatropaviṣṭam ṛṣibhiḥ kalāpa-grāma-vāsibhiḥ 
BhP_10.87",cosmology,0.7,auto-linked from bhagavata_purana_10
chunk:bhagavata_purana_10:1045,mentions,deity:brahma,bhagavata_purana_10,1045,"3 brahma-vādaḥ su-saṃvṛttaḥ śrutayo yatra śerate 
BhP_10.87.010/5 tatra hāyam abhūt praśnas tvaṃ māṃ yam anupṛcchasi 
Bh",cosmology,0.7,auto-linked from bhagavata_purana_10
chunk:bhagavata_purana_10:1052,mentions,guna:sattva,bhagavata_purana_10,1052,"4 tvayi na tataḥ paratra sa bhaved avabodha-rase 
BhP_10.87.026/1 sad iva manas tri-vṛt tvayi vibhāty asad ā-manujāt 
Bh",cosmology,0.7,auto-linked from bhagavata_purana_10
chunk:bhagavata_purana_10:1054,mentions,element:water,bhagavata_purana_10,1054,"29/4 viyata ivāpadasya tava śūnya-tulāṃ dadhataḥ 
BhP_10.87.030/1 aparimitā dhruvās tanu-bhṛto yadi sarva-gatās 
BhP_10.",cosmology,0.7,auto-linked from bhagavata_purana_10
chunk:bhagavata_purana_10:1056,mentions,devi:nitya,bhagavata_purana_10,1056,"/4 vaṇija ivāja santy akṛta-karṇa-dharā jaladhau 
BhP_10.87.034/1 svajana-sutātma-dāra-dhana-dhāma-dharāsu-rathais 
BhP_",cosmology,0.7,auto-linked from bhagavata_purana_10
chunk:bhagavata_purana_10:1057,mentions,vastu:deity_vitatha,bhagavata_purana_10,1057,".035/4 na punar upāsate puruṣa-sāra-harāvasathān 
BhP_10.87.036/1 sata idaṃ utthitaṃ sad iti cen nanu tarka-hataṃ 
BhP_1",cosmology,0.7,auto-linked from bhagavata_purana_10
chunk:bhagavata_purana_10:1058,mentions,vastu:deity_vitatha,bhagavata_purana_10,1058,"4 vitatha-mano-vilāsam ṛtam ity avayanty abudhāḥ 
BhP_10.87.038/1 sa yad ajayā tv ajām anuśayīta guṇāṃś ca juṣan 
BhP_10",cosmology,0.7,auto-linked from bhagavata_purana_10
chunk:bhagavata_purana_10:1060,mentions,deity:brahma,bhagavata_purana_10,1060,"van-nidhanāḥ 
BhP_10.87.042/0 śrī-bhagavān uvāca 
BhP_10.87.042/1 ity etad brahmaṇaḥ putrā āśrutyātmānuśāsanam 
BhP_10.8",cosmology,0.7,auto-linked from bhagavata_purana_10
chunk:bhagavata_purana_10:1061,mentions,parampara:narada,bhagavata_purana_10,1061,"3 pūrṇaḥ śruta-dharo rājann āha vīra-vrato muniḥ 
BhP_10.87.046/0 śrī-nārada uvāca 
BhP_10.87.046/1 namas tasmai bhagava",cosmology,0.7,auto-linked from bhagavata_purana_10
chunk:bhagavata_purana_10:1065,mentions,deity:brahma,bhagavata_purana_10,1065,"mat-paraiḥ kṛta-maitrasya kariṣye mad-anugraham 
BhP_10.88.010/1 tad brahma paramaṃ sūkṣmaṃ cin-mātraṃ sad anantakam 
Bh",cosmology,0.7,auto-linked from bhagavata_purana_10
chunk:bhagavata_purana_10:1065,mentions,vastu:deity_vara,bhagavata_purana_10,1065,"mat-paraiḥ kṛta-maitrasya kariṣye mad-anugraham 
BhP_10.88.010/1 tad brahma paramaṃ sūkṣmaṃ cin-mātraṃ sad anantakam 
Bh",cosmology,0.7,auto-linked from bhagavata_purana_10
chunk:bhagavata_purana_10:1065,mentions,parampara:brahma,bhagavata_purana_10,1065,"mat-paraiḥ kṛta-maitrasya kariṣye mad-anugraham 
BhP_10.88.010/1 tad brahma paramaṃ sūkṣmaṃ cin-mātraṃ sad anantakam 
Bh",cosmology,0.7,auto-linked from bhagavata_purana_10
chunk:bhagavata_purana_10:1066,mentions,vastu:deity_asura,bhagavata_purana_10,1066,".88.013/1 atra codāharantīmam itihāsaṃ purātanam 
BhP_10.88.013/3 vṛkāsurāya giriśo varaṃ dattvāpa saṅkaṭam 
BhP_10.88.0",cosmology,0.7,auto-linked from bhagavata_purana_10
chunk:bhagavata_purana_10:1067,mentions,vastu:deity_asura,bhagavata_purana_10,1067,"7/1 ity ādiṣṭas tam asura upādhāvat sva-gātrataḥ 
BhP_10.88.017/3 kedāra ātma-kravyeṇa juhvāno gni-mukhaṃ haram 
BhP_10.",cosmology,0.7,auto-linked from bhagavata_purana_10
chunk:bhagavata_purana_10:1068,mentions,vastu:deity_vara,bhagavata_purana_10,1068,"āṃ prapadyatām aho tvayātmā bhṛśam ardyate vṛthā 
BhP_10.88.021/1 devaṃ sa vavre pāpīyān varaṃ bhūta-bhayāvaham 
BhP_10.",cosmology,0.7,auto-linked from bhagavata_purana_10
chunk:bhagavata_purana_10:1073,mentions,deity:brahma,bhagavata_purana_10,1073,"śakty-udanvataḥ parasya sākṣāt paramātmano hareḥ 
BhP_10.88.040/3 giritra-mokṣaṃ kathayec chṛṇoti vā vimucyate saṃsṛtibh",cosmology,0.7,auto-linked from bhagavata_purana_10
chunk:bhagavata_purana_10:1073,mentions,guna:sattva,bhagavata_purana_10,1073,"śakty-udanvataḥ parasya sākṣāt paramātmano hareḥ 
BhP_10.88.040/3 giritra-mokṣaṃ kathayec chṛṇoti vā vimucyate saṃsṛtibh",cosmology,0.7,auto-linked from bhagavata_purana_10
chunk:bhagavata_purana_10:1076,mentions,deity:brahma,bhagavata_purana_10,1076,"1 adyāhaṃ bhagavaṃl lakṣmyā āsam ekānta-bhājanam 
BhP_10.89.011/3 vatsyaty urasi me bhūtir bhavat-pāda-hatāṃhasaḥ 
BhP_1",cosmology,0.7,auto-linked from bhagavata_purana_10
chunk:bhagavata_purana_10:1079,mentions,deity:brahma,bhagavata_purana_10,1079,"1/1 ekadā dvāravatyāṃ tu vipra-patnyāḥ kumārakaḥ 
BhP_10.89.021/3 jāta-mātro bhuvaṃ spṛṣṭvā mamāra kila bhārata 
BhP_10.",cosmology,0.7,auto-linked from bhagavata_purana_10
chunk:bhagavata_purana_10:1079,mentions,devi:nitya,bhagavata_purana_10,1079,"1/1 ekadā dvāravatyāṃ tu vipra-patnyāḥ kumārakaḥ 
BhP_10.89.021/3 jāta-mātro bhuvaṃ spṛṣṭvā mamāra kila bhārata 
BhP_10.",cosmology,0.7,auto-linked from bhagavata_purana_10
chunk:bhagavata_purana_10:1080,mentions,plant:arjuna,bhagavata_purana_10,1080,"1 evaṃ dvitīyaṃ viprarṣis tṛtīyaṃ tv evam eva ca 
BhP_10.89.025/3 visṛjya sa nṛpa-dvāri tāṃ gāthāṃ samagāyata 
BhP_10.89",cosmology,0.7,auto-linked from bhagavata_purana_10
chunk:bhagavata_purana_10:1081,mentions,plant:arjuna,bhagavata_purana_10,1081,"/1 ahaṃ prajāḥ vāṃ bhagavan rakṣiṣye dīnayor iha 
BhP_10.89.029/3 anistīrṇa-pratijño 'gniṃ pravekṣye hata-kalmaṣaḥ 
BhP_",cosmology,0.7,auto-linked from bhagavata_purana_10
chunk:bhagavata_purana_10:1083,mentions,parampara:krishna,bhagavata_purana_10,1083,"divyāny astrāṇi saṃsmṛtya sajyaṃ gāṇḍīvam ādade 
BhP_10.89.037/1 nyaruṇat sūtikāgāraṃ śarair nānāstra-yojitaiḥ 
BhP_10.8",cosmology,0.7,auto-linked from bhagavata_purana_10
chunk:bhagavata_purana_10:1098,mentions,plant:lotus,bhagavata_purana_10,1098,"ya-rāva-padāni bhāṣase mṛta-sañjīvikayānayā girā 
BhP_10.90.021/3 karavāṇi kim adya te priyaṃ vada me valgita-kaṇṭha kok",cosmology,0.7,auto-linked from bhagavata_purana_10
chunk:bhagavata_purana_10:1098,mentions,plant:mahua,bhagavata_purana_10,1098,"ya-rāva-padāni bhāṣase mṛta-sañjīvikayānayā girā 
BhP_10.90.021/3 karavāṇi kim adya te priyaṃ vada me valgita-kaṇṭha kok",cosmology,0.7,auto-linked from bhagavata_purana_10
chunk:bhagavata_purana_10:1102,mentions,plant:mahua,bhagavata_purana_10,1102,"034/1 puṣkaro vedabāhuś ca śrutadevaḥ sunandanaḥ 
BhP_10.90.034/3 citrabāhur virūpaś ca kavir nyagrodha eva ca 
BhP_10.9",cosmology,0.7,auto-linked from bhagavata_purana_10
chunk:bhagavata_purana_10:1104,mentions,parampara:krishna,bhagavata_purana_10,1104,"/1 saṅkhyānaṃ yādavānāṃ kaḥ kariṣyati mahātmanām 
BhP_10.90.042/3 yatrāyutānām ayuta- lakṣeṇāste sa āhukaḥ 
BhP_10.90.04",cosmology,0.7,auto-linked from bhagavata_purana_10
chunk:bhagavata_purana_10:1105,mentions,parampara:krishna,bhagavata_purana_10,1105,"3 na viduḥ santam ātmānaṃ vṛṣṇayaḥ kṛṣṇa-cetasaḥ 
BhP_10.90.047/1 tīrthaṃ cakre nṛponaṃ yad ajani yaduṣu svaḥ-sarit pāda",cosmology,0.7,auto-linked from bhagavata_purana_10
chunk:bhagavata_purana_10:1105,mentions,vastu:deity_vara,bhagavata_purana_10,1105,"3 na viduḥ santam ātmānaṃ vṛṣṇayaḥ kṛṣṇa-cetasaḥ 
BhP_10.90.047/1 tīrthaṃ cakre nṛponaṃ yad ajani yaduṣu svaḥ-sarit pāda",cosmology,0.7,auto-linked from bhagavata_purana_10
chunk:brahma_samhita:0,mentions,deity:brahma,brahma_samhita,0,"Brahma Samhita Chapter 5 — Key Verses

5.1
ishvarah paramah krishnah sac-cid-ananda-vigrahah
anadir adir govindah sarva-",gaudiya,0.7,auto-linked from brahma_samhita
chunk:brahma_samhita:0,mentions,deity:krishna,brahma_samhita,0,"Brahma Samhita Chapter 5 — Key Verses

5.1
ishvarah paramah krishnah sac-cid-ananda-vigrahah
anadir adir govindah sarva-",gaudiya,0.7,auto-linked from brahma_samhita
chunk:brahma_samhita:0,mentions,deity:lakshmi,brahma_samhita,0,"Brahma Samhita Chapter 5 — Key Verses

5.1
ishvarah paramah krishnah sac-cid-ananda-vigrahah
anadir adir govindah sarva-",gaudiya,0.7,auto-linked from brahma_samhita
chunk:brahma_samhita:2,mentions,body:region_eyes,brahma_samhita,2,"a-shobham
govindam adi-purusham tam aham bhajami

Playing on His flute, with eyes like lotus petals, His head adorned wi",gaudiya,0.7,auto-linked from brahma_samhita
chunk:brahma_samhita:2,mentions,plant:lotus,brahma_samhita,2,"a-shobham
govindam adi-purusham tam aham bhajami

Playing on His flute, with eyes like lotus petals, His head adorned wi",gaudiya,0.7,auto-linked from brahma_samhita
chunk:brahma_samhita:2,mentions,body:region_head,brahma_samhita,2,"a-shobham
govindam adi-purusham tam aham bhajami

Playing on His flute, with eyes like lotus petals, His head adorned wi",gaudiya,0.7,auto-linked from brahma_samhita
chunk:brahma_samhita:3,mentions,tala:raga_pilu,brahma_samhita,3,"tma-bhuto
govindam adi-purusham tam aham bhajami

He resides in His own realm, Goloka, with Radha, who resembles His own",gaudiya,0.7,auto-linked from brahma_samhita
chunk:brahma_samhita:4,mentions,body:region_eyes,brahma_samhita,4,"-svarupam
govindam adi-purusham tam aham bhajami

Those who have anointed their eyes with the salve of pure love always ",gaudiya,0.7,auto-linked from brahma_samhita
chunk:sikshashtakam:0,mentions,deity:krishna,sikshashtakam,0,"verse 1
ceto-darpana-marjanam bhava-maha-davagni-nirvapanam
shreyah-kairava-chandrika-vitaranam vidya-vadhu-jivanam
anan",gaudiya,0.7,auto-linked from sikshashtakam
chunk:brihat_jataka:3,mentions,graha:chandra,brihat_jataka,3,"etil.sub.uni-goettingen.de/gretil.htm 
 
 
 
 
 

Table of the Contents 
 
01.rāśi.prabheda 20 
02.graha.bheda 21 
03.vi",jyotish,0.7,auto-linked from brihat_jataka
chunk:brihat_jataka:5,mentions,vastu:deity_vara,brihat_jataka,5,"yāya.samanviteṣu.bahuśaḥ.śāstreṣu.dṛṣṭeṣv.api/ 
 
BJ_01.02b/.horā.tantra.mahā.arṇava.prataraṇe.bhagna.udyamānām.ahaṃ.sva",jyotish,0.7,auto-linked from brihat_jataka
chunk:brihat_jataka:6,mentions,graha:chandra,brihat_jataka,6,"nam.ūru.jānu.yugule.jaṅghe.tato.aṅghri.dvayam/ 
 
BJ_01.04b/.meṣa.aśvi.prathamā.nava.ṛkṣa.caraṇāś.cakra.sthitā.rāśayo.rā",jyotish,0.7,auto-linked from brihat_jataka
chunk:brihat_jataka:6,mentions,graha:guru,brihat_jataka,6,"nam.ūru.jānu.yugule.jaṅghe.tato.aṅghri.dvayam/ 
 
BJ_01.04b/.meṣa.aśvi.prathamā.nava.ṛkṣa.caraṇāś.cakra.sthitā.rāśayo.rā",jyotish,0.7,auto-linked from brihat_jataka
chunk:brihat_jataka:7,mentions,graha:guru,brihat_jataka,7,"ra.guru.manda.sauri.guravaś.ca.gṛha.aṃśakapaḥ/ 
 
BJ_01.06b/.aja.mṛga.tauli.candra.bhavana.ādi.nava.aṃśa.vidhir.bhavana.",jyotish,0.7,auto-linked from brihat_jataka
chunk:brihat_jataka:7,mentions,graha:chandra,brihat_jataka,7,"ra.guru.manda.sauri.guravaś.ca.gṛha.aṃśakapaḥ/ 
 
BJ_01.06b/.aja.mṛga.tauli.candra.bhavana.ādi.nava.aṃśa.vidhir.bhavana.",jyotish,0.7,auto-linked from brihat_jataka
chunk:brihat_jataka:7,mentions,graha:mangala,brihat_jataka,7,"ra.guru.manda.sauri.guravaś.ca.gṛha.aṃśakapaḥ/ 
 
BJ_01.06b/.aja.mṛga.tauli.candra.bhavana.ādi.nava.aṃśa.vidhir.bhavana.",jyotish,0.7,auto-linked from brihat_jataka
chunk:brihat_jataka:9,mentions,graha:chandra,brihat_jataka,9,"i.īśāḥ.kriya.vṛṣa.nṛyuk.karkaṭāḥ.sa.tri.koṇāḥ/ 
 
BJ_01.11b/.mārtaṇḍa.indvor.ayuji.sama.bhe.candra.bhānvoś.ca.hore.dreṣk",jyotish,0.7,auto-linked from brihat_jataka
chunk:brihat_jataka:9,mentions,vastu:deity_tithi,brihat_jataka,9,"i.īśāḥ.kriya.vṛṣa.nṛyuk.karkaṭāḥ.sa.tri.koṇāḥ/ 
 
BJ_01.11b/.mārtaṇḍa.indvor.ayuji.sama.bhe.candra.bhānvoś.ca.hore.dreṣk",jyotish,0.7,auto-linked from brihat_jataka
chunk:brihat_jataka:10,mentions,graha:guru,brihat_jataka,10,"aka.viṃśatibhiś.ca.te.asta.nīcāḥ//(puṣpitāgrā) 
 
BJ_01.14a/.varga.uttamāś.cara.gṛha.ādiṣu.pūrva.madhya.paryantataḥ.śubh",jyotish,0.7,auto-linked from brihat_jataka
chunk:brihat_jataka:11,mentions,graha:guru,brihat_jataka,11,"āni.cittottha.randhra.guru.māna.bhava.vyayāni/ 
 
BJ_01.16b/.lagnāc.caturtha.nidhane.caturasra.saṃjñe.dyūnaṃ.ca.saptama.",jyotish,0.7,auto-linked from brihat_jataka
chunk:brihat_jataka:11,mentions,tala:caturasra,brihat_jataka,11,"āni.cittottha.randhra.guru.māna.bhava.vyayāni/ 
 
BJ_01.16b/.lagnāc.caturtha.nidhane.caturasra.saṃjñe.dyūnaṃ.ca.saptama.",jyotish,0.7,auto-linked from brihat_jataka
chunk:brihat_jataka:12,mentions,graha:guru,brihat_jataka,12,".daśamam.atra.ca.karma.vidyāt//(vasantatilakā) 
 
BJ_01.19a/.horā.svāmi.guru.jña.vīkṣita.yutā.na.anyaiś.ca.vīrya.utkaṭā.",jyotish,0.7,auto-linked from brihat_jataka
chunk:brihat_jataka:12,mentions,bhava:virya,brihat_jataka,12,".daśamam.atra.ca.karma.vidyāt//(vasantatilakā) 
 
BJ_01.19a/.horā.svāmi.guru.jña.vīkṣita.yutā.na.anyaiś.ca.vīrya.utkaṭā.",jyotish,0.7,auto-linked from brihat_jataka
chunk:brihat_jataka:14,mentions,parampara:krishna,brihat_jataka,14,"aḥ.koṇo.mandaḥ.sūrya.putro.asitaś.ca//(śālinī) 
 
BJ_02.03a/.jīvo.aṅgirāḥ.sura.gurur.vacasāṃ.patījyaḥ.śukro.bhṛgur.bhṛgu",jyotish,0.7,auto-linked from brihat_jataka
chunk:brihat_jataka:14,mentions,nakshatra:chitra,brihat_jataka,14,"aḥ.koṇo.mandaḥ.sūrya.putro.asitaś.ca//(śālinī) 
 
BJ_02.03a/.jīvo.aṅgirāḥ.sura.gurur.vacasāṃ.patījyaḥ.śukro.bhṛgur.bhṛgu",jyotish,0.7,auto-linked from brihat_jataka
chunk:brihat_jataka:14,mentions,deity:indra,brihat_jataka,14,"aḥ.koṇo.mandaḥ.sūrya.putro.asitaś.ca//(śālinī) 
 
BJ_02.03a/.jīvo.aṅgirāḥ.sura.gurur.vacasāṃ.patījyaḥ.śukro.bhṛgur.bhṛgu",jyotish,0.7,auto-linked from brihat_jataka
chunk:brihat_jataka:15,mentions,deity:indra,brihat_jataka,15,".keśava.indra.śacikāḥ.sūrya.ādi.nāthāḥ.kramāt/ 
 
BJ_02.05b/.prāg.ādyā.ravi.śukra.lohita.tamaḥ.saura.indu.vit.sūrayaḥ.kṣ",jyotish,0.7,auto-linked from brihat_jataka
chunk:brihat_jataka:15,mentions,plant:arka,brihat_jataka,15,".keśava.indra.śacikāḥ.sūrya.ādi.nāthāḥ.kramāt/ 
 
BJ_02.05b/.prāg.ādyā.ravi.śukra.lohita.tamaḥ.saura.indu.vit.sūrayaḥ.kṣ",jyotish,0.7,auto-linked from brihat_jataka
chunk:brihat_jataka:15,mentions,graha:budha,brihat_jataka,15,".keśava.indra.śacikāḥ.sūrya.ādi.nāthāḥ.kramāt/ 
 
BJ_02.05b/.prāg.ādyā.ravi.śukra.lohita.tamaḥ.saura.indu.vit.sūrayaḥ.kṣ",jyotish,0.7,auto-linked from brihat_jataka
chunk:brihat_jataka:15,mentions,graha:mangala,brihat_jataka,15,".keśava.indra.śacikāḥ.sūrya.ādi.nāthāḥ.kramāt/ 
 
BJ_02.05b/.prāg.ādyā.ravi.śukra.lohita.tamaḥ.saura.indu.vit.sūrayaḥ.kṣ",jyotish,0.7,auto-linked from brihat_jataka
chunk:brihat_jataka:15,mentions,graha:chandra,brihat_jataka,15,".keśava.indra.śacikāḥ.sūrya.ādi.nāthāḥ.kramāt/ 
 
BJ_02.05b/.prāg.ādyā.ravi.śukra.lohita.tamaḥ.saura.indu.vit.sūrayaḥ.kṣ",jyotish,0.7,auto-linked from brihat_jataka
chunk:brihat_jataka:15,mentions,guna:rajas,brihat_jataka,15,".keśava.indra.śacikāḥ.sūrya.ādi.nāthāḥ.kramāt/ 
 
BJ_02.05b/.prāg.ādyā.ravi.śukra.lohita.tamaḥ.saura.indu.vit.sūrayaḥ.kṣ",jyotish,0.7,auto-linked from brihat_jataka
chunk:brihat_jataka:16,mentions,guna:rajas,brihat_jataka,16,".yathā.kramaṃ.satva.rajas.tamāṃsi//(upajātikā) 
 
BJ_02.08a/.madhu.piṅgala.dṛk.caturasra.tanuḥ.pitta.prakṛtiḥ.savitā.alp",jyotish,0.7,auto-linked from brihat_jataka
chunk:brihat_jataka:16,mentions,plant:mahua,brihat_jataka,16,".yathā.kramaṃ.satva.rajas.tamāṃsi//(upajātikā) 
 
BJ_02.08a/.madhu.piṅgala.dṛk.caturasra.tanuḥ.pitta.prakṛtiḥ.savitā.alp",jyotish,0.7,auto-linked from brihat_jataka
chunk:brihat_jataka:16,mentions,tala:caturasra,brihat_jataka,16,".yathā.kramaṃ.satva.rajas.tamāṃsi//(upajātikā) 
 
BJ_02.08a/.madhu.piṅgala.dṛk.caturasra.tanuḥ.pitta.prakṛtiḥ.savitā.alp",jyotish,0.7,auto-linked from brihat_jataka
chunk:brihat_jataka:16,mentions,dosha:pitta,brihat_jataka,16,".yathā.kramaṃ.satva.rajas.tamāṃsi//(upajātikā) 
 
BJ_02.08a/.madhu.piṅgala.dṛk.caturasra.tanuḥ.pitta.prakṛtiḥ.savitā.alp",jyotish,0.7,auto-linked from brihat_jataka
chunk:brihat_jataka:16,mentions,bhava:hasya,brihat_jataka,16,".yathā.kramaṃ.satva.rajas.tamāṃsi//(upajātikā) 
 
BJ_02.08a/.madhu.piṅgala.dṛk.caturasra.tanuḥ.pitta.prakṛtiḥ.savitā.alp",jyotish,0.7,auto-linked from brihat_jataka
chunk:brihat_jataka:16,mentions,dosha:kapha,brihat_jataka,16,".yathā.kramaṃ.satva.rajas.tamāṃsi//(upajātikā) 
 
BJ_02.08a/.madhu.piṅgala.dṛk.caturasra.tanuḥ.pitta.prakṛtiḥ.savitā.alp",jyotish,0.7,auto-linked from brihat_jataka
chunk:brihat_jataka:17,mentions,plant:arka,brihat_jataka,17,"a.anila.ātma.asita.vakra.mūrdhajaḥ//(vaśastha) 
 
BJ_02.11a/.mando.alasaḥ.kapila.dṛk.kṛśa.dīrgha.gātraḥ.sthūla.dvijaḥ.pa",jyotish,0.7,auto-linked from brihat_jataka
chunk:brihat_jataka:17,mentions,graha:chandra,brihat_jataka,17,"a.anila.ātma.asita.vakra.mūrdhajaḥ//(vaśastha) 
 
BJ_02.11a/.mando.alasaḥ.kapila.dṛk.kṛśa.dīrgha.gātraḥ.sthūla.dvijaḥ.pa",jyotish,0.7,auto-linked from brihat_jataka
chunk:brihat_jataka:17,mentions,graha:budha,brihat_jataka,17,"a.anila.ātma.asita.vakra.mūrdhajaḥ//(vaśastha) 
 
BJ_02.11a/.mando.alasaḥ.kapila.dṛk.kṛśa.dīrgha.gātraḥ.sthūla.dvijaḥ.pa",jyotish,0.7,auto-linked from brihat_jataka
chunk:brihat_jataka:17,mentions,deity:agni,brihat_jataka,17,"a.anila.ātma.asita.vakra.mūrdhajaḥ//(vaśastha) 
 
BJ_02.11a/.mando.alasaḥ.kapila.dṛk.kṛśa.dīrgha.gātraḥ.sthūla.dvijaḥ.pa",jyotish,0.7,auto-linked from brihat_jataka
chunk:brihat_jataka:18,mentions,tala:caturasra,brihat_jataka,18,"aḥ.śa.śu.ruca.jña.gv.ādiṣu.udyatsu.vā//(śā.vi) 
 
BJ_02.13a/.tri.daśa.tri.koṇa.caturasra.saptamāny.avalokayanti.caraṇa.a",jyotish,0.7,auto-linked from brihat_jataka
chunk:brihat_jataka:18,mentions,rasa:tikta,brihat_jataka,18,"aḥ.śa.śu.ruca.jña.gv.ādiṣu.udyatsu.vā//(śā.vi) 
 
BJ_02.13a/.tri.daśa.tri.koṇa.caturasra.saptamāny.avalokayanti.caraṇa.a",jyotish,0.7,auto-linked from brihat_jataka
chunk:brihat_jataka:18,mentions,rasa:madhura,brihat_jataka,18,"aḥ.śa.śu.ruca.jña.gv.ādiṣu.udyatsu.vā//(śā.vi) 
 
BJ_02.13a/.tri.daśa.tri.koṇa.caturasra.saptamāny.avalokayanti.caraṇa.a",jyotish,0.7,auto-linked from brihat_jataka
chunk:brihat_jataka:19,mentions,vastu:deity_satya,brihat_jataka,19,"uja.indv.ināś.ca.suhṛdaḥ.keṣāṃ.cid.evaṃ.matam/ 
 
BJ_02.15b/.satya.ukte.suhṛdas.tri.koṇa.bhavanāt.svāt.sva.antya.dhī.dha",jyotish,0.7,auto-linked from brihat_jataka
chunk:brihat_jataka:19,mentions,graha:mangala,brihat_jataka,19,"uja.indv.ināś.ca.suhṛdaḥ.keṣāṃ.cid.evaṃ.matam/ 
 
BJ_02.15b/.satya.ukte.suhṛdas.tri.koṇa.bhavanāt.svāt.sva.antya.dhī.dha",jyotish,0.7,auto-linked from brihat_jataka
chunk:brihat_jataka:20,mentions,graha:mangala,brihat_jataka,20,"rkī.suhṛdau.samau.kuja.gurū.śukrasya.śeṣāvarī/ 
 
BJ_02.17b/.śukrajau.suhṛdau.samaḥ.sura.guruḥ.saurasya.ca.anye.arayo.ye",jyotish,0.7,auto-linked from brihat_jataka
chunk:brihat_jataka:20,mentions,vastu:deity_vyaya,brihat_jataka,20,"rkī.suhṛdau.samau.kuja.gurū.śukrasya.śeṣāvarī/ 
 
BJ_02.17b/.śukrajau.suhṛdau.samaḥ.sura.guruḥ.saurasya.ca.anye.arayo.ye",jyotish,0.7,auto-linked from brihat_jataka
chunk:brihat_jataka:20,mentions,vastu:deity_mitra,brihat_jataka,20,"rkī.suhṛdau.samau.kuja.gurū.śukrasya.śeṣāvarī/ 
 
BJ_02.17b/.śukrajau.suhṛdau.samaḥ.sura.guruḥ.saurasya.ca.anye.arayo.ye",jyotish,0.7,auto-linked from brihat_jataka
chunk:brihat_jataka:21,mentions,graha:budha,brihat_jataka,21,"ava.aṃśaiḥ.sthāna.balaṃ.sva.gṛha.upagataiś.ca/ 
 
BJ_02.19b/.dikṣu.budha.aṅgirasau.ravi.bhaumau.sūrya.sutaḥ.sita.śīta.ka",jyotish,0.7,auto-linked from brihat_jataka
chunk:brihat_jataka:21,mentions,bhava:virya,brihat_jataka,21,"ava.aṃśaiḥ.sthāna.balaṃ.sva.gṛha.upagataiś.ca/ 
 
BJ_02.19b/.dikṣu.budha.aṅgirasau.ravi.bhaumau.sūrya.sutaḥ.sita.śīta.ka",jyotish,0.7,auto-linked from brihat_jataka
chunk:brihat_jataka:21,mentions,graha:mangala,brihat_jataka,21,"ava.aṃśaiḥ.sthāna.balaṃ.sva.gṛha.upagataiś.ca/ 
 
BJ_02.19b/.dikṣu.budha.aṅgirasau.ravi.bhaumau.sūrya.sutaḥ.sita.śīta.ka",jyotish,0.7,auto-linked from brihat_jataka
chunk:brihat_jataka:22,mentions,graha:chandra,brihat_jataka,22,"ṛddhito.vīryavantaḥ//E2 
 
 
 
03.viyoni.janma 
 
BJ_03.01a/.krūra.grahaiḥ.subalibhir.vibalaiś.ca.saumyaiḥ.klībe.catuṣṭa",jyotish,0.7,auto-linked from brihat_jataka
chunk:brihat_jataka:23,mentions,graha:budha,brihat_jataka,23,"u.sphik.puccham.ity.āha.catuṣpada.aṅge//(u.jā) 
 
BJ_03.04a/.lagna.aṃśakād.graha.yoga.īkṣaṇād.vā.varṇān.vaded.bala.yuktā",jyotish,0.7,auto-linked from brihat_jataka
chunk:brihat_jataka:24,mentions,element:water,brihat_jataka,24,"ṃ.toye.sthale.taru.bhava.aṃśa.kṛtaḥ.prabhedaḥ/ 
 
BJ_03.06b/.lagnād.grahaḥ.sthala.jala.ṛkṣa.patis.tu.yāvāṃs.tāvanta.eva.",jyotish,0.7,auto-linked from brihat_jataka
chunk:brihat_jataka:25,mentions,graha:mangala,brihat_jataka,25,"vanti.tulyās.taravas.tathā.vidhāḥ//(vaṃśastha)E3 
 
 
 
BJ_04.niṣekā 
 
BJ_04.01a/.kuja.indu.hetuḥ.pratimāsam.ārtavaṃ.ga",jyotish,0.7,auto-linked from brihat_jataka
chunk:brihat_jataka:26,mentions,graha:mangala,brihat_jataka,26,"āgagair.gurau.tri.koṇa.udaya.saṃsthite.api.vā/ 
 
BJ_04.03b/.bhavaty.apatyaṃ.hi.vibījinām.ime.karā.hima.aṃśor.vidṛśām.iv",jyotish,0.7,auto-linked from brihat_jataka
chunk:brihat_jataka:26,mentions,vastu:deity_vyaya,brihat_jataka,26,"āgagair.gurau.tri.koṇa.udaya.saṃsthite.api.vā/ 
 
BJ_04.03b/.bhavaty.apatyaṃ.hi.vibījinām.ime.karā.hima.aṃśor.vidṛśām.iv",jyotish,0.7,auto-linked from brihat_jataka
chunk:brihat_jataka:26,mentions,plant:arka,brihat_jataka,26,"āgagair.gurau.tri.koṇa.udaya.saṃsthite.api.vā/ 
 
BJ_04.03b/.bhavaty.apatyaṃ.hi.vibījinām.ime.karā.hima.aṃśor.vidṛśām.iv",jyotish,0.7,auto-linked from brihat_jataka
chunk:brihat_jataka:27,mentions,graha:mangala,brihat_jataka,27,"ṛkṣam.asadbhir.maraṇam.eti.śubha.dṛṣṭim.ayāte/ 
 
BJ_04.06b/.udaya.rāśi.sahite.ca.yame.strī.vigalita.uḍu.pati.bhū.suta.d",jyotish,0.7,auto-linked from brihat_jataka
chunk:brihat_jataka:28,mentions,plant:arka,brihat_jataka,28,"nipīḍite.tat.kāle.sravaṇaṃ.samādiśet//(vai.lī) 
 
BJ_04.10a/.śaśa.aṅka.lagna.upagataiḥ.śubha.grahais.tri.koṇa.jāyā.artha",jyotish,0.7,auto-linked from brihat_jataka
chunk:brihat_jataka:28,mentions,graha:budha,brihat_jataka,28,"nipīḍite.tat.kāle.sravaṇaṃ.samādiśet//(vai.lī) 
 
BJ_04.10a/.śaśa.aṅka.lagna.upagataiḥ.śubha.grahais.tri.koṇa.jāyā.artha",jyotish,0.7,auto-linked from brihat_jataka
chunk:brihat_jataka:29,mentions,graha:chandra,brihat_jataka,29,"ṣaṇāc.ca.yamalau.kurvanti.pakṣe.svake//(śā.vi) 
 
BJ_04.12a/.vihāya.lagnaṃ.viṣama.ṛkṣa.saṃsthaḥ.sauro.api.puṃ.janma.karo",jyotish,0.7,auto-linked from brihat_jataka
chunk:brihat_jataka:30,mentions,graha:chandra,brihat_jataka,30,"a.śīta.kiraṇāḥ.ṣaṭ.klība.yogāḥ.smṛtāḥ//(śā.vi) 
 
BJ_04.14a/.yugme.candra.sitau.tathā.oja.bhavane.syur.jña.āra.jīva.uday",jyotish,0.7,auto-linked from brihat_jataka
chunk:brihat_jataka:30,mentions,bhava:virya,brihat_jataka,30,"a.śīta.kiraṇāḥ.ṣaṭ.klība.yogāḥ.smṛtāḥ//(śā.vi) 
 
BJ_04.14a/.yugme.candra.sitau.tathā.oja.bhavane.syur.jña.āra.jīva.uday",jyotish,0.7,auto-linked from brihat_jataka
chunk:brihat_jataka:31,mentions,graha:mangala,brihat_jataka,31,".santi.prabhūtā.api.kośa.saṃsthāḥ//(upajātikā) 
 
BJ_04.16a/.kalala.ghana.aṅkura.asthi.carma.aṅgaja.cetanatāḥ.sita.kuja.",jyotish,0.7,auto-linked from brihat_jataka
chunk:brihat_jataka:31,mentions,graha:chandra,brihat_jataka,31,".santi.prabhūtā.api.kośa.saṃsthāḥ//(upajātikā) 
 
BJ_04.16a/.kalala.ghana.aṅkura.asthi.carma.aṅgaja.cetanatāḥ.sita.kuja.",jyotish,0.7,auto-linked from brihat_jataka
chunk:brihat_jataka:32,mentions,vastu:deity_yama,brihat_jataka,32,"jaḥ.sva.ṛkṣe.śaśini.tanuge.manda.māheya.dṛṣṭe/ 
 
BJ_04.18b/.paṅgur.mīne.yama.śaśi.kujair.vīkṣite.lagna.saṃsthe.saṃdhau.",jyotish,0.7,auto-linked from brihat_jataka
chunk:brihat_jataka:32,mentions,graha:mangala,brihat_jataka,32,"jaḥ.sva.ṛkṣe.śaśini.tanuge.manda.māheya.dṛṣṭe/ 
 
BJ_04.18b/.paṅgur.mīne.yama.śaśi.kujair.vīkṣite.lagna.saṃsthe.saṃdhau.",jyotish,0.7,auto-linked from brihat_jataka
chunk:brihat_jataka:32,mentions,vastu:deity_vyaya,brihat_jataka,32,"jaḥ.sva.ṛkṣe.śaśini.tanuge.manda.māheya.dṛṣṭe/ 
 
BJ_04.18b/.paṅgur.mīne.yama.śaśi.kujair.vīkṣite.lagna.saṃsthe.saṃdhau.",jyotish,0.7,auto-linked from brihat_jataka
chunk:brihat_jataka:34,mentions,bhava:virya,brihat_jataka,34,".pitur.jātaḥ.parokṣasya.lagnam.indāv.apaśyati/ 
 
BJ_05.01b/.videśasthasya.cara.bhe.madhyād.bhraṣṭe.divā.kare//(anuṣṭubh",jyotish,0.7,auto-linked from brihat_jataka
chunk:brihat_jataka:36,mentions,vastu:deity_vyaya,brihat_jataka,36,"śini.sva.rāśige.saumye.lagna.gate.śubhe.sukhe/ 
 
BJ_05.08b/.lagne.jalaje.astage.api.vā.candro.pota.gatā.prasūyate//(vai",jyotish,0.7,auto-linked from brihat_jataka
chunk:brihat_jataka:36,mentions,graha:budha,brihat_jataka,36,"śini.sva.rāśige.saumye.lagna.gate.śubhe.sukhe/ 
 
BJ_05.08b/.lagne.jalaje.astage.api.vā.candro.pota.gatā.prasūyate//(vai",jyotish,0.7,auto-linked from brihat_jataka
chunk:brihat_jataka:37,mentions,deity:agni,brihat_jataka,37,"laye.sokhara.bhūmiṣu.ca.prasūyate//(vaitālīyā) 
 
BJ_05.12a/.nṛ.lagnagaṃ.prekṣya.kujaḥ.śmaśāne.ramye.sita.indū.gurur.agn",jyotish,0.7,auto-linked from brihat_jataka
chunk:brihat_jataka:37,mentions,deity:indra,brihat_jataka,37,"laye.sokhara.bhūmiṣu.ca.prasūyate//(vaitālīyā) 
 
BJ_05.12a/.nṛ.lagnagaṃ.prekṣya.kujaḥ.śmaśāne.ramye.sita.indū.gurur.agn",jyotish,0.7,auto-linked from brihat_jataka
chunk:brihat_jataka:38,mentions,graha:mangala,brihat_jataka,38,"rgha.āyuḥ.sukha.bhāk.ca.sa.smṛtaḥ//(vaitālīyā) 
 
BJ_05.15a/.pāpa.īkṣite.tuhinagāv.udaye.kuje.aste.tyakto.vinaśyati.kuja",jyotish,0.7,auto-linked from brihat_jataka
chunk:brihat_jataka:38,mentions,nakshatra:hasta,brihat_jataka,38,"rgha.āyuḥ.sukha.bhāk.ca.sa.smṛtaḥ//(vaitālīyā) 
 
BJ_05.15a/.pāpa.īkṣite.tuhinagāv.udaye.kuje.aste.tyakto.vinaśyati.kuja",jyotish,0.7,auto-linked from brihat_jataka
chunk:brihat_jataka:39,mentions,plant:arka,brihat_jataka,39,"kte.vā.tamasi.śayane.nīca.saṃsthaiś.ca.bhūmau/ 
 
BJ_05.17b/.yad.vad.rāśir.vrajati.harijaṃ.garbha.mokṣas.tu.tad.vat.pāpa",jyotish,0.7,auto-linked from brihat_jataka
chunk:brihat_jataka:39,mentions,bhava:virya,brihat_jataka,39,"kte.vā.tamasi.śayane.nīca.saṃsthaiś.ca.bhūmau/ 
 
BJ_05.17b/.yad.vad.rāśir.vrajati.harijaṃ.garbha.mokṣas.tu.tad.vat.pāpa",jyotish,0.7,auto-linked from brihat_jataka
chunk:brihat_jataka:40,mentions,nakshatra:chitra,brihat_jataka,40,"au.śaśi.sute.tan.na.eka.śilpy.udbhavam.ramyaṃ/ 
 
BJ_05.19b/.citra.yutaṃ.navaṃ.ca.bhṛguje.jīve.dṛḍhaṃ.mandiraṃ.cakrastha",jyotish,0.7,auto-linked from brihat_jataka
chunk:brihat_jataka:40,mentions,graha:guru,brihat_jataka,40,"au.śaśi.sute.tan.na.eka.śilpy.udbhavam.ramyaṃ/ 
 
BJ_05.19b/.citra.yutaṃ.navaṃ.ca.bhṛguje.jīve.dṛḍhaṃ.mandiraṃ.cakrastha",jyotish,0.7,auto-linked from brihat_jataka
chunk:brihat_jataka:40,mentions,graha:chandra,brihat_jataka,40,"au.śaśi.sute.tan.na.eka.śilpy.udbhavam.ramyaṃ/ 
 
BJ_05.19b/.citra.yutaṃ.navaṃ.ca.bhṛguje.jīve.dṛḍhaṃ.mandiraṃ.cakrastha",jyotish,0.7,auto-linked from brihat_jataka
chunk:brihat_jataka:41,mentions,bhava:virya,brihat_jataka,41,"a.lagna.antara.gatair.grahaiḥ.syur.upasūtikāḥ/ 
 
BJ_05.22b/.bahir.antara.cakrād.ardhe.dṛśya.adṛśye.anyathā.paraiḥ//(anu",jyotish,0.7,auto-linked from brihat_jataka
chunk:brihat_jataka:41,mentions,graha:chandra,brihat_jataka,41,"a.lagna.antara.gatair.grahaiḥ.syur.upasūtikāḥ/ 
 
BJ_05.22b/.bahir.antara.cakrād.ardhe.dṛśya.adṛśye.anyathā.paraiḥ//(anu",jyotish,0.7,auto-linked from brihat_jataka
chunk:brihat_jataka:42,mentions,deity:agni,brihat_jataka,42,"vāmam.uditair.dreṣkāṇa.bhāgais.tridhā//(śā.vi) 
 
BJ_05.25a/.tasmin.pāpa.yutaṃ.vraṇe.śubha.yute.dṛṣṭe.ca.lakṣma.ādiśet.s",jyotish,0.7,auto-linked from brihat_jataka
chunk:brihat_jataka:46,mentions,bhava:virya,brihat_jataka,46,"ni.sutayor.mṛtyur.lagne.ravau.tu.sa.śastrajaḥ/ 
 
BJ_06.09b/.udayati.ravau.śīta.aṃśau.vā.tri.koṇa.vināśagair.nidhanam.aś",jyotish,0.7,auto-linked from brihat_jataka
chunk:brihat_jataka:46,mentions,vastu:deity_vyaya,brihat_jataka,46,"ni.sutayor.mṛtyur.lagne.ravau.tu.sa.śastrajaḥ/ 
 
BJ_06.09b/.udayati.ravau.śīta.aṃśau.vā.tri.koṇa.vināśagair.nidhanam.aś",jyotish,0.7,auto-linked from brihat_jataka
chunk:brihat_jataka:47,mentions,vastu:deity_tithi,brihat_jataka,47,".balibhir.na.yuto.avalokito.vā//(puṣpita.agrā) 
 
BJ_06.12a/.yoge.sthānaṃ.gatavati.balinaś.candre.svaṃ.vā.tanu.gṛham.ath",jyotish,0.7,auto-linked from brihat_jataka
chunk:brihat_jataka:47,mentions,deity:rudra,brihat_jataka,47,".balibhir.na.yuto.avalokito.vā//(puṣpita.agrā) 
 
BJ_06.12a/.yoge.sthānaṃ.gatavati.balinaś.candre.svaṃ.vā.tanu.gṛham.ath",jyotish,0.7,auto-linked from brihat_jataka
chunk:brihat_jataka:48,mentions,plant:arka,brihat_jataka,48,"rā.tv.aṃśa.pratimam.apare.rāśi.tulyaṃ.vadanti/ 
 
BJ_07.02b/.hitvā.vakraṃ.ripu.graha.gatair.hīyate.sva.tri.bhāgaḥ.sūrya.",jyotish,0.7,auto-linked from brihat_jataka
chunk:brihat_jataka:48,mentions,vastu:deity_vyaya,brihat_jataka,48,"rā.tv.aṃśa.pratimam.apare.rāśi.tulyaṃ.vadanti/ 
 
BJ_07.02b/.hitvā.vakraṃ.ripu.graha.gatair.hīyate.sva.tri.bhāgaḥ.sūrya.",jyotish,0.7,auto-linked from brihat_jataka
chunk:brihat_jataka:50,mentions,vastu:deity_satya,brihat_jataka,50,".sakalaḥ.sahitāḥ.sva.tuṅga.bheṣu//(puṣpitāgrā) 
 
BJ_07.07a/.āyur.dāyaṃ.viṣṇu.gupto.api.ca.evaṃ.deva.svāmī.siddhasenaś.c",jyotish,0.7,auto-linked from brihat_jataka
chunk:brihat_jataka:51,mentions,vastu:deity_satya,brihat_jataka,51,"āmyaṃ.samupaiti.satya.vākyam//(upacchandasikā) 
 
BJ_07.10a/.satya.ukte.graham.iṣṭaṃ.liptī.kṛtvā.śata.dvayena.āptam/ 
 
",jyotish,0.7,auto-linked from brihat_jataka
chunk:brihat_jataka:51,mentions,bhava:virya,brihat_jataka,51,"āmyaṃ.samupaiti.satya.vākyam//(upacchandasikā) 
 
BJ_07.10a/.satya.ukte.graham.iṣṭaṃ.liptī.kṛtvā.śata.dvayena.āptam/ 
 
",jyotish,0.7,auto-linked from brihat_jataka
chunk:brihat_jataka:52,mentions,vastu:deity_satya,brihat_jataka,52,"ca.na.abdaiḥ.prathama.upadiṣṭaiḥ//(indravajrā) 
 
BJ_07.13a/.satya.upadeśo.varam.atra.kintu.kurvanty.ayogyaṃ.bahu.vargaṇ",jyotish,0.7,auto-linked from brihat_jataka
chunk:brihat_jataka:52,mentions,graha:guru,brihat_jataka,52,"ca.na.abdaiḥ.prathama.upadiṣṭaiḥ//(indravajrā) 
 
BJ_07.13a/.satya.upadeśo.varam.atra.kintu.kurvanty.ayogyaṃ.bahu.vargaṇ",jyotish,0.7,auto-linked from brihat_jataka
chunk:brihat_jataka:53,mentions,tala:caturasra,brihat_jataka,53,"rathama.vayasi.madhye.antye.ca.dadyuḥ.phalāni/ 
 
BJ_08.01b/.na.hi.na.phala.vipākaḥ.kendra.saṃstha.ādya.bhāve.bhavati.hi",jyotish,0.7,auto-linked from brihat_jataka
chunk:brihat_jataka:55,mentions,graha:chandra,brihat_jataka,55,"a.ari.bha.aṃśeṣv.adhamā.bhave.sā//(indravajrā) 
 
BJ_08.07a/.nīca.ari.bha.aṃśe.samavasthitasya.śaste.gṛhe.gṛhe.miśra.pha",jyotish,0.7,auto-linked from brihat_jataka
chunk:brihat_jataka:56,mentions,vastu:deity_mitra,brihat_jataka,56,"nduja.śukra.jīva.dinakrid.daivā.kariṇāṃ.samāḥ/ 
 
BJ_08.09b/.svaiḥ.svaiḥ.puṣṭa.phalāni.sarga.janitaiḥ.paktir.daśāyāḥ.kra",jyotish,0.7,auto-linked from brihat_jataka
chunk:brihat_jataka:56,mentions,graha:budha,brihat_jataka,56,"nduja.śukra.jīva.dinakrid.daivā.kariṇāṃ.samāḥ/ 
 
BJ_08.09b/.svaiḥ.svaiḥ.puṣṭa.phalāni.sarga.janitaiḥ.paktir.daśāyāḥ.kra",jyotish,0.7,auto-linked from brihat_jataka
chunk:brihat_jataka:57,mentions,graha:budha,brihat_jataka,57,"ṣayati.striyaṃ.budha.gṛhe.vidyā.suhṛd.vittadā/ 
 
BJ_08.11b/.durga.araṇya.patha.ālaye.kṛṣi.karī.siṃhe.sita.ṛkṣe.annadā.k",jyotish,0.7,auto-linked from brihat_jataka
chunk:brihat_jataka:57,mentions,deity:durga,brihat_jataka,57,"ṣayati.striyaṃ.budha.gṛhe.vidyā.suhṛd.vittadā/ 
 
BJ_08.11b/.durga.araṇya.patha.ālaye.kṛṣi.karī.siṃhe.sita.ṛkṣe.annadā.k",jyotish,0.7,auto-linked from brihat_jataka
chunk:brihat_jataka:57,mentions,graha:guru,brihat_jataka,57,"ṣayati.striyaṃ.budha.gṛhe.vidyā.suhṛd.vittadā/ 
 
BJ_08.11b/.durga.araṇya.patha.ālaye.kṛṣi.karī.siṃhe.sita.ṛkṣe.annadā.k",jyotish,0.7,auto-linked from brihat_jataka
chunk:brihat_jataka:58,mentions,vastu:deity_mitra,brihat_jataka,58,"a.bhṛtya.kalaho.hṛt.kroḍa.pīḍā.āmayāḥ//(śā.vi) 
 
BJ_08.13a/.indoḥ.prāpya.daśāṃ.phalāni.labhate.mantra.dvijāty.udbhavani",jyotish,0.7,auto-linked from brihat_jataka
chunk:brihat_jataka:58,mentions,graha:guru,brihat_jataka,58,"a.bhṛtya.kalaho.hṛt.kroḍa.pīḍā.āmayāḥ//(śā.vi) 
 
BJ_08.13a/.indoḥ.prāpya.daśāṃ.phalāni.labhate.mantra.dvijāty.udbhavani",jyotish,0.7,auto-linked from brihat_jataka
chunk:brihat_jataka:58,mentions,dosha:pitta,brihat_jataka,58,"a.bhṛtya.kalaho.hṛt.kroḍa.pīḍā.āmayāḥ//(śā.vi) 
 
BJ_08.13a/.indoḥ.prāpya.daśāṃ.phalāni.labhate.mantra.dvijāty.udbhavani",jyotish,0.7,auto-linked from brihat_jataka
chunk:brihat_jataka:59,mentions,graha:guru,brihat_jataka,59,"adharma.niratiḥ.pāruṣya.taikṣṇyāni.ca//(śā.vi) 
 
BJ_08.15a/.baudhyāṃ.dautya.suhṛd.guru.dvija.dhanaṃ.vidvat.praśaṃsā.yaś",jyotish,0.7,auto-linked from brihat_jataka
chunk:brihat_jataka:59,mentions,bhava:hasya,brihat_jataka,59,"adharma.niratiḥ.pāruṣya.taikṣṇyāni.ca//(śā.vi) 
 
BJ_08.15a/.baudhyāṃ.dautya.suhṛd.guru.dvija.dhanaṃ.vidvat.praśaṃsā.yaś",jyotish,0.7,auto-linked from brihat_jataka
chunk:brihat_jataka:60,mentions,vastu:deity_mitra,brihat_jataka,60,"mantra.nīti.nṛ.pati.svādhyāya.mantrair.dhanam/ 
 
BJ_08.16b/.hema.aśva.ātmaja.kuñjara.ambara.cayaḥ.prītiś.ca.sad.bhūmipa",jyotish,0.7,auto-linked from brihat_jataka
chunk:brihat_jataka:62,mentions,deity:agni,brihat_jataka,62,"ya.muktaṃ.karma.āajīvo.yaś.ca.yasya.upadiṣṭaḥ/ 
 
BJ_08.20b/.bhāva.sthāna.āloka.yoga.udbhavaṃ.ca.tat.tat.sarvaṃ.tasya.yo",jyotish,0.7,auto-linked from brihat_jataka
chunk:brihat_jataka:64,mentions,vastu:deity_vyaya,brihat_jataka,64,"u.ca.budhāl.lagnāt.sa.bandhv.antyagaḥ//(śā.vi) 
 
BJ_09.02a/.lagnāt.ṣaṭ.tri.daśa.āyagaḥ.sa.dhana.dhī.dharmeṣu.cārāc.chaś",jyotish,0.7,auto-linked from brihat_jataka
chunk:brihat_jataka:65,mentions,plant:arka,brihat_jataka,65,"u.kendra.nidhana.prāpty.arthagaḥ.svāc.chubhaḥ/ 
 
BJ_09.03b/.dharma.āya.aṣṭama.kendrago.arka.tanayāj.jñāt.ṣaṭ.tri.dhī.lā",jyotish,0.7,auto-linked from brihat_jataka
chunk:brihat_jataka:65,mentions,vastu:deity_vyaya,brihat_jataka,65,"u.kendra.nidhana.prāpty.arthagaḥ.svāc.chubhaḥ/ 
 
BJ_09.03b/.dharma.āya.aṣṭama.kendrago.arka.tanayāj.jñāt.ṣaṭ.tri.dhī.lā",jyotish,0.7,auto-linked from brihat_jataka
chunk:brihat_jataka:65,mentions,vastu:deity_yama,brihat_jataka,65,"u.kendra.nidhana.prāpty.arthagaḥ.svāc.chubhaḥ/ 
 
BJ_09.03b/.dharma.āya.aṣṭama.kendrago.arka.tanayāj.jñāt.ṣaṭ.tri.dhī.lā",jyotish,0.7,auto-linked from brihat_jataka
chunk:brihat_jataka:68,mentions,vastu:deity_mitra,brihat_jataka,68,".adhika.phala.vipākaṃ.janma.bhāt.tatra.dadyuḥ/ 
 
BJ_09.08b/.upacaya.gṛha.mitra.sva.uccagaiḥ.puṣṭam.iṣṭaṃ.av.apacaya.gṛh",jyotish,0.7,auto-linked from brihat_jataka
chunk:brihat_jataka:68,mentions,plant:arka,brihat_jataka,68,".adhika.phala.vipākaṃ.janma.bhāt.tatra.dadyuḥ/ 
 
BJ_09.08b/.upacaya.gṛha.mitra.sva.uccagaiḥ.puṣṭam.iṣṭaṃ.av.apacaya.gṛh",jyotish,0.7,auto-linked from brihat_jataka
chunk:brihat_jataka:68,mentions,graha:chandra,brihat_jataka,68,".adhika.phala.vipākaṃ.janma.bhāt.tatra.dadyuḥ/ 
 
BJ_09.08b/.upacaya.gṛha.mitra.sva.uccagaiḥ.puṣṭam.iṣṭaṃ.av.apacaya.gṛh",jyotish,0.7,auto-linked from brihat_jataka
chunk:brihat_jataka:69,mentions,graha:chandra,brihat_jataka,69,"aiś.candra.aṃśe.kṛṣi.jalaja.aṅganā.āśrayāc.ca/ 
 
BJ_10.02b/.dhātv.agni.praharaṇa.sāhasaiḥ.kuja.aṃśe.saumya.aṃśe.lipi.ga",jyotish,0.7,auto-linked from brihat_jataka
chunk:brihat_jataka:69,mentions,deity:agni,brihat_jataka,69,"aiś.candra.aṃśe.kṛṣi.jalaja.aṅganā.āśrayāc.ca/ 
 
BJ_10.02b/.dhātv.agni.praharaṇa.sāhasaiḥ.kuja.aṃśe.saumya.aṃśe.lipi.ga",jyotish,0.7,auto-linked from brihat_jataka
chunk:brihat_jataka:69,mentions,graha:mangala,brihat_jataka,69,"aiś.candra.aṃśe.kṛṣi.jalaja.aṅganā.āśrayāc.ca/ 
 
BJ_10.02b/.dhātv.agni.praharaṇa.sāhasaiḥ.kuja.aṃśe.saumya.aṃśe.lipi.ga",jyotish,0.7,auto-linked from brihat_jataka
chunk:brihat_jataka:69,mentions,vastu:deity_mitra,brihat_jataka,69,"aiś.candra.aṃśe.kṛṣi.jalaja.aṅganā.āśrayāc.ca/ 
 
BJ_10.02b/.dhātv.agni.praharaṇa.sāhasaiḥ.kuja.aṃśe.saumya.aṃśe.lipi.ga",jyotish,0.7,auto-linked from brihat_jataka
chunk:brihat_jataka:70,mentions,plant:arka,brihat_jataka,70,"la.sahitair.anekadhā.svam//(praharṣiṇī)E10 
 
 
 
BJ_11.rāja.yoga 
 
BJ_11.01a/.prāhur.yavanāḥ.sva.tuṅgagaiḥ.krūraiḥ.krū",jyotish,0.7,auto-linked from brihat_jataka
chunk:brihat_jataka:70,mentions,graha:chandra,brihat_jataka,70,"la.sahitair.anekadhā.svam//(praharṣiṇī)E10 
 
 
 
BJ_11.rāja.yoga 
 
BJ_11.01a/.prāhur.yavanāḥ.sva.tuṅgagaiḥ.krūraiḥ.krū",jyotish,0.7,auto-linked from brihat_jataka
chunk:brihat_jataka:71,mentions,body:region_hair,brihat_jataka,71,"hair.dṛṣṭe.nṛpā.dvāviṃśatiḥ.smṛtāḥ//(anuṣṭubh) 
 
BJ_11.04a/.yame.kumbhe.arke.aje.gavi.śaśini.tair.eva.tanugair.nṛ.yukti",jyotish,0.7,auto-linked from brihat_jataka
chunk:brihat_jataka:71,mentions,graha:guru,brihat_jataka,71,"hair.dṛṣṭe.nṛpā.dvāviṃśatiḥ.smṛtāḥ//(anuṣṭubh) 
 
BJ_11.04a/.yame.kumbhe.arke.aje.gavi.śaśini.tair.eva.tanugair.nṛ.yukti",jyotish,0.7,auto-linked from brihat_jataka
chunk:brihat_jataka:71,mentions,vastu:deity_yama,brihat_jataka,71,"hair.dṛṣṭe.nṛpā.dvāviṃśatiḥ.smṛtāḥ//(anuṣṭubh) 
 
BJ_11.04a/.yame.kumbhe.arke.aje.gavi.śaśini.tair.eva.tanugair.nṛ.yukti",jyotish,0.7,auto-linked from brihat_jataka
chunk:brihat_jataka:71,mentions,graha:mangala,brihat_jataka,71,"hair.dṛṣṭe.nṛpā.dvāviṃśatiḥ.smṛtāḥ//(anuṣṭubh) 
 
BJ_11.04a/.yame.kumbhe.arke.aje.gavi.śaśini.tair.eva.tanugair.nṛ.yukti",jyotish,0.7,auto-linked from brihat_jataka
chunk:brihat_jataka:71,mentions,plant:arka,brihat_jataka,71,"hair.dṛṣṭe.nṛpā.dvāviṃśatiḥ.smṛtāḥ//(anuṣṭubh) 
 
BJ_11.04a/.yame.kumbhe.arke.aje.gavi.śaśini.tair.eva.tanugair.nṛ.yukti",jyotish,0.7,auto-linked from brihat_jataka
chunk:brihat_jataka:72,mentions,graha:guru,brihat_jataka,72,"bhānāv.udayam.upayāte.kṣiti.patiḥ//(śikhariṇī) 
 
BJ_11.06a/.vṛṣe.sa.indau.lagne.savitṛ.guru.tīkṣṇa.aṃśu.tanayaiḥ.suhṛj.",jyotish,0.7,auto-linked from brihat_jataka
chunk:brihat_jataka:72,mentions,vastu:deity_vyaya,brihat_jataka,72,"bhānāv.udayam.upayāte.kṣiti.patiḥ//(śikhariṇī) 
 
BJ_11.06a/.vṛṣe.sa.indau.lagne.savitṛ.guru.tīkṣṇa.aṃśu.tanayaiḥ.suhṛj.",jyotish,0.7,auto-linked from brihat_jataka
chunk:brihat_jataka:73,mentions,vastu:deity_yama,brihat_jataka,73,".bhavati.hi.nṛpo.anyo.api.guṇavān//(śikhariṇī) 
 
BJ_11.08a/.jhaṣe.sa.indau.lagne.ghaṭa.mṛga.mṛga.indreṣu.sahitair.yama.",jyotish,0.7,auto-linked from brihat_jataka
chunk:brihat_jataka:73,mentions,graha:chandra,brihat_jataka,73,".bhavati.hi.nṛpo.anyo.api.guṇavān//(śikhariṇī) 
 
BJ_11.08a/.jhaṣe.sa.indau.lagne.ghaṭa.mṛga.mṛga.indreṣu.sahitair.yama.",jyotish,0.7,auto-linked from brihat_jataka
chunk:brihat_jataka:73,mentions,plant:arka,brihat_jataka,73,".bhavati.hi.nṛpo.anyo.api.guṇavān//(śikhariṇī) 
 
BJ_11.08a/.jhaṣe.sa.indau.lagne.ghaṭa.mṛga.mṛga.indreṣu.sahitair.yama.",jyotish,0.7,auto-linked from brihat_jataka
chunk:brihat_jataka:74,mentions,graha:budha,brihat_jataka,74,"nu.saṃsthaḥ.kriya.kulīra.harayo.adhipa.yuktāḥ/ 
 
BJ_11.10b/.mithuna.tauli.sahitau.budha.śukrau.yadi.tadā.pṛthu.yaśāḥ.pṛ",jyotish,0.7,auto-linked from brihat_jataka
chunk:brihat_jataka:75,mentions,bhava:virya,brihat_jataka,75,"thais.try.ādyair.bhū.pati.vaṃśajā.nara.indrāḥ/ 
 
BJ_11.13b/.pañca.ādibhir.anya.vaṃśa.jātā.hīnair.vitta.yutā.na.bhūmi.pā",jyotish,0.7,auto-linked from brihat_jataka
chunk:brihat_jataka:76,mentions,bhava:virya,brihat_jataka,76,"te.tanu.yukte.vīrya.āḍhye.ca.śubhe.śubha.yāte/ 
 
BJ_11.16b/.dharma.artha.upacayeṣv.avaśeṣair.dharma.ātmā.nṛpajaḥ.pṛthiv",jyotish,0.7,auto-linked from brihat_jataka
chunk:brihat_jataka:76,mentions,plant:arka,brihat_jataka,76,"te.tanu.yukte.vīrya.āḍhye.ca.śubhe.śubha.yāte/ 
 
BJ_11.16b/.dharma.artha.upacayeṣv.avaśeṣair.dharma.ātmā.nṛpajaḥ.pṛthiv",jyotish,0.7,auto-linked from brihat_jataka
chunk:brihat_jataka:76,mentions,vastu:deity_yama,brihat_jataka,76,"te.tanu.yukte.vīrya.āḍhye.ca.śubhe.śubha.yāte/ 
 
BJ_11.16b/.dharma.artha.upacayeṣv.avaśeṣair.dharma.ātmā.nṛpajaḥ.pṛthiv",jyotish,0.7,auto-linked from brihat_jataka
chunk:brihat_jataka:77,mentions,graha:guru,brihat_jataka,77,"bha.kha.āpti.gatāḥ.prajā.īśam//(vasnatatilakā) 
 
BJ_11.19a/.karma.lagna.yuta.pāka.daśāyāṃ.rājya.labdhir.atha.vā.prabala",jyotish,0.7,auto-linked from brihat_jataka
chunk:brihat_jataka:77,mentions,graha:budha,brihat_jataka,77,"bha.kha.āpti.gatāḥ.prajā.īśam//(vasnatatilakā) 
 
BJ_11.19a/.karma.lagna.yuta.pāka.daśāyāṃ.rājya.labdhir.atha.vā.prabala",jyotish,0.7,auto-linked from brihat_jataka
chunk:brihat_jataka:77,mentions,plant:arka,brihat_jataka,77,"bha.kha.āpti.gatāḥ.prajā.īśam//(vasnatatilakā) 
 
BJ_11.19a/.karma.lagna.yuta.pāka.daśāyāṃ.rājya.labdhir.atha.vā.prabala",jyotish,0.7,auto-linked from brihat_jataka
chunk:brihat_jataka:77,mentions,deity:agni,brihat_jataka,77,"bha.kha.āpti.gatāḥ.prajā.īśam//(vasnatatilakā) 
 
BJ_11.19a/.karma.lagna.yuta.pāka.daśāyāṃ.rājya.labdhir.atha.vā.prabala",jyotish,0.7,auto-linked from brihat_jataka
chunk:brihat_jataka:82,mentions,bhava:virya,brihat_jataka,82,"adāyāṃ.tad.vṛtti.bhuk.śakaṭajaḥ.sarujaḥ.kudāraḥ/ 
 
BJ_12.13b/.dūto.aṭanaḥ.kalaha.kṛd.vihage.pradiṣṭaḥ.śṛṅgāṭake.cira.su",jyotish,0.7,auto-linked from brihat_jataka
chunk:brihat_jataka:83,mentions,deity:indra,brihat_jataka,83,"priyair.virahitaḥ.puruṣa.antya.vṛttiḥ//(va.ti) 
 
BJ_12.16a/.kīrtyā.yutaś.cala.sukhaḥ.kṛpaṇaś.ca.naujaḥ.kūṭe.anṛta.plava",jyotish,0.7,auto-linked from brihat_jataka
chunk:brihat_jataka:84,mentions,plant:arka,brihat_jataka,84,"ni.pāśe.dhana.arjana.viśīla.sa.bhṛtya.bandhuḥ/ 
 
BJ_12.18b/.kedārajaḥ.kṛṣi.karaḥ.subahu.upayoṣyaḥ.śūraḥ.kṣato.dhana.ruc",jyotish,0.7,auto-linked from brihat_jataka
chunk:brihat_jataka:85,mentions,graha:guru,brihat_jataka,85,"ṃsthe.śaśini.vinaya.vitta.jñāna.dhī.naipuṇāni/ 
 
BJ_13.01b/.ahani.niśi.ca.candre.sve.adhimitra.aṃśake.vā.sura.guru.sita",jyotish,0.7,auto-linked from brihat_jataka
chunk:brihat_jataka:85,mentions,vastu:deity_roga,brihat_jataka,85,"ṃsthe.śaśini.vinaya.vitta.jñāna.dhī.naipuṇāni/ 
 
BJ_13.01b/.ahani.niśi.ca.candre.sve.adhimitra.aṃśake.vā.sura.guru.sita",jyotish,0.7,auto-linked from brihat_jataka
chunk:brihat_jataka:91,mentions,nakshatra:chitra,brihat_jataka,91,"sitena.ghaṭakṛj.jāto.anna.kāro.api.vā//(śā.vi) 
 
BJ_14.05a/.asita.sita.samāgame.alpa.cakṣur.yuvati.samāśraya.sampravṛdd",jyotish,0.7,auto-linked from brihat_jataka
chunk:brihat_jataka:91,mentions,graha:guru,brihat_jataka,91,"sitena.ghaṭakṛj.jāto.anna.kāro.api.vā//(śā.vi) 
 
BJ_14.05a/.asita.sita.samāgame.alpa.cakṣur.yuvati.samāśraya.sampravṛdd",jyotish,0.7,auto-linked from brihat_jataka
chunk:brihat_jataka:92,mentions,plant:arka,brihat_jataka,92,".parajitais.tat.svāmibhiḥ.pracyutiḥ//(no name) 
 
BJ_15.02a/.ravi.kupta.karair.adīkṣitā.balibhis.tad.gata.bhaktayo.narāḥ",jyotish,0.7,auto-linked from brihat_jataka
chunk:brihat_jataka:92,mentions,graha:guru,brihat_jataka,92,".parajitais.tat.svāmibhiḥ.pracyutiḥ//(no name) 
 
BJ_15.02a/.ravi.kupta.karair.adīkṣitā.balibhis.tad.gata.bhaktayo.narāḥ",jyotish,0.7,auto-linked from brihat_jataka
chunk:brihat_jataka:93,mentions,vastu:deity_satya,brihat_jataka,93,".gurur.atha.nṛpatīnāṃ.yogajas.tīrtha.kṛt.syāt/ 
 
BJ_15.04b/.navama.bhavana.saṃsthe.mandage.anyair.dṛṣṭe.bhavati.narapa.",jyotish,0.7,auto-linked from brihat_jataka
chunk:brihat_jataka:94,mentions,bhava:raudra,brihat_jataka,94,"ś.caturo.bhīruḥ.paṭur.utsāhī.dhanī.mṛge.bhogī/ 
 
BJ_16.03b/.śaṭha.garvitaḥ.kṛtaghno.hiṃsraḥ.pāpaś.ca.raudra.ṛkṣe//(āryā",jyotish,0.7,auto-linked from brihat_jataka
chunk:brihat_jataka:94,mentions,vastu:deity_roga,brihat_jataka,94,"ś.caturo.bhīruḥ.paṭur.utsāhī.dhanī.mṛge.bhogī/ 
 
BJ_16.03b/.śaṭha.garvitaḥ.kṛtaghno.hiṃsraḥ.pāpaś.ca.raudra.ṛkṣe//(āryā",jyotish,0.7,auto-linked from brihat_jataka
chunk:brihat_jataka:94,mentions,bhava:santa,brihat_jataka,94,"ś.caturo.bhīruḥ.paṭur.utsāhī.dhanī.mṛge.bhogī/ 
 
BJ_16.03b/.śaṭha.garvitaḥ.kṛtaghno.hiṃsraḥ.pāpaś.ca.raudra.ṛkṣe//(āryā",jyotish,0.7,auto-linked from brihat_jataka
chunk:brihat_jataka:95,mentions,nakshatra:chitra,brihat_jataka,95,"dātā.dyutimān.aṭano.nṛpa.sevako.bhāgye//(āryā) 
 
BJ_16.07a/.subhago.vidyā.āpta.dhano.bhogī.sukhabhāk.dvitīya.phālgunyām",jyotish,0.7,auto-linked from brihat_jataka
chunk:brihat_jataka:96,mentions,element:water,brihat_jataka,96,"bahu.mitraḥ.saṃtuṣṭo.dharma.kṛt.pracura.kopaḥ/ 
 
BJ_16.10b/.mūle.mānī.dhanavān.sukhī.na.hiṃsraḥ.sthiro.bhogī//(āryā) 
 ",jyotish,0.7,auto-linked from brihat_jataka
chunk:brihat_jataka:96,mentions,vastu:deity_mitra,brihat_jataka,96,"bahu.mitraḥ.saṃtuṣṭo.dharma.kṛt.pracura.kopaḥ/ 
 
BJ_16.10b/.mūle.mānī.dhanavān.sukhī.na.hiṃsraḥ.sthiro.bhogī//(āryā) 
 ",jyotish,0.7,auto-linked from brihat_jataka
chunk:brihat_jataka:98,mentions,bhava:hasya,brihat_jataka,98,"ṅkito.aticapalas.toye.atibhīruḥ.kriye//(śā.vi) 
 
BJ_17.02a/.kāntaḥ.khela.gatiḥ.pṛthu.ūru.vadanaḥ.pṛṣṭha.āsya.pārśva.aṅk",jyotish,0.7,auto-linked from brihat_jataka
chunk:brihat_jataka:99,mentions,bhava:hasya,brihat_jataka,99,"ta.mūrdhajaḥ.paṭu.matir.hāsya.iṅgita.dyūtavit/ 
 
BJ_17.03b/.cārv.aṅgaḥ.priya.vāk.prabha.kṣaṇa.rucir.gīta.priyo.nṛtyavit",jyotish,0.7,auto-linked from brihat_jataka
chunk:brihat_jataka:100,mentions,plant:arka,brihat_jataka,100,"priya.māṃsa.kānana.nagaḥ.kupyaty.akārye.ciram/ 
 
BJ_17.05b/.kṣut.tṛṇa.udara.danta.mānasa.rujā.sampīḍitas.tyāgavān/vikrā",jyotish,0.7,auto-linked from brihat_jataka
chunk:brihat_jataka:100,mentions,vastu:deity_satya,brihat_jataka,100,"priya.māṃsa.kānana.nagaḥ.kupyaty.akārye.ciram/ 
 
BJ_17.05b/.kṣut.tṛṇa.udara.danta.mānasa.rujā.sampīḍitas.tyāgavān/vikrā",jyotish,0.7,auto-linked from brihat_jataka
chunk:brihat_jataka:101,mentions,graha:guru,brihat_jataka,101,".nāsikaḥ.kṛśa.calad.gātro.aṭano.artha.anvitaḥ/ 
 
BJ_17.07b/.hīna.aṅgaḥ.kraya.vikrayeṣu.kuśalo.deva.dvi.nāmā.sa.ruk.band",jyotish,0.7,auto-linked from brihat_jataka
chunk:brihat_jataka:103,mentions,element:water,brihat_jataka,103,"araṇa.ūru.pṛṣṭha.jaghana.āsya.kaṭir.jaraṭhaḥ// 
 
BJ_17.11b/.para.vanitā.artha.pāpa.nirataḥ.kṣaya.vṛddhi.yutaḥ.priya.kus",jyotish,0.7,auto-linked from brihat_jataka
chunk:brihat_jataka:104,mentions,bhava:virya,brihat_jataka,104,"ḥ//(bhramaravilasita)E17 
 
 
 
BJ_18.rāśiśīla 
 
BJ_18.01a/.prathitaś.caturo.aṭano.alpa.vittaḥ.kriyage.tv.āyudha.bhṛd.v",jyotish,0.7,auto-linked from brihat_jataka
chunk:brihat_jataka:107,mentions,deity:indra,brihat_jataka,107,"ñaś.ca.bhūmi.tanaye.vikalaḥ.khalaś.ca//(va.ti) 
 
BJ_18.07a/.niḥsvaḥ.kleśa.saho.vana.antara.caraḥ.siṃhe.alpa.dārā.ātmajo",jyotish,0.7,auto-linked from brihat_jataka
chunk:brihat_jataka:107,mentions,graha:mangala,brihat_jataka,107,"ñaś.ca.bhūmi.tanaye.vikalaḥ.khalaś.ca//(va.ti) 
 
BJ_18.07a/.niḥsvaḥ.kleśa.saho.vana.antara.caraḥ.siṃhe.alpa.dārā.ātmajo",jyotish,0.7,auto-linked from brihat_jataka
chunk:brihat_jataka:108,mentions,element:water,brihat_jataka,108,"e.vadāny.aguru.bhakti.ratāś.ca.saumye//(va.ti) 
 
BJ_18.09a/.vikatthanaḥ.śāstra.kalā.vidagdhaḥ.priyaṃvadaḥ.saukhya.ratas",jyotish,0.7,auto-linked from brihat_jataka
chunk:brihat_jataka:108,mentions,plant:arka,brihat_jataka,108,"e.vadāny.aguru.bhakti.ratāś.ca.saumye//(va.ti) 
 
BJ_18.09a/.vikatthanaḥ.śāstra.kalā.vidagdhaḥ.priyaṃvadaḥ.saukhya.ratas",jyotish,0.7,auto-linked from brihat_jataka
chunk:brihat_jataka:109,mentions,vastu:deity_mitra,brihat_jataka,109,"pa.buddhī.ṛṇavān.viṣṭi.karo.budhe.arkaja.ṛkṣe/ 
 
BJ_18.11b/.nṛpa.satkṛta.paṇḍita.āpta.vākyo.navame.antye.jita.sevaka.an",jyotish,0.7,auto-linked from brihat_jataka
chunk:brihat_jataka:110,mentions,deity:indra,brihat_jataka,110,".nāyakaḥ.sura.gurau.proktaṃ.ca.yac.canra.bhe// 
 
BJ_18.13b/.sva.ṛkṣe.māṇḍaliko.nara.indra.sacivaḥ.senāpatir.vā.dhanī/ku",jyotish,0.7,auto-linked from brihat_jataka
chunk:brihat_jataka:110,mentions,graha:mangala,brihat_jataka,110,".nāyakaḥ.sura.gurau.proktaṃ.ca.yac.canra.bhe// 
 
BJ_18.13b/.sva.ṛkṣe.māṇḍaliko.nara.indra.sacivaḥ.senāpatir.vā.dhanī/ku",jyotish,0.7,auto-linked from brihat_jataka
chunk:brihat_jataka:111,mentions,vastu:deity_mukhya,brihat_jataka,111,"strī.vijito.rataḥ.kunāryyām//(aupacchandasika) 
 
BJ_18.16a/.dvi.bhāryo.arthī.bhīruḥ.prabala.mada.śokaś.ca.śaśi.bhe.hara",jyotish,0.7,auto-linked from brihat_jataka
chunk:brihat_jataka:112,mentions,vastu:deity_mukhya,brihat_jataka,112,".patir.bhavati.mukhya.patiś.ca.baudhe//(va.ti) 
 
BJ_18.18a/.varjya.strī.iṣṭo.na.bahu.vibhavo.bhūri.bhāryo.vṛṣasthe.khyā",jyotish,0.7,auto-linked from brihat_jataka
chunk:brihat_jataka:112,mentions,deity:indra,brihat_jataka,112,".patir.bhavati.mukhya.patiś.ca.baudhe//(va.ti) 
 
BJ_18.18a/.varjya.strī.iṣṭo.na.bahu.vibhavo.bhūri.bhāryo.vṛṣasthe.khyā",jyotish,0.7,auto-linked from brihat_jataka
chunk:brihat_jataka:113,mentions,graha:mangala,brihat_jataka,113,"a.artha.vibhavo.bhoktā.ca.jātaḥ.pumān//(śā.vi) 
 
BJ_18.20a/.śiśira.kara.samāgama.īkṣaṇānāṃ.sadṛśa.phalaṃ.pravadanti.lag",jyotish,0.7,auto-linked from brihat_jataka
chunk:brihat_jataka:114,mentions,deity:indra,brihat_jataka,114,"i.jña.bhūmi.patayo.ayo.jīvi.dṛg.rogiṇau//(śā.vi) 
BJ_19.02a/.jyotir.jña.āḍhya.nara.indra.nāpita.nṛ.pakṣma.īśā.budha.ādya",jyotish,0.7,auto-linked from brihat_jataka
chunk:brihat_jataka:114,mentions,graha:budha,brihat_jataka,114,"i.jña.bhūmi.patayo.ayo.jīvi.dṛg.rogiṇau//(śā.vi) 
BJ_19.02a/.jyotir.jña.āḍhya.nara.indra.nāpita.nṛ.pakṣma.īśā.budha.ādya",jyotish,0.7,auto-linked from brihat_jataka
chunk:brihat_jataka:115,mentions,deity:indra,brihat_jataka,115,"ara.indra.paṇḍita.dhanī.dravya.ūna.bhūpo.mṛge/ 
 
BJ_19.03b/.bhūpo.bhūpa.samo.anya.dāra.nirataḥ.śeṣaiś.ca.kumbha.sthite.",jyotish,0.7,auto-linked from brihat_jataka
chunk:brihat_jataka:116,mentions,deity:indra,brihat_jataka,116,"hūpo.arthavān.kalaha.kṛt.kṣitija.aṃśa.saṃsthe/ 
 
BJ_19.05b/.mūrkho.anya.dāra.nirataḥ.sukaviḥ.sita.aṃśe.sat.kāvya.kṛt.su",jyotish,0.7,auto-linked from brihat_jataka
chunk:brihat_jataka:116,mentions,bhava:hasya,brihat_jataka,116,"hūpo.arthavān.kalaha.kṛt.kṣitija.aṃśa.saṃsthe/ 
 
BJ_19.05b/.mūrkho.anya.dāra.nirataḥ.sukaviḥ.sita.aṃśe.sat.kāvya.kṛt.su",jyotish,0.7,auto-linked from brihat_jataka
chunk:brihat_jataka:117,mentions,bhava:virya,brihat_jataka,117,".jñaḥ.saciva.vikāma.vṛddha.śīlaḥ//(praharṣiṇī) 
 
BJ_19.08a/.alpa.apatyo.duḥkhitaḥ.saty.api.sve.māna.āsaktaḥ.karmaṇi.sve",jyotish,0.7,auto-linked from brihat_jataka
chunk:brihat_jataka:119,mentions,vastu:deity_mitra,brihat_jataka,119,"e.prabhūta.dhanavān.patitas.tu.riḥphe//(va.ti) 
 
BJ_20.04a/.mūka.unmatta.jaḍa.andha.hīna.badhira.preṣyāḥ.śaśa.aṅka.uday",jyotish,0.7,auto-linked from brihat_jataka
chunk:brihat_jataka:121,mentions,graha:guru,brihat_jataka,121,"a.vilagne.priya.kalaho.asta.gate.surata.īpsuḥ/ 
 
BJ_20.08b/.tanaya.gate.sukhito.bhṛgu.putre.guru.vadato.anya.gṛhe.sa.dh",jyotish,0.7,auto-linked from brihat_jataka
chunk:brihat_jataka:122,mentions,vastu:deity_mukhya,brihat_jataka,122,"ati.viparītaṃ.riḥpha.ṣaṣṭha.aṣṭa.bheṣu//(mālinī) 
 
BJ_20.11a/.ucca.tri.koṇa.sva.suhṛc.chatru.nīca.gṛha.arkagaiḥ/ 
 
BJ_",jyotish,0.7,auto-linked from brihat_jataka
chunk:brihat_jataka:122,mentions,vastu:deity_mitra,brihat_jataka,122,"ati.viparītaṃ.riḥpha.ṣaṣṭha.aṣṭa.bheṣu//(mālinī) 
 
BJ_20.11a/.ucca.tri.koṇa.sva.suhṛc.chatru.nīca.gṛha.arkagaiḥ/ 
 
BJ_",jyotish,0.7,auto-linked from brihat_jataka
chunk:brihat_jataka:123,mentions,vastu:deity_mitra,brihat_jataka,123,".pracura.dhana.sametaṃ.mitra.yogāc.ca.siddham/ 
 
BJ_21.02b/.vidhana.visukha.mūḍha.vyādhito.bandha.tapto.vadha.durita.sa",jyotish,0.7,auto-linked from brihat_jataka
chunk:brihat_jataka:123,mentions,rasa:madhura,brihat_jataka,123,".pracura.dhana.sametaṃ.mitra.yogāc.ca.siddham/ 
 
BJ_21.02b/.vidhana.visukha.mūḍha.vyādhito.bandha.tapto.vadha.durita.sa",jyotish,0.7,auto-linked from brihat_jataka
chunk:brihat_jataka:124,mentions,rasa:madhura,brihat_jataka,124,"āgya.dhī.madhura.vākya.yutaḥ.prajātaḥ//(va.ti) 
 
BJ_21.05a/.tāsv.eva.horā.sva.para.ṛkṣageṣu.jñeyā.narāḥ.pūrva.gaṇeṣu.ma",jyotish,0.7,auto-linked from brihat_jataka
chunk:brihat_jataka:124,mentions,graha:guru,brihat_jataka,124,"āgya.dhī.madhura.vākya.yutaḥ.prajātaḥ//(va.ti) 
 
BJ_21.05a/.tāsv.eva.horā.sva.para.ṛkṣageṣu.jñeyā.narāḥ.pūrva.gaṇeṣu.ma",jyotish,0.7,auto-linked from brihat_jataka
chunk:brihat_jataka:125,mentions,plant:arka,brihat_jataka,125,"yo.narendraḥ.klībaḥ.śūro.viṣṭikṛd.dāsa.vṛttiḥ/ 
 
BJ_21.07b/.pāpo.hiṃsro.abhīś.ca.varga.uttama.aṃśeṣv.eṣām.īṣā.rāśivad.d",jyotish,0.7,auto-linked from brihat_jataka
chunk:brihat_jataka:126,mentions,graha:mangala,brihat_jataka,126,"a.artha.sāhasa.yutāḥ.śaśije.atimānyāḥ//(va.ti) 
 
BJ_21.10a/.sve.triṃśa.aṃśe.bahu.suta.sukha.ārogya.bhāgya.artha.rūpaḥ.ś",jyotish,0.7,auto-linked from brihat_jataka
chunk:brihat_jataka:126,mentions,vastu:deity_yama,brihat_jataka,126,"a.artha.sāhasa.yutāḥ.śaśije.atimānyāḥ//(va.ti) 
 
BJ_21.10a/.sve.triṃśa.aṃśe.bahu.suta.sukha.ārogya.bhāgya.artha.rūpaḥ.ś",jyotish,0.7,auto-linked from brihat_jataka
chunk:brihat_jataka:126,mentions,plant:arka,brihat_jataka,126,"a.artha.sāhasa.yutāḥ.śaśije.atimānyāḥ//(va.ti) 
 
BJ_21.10a/.sve.triṃśa.aṃśe.bahu.suta.sukha.ārogya.bhāgya.artha.rūpaḥ.ś",jyotish,0.7,auto-linked from brihat_jataka
chunk:brihat_jataka:127,mentions,graha:mangala,brihat_jataka,127,"athā.uḍupe.sva.uccagāḥ.kuja.yama.arka.sūrayaḥ/ 
 
BJ_22.02b/.kārakā.nigaditāḥ.parasparaṃ.lagnagasya.sakalo.ambara.ambuga",jyotish,0.7,auto-linked from brihat_jataka
chunk:brihat_jataka:127,mentions,vastu:deity_yama,brihat_jataka,127,"athā.uḍupe.sva.uccagāḥ.kuja.yama.arka.sūrayaḥ/ 
 
BJ_22.02b/.kārakā.nigaditāḥ.parasparaṃ.lagnagasya.sakalo.ambara.ambuga",jyotish,0.7,auto-linked from brihat_jataka
chunk:brihat_jataka:127,mentions,plant:arka,brihat_jataka,127,"athā.uḍupe.sva.uccagāḥ.kuja.yama.arka.sūrayaḥ/ 
 
BJ_22.02b/.kārakā.nigaditāḥ.parasparaṃ.lagnagasya.sakalo.ambara.ambuga",jyotish,0.7,auto-linked from brihat_jataka
chunk:brihat_jataka:127,mentions,graha:guru,brihat_jataka,127,"athā.uḍupe.sva.uccagāḥ.kuja.yama.arka.sūrayaḥ/ 
 
BJ_22.02b/.kārakā.nigaditāḥ.parasparaṃ.lagnagasya.sakalo.ambara.ambuga",jyotish,0.7,auto-linked from brihat_jataka
chunk:brihat_jataka:128,mentions,graha:guru,brihat_jataka,128,".tv.ante.antaḥ.prathameṣu.pākadāḥ//(vaitālīya) 
 
BJ_22.06a/.dina.kara.rudhirau.praveṣa.kāle.guru.bhṛgujau.bhavanasya.ma",jyotish,0.7,auto-linked from brihat_jataka
chunk:brihat_jataka:129,mentions,tala:caturasra,brihat_jataka,129,"a.putra.maraṇaṃ.putro.avaner.yacchati//(śā.vi) 
 
BJ_23.02a/.ugra.grahaiḥ.sita.caturasra.saṃsthitair.madhya.sthite.bhṛgu",jyotish,0.7,auto-linked from brihat_jataka
chunk:brihat_jataka:129,mentions,vastu:deity_vyaya,brihat_jataka,129,"a.putra.maraṇaṃ.putro.avaner.yacchati//(śā.vi) 
 
BJ_23.02a/.ugra.grahaiḥ.sita.caturasra.saṃsthitair.madhya.sthite.bhṛgu",jyotish,0.7,auto-linked from brihat_jataka
chunk:brihat_jataka:130,mentions,vastu:deity_vyaya,brihat_jataka,130,".vandhyā.patir.yadi.na.suta.ṛkṣam.iṣṭa.yuktam/ 
 
BJ_23.04b/.pāpa.grahair.vyaya.mada.lagna.rāśi.saṃsthaiḥ.kṣīṇe.śaśiny.a",jyotish,0.7,auto-linked from brihat_jataka
chunk:brihat_jataka:130,mentions,graha:chandra,brihat_jataka,130,".vandhyā.patir.yadi.na.suta.ṛkṣam.iṣṭa.yuktam/ 
 
BJ_23.04b/.pāpa.grahair.vyaya.mada.lagna.rāśi.saṃsthaiḥ.kṣīṇe.śaśiny.a",jyotish,0.7,auto-linked from brihat_jataka
chunk:brihat_jataka:131,mentions,vastu:deity_diti,brihat_jataka,131,"aṃśe.śaśi.suta.yute.kendra.saṃstha.arki.dṛṣṭe/ 
 
BJ_23.06b/.dāsyāṃ.jāto.diti.suta.gurau.riḥphage.saura.bhāge/nīco.arken",jyotish,0.7,auto-linked from brihat_jataka
chunk:brihat_jataka:131,mentions,graha:chandra,brihat_jataka,131,"aṃśe.śaśi.suta.yute.kendra.saṃstha.arki.dṛṣṭe/ 
 
BJ_23.06b/.dāsyāṃ.jāto.diti.suta.gurau.riḥphage.saura.bhāge/nīco.arken",jyotish,0.7,auto-linked from brihat_jataka
chunk:brihat_jataka:132,mentions,vastu:deity_vyaya,brihat_jataka,132,"ṅge.śvāsa.kṣaya.plihaka.vidradhi.gulma.bhājaḥ/ 
 
BJ_23.08b/.śoṣī.paraspara.gṛha.aṃśa.gayor.ravi.indvoḥ.kṣetre.atha.vā.y",jyotish,0.7,auto-linked from brihat_jataka
chunk:brihat_jataka:132,mentions,graha:chandra,brihat_jataka,132,"ṅge.śvāsa.kṣaya.plihaka.vidradhi.gulma.bhājaḥ/ 
 
BJ_23.08b/.śoṣī.paraspara.gṛha.aṃśa.gayor.ravi.indvoḥ.kṣetre.atha.vā.y",jyotish,0.7,auto-linked from brihat_jataka
chunk:brihat_jataka:134,mentions,vastu:deity_vyaya,brihat_jataka,134,"asra.raśmi.tanaye.kṣīṇe.vyaye.śītagau//(śā.vi) 
 
BJ_23.14a/.rāśy.aṃśapa.uṣṇa.kara.śīta.kara.amarejyair.nīca.adhipa.aṃśa",jyotish,0.7,auto-linked from brihat_jataka
chunk:brihat_jataka:135,mentions,vastu:deity_yama,brihat_jataka,135,"aumyair.bhavana.sa.māna.nibandhanaṃ.vikalpyam/ 
 
BJ_23.16b/.bhuja.gani.gaḍa.pāśabhṛd.dṛkāṇair.balavad.asaumya.nirīkṣita",jyotish,0.7,auto-linked from brihat_jataka
chunk:brihat_jataka:135,mentions,vastu:deity_vara,brihat_jataka,135,"aumyair.bhavana.sa.māna.nibandhanaṃ.vikalpyam/ 
 
BJ_23.16b/.bhuja.gani.gaḍa.pāśabhṛd.dṛkāṇair.balavad.asaumya.nirīkṣita",jyotish,0.7,auto-linked from brihat_jataka
chunk:brihat_jataka:137,mentions,vastu:deity_asura,brihat_jataka,137,"kra.arki.jīva.induja.bhārgavānam//(indravajrā) 
 
BJ_24.04a/.duṣṭā.punarbhūḥ.sa.guṇā.kalājñā.khyātā.guṇaiś.ca.asura.pūji",jyotish,0.7,auto-linked from brihat_jataka
chunk:brihat_jataka:137,mentions,plant:arka,brihat_jataka,137,"kra.arki.jīva.induja.bhārgavānam//(indravajrā) 
 
BJ_24.04a/.duṣṭā.punarbhūḥ.sa.guṇā.kalājñā.khyātā.guṇaiś.ca.asura.pūji",jyotish,0.7,auto-linked from brihat_jataka
chunk:brihat_jataka:138,mentions,graha:budha,brihat_jataka,138,"lagna.samāyuktaiḥ.phalaṃ.triṃśa.aṃśakair.idam/ 
 
BJ_24.06b/.bala.abala.vikalpena.tayor.uktaṃ.vicintayet//(anuṣṭubh) 
 
",jyotish,0.7,auto-linked from brihat_jataka
chunk:brihat_jataka:138,mentions,plant:arka,brihat_jataka,138,"lagna.samāyuktaiḥ.phalaṃ.triṃśa.aṃśakair.idam/ 
 
BJ_24.06b/.bala.abala.vikalpena.tayor.uktaṃ.vicintayet//(anuṣṭubh) 
 
",jyotish,0.7,auto-linked from brihat_jataka
chunk:brihat_jataka:139,mentions,plant:arka,brihat_jataka,139,"ṣite.arka.tanaye.dyūne.jarāṃ.gacchati//(śā.vi) 
 
BJ_24.09a/.āgneyair.vidhavā.asta.rāśi.sahitair.miśraiḥ.punarbhūr.bhave",jyotish,0.7,auto-linked from brihat_jataka
chunk:brihat_jataka:141,mentions,bhava:virya,brihat_jataka,141,"v.apy.aneka.vasu.saukhya.guṇā.śubheṣu//(va.ti) 
 
BJ_24.14a/.krūre.aṣṭame.vidhavatā.nidhana.īśvaro.aṃśe.yasya.sthito.vay",jyotish,0.7,auto-linked from brihat_jataka
chunk:brihat_jataka:141,mentions,deity:brahma,brihat_jataka,141,"v.apy.aneka.vasu.saukhya.guṇā.śubheṣu//(va.ti) 
 
BJ_24.14a/.krūre.aṣṭame.vidhavatā.nidhana.īśvaro.aṃśe.yasya.sthito.vay",jyotish,0.7,auto-linked from brihat_jataka
chunk:brihat_jataka:142,mentions,deity:brahma,brihat_jataka,142,".śāstra.nipuṇā.strī.brahma.vādiny.api//(śā.vi) 
 
BJ_24.16a/.pāpe.aste.navama.gata.grahasya.tulyāṃ.pravrajyāṃ.yuvatir.up",jyotish,0.7,auto-linked from brihat_jataka
chunk:brihat_jataka:142,mentions,bhava:virya,brihat_jataka,142,".śāstra.nipuṇā.strī.brahma.vādiny.api//(śā.vi) 
 
BJ_24.16a/.pāpe.aste.navama.gata.grahasya.tulyāṃ.pravrajyāṃ.yuvatir.up",jyotish,0.7,auto-linked from brihat_jataka
chunk:brihat_jataka:143,mentions,plant:arka,brihat_jataka,143,"ra.ādiṣu.para.sva.adhva.pradeśeṣv.iti//(śā.vi) 
 
BJ_25.02a/.śaila.agra.abhihatasya.sūrya.kujayor.mṛtyuḥ.kha.bandhusthay",jyotish,0.7,auto-linked from brihat_jataka
chunk:brihat_jataka:143,mentions,element:water,brihat_jataka,143,"ra.ādiṣu.para.sva.adhva.pradeśeṣv.iti//(śā.vi) 
 
BJ_25.02a/.śaila.agra.abhihatasya.sūrya.kujayor.mṛtyuḥ.kha.bandhusthay",jyotish,0.7,auto-linked from brihat_jataka
chunk:brihat_jataka:143,mentions,deity:agni,brihat_jataka,143,"ra.ādiṣu.para.sva.adhva.pradeśeṣv.iti//(śā.vi) 
 
BJ_25.02a/.śaila.agra.abhihatasya.sūrya.kujayor.mṛtyuḥ.kha.bandhusthay",jyotish,0.7,auto-linked from brihat_jataka
chunk:brihat_jataka:143,mentions,graha:mangala,brihat_jataka,143,"ra.ādiṣu.para.sva.adhva.pradeśeṣv.iti//(śā.vi) 
 
BJ_25.02a/.śaila.agra.abhihatasya.sūrya.kujayor.mṛtyuḥ.kha.bandhusthay",jyotish,0.7,auto-linked from brihat_jataka
chunk:brihat_jataka:144,mentions,deity:agni,brihat_jataka,144,"vad.eva.himagau.rajjv.agni.pātaiḥ.kṛtaḥ//(śā.vi) 
 
BJ_25.04a/.bandhād.dhī.navamas.tayor.aśubhayoḥ.saumya.grahād.dṛṣṭayo",jyotish,0.7,auto-linked from brihat_jataka
chunk:brihat_jataka:145,mentions,graha:chandra,brihat_jataka,145,"prayāti.maraṇaṃ.sūrya.ātmajena.īkṣite//(śā.vi) 
 
BJ_25.06a/.randhra.āspada.aṅga.hibukair.laguḍa.āhata.aṅgaḥ.prakṣīṇa.ca",jyotish,0.7,auto-linked from brihat_jataka
chunk:brihat_jataka:145,mentions,deity:agni,brihat_jataka,145,"prayāti.maraṇaṃ.sūrya.ātmajena.īkṣite//(śā.vi) 
 
BJ_25.06a/.randhra.āspada.aṅga.hibukair.laguḍa.āhata.aṅgaḥ.prakṣīṇa.ca",jyotish,0.7,auto-linked from brihat_jataka
chunk:brihat_jataka:145,mentions,graha:mangala,brihat_jataka,145,"prayāti.maraṇaṃ.sūrya.ātmajena.īkṣite//(śā.vi) 
 
BJ_25.06a/.randhra.āspada.aṅga.hibukair.laguḍa.āhata.aṅgaḥ.prakṣīṇa.ca",jyotish,0.7,auto-linked from brihat_jataka
chunk:brihat_jataka:146,mentions,bhava:virya,brihat_jataka,146,"yaḥ.kṣata.kṛmi.kṛtaś.ca.śarīra.ghātaḥ//(va.ti) 
 
BJ_25.08a/.khasthe.arke.avanije.rasātala.gate.yāna.prapātad.vadho/yant",jyotish,0.7,auto-linked from brihat_jataka
chunk:brihat_jataka:146,mentions,vastu:deity_roga,brihat_jataka,146,"yaḥ.kṣata.kṛmi.kṛtaś.ca.śarīra.ghātaḥ//(va.ti) 
 
BJ_25.08a/.khasthe.arke.avanije.rasātala.gate.yāna.prapātad.vadho/yant",jyotish,0.7,auto-linked from brihat_jataka
chunk:brihat_jataka:146,mentions,plant:arka,brihat_jataka,146,"yaḥ.kṣata.kṛmi.kṛtaś.ca.śarīra.ghātaḥ//(va.ti) 
 
BJ_25.08a/.khasthe.arke.avanije.rasātala.gate.yāna.prapātad.vadho/yant",jyotish,0.7,auto-linked from brihat_jataka
chunk:brihat_jataka:148,mentions,element:water,brihat_jataka,148,"kṣite.dvi.guṇitas.triguṇaḥ.śubhaiś.ca//(va.ti) 
 
BJ_25.13a/.dahana.jala.vimiśrair.bhasma.saṃkleda.śoṣair.nidhana.bhavan",jyotish,0.7,auto-linked from brihat_jataka
chunk:brihat_jataka:148,mentions,vastu:deity_yama,brihat_jataka,148,"kṣite.dvi.guṇitas.triguṇaḥ.śubhaiś.ca//(va.ti) 
 
BJ_25.13a/.dahana.jala.vimiśrair.bhasma.saṃkleda.śoṣair.nidhana.bhavan",jyotish,0.7,auto-linked from brihat_jataka
chunk:brihat_jataka:148,mentions,bhava:virya,brihat_jataka,148,"kṣite.dvi.guṇitas.triguṇaḥ.śubhaiś.ca//(va.ti) 
 
BJ_25.13a/.dahana.jala.vimiśrair.bhasma.saṃkleda.śoṣair.nidhana.bhavan",jyotish,0.7,auto-linked from brihat_jataka
chunk:brihat_jataka:149,mentions,plant:arka,brihat_jataka,149,"r.atha.ripu.kendra.cchidragaḥ.sva.ucca.saṃsthaḥ/ 
 
BJ_25.15b/.udayati.bhavane.antye.saumya.bhāge.ca.mokṣo.bhavati.yadi.",jyotish,0.7,auto-linked from brihat_jataka
chunk:brihat_jataka:150,mentions,plant:arka,brihat_jataka,150,"eṣair.anyāyanartāvṛtur.arka.cārāt//(upajātikā) 
 
BJ_26.03a/.canra.jña.jīvāḥ.parivartanīyāḥ.śukra.āra.mandair.ayane.vilo",jyotish,0.7,auto-linked from brihat_jataka
chunk:brihat_jataka:150,mentions,bhava:virya,brihat_jataka,150,"eṣair.anyāyanartāvṛtur.arka.cārāt//(upajātikā) 
 
BJ_26.03a/.canra.jña.jīvāḥ.parivartanīyāḥ.śukra.āra.mandair.ayane.vilo",jyotish,0.7,auto-linked from brihat_jataka
chunk:brihat_jataka:154,mentions,vastu:deity_tithi,brihat_jataka,154,"/.velām.atha.vilagnaṃ.ca.horām.aṃśakam.eva.ca/ 
 
BJ_26.14b/.pañcakeṣu.vijānīyān.naṣṭa.jātaka.siddhaye//(anuṣṭubh) 
 
BJ",jyotish,0.7,auto-linked from brihat_jataka
chunk:brihat_jataka:154,mentions,deity:indra,brihat_jataka,154,"/.velām.atha.vilagnaṃ.ca.horām.aṃśakam.eva.ca/ 
 
BJ_26.14b/.pañcakeṣu.vijānīyān.naṣṭa.jātaka.siddhaye//(anuṣṭubh) 
 
BJ",jyotish,0.7,auto-linked from brihat_jataka
chunk:brihat_jataka:159,mentions,vastu:deity_pitr,brihat_jataka,159,"ipiṭa.āsya.aṅtya.gataś.ca.karkaṭe//(vaitālīya) 
 
BJ_27.13a/.śālmaler.upari.gṛdhra.jambukau.śvā.naraś.ca.malinā.ambara.a",jyotish,0.7,auto-linked from brihat_jataka
chunk:brihat_jataka:159,mentions,parampara:krishna,brihat_jataka,159,"ipiṭa.āsya.aṅtya.gataś.ca.karkaṭe//(vaitālīya) 
 
BJ_27.13a/.śālmaler.upari.gṛdhra.jambukau.śvā.naraś.ca.malinā.ambara.a",jyotish,0.7,auto-linked from brihat_jataka
chunk:brihat_jataka:162,mentions,vastu:deity_bhujaga,brihat_jataka,162,"naras.tulā.vasāne.yavanair.udāhṛtaḥ//(vaṃśastha) 
 
BJ_27.22a/.vastrair.vihīna.ābharaṇaiś.ca.nārī.mahā.samudrāt.samupait",jyotish,0.7,auto-linked from brihat_jataka
chunk:brihat_jataka:163,mentions,vastu:deity_vara,brihat_jataka,163,"a.patir.antya.gatasya.vṛścikasya//(puṣpitāgrā) 
 
BJ_27.25a/.manuṣya.vakro.aśva.sa.māna.kāyo.dhanur.vigṛhya.āyatam.āśram",jyotish,0.7,auto-linked from brihat_jataka
chunk:brihat_jataka:164,mentions,bhava:raudra,brihat_jataka,164,"ṃ.ca.tṛtīya.rūpaṃ.navamasya.rāśeḥ//(upajātikā) 
 
BJ_27.28a/.roma.cito.makara.upama.daṃṣṭraḥ.sūkaraka.āyasa.māna.śarīraḥ",jyotish,0.7,auto-linked from brihat_jataka
chunk:brihat_jataka:165,mentions,element:water,brihat_jataka,165,".skandhagaṃ.makara.rāśi.paścimaḥ//rathoddhatā) 
 
BJ_27.31a/.sneha.madya.jala.bhojana.āgama.vyākulī.kṛta.manāḥ.sa.kambal",jyotish,0.7,auto-linked from brihat_jataka
chunk:brihat_jataka:167,mentions,vastu:deity_yoni,brihat_jataka,167,"ṭita.aṅgā.vastrair.vihīnaḥ.puruṣas.tv.aṭavyām/ 
 
BJ_27.36b/.caura.anala.vyākulita.antara.ātmā.vikrośate.antya.upagato.j",jyotish,0.7,auto-linked from brihat_jataka
chunk:brihat_jataka:170,mentions,vastu:deity_vara,brihat_jataka,170,"ti.kekhvyāt.bahu.śrita.mukha.adhigama.krameṇa/ 
 
BJ_28.08b/.yad.vā.mayā.kukṛtam.alpam.iha.ākṛtaṃ.vā.kāryaṃ.tad.atra.vid",jyotish,0.7,auto-linked from brihat_jataka
chunk:brihat_jataka:170,mentions,graha:guru,brihat_jataka,170,"ti.kekhvyāt.bahu.śrita.mukha.adhigama.krameṇa/ 
 
BJ_28.08b/.yad.vā.mayā.kukṛtam.alpam.iha.ākṛtaṃ.vā.kāryaṃ.tad.atra.vid",jyotish,0.7,auto-linked from brihat_jataka
chunk:brihat_samhita:0,mentions,deity:saraswati,brihat_samhita,0,"Varahamihira: Brhatsamhita 
 
 
 

Varahamihira: Brhatsamhita 
 (Version 4.3, May 8, 1998) 
 digitalized by 
 Michio YAN",jyotish,0.7,auto-linked from brihat_samhita
chunk:brihat_samhita:4,mentions,graha:mangala,brihat_samhita,4,"aḥ prasūtir viśvātmā sahaja^bhūṣaṇaṃ nabhasaḥ/ 
 
1.01cd/ druta^kanaka^sadṛśa^daśa^śata^mayūkha^mālā^arcitaḥ savitā// 
 ",jyotish,0.7,auto-linked from brihat_samhita
chunk:brihat_samhita:5,mentions,parampara:brahma,brihat_samhita,5,"i vā ko +atra viśeṣo nṛ^divya^*kṛteḥ[K.kṛte]// 
 
1.05ab/ ābrahma^ādi^viniḥsṛtam ālokya grantha^vistaraṃ kramaśaḥ/ 
 
1.",jyotish,0.7,auto-linked from brihat_samhita
chunk:brihat_samhita:5,mentions,plant:arka,brihat_samhita,5,"i vā ko +atra viśeṣo nṛ^divya^*kṛteḥ[K.kṛte]// 
 
1.05ab/ ābrahma^ādi^viniḥsṛtam ālokya grantha^vistaraṃ kramaśaḥ/ 
 
1.",jyotish,0.7,auto-linked from brihat_samhita
chunk:brihat_samhita:10,mentions,element:water,brihat_samhita,10,"patīnāṃ *pratipatti[K.pratipattivi]^cchedavit/ 
 
2.(6) saura^ādīnāṃ ca mānānām *asadṛśa^sadṛśa[K.sadṛśa^asadṛśa]yogya^a",jyotish,0.7,auto-linked from brihat_samhita
chunk:brihat_samhita:14,mentions,vastu:deity_tithi,brihat_samhita,14,"ga^candrayoga^dvigraha^ādiyogānāṃ nābhasa^ādīnām 
ca yogānām phalāny āśraya^bhāva^avalokana^niryāṇa^gaty^anūkāni *tatkāl",jyotish,0.7,auto-linked from brihat_samhita
chunk:brihat_samhita:14,mentions,devi:vijaya,brihat_samhita,14,"ga^candrayoga^dvigraha^ādiyogānāṃ nābhasa^ādīnām 
ca yogānām phalāny āśraya^bhāva^avalokana^niryāṇa^gaty^anūkāni *tatkāl",jyotish,0.7,auto-linked from brihat_samhita
chunk:brihat_samhita:19,mentions,vastu:deity_tithi,brihat_samhita,19,"cd/ yo na pūjayate rājā sa nāśam upāgacchati// 
 
2.07ab/ vanaṃ samāśritā ye +api nirmamā niṣparigrahāḥ/ 
 
2.07cd/ api ",jyotish,0.7,auto-linked from brihat_samhita
chunk:brihat_samhita:24,mentions,plant:arka,brihat_samhita,24,"yā^praveśa^nirgama^cihnair vā maṇḍale mahati// 
 
3.04ab/ aprāpya makaram arko vinivṛtto hanti sa^aparām yāmyām/ 
 
3.04",jyotish,0.7,auto-linked from brihat_samhita
chunk:brihat_samhita:24,mentions,deity:agni,brihat_samhita,24,"yā^praveśa^nirgama^cihnair vā maṇḍale mahati// 
 
3.04ab/ aprāpya makaram arko vinivṛtto hanti sa^aparām yāmyām/ 
 
3.04",jyotish,0.7,auto-linked from brihat_samhita
chunk:brihat_samhita:25,mentions,plant:arka,brihat_samhita,25,"thāna^ākārais tān dṛṣṭvā +arke phalaṃ brūyāt// 
 
3.08ab/ te ca^arka^maṇḍala^gatāḥ pāpaphalāś candra^maṇḍale saumyāḥ/ 
 ",jyotish,0.7,auto-linked from brihat_samhita
chunk:brihat_samhita:25,mentions,graha:chandra,brihat_samhita,25,"thāna^ākārais tān dṛṣṭvā +arke phalaṃ brūyāt// 
 
3.08ab/ te ca^arka^maṇḍala^gatāḥ pāpaphalāś candra^maṇḍale saumyāḥ/ 
 ",jyotish,0.7,auto-linked from brihat_samhita
chunk:brihat_samhita:25,mentions,graha:ketu,brihat_samhita,25,"thāna^ākārais tān dṛṣṭvā +arke phalaṃ brūyāt// 
 
3.08ab/ te ca^arka^maṇḍala^gatāḥ pāpaphalāś candra^maṇḍale saumyāḥ/ 
 ",jyotish,0.7,auto-linked from brihat_samhita
chunk:brihat_samhita:26,mentions,graha:ketu,brihat_samhita,26,"udaya^kāraṇam eṣāṃ ketu^ādīnām phalaṃ brūyāt// 
 
3.12ab/ yasmin yasmin deśe darśanam āyānti sūrya^bimbasthā/ 
 
3.12cd/",jyotish,0.7,auto-linked from brihat_samhita
chunk:brihat_samhita:29,mentions,plant:lotus,brihat_samhita,29,"*vyākulām[K.vyākulāṃ] karoty *ūrdham[K.mahīm]/ 
 
3.22cd/ taskara^śastra^nipātair yadi salilaṃ na^āśu pātayati// 
 
3.23",jyotish,0.7,auto-linked from brihat_samhita
chunk:brihat_samhita:30,mentions,vastu:deity_roga,brihat_samhita,30,"akto bhayakṛd varṣāsv asitaḥ karoty anāvṛṣṭim/ 
 
3.26cd/ hemante pīto +arkaḥ karoti *na cireṇa[K.acireṇa] roga^bhayam//",jyotish,0.7,auto-linked from brihat_samhita
chunk:brihat_samhita:33,mentions,raga:bhairava,brihat_samhita,33,"paścāt^śuddhaṃ kanakam iva hutāśa^paritāpāt// 
 
3.37ab/ divasakṛtaḥ pratisūryo jalakṛd udag dakṣiṇe sthito +anilakṛt/ 
",jyotish,0.7,auto-linked from brihat_samhita
chunk:brihat_samhita:34,mentions,plant:arka,brihat_samhita,34,"^maṇḍalaḥ sphuṭa^vipula^amala^dīrgha^dīdhitiḥ/ 
 
3.39cd/ [K.3.40cd] avikṛta^tanu^varṇa^cihna^bhṛj jagati karoti śivaṃ d",jyotish,0.7,auto-linked from brihat_samhita
chunk:brihat_samhita:42,mentions,deity:brahma,brihat_samhita,42,"udha^jīvi^vināśaṃ caurāṇām adhikena ca pīḍām// 
 
4.28ab/ ulkayā yadā śaśī grasta eva hanyate/ 
 
4.28cd/ hanyate tadā n",jyotish,0.7,auto-linked from brihat_samhita
chunk:brihat_samhita:43,mentions,deity:brahma,brihat_samhita,43,"vṛddhiṃ brahma^kṣatraṃ yāti vṛddhiṃ prajāś ca/ 
 
4.31cd[K.4.32cd]/ hīne hānis tulyatā tulyatāyāṃ kṛṣṇe sarve tatphalaṃ ",jyotish,0.7,auto-linked from brihat_samhita
chunk:brihat_samhita:43,mentions,vastu:deity_tithi,brihat_samhita,43,"vṛddhiṃ brahma^kṣatraṃ yāti vṛddhiṃ prajāś ca/ 
 
4.31cd[K.4.32cd]/ hīne hānis tulyatā tulyatāyāṃ kṛṣṇe sarve tatphalaṃ ",jyotish,0.7,auto-linked from brihat_samhita
chunk:brihat_samhita:43,mentions,plant:arka,brihat_samhita,43,"vṛddhiṃ brahma^kṣatraṃ yāti vṛddhiṃ prajāś ca/ 
 
4.31cd[K.4.32cd]/ hīne hānis tulyatā tulyatāyāṃ kṛṣṇe sarve tatphalaṃ ",jyotish,0.7,auto-linked from brihat_samhita
chunk:brihat_samhita:44,mentions,vastu:deity_vara,brihat_samhita,44,"ṇḍala^ākṛtir asitatvāt kila na dṛśyate gagane/ 
 
5.02cd/ anyatra parva^kālād vara^pradānāt kamalayoneḥ// 
 
5.03ab/ muk",jyotish,0.7,auto-linked from brihat_samhita
chunk:brihat_samhita:45,mentions,plant:arka,brihat_samhita,45,"^ānana^abhidhāno +antareṇa kasmān na gṛhṇāti// 
 
5.06ab/ atha tu bhujagendra^rūpaḥ pucchena mukhena vā sa gṛhṇāti/ 
 
5",jyotish,0.7,auto-linked from brihat_samhita
chunk:brihat_samhita:48,mentions,deity:brahma,brihat_samhita,48,"^saṃyogān na kila grahaṇasya sambhavo bhavati/ 
 
5.17cd/ tailaṃ ca jale +aṣṭamyāṃ na vicintyam idaṃ vipaścidbhiḥ// 
 
5",jyotish,0.7,auto-linked from brihat_samhita
chunk:brihat_samhita:48,mentions,deity:indra,brihat_samhita,48,"^saṃyogān na kila grahaṇasya sambhavo bhavati/ 
 
5.17cd/ tailaṃ ca jale +aṣṭamyāṃ na vicintyam idaṃ vipaścidbhiḥ// 
 
5",jyotish,0.7,auto-linked from brihat_samhita
chunk:brihat_samhita:48,mentions,deity:agni,brihat_samhita,48,"^saṃyogān na kila grahaṇasya sambhavo bhavati/ 
 
5.17cd/ tailaṃ ca jale +aṣṭamyāṃ na vicintyam idaṃ vipaścidbhiḥ// 
 
5",jyotish,0.7,auto-linked from brihat_samhita
chunk:brihat_samhita:49,mentions,vastu:deity_mitra,brihat_samhita,49,"hūpa^virodhaḥ śārada^sasya^kṣayo na ca kṣemam/ 
 
5.21cd/ kaubere +artha^patīnām artha^vināśaḥ subhikṣaṃ ca// 
 
5.22ab/",jyotish,0.7,auto-linked from brihat_samhita
chunk:brihat_samhita:53,mentions,guna:sattva,brihat_samhita,53,"vo +atha gomino manujā ye ca mahattvam āgatāḥ/ 
 
5.36cd/ pīḍām upayānti bhāskare graste śīta^kare +atha vā vṛṣe// 
 
5.",jyotish,0.7,auto-linked from brihat_samhita
chunk:brihat_samhita:54,mentions,plant:fig,brihat_samhita,54,"ān hanty aśmaka^tripura^śāli^yutāṃś ca deśān// 
 
5.40ab/ tulādhare +avanty^aparāntya^sādhūn vaṇig^daśārṇān *marukacchap",jyotish,0.7,auto-linked from brihat_samhita
chunk:brihat_samhita:54,mentions,vastu:deity_vara,brihat_samhita,54,"ān hanty aśmaka^tripura^śāli^yutāṃś ca deśān// 
 
5.40ab/ tulādhare +avanty^aparāntya^sādhūn vaṇig^daśārṇān *marukacchap",jyotish,0.7,auto-linked from brihat_samhita
chunk:brihat_samhita:55,mentions,element:water,brihat_samhita,55,"^siṃha^purakān hanyāt tathā barbarān/(checked) 
 
5.42cd/ mīne sāgarakūla^sāgara^jala^dravyāṇi *vanyān[K.mānyān] janān p",jyotish,0.7,auto-linked from brihat_samhita
chunk:brihat_samhita:56,mentions,guna:tamas,brihat_samhita,56,"ta^samasta^bhūtā prabhūta^toyā ca tatra mahī// 
 
5.46ab/ grasanam iti yadā tryaṃśaḥ pādo vā gṛhyate +atha vā^apy ardham",jyotish,0.7,auto-linked from brihat_samhita
chunk:brihat_samhita:57,mentions,guna:tamas,brihat_samhita,57,"he yadi tamas tatkṣaṇam āvṛtya dṛśyate bhūyaḥ/ 
 
5.49cd/ ārohaṇam ity anyonya^mardanair bhaya^karaṃ rājñām// 
 
5.50ab/",jyotish,0.7,auto-linked from brihat_samhita
chunk:brihat_samhita:58,mentions,deity:agni,brihat_samhita,58,"ma^subhikṣaṃ brāhmaṇa^pīḍāṃ ca nirdiśed rāhau/ 
 
5.53cd/ agni^bhayam anala^varṇe pīḍā ca hutāśavṛttīnām// 
 
5.54ab/ ha",jyotish,0.7,auto-linked from brihat_samhita
chunk:brihat_samhita:58,mentions,vastu:deity_roga,brihat_samhita,58,"ma^subhikṣaṃ brāhmaṇa^pīḍāṃ ca nirdiśed rāhau/ 
 
5.53cd/ agni^bhayam anala^varṇe pīḍā ca hutāśavṛttīnām// 
 
5.54ab/ ha",jyotish,0.7,auto-linked from brihat_samhita
chunk:brihat_samhita:58,mentions,guna:sattva,brihat_samhita,58,"ma^subhikṣaṃ brāhmaṇa^pīḍāṃ ca nirdiśed rāhau/ 
 
5.53cd/ agni^bhayam anala^varṇe pīḍā ca hutāśavṛttīnām// 
 
5.54ab/ ha",jyotish,0.7,auto-linked from brihat_samhita
chunk:brihat_samhita:58,mentions,parampara:krishna,brihat_samhita,58,"ma^subhikṣaṃ brāhmaṇa^pīḍāṃ ca nirdiśed rāhau/ 
 
5.53cd/ agni^bhayam anala^varṇe pīḍā ca hutāśavṛttīnām// 
 
5.54ab/ ha",jyotish,0.7,auto-linked from brihat_samhita
chunk:brihat_samhita:59,mentions,deity:agni,brihat_samhita,59,"ṇi^pīta^ābho vaiśya^dhvaṃsī bhavet subhikṣāya/ 
 
5.57cd/ sa^arciṣmaty agni^bhayaṃ gairika^rūpe tu yuddhāni// 
 
5.58ab/",jyotish,0.7,auto-linked from brihat_samhita
chunk:brihat_samhita:59,mentions,plant:lotus,brihat_samhita,59,"ṇi^pīta^ābho vaiśya^dhvaṃsī bhavet subhikṣāya/ 
 
5.57cd/ sa^arciṣmaty agni^bhayaṃ gairika^rūpe tu yuddhāni// 
 
5.58ab/",jyotish,0.7,auto-linked from brihat_samhita
chunk:brihat_samhita:59,mentions,plant:mahua,brihat_samhita,59,"ṇi^pīta^ābho vaiśya^dhvaṃsī bhavet subhikṣāya/ 
 
5.57cd/ sa^arciṣmaty agni^bhayaṃ gairika^rūpe tu yuddhāni// 
 
5.58ab/",jyotish,0.7,auto-linked from brihat_samhita
chunk:brihat_samhita:69,mentions,vastu:deity_roga,brihat_samhita,69,"opa^karaṃ syāt subhikṣadaṃ na^ativṛṣṭi^karam// 
 
5.90ab/ paryanteṣu vimalatā bahulaṃ madhye tamo *+antya[K.anta]^daraṇa",jyotish,0.7,auto-linked from brihat_samhita
chunk:brihat_samhita:70,mentions,deity:agni,brihat_samhita,70,"garbha^vināśaṃ vidyun^nṛpa^daṃṣṭri^paripīḍām// 
 
5.94ab/ pariveṣo ruk^pīḍāṃ digdāho nṛpa^bhayaṃ ca sa^agni^bhayaṃ/ 
 
5",jyotish,0.7,auto-linked from brihat_samhita
chunk:brihat_samhita:74,mentions,nakshatra:hasta,brihat_samhita,74,"*triṣu ca^uttareṣu[K.tisṛṣūttarāsu] śākre ca/ 
 
6.11cd/ vicaran ghana^nivahānām upaghāta^karaḥ kṣamā^tanayaḥ// 
 
6.12a",jyotish,0.7,auto-linked from brihat_samhita
chunk:brihat_samhita:75,mentions,element:water,brihat_samhita,75,"ityaktaḥ kadā cid api candrajo vrajaty udayam/ 
 
7.01cd/ jala^dahana^pavana^bhaya^kṛd dhānya^argha^kṣaya^vivṛddhau vā//",jyotish,0.7,auto-linked from brihat_samhita
chunk:brihat_samhita:75,mentions,vastu:deity_roga,brihat_samhita,75,"ityaktaḥ kadā cid api candrajo vrajaty udayam/ 
 
7.01cd/ jala^dahana^pavana^bhaya^kṛd dhānya^argha^kṣaya^vivṛddhau vā//",jyotish,0.7,auto-linked from brihat_samhita
chunk:brihat_samhita:75,mentions,bhava:raudra,brihat_samhita,75,"ityaktaḥ kadā cid api candrajo vrajaty udayam/ 
 
7.01cd/ jala^dahana^pavana^bhaya^kṛd dhānya^argha^kṣaya^vivṛddhau vā//",jyotish,0.7,auto-linked from brihat_samhita
chunk:brihat_samhita:75,mentions,nakshatra:hasta,brihat_samhita,75,"ityaktaḥ kadā cid api candrajo vrajaty udayam/ 
 
7.01cd/ jala^dahana^pavana^bhaya^kṛd dhānya^argha^kṣaya^vivṛddhau vā//",jyotish,0.7,auto-linked from brihat_samhita
chunk:brihat_samhita:76,mentions,graha:chandra,brihat_samhita,76,"gha^vivṛddhiṃ karoti ca^urvīṃ prabhūta^annām// 
 
7.05ab/ āryamṇaṃ hautabhujaṃ bhadrapadām uttrarāṃ yameśaṃ ca/ 
 
7.05c",jyotish,0.7,auto-linked from brihat_samhita
chunk:brihat_samhita:79,mentions,vastu:deity_roga,brihat_samhita,79,"krā +arghaṃ[K.ativakrārthaṃ] gatir vināśayati/ 
 
7.16cd/ śastra^bhayadā ca vakrā vikalā bhaya^roga^saṃjananī// 
 
7.17a",jyotish,0.7,auto-linked from brihat_samhita
chunk:brihat_samhita:81,mentions,vastu:deity_mitra,brihat_samhita,81,"nala^upajīvaka^go^pīḍā vyādhi^śastra^kopaś ca/ 
 
8.03cd/ vṛddhis tu rakta^pītaka^kusumānāṃ kārttike varṣe// 
 
8.04ab/ ",jyotish,0.7,auto-linked from brihat_samhita
chunk:brihat_samhita:86,mentions,vastu:deity_soma,brihat_samhita,86,"r vibhajya/ 
 
8.21c yugāni nārāyaṇa^pūrvakāṇi 
 
8.21d labdhāni śeṣāḥ kramaśaḥ samāḥ syuḥ// 
 
8.22ab/ ekaikam abdeṣu n",jyotish,0.7,auto-linked from brihat_samhita
chunk:brihat_samhita:86,mentions,plant:arka,brihat_samhita,86,"r vibhajya/ 
 
8.21c yugāni nārāyaṇa^pūrvakāṇi 
 
8.21d labdhāni śeṣāḥ kramaśaḥ samāḥ syuḥ// 
 
8.22ab/ ekaikam abdeṣu n",jyotish,0.7,auto-linked from brihat_samhita
chunk:brihat_samhita:87,mentions,deity:indra,brihat_samhita,87,"nuvatsaraḥ syād idvatsaraḥ śailasutāpatiś ca// 
 
8.25ab/ vṛṣṭiḥ samādye pramukhe dvitīye prabhūta^toyā kathitā tṛtīye/ ",jyotish,0.7,auto-linked from brihat_samhita
chunk:brihat_samhita:88,mentions,deity:agni,brihat_samhita,88,"rapadyate[K.pravartate] bhūta^hitas tadābdaḥ// 
 
8.28ab/ kva cit tv avṛṣṭiḥ pavana^agni^kopaḥ santi^ītayaḥ śleṣma^kṛtāś",jyotish,0.7,auto-linked from brihat_samhita
chunk:brihat_samhita:88,mentions,deity:kali,brihat_samhita,88,"rapadyate[K.pravartate] bhūta^hitas tadābdaḥ// 
 
8.28ab/ kva cit tv avṛṣṭiḥ pavana^agni^kopaḥ santi^ītayaḥ śleṣma^kṛtāś",jyotish,0.7,auto-linked from brihat_samhita
chunk:brihat_samhita:90,mentions,vastu:deity_roga,brihat_samhita,90,"śvara^ākhyaṃ varṣaṃ dvitīyaṃ bahudhānyam āhuḥ/ 
 
8.33cd/ pramāthinaṃ vikramam apy *atha^anyad[K.ato +anyad] vṛṣaṃ ca vi",jyotish,0.7,auto-linked from brihat_samhita
chunk:brihat_samhita:91,mentions,graha:guru,brihat_samhita,91,"asya^vṛddhi^*muditāti[K.muditaṃ ca]^pārthivam/ 
 
8.36cd/ pañcamaṃ vyayam uśanti śobhanaṃ manmatha^prabalam utsava^ākula",jyotish,0.7,auto-linked from brihat_samhita
chunk:brihat_samhita:92,mentions,graha:guru,brihat_samhita,92,"nu plavaḥ smṛto vatsaro guru^vaśena pañcamaḥ// 
 
8.40a *īti^prāyā[K.itiprāyaḥ] pracura^pavanā vṛṣṭir abde tu pūrve 
 
8",jyotish,0.7,auto-linked from brihat_samhita
chunk:brihat_samhita:94,mentions,deity:agni,brihat_samhita,94,"ādya^varṣaṃ[K.tarādyamabdaṃ] paridhāvisaṃjñam/ 
 
8.45cd/ *pramādinaṃ vikramam apy ato +anyat[K.pramādyathānandamataḥ pa",jyotish,0.7,auto-linked from brihat_samhita
chunk:brihat_samhita:97,mentions,nakshatra:hasta,brihat_samhita,97,"rur manujānām// 
 
 
 
 9 śukracārādhyāyaḥ 
 
 
 
9.01ab/ nāga^gaja^airāvata^vṛṣabha^go^jaradgava^mṛga^aja^dahana^ākhyāḥ",jyotish,0.7,auto-linked from brihat_samhita
chunk:brihat_samhita:101,mentions,deity:brahma,brihat_samhita,101,"+avaṣṭabdho hanty anyena^āvikān śabara^śūdrān/ 
 
9.15cd/ puṇḍrā^aparāntya^śūlika^vanavāsi^draviḍa^sāmudrān// 
 
9.16ab/",jyotish,0.7,auto-linked from brihat_samhita
chunk:brihat_samhita:101,mentions,vastu:deity_mitra,brihat_samhita,101,"+avaṣṭabdho hanty anyena^āvikān śabara^śūdrān/ 
 
9.15cd/ puṇḍrā^aparāntya^śūlika^vanavāsi^draviḍa^sāmudrān// 
 
9.16ab/",jyotish,0.7,auto-linked from brihat_samhita
chunk:brihat_samhita:101,mentions,vastu:deity_roga,brihat_samhita,101,"+avaṣṭabdho hanty anyena^āvikān śabara^śūdrān/ 
 
9.15cd/ puṇḍrā^aparāntya^śūlika^vanavāsi^draviḍa^sāmudrān// 
 
9.16ab/",jyotish,0.7,auto-linked from brihat_samhita
chunk:brihat_samhita:103,mentions,vastu:deity_roga,brihat_samhita,103,"^ādyaṃ jyeṣṭhā^ādyaṃ ca^api maṇḍalaṃ śubhadam/ 
 
9.22cd/ pitrya^ādyaṃ pūrvasyāṃ śeṣāṇi yathokta^phaladāni// 
 
9.23ab/ ",jyotish,0.7,auto-linked from brihat_samhita
chunk:brihat_samhita:105,mentions,vastu:deity_mukhya,brihat_samhita,105,"yamṇe kuru^jāṅgala^pāñcāla^ghnaḥ salila^dāyī// 
 
9.30ab/ kaurava^citrakarāṇāṃ haste pīḍā jalasya ca nirodhaḥ/ 
 
9.30cd",jyotish,0.7,auto-linked from brihat_samhita
chunk:brihat_samhita:107,mentions,graha:budha,brihat_samhita,107,"m astam eti vā tadā mahī vārimayīva lakṣyate// 
 
9.37ab/ gurur bhṛguś ca^apara^pūrva^kāṣṭhayoḥ parasparaṃ saptama^rāśig",jyotish,0.7,auto-linked from brihat_samhita
chunk:brihat_samhita:108,mentions,deity:agni,brihat_samhita,108,"ti vāsavo bhinatti vajreṇa śirāṃsi bhūbhṛtām// 
 
9.40ab/ śanaiścare mleccha^viḍāla^kuñjarāḥ kharā mahiṣyo +asita^dhānya",jyotish,0.7,auto-linked from brihat_samhita
chunk:brihat_samhita:110,mentions,nakshatra:hasta,brihat_samhita,110,"4d patati na salilaṃ khād bhasmarūkṣāsitābhe// 
 
9.45ab/ dadhi^kumuda^śaśāṅka^kānti^bhṛt sphuṭa^vikasat^kiraṇo bṛhattan",jyotish,0.7,auto-linked from brihat_samhita
chunk:brihat_samhita:111,mentions,bhava:raudra,brihat_samhita,111,"āraka^kavi^vaidya^amātya^hā^arkajo +aśvigataḥ/ 
 
10.03cd/ yāmye nartaka^vādaka^geya^jña^kṣudra^naikṛtikān// 
 
10.04ab/",jyotish,0.7,auto-linked from brihat_samhita
chunk:brihat_samhita:122,mentions,graha:ketu,brihat_samhita,122,"ruṇākhyā vāyoḥ saptasaptatiḥ pāpadāḥ paruṣāḥ// 
 
11.25ab/ tārāpuñjanikāśā gaṇakā nāma prajāpater aṣṭau/ 
 
11.25cd/ dve",jyotish,0.7,auto-linked from brihat_samhita
chunk:brihat_samhita:123,mentions,graha:ketu,brihat_samhita,123,"/ evaṃ ketu^sahasraṃ viśeṣam eṣām ato vakṣye// 
 
11.29ab/ udagāyato mahān snigdha^mūrtir aparodayī vasāketuḥ/ 
 
11.29c",jyotish,0.7,auto-linked from brihat_samhita
chunk:brihat_samhita:123,mentions,vastu:deity_roga,brihat_samhita,123,"/ evaṃ ketu^sahasraṃ viśeṣam eṣām ato vakṣye// 
 
11.29ab/ udagāyato mahān snigdha^mūrtir aparodayī vasāketuḥ/ 
 
11.29c",jyotish,0.7,auto-linked from brihat_samhita
chunk:brihat_samhita:124,mentions,bhava:raudra,brihat_samhita,124,"vānara]mārge śūlāgraḥ śyāva^rūkṣa^tāmra^arciḥ/ 
 
11.32cd/ nabhasastribhāgagāmī raudra iti kapālatulyaphalaḥ// 
 
11.33a",jyotish,0.7,auto-linked from brihat_samhita
chunk:brihat_samhita:129,mentions,dosha:vata,brihat_samhita,129,"vata eva muhūrtān dṛśyo varṣāṇi hanti tāvanti/ 
 
11.52cd/ bhūpān śastra^nipātair udaya^ṛkṣaṃ ca^api pīḍayati// 
 
11.53",jyotish,0.7,auto-linked from brihat_samhita
chunk:brihat_samhita:137,mentions,deity:agni,brihat_samhita,137,"12.10d vāpī vilocanam iva^asita^tārakāntam// 
 
12.11ab/ nānā^vicitra^ambuja^haṃsa^koka^kāraṇḍava^āpūrṇa^taḍāga^hastā/ 
",jyotish,0.7,auto-linked from brihat_samhita
chunk:brihat_samhita:140,mentions,vastu:deity_roga,brihat_samhita,140,"2.19b dhūmro gavām aśubhakṛt sphuraṇo bhayāya/ 
 
12.19c māñjiṣṭharāga^sadṛśaḥ kṣudham āhavāṃś ca 
 
12.19d kuryād aṇuś ",jyotish,0.7,auto-linked from brihat_samhita
chunk:brihat_samhita:142,mentions,vastu:deity_gandharva,brihat_samhita,142,"guttarataś ca ete sadā udayante sasādhvīkāḥ]// 
 
13.05ab/ pūrve bhāge bhagavān marīcir apare sthito vasiṣṭho +asmāt/ 
 ",jyotish,0.7,auto-linked from brihat_samhita
chunk:brihat_samhita:147,mentions,parampara:krishna,brihat_samhita,147,"ṇa]^vanavāsi^śibika^phaṇikāra^koṅkaṇa^ābhīrāḥ/ 
 
14.12cd/ ākara^veṇā^*āvartaka[K.āvantaka]^daśapura^gonarda^keralakāḥ//",jyotish,0.7,auto-linked from brihat_samhita
chunk:brihat_samhita:153,mentions,vastu:deity_satya,brihat_samhita,153,"takusuma^āhitāgni^mantrajña^sūtra^bhāṣya^jñāḥ/ 
 
15.01cd/ ākarika^nāpita^dvija^ghaṭakāra^purohita^abdajñāḥ// 
 
15.02ab",jyotish,0.7,auto-linked from brihat_samhita
chunk:brihat_samhita:156,mentions,guna:sattva,brihat_samhita,156,"khaga^mṛga^turagā vaṇijo dhānyāni vātabahulāni/ 
 
15.13cd/ asthira^sauhṛda^laghu^sattva^tāpasāḥ paṇya^kuśalāś ca// 
 
1",jyotish,0.7,auto-linked from brihat_samhita
chunk:brihat_samhita:157,mentions,vastu:deity_satya,brihat_samhita,157,"amukhyāḥ kusuma^mūla^phala^*vārtāḥ[K.vārttāḥ]/ 
 
15.17cd/ bījāny atidhanayuktāḥ phalamūlair ye ca vartante// 
 
15.18ab",jyotish,0.7,auto-linked from brihat_samhita
chunk:brihat_samhita:160,mentions,nakshatra:hasta,brihat_samhita,160,"ṣadhānyaṃ nīcakulodbhavā vihīnāś ca sattvena// 
 
15.28ab/ pūrvātrayaṃ sānalam agrajānāṃ rājñāṃ tu puṣyeṇa sahottarāṇi/ ",jyotish,0.7,auto-linked from brihat_samhita
chunk:brihat_samhita:162,mentions,plant:fig,brihat_samhita,162,"irāta^viṭakā bahir^antaḥ^śailajāḥ pulindāś ca/ 
 
16.02cd/ draviḍānāṃ prāgardhaṃ dakṣiṇakūlaṃ ca yamunāyāḥ// 
 
16.03ab/",jyotish,0.7,auto-linked from brihat_samhita
chunk:brihat_samhita:163,mentions,deity:durga,brihat_samhita,163,"la^araṇya^yaśoyuta^tīkṣṇāṇāṃ bhāskaraḥ svāmī// 
 
16.06ab/ giri^salila^durga^kośala^bharukaccha^samudra^romaka^*tuṣārāḥ[",jyotish,0.7,auto-linked from brihat_samhita
chunk:brihat_samhita:165,mentions,deity:durga,brihat_samhita,165,"anti sutoyāṃ tāpīṃ ye ca api gomatīsalilam //] 
 
16.12ab/ nāgara^kṛṣikara^pārata^hutāśanājīvi^*śastra^vārtānām[K.śastra",jyotish,0.7,auto-linked from brihat_samhita
chunk:brihat_samhita:167,mentions,vastu:deity_satya,brihat_samhita,167,"a^naṭa^nartaka^ghṛta^taila^sneha^bīja^tiktāni/ 
 
16.19cd/ vratacāri^rasāyana^kuśala^vesarāś candraputrasya// 
 
16.20ab",jyotish,0.7,auto-linked from brihat_samhita
chunk:brihat_samhita:168,mentions,vastu:deity_satya,brihat_samhita,168,"ya^satya^śauca^vrata^vidyā^dāna^dharma^yutāḥ// 
 
16.23ab/ paura^mahādhana^śabda^artha^vedaviduṣo +abhicāra^nīti^jñāḥ/ 
",jyotish,0.7,auto-linked from brihat_samhita
chunk:brihat_samhita:168,mentions,rasa:madhura,brihat_samhita,168,"ya^satya^śauca^vrata^vidyā^dāna^dharma^yutāḥ// 
 
16.23ab/ paura^mahādhana^śabda^artha^vedaviduṣo +abhicāra^nīti^jñāḥ/ 
",jyotish,0.7,auto-linked from brihat_samhita
chunk:brihat_samhita:169,mentions,vastu:deity_vara,brihat_samhita,169,"anti vitastām irāvatīṃ candrabhāga^saritaṃ ca/ 
 
16.26cd/ ratha^rajata^ākara^kuñjara^turaga^mahāmātra^dhanayuktāḥ// 
 
",jyotish,0.7,auto-linked from brihat_samhita
chunk:brihat_samhita:169,mentions,rasa:madhura,brihat_samhita,169,"anti vitastām irāvatīṃ candrabhāga^saritaṃ ca/ 
 
16.26cd/ ratha^rajata^ākara^kuñjara^turaga^mahāmātra^dhanayuktāḥ// 
 
",jyotish,0.7,auto-linked from brihat_samhita
chunk:brihat_samhita:170,mentions,rasa:tikta,brihat_samhita,170,"hala^aguru^vacā^pippalyaś candanaṃ ca bhṛgoḥ// 
 
16.30ab/ ānarta^ārbuda^puṣkara^saurāṣṭra^ābhīra^śūdra^raivatakāḥ/ 
 
1",jyotish,0.7,auto-linked from brihat_samhita
chunk:brihat_samhita:170,mentions,vastu:deity_bhujaga,brihat_samhita,170,"hala^aguru^vacā^pippalyaś candanaṃ ca bhṛgoḥ// 
 
16.30ab/ ānarta^ārbuda^puṣkara^saurāṣṭra^ābhīra^śūdra^raivatakāḥ/ 
 
1",jyotish,0.7,auto-linked from brihat_samhita
chunk:brihat_samhita:171,mentions,vastu:deity_bhujaga,brihat_samhita,171,"sāyana^vidhavayoṣito bhujaga^taskara^mahiṣyaḥ/ 
 
16.33cd/ khara^karabha^caṇaka^*vātala[K.vātula]^niṣpāvāś ca^arkaputras",jyotish,0.7,auto-linked from brihat_samhita
chunk:brihat_samhita:175,mentions,graha:budha,brihat_samhita,175,"e ca^apy apasavye bhavanti yuddhāni bhūpānām// 
 
17.06ab/ ravir ākrando madhye pauraḥ pūrve +apare sthito yāyī/ 
 
17.0",jyotish,0.7,auto-linked from brihat_samhita
chunk:brihat_samhita:175,mentions,graha:guru,brihat_samhita,175,"e ca^apy apasavye bhavanti yuddhāni bhūpānām// 
 
17.06ab/ ravir ākrando madhye pauraḥ pūrve +apare sthito yāyī/ 
 
17.0",jyotish,0.7,auto-linked from brihat_samhita
chunk:brihat_samhita:175,mentions,graha:ketu,brihat_samhita,175,"e ca^apy apasavye bhavanti yuddhāni bhūpānām// 
 
17.06ab/ ravir ākrando madhye pauraḥ pūrve +apare sthito yāyī/ 
 
17.0",jyotish,0.7,auto-linked from brihat_samhita
chunk:brihat_samhita:175,mentions,graha:mangala,brihat_samhita,175,"e ca^apy apasavye bhavanti yuddhāni bhūpānām// 
 
17.06ab/ ravir ākrando madhye pauraḥ pūrve +apare sthito yāyī/ 
 
17.0",jyotish,0.7,auto-linked from brihat_samhita
chunk:brihat_samhita:178,mentions,vastu:deity_satya,brihat_samhita,178,"te] mleccha^śūdra^caura^arthayukta^paurajanāḥ/ 
 
17.16cd/ traigartapārvatīyāḥ pīḍyante kampate ca mahī// 
 
17.17ab/ ra",jyotish,0.7,auto-linked from brihat_samhita
chunk:brihat_samhita:179,mentions,vastu:deity_satya,brihat_samhita,179,"i jite bṛhaspatau mleccha^satya^śastra^bhṛtaḥ/ 
 
17.20cd/ upayānti madhyadeśaś ca saṃkṣayaṃ yac ca bhaktiphalam// 
 
17",jyotish,0.7,auto-linked from brihat_samhita
chunk:brihat_samhita:179,mentions,graha:mangala,brihat_samhita,179,"i jite bṛhaspatau mleccha^satya^śastra^bhṛtaḥ/ 
 
17.20cd/ upayānti madhyadeśaś ca saṃkṣayaṃ yac ca bhaktiphalam// 
 
17",jyotish,0.7,auto-linked from brihat_samhita
chunk:brihat_samhita:179,mentions,vastu:deity_mukhya,brihat_samhita,179,"i jite bṛhaspatau mleccha^satya^śastra^bhṛtaḥ/ 
 
17.20cd/ upayānti madhyadeśaś ca saṃkṣayaṃ yac ca bhaktiphalam// 
 
17",jyotish,0.7,auto-linked from brihat_samhita
chunk:brihat_samhita:180,mentions,graha:mangala,brihat_samhita,180,"umyena pārvatīyāḥ kṣīravināśo +alpavṛṣṭiś ca// 
 
17.24ab/ ravijena site vijite *guṇamukhyāḥ[U.gaṇamukhyāḥ] śastra^jīvin",jyotish,0.7,auto-linked from brihat_samhita
chunk:brihat_samhita:181,mentions,graha:mangala,brihat_samhita,181,"bhihito hatānāṃ kuja^jña^vāgīśa^sita^asitānām/ 
 
17.27cd/ phalaṃ tu vācyaṃ graha^bhaktito +anyad yathā tathā ghnanti ha",jyotish,0.7,auto-linked from brihat_samhita
chunk:brihat_samhita:185,mentions,vastu:deity_vara,brihat_samhita,185,"9.03d saṃvatsare dinakarasya dine +atha māse// 
 
19.04a vyāptaṃ nabhaḥ pracalita^acala^sannikāśair 
 
19.04b vyāla^añja",jyotish,0.7,auto-linked from brihat_samhita
chunk:brihat_samhita:188,mentions,element:water,brihat_samhita,188,"kṣaraṃ]svabhiniviṣṭadhiyo *+api[K.atra] ke cid 
 
19.11d ānvīkṣikīṣu ca paraṃ padamīhamānāḥ// 
 
19.12a hāsyajña^dūta^ka",jyotish,0.7,auto-linked from brihat_samhita
chunk:brihat_samhita:190,mentions,plant:mahua,brihat_samhita,190,"a kṣatraṃ kṣitau kṣapita^bhūri^bala^ari^pakṣam 
 
19.17b udghuṣṭa^naika^jaya^śabda^virāvitāśam/ 
 
19.17c saṃhṛṣṭa^śiṣṭa",jyotish,0.7,auto-linked from brihat_samhita
chunk:brihat_samhita:190,mentions,vastu:deity_roga,brihat_samhita,190,"a kṣatraṃ kṣitau kṣapita^bhūri^bala^ari^pakṣam 
 
19.17b udghuṣṭa^naika^jaya^śabda^virāvitāśam/ 
 
19.17c saṃhṛṣṭa^śiṣṭa",jyotish,0.7,auto-linked from brihat_samhita
chunk:brihat_samhita:191,mentions,vastu:deity_roga,brihat_samhita,191,"19.19d roga^uttamākulakulāni bubhukṣayā ca// 
 
19.20a vātoddhatāmbudharavarjitam antarikṣam 
 
19.20b ārugṇanaikaviṭapa",jyotish,0.7,auto-linked from brihat_samhita
chunk:brihat_samhita:194,mentions,vastu:deity_yama,brihat_samhita,194,"uraḥ paurasameto yāyī saha yāyinā samājākhyaḥ/ 
 
20.07cd/ yama^jīva^saṅgame +anyo yady āgacchet tadā kośaḥ// 
 
20.08ab",jyotish,0.7,auto-linked from brihat_samhita
chunk:brihat_samhita:197,mentions,parampara:krishna,brihat_samhita,197,"īrṣādyā garbhā mandaphalāḥ pauṣaśuklajātāś ca/ 
 
21.09cd/ pauṣasya kṛṣṇa^pakṣeṇa nirdiśet^śrāvaṇasya sitam// 
 
21.10ab",jyotish,0.7,auto-linked from brihat_samhita
chunk:brihat_samhita:201,mentions,graha:ketu,brihat_samhita,201,"ā iva dhārābhir visṛjanty ambhaḥ prasavakāle// 
 
21.25ab/ garbha^upaghāta^liṅgāny ulkā^aśani^pāṃśupāta^digdāhaḥ/ 
 
21.",jyotish,0.7,auto-linked from brihat_samhita
chunk:brihat_samhita:205,mentions,plant:arka,brihat_samhita,205,"eva svātyādye vṛṣṭe bhacatuṣṭaye kramāt^māsāḥ/ 
 
22.02cd/ śrāvaṇapūrvā jñeyāḥ parisrutā dhāraṇās tāḥ syuḥ/ 
 
22.03ab/ ",jyotish,0.7,auto-linked from brihat_samhita
chunk:brihat_samhita:205,mentions,graha:chandra,brihat_samhita,205,"eva svātyādye vṛṣṭe bhacatuṣṭaye kramāt^māsāḥ/ 
 
22.02cd/ śrāvaṇapūrvā jñeyāḥ parisrutā dhāraṇās tāḥ syuḥ/ 
 
22.03ab/ ",jyotish,0.7,auto-linked from brihat_samhita
chunk:brihat_samhita:208,mentions,nakshatra:hasta,brihat_samhita,208,"^āpya^ādiṣu vṛṣṭaṃ sarveṣu tadā tv anāvṛṣṭiḥ// 
 
23.06ab/ hasta^āpya^saumya^citrā^pauṣṇa^dhaniṣṭhāsu ṣoḍaśa droṇāḥ/ 
 
",jyotish,0.7,auto-linked from brihat_samhita
chunk:brihat_samhita:209,mentions,graha:ketu,brihat_samhita,209,"daśa kathitā droṇā nirupadraveṣv *ete[K.eṣu]// 
 
23.10ab/ ravi^ravisuta^ketu^pīḍite bhe kṣititanaya^trividha^adbhuta^āh",jyotish,0.7,auto-linked from brihat_samhita
chunk:brihat_samhita:209,mentions,bhava:adbhuta,brihat_samhita,209,"daśa kathitā droṇā nirupadraveṣv *ete[K.eṣu]// 
 
23.10ab/ ravi^ravisuta^ketu^pīḍite bhe kṣititanaya^trividha^adbhuta^āh",jyotish,0.7,auto-linked from brihat_samhita
chunk:brihat_samhita:211,mentions,vastu:deity_soma,brihat_samhita,211,"ḥ/ 
 
24.06c grahān sanakṣatragaṇān samālikhet 
 
24.06d sadhūpapuṣpair balibhiś ca pūjayet// 
 
24.07a saratna^toya^auṣ",jyotish,0.7,auto-linked from brihat_samhita
chunk:brihat_samhita:212,mentions,bhava:santa,brihat_samhita,212,"ṃ ca/ 
 
24.09c ādau kṛte diggrahaṇe nabhasvān 
 
24.09d grāhyas tayā yogagate śaśāṅke// 
 
24.10a tatrārdhamāsāḥ prahar",jyotish,0.7,auto-linked from brihat_samhita
chunk:brihat_samhita:213,mentions,plant:lotus,brihat_samhita,213,"te[K.rohiṇīyate] meghamārutaphalāni vacmy ataḥ// 
 
24.13a kva cid asitasitaiḥ sitaiḥ kvacic ca 
 
24.13b kva cid asitai",jyotish,0.7,auto-linked from brihat_samhita
chunk:brihat_samhita:228,mentions,devi:nitya,brihat_samhita,228,"alāpa[K.abhighāta]^kalito vāyur yadā^ākāśataḥ/ 
 
27.02c naikānta^sthita^nīlamegha^*paṭalā[K.paṭalāṃ] śāradya^*saṃvardhi",jyotish,0.7,auto-linked from brihat_samhita
chunk:brihat_samhita:231,mentions,plant:kadamba,brihat_samhita,231,"anukāri[K.plavati dhanaripuḥ pannagādānukārī]/ 
 
27.07c jānīyād vāri^dhārā^pramudita^*mudita^āmukta[K.muditāṃ mukta]^ma",jyotish,0.7,auto-linked from brihat_samhita
chunk:brihat_samhita:231,mentions,graha:chandra,brihat_samhita,231,"anukāri[K.plavati dhanaripuḥ pannagādānukārī]/ 
 
27.07c jānīyād vāri^dhārā^pramudita^*mudita^āmukta[K.muditāṃ mukta]^ma",jyotish,0.7,auto-linked from brihat_samhita
chunk:brihat_samhita:231,mentions,parampara:krishna,brihat_samhita,231,"anukāri[K.plavati dhanaripuḥ pannagādānukārī]/ 
 
27.07c jānīyād vāri^dhārā^pramudita^*mudita^āmukta[K.muditāṃ mukta]^ma",jyotish,0.7,auto-linked from brihat_samhita
chunk:brihat_samhita:236,mentions,plant:mahua,brihat_samhita,236,"dhvaṃ 
 
28.08d nipatati vāri tadā na cireṇa// 
 
28.09ab/ na^icchanti vinirgamaṃ gṛhād dhunvanti śravaṇān khurān api/ 
",jyotish,0.7,auto-linked from brihat_samhita
chunk:brihat_samhita:244,mentions,plant:khadira,brihat_samhita,244,"cd/ raktotpalena rājā mantrī nīlotpalenoktaḥ// 
 
29.10ab/ śreṣṭhī *suvarṇapuṣpāt[K.suvarṇapuṣpaiḥ] padmair viprāḥ puroh",jyotish,0.7,auto-linked from brihat_samhita
chunk:brihat_samhita:247,mentions,bhava:santa,brihat_samhita,247,"ravarāve rūkṣe khagapātini ca^aśubhā sandhyā// 
 
30.07ab/ manda^pavana^avaghaṭṭita^calita^palāśa^drumā vipavanā vā/ 
 
",jyotish,0.7,auto-linked from brihat_samhita
chunk:brihat_samhita:248,mentions,deity:agni,brihat_samhita,248,"ḥ śivāya jagato vitamaske nabhasi bhānumataḥ// 
 
30.11ab/ śuklāḥ karā dinakṛto diva^ādi^madhya^anta^gāminaḥ snigdhāḥ/ 
",jyotish,0.7,auto-linked from brihat_samhita
chunk:brihat_samhita:249,mentions,deity:agni,brihat_samhita,249,"astra^agni^sambhramaṃ babhravaḥ pavana^vṛṣṭim/ 
 
30.14cd/ bhasma^sadṛśās tv avṛṣṭiṃ tanubhāvaṃ śabala^kalmāṣāḥ// 
 
30.",jyotish,0.7,auto-linked from brihat_samhita
chunk:brihat_samhita:251,mentions,nakshatra:chitra,brihat_samhita,251,"vṛṣi karoty avagraham anyartau śastra^kopakarī// 
 
30.22ab/ śiśirādiṣu varṇāḥ śoṇa^pīta^sita^citra^padma^rudhira^nibhāḥ",jyotish,0.7,auto-linked from brihat_samhita
chunk:brihat_samhita:251,mentions,plant:arka,brihat_samhita,251,"vṛṣi karoty avagraham anyartau śastra^kopakarī// 
 
30.22ab/ śiśirādiṣu varṇāḥ śoṇa^pīta^sita^citra^padma^rudhira^nibhāḥ",jyotish,0.7,auto-linked from brihat_samhita
chunk:brihat_samhita:258,mentions,deity:indra,brihat_samhita,258,"sāśruvilocanam ānanam ālokya pitāmahaḥ prāha// 
 
32.06ab/ manyuṃ hara^indra dhātryāḥ kṣipa kuliśaṃ śaila^pakṣa^bhaṅgāya",jyotish,0.7,auto-linked from brihat_samhita
chunk:brihat_samhita:261,mentions,deity:ahirbudhnya,brihat_samhita,261,"ambhīra^virāviṇas *taḍidvantaḥ[K.taḍitvantaḥ]/ 
 
32.17cd/ gavala^alikula^ahinibhā visṛjanti payaḥ payovāhāḥ// 
 
32.18a",jyotish,0.7,auto-linked from brihat_samhita
chunk:brihat_samhita:261,mentions,rasa:madhura,brihat_samhita,261,"ambhīra^virāviṇas *taḍidvantaḥ[K.taḍitvantaḥ]/ 
 
32.17cd/ gavala^alikula^ahinibhā visṛjanti payaḥ payovāhāḥ// 
 
32.18a",jyotish,0.7,auto-linked from brihat_samhita
chunk:brihat_samhita:262,mentions,rasa:madhura,brihat_samhita,262,"li^bhinna^añjana^tviṣo madhura^rāviṇo bahulāḥ/ 
 
32.21cd/ taḍid^udbhāsita^dehā *dhārā^aṅkura[K.dhārāṅkuśa]varṣiṇo jalad",jyotish,0.7,auto-linked from brihat_samhita
chunk:brihat_samhita:267,mentions,plant:lotus,brihat_samhita,267,"hastaṃ dīrghā śuklā tāmra^abja^tantu^rūpā vā/ 
 
33.07cd/ tiryag adhaś ca^ūrdhvaṃ vā yāti viyaty uhyamānā^iva// 
 
33.08",jyotish,0.7,auto-linked from brihat_samhita
chunk:brihat_samhita:270,mentions,deity:brahma,brihat_samhita,270,"vipra^kṣatriya^pīḍā puṣya^anila^viṣṇudeveṣu// 
 
33.19ab/ dhruva^saumyeṣu nṛpāṇām ugreṣu sadāruṇeṣu caurāṇām/ 
 
33.19cd",jyotish,0.7,auto-linked from brihat_samhita
chunk:brihat_samhita:273,mentions,deity:indra,brihat_samhita,273,"balaṃ vā bhavati bhayaṃ tata eva pārthivasya/ 
 
33.30cd/ nipatati ca yayā diśā pradīptā jayati ripūn acirāt tayā prayāt",jyotish,0.7,auto-linked from brihat_samhita
chunk:brihat_samhita:273,mentions,vastu:deity_yama,brihat_samhita,273,"balaṃ vā bhavati bhayaṃ tata eva pārthivasya/ 
 
33.30cd/ nipatati ca yayā diśā pradīptā jayati ripūn acirāt tayā prayāt",jyotish,0.7,auto-linked from brihat_samhita
chunk:brihat_samhita:273,mentions,deity:agni,brihat_samhita,273,"balaṃ vā bhavati bhayaṃ tata eva pārthivasya/ 
 
33.30cd/ nipatati ca yayā diśā pradīptā jayati ripūn acirāt tayā prayāt",jyotish,0.7,auto-linked from brihat_samhita
chunk:brihat_samhita:275,mentions,plant:arka,brihat_samhita,275,"^ṛtau sadyo varṣaṃ karoti pītaś ca dīptārkaḥ// 
 
34.08ab/ dīpta^*mṛga^vihaṅga[K.vihaṅgamṛga]^rutaḥ kaluṣaḥ sandhyā^tray",jyotish,0.7,auto-linked from brihat_samhita
chunk:brihat_samhita:280,mentions,deity:agni,brihat_samhita,280,"gāḍhaṃ dyutimat snigdhaṃ ghanaṃ vividhavarṇam/ 
 
35.03cd/ dvir uditam anulomaṃ ca praśastam ambhaḥ prayacchati ca// 
 
",jyotish,0.7,auto-linked from brihat_samhita
chunk:brihat_samhita:282,mentions,bhava:santa,brihat_samhita,282,"ti^jaya^āvaham udag^vidiksthaṃ vivarṇa^nāśāya/ 
 
36.02cd/ śānta^āśāyāṃ dṛṣṭaṃ satoraṇaṃ nṛpati^vijayāya// 
 
36.03ab/ s",jyotish,0.7,auto-linked from brihat_samhita
chunk:brihat_samhita:286,mentions,plant:arka,brihat_samhita,286,"āryāḥ//] 
 
 
 
 38 nirghātalakṣaṇādhyāyaḥ 
 
 
 
38.01ab/ pavanaḥ pavana^abhihato gaganād avanau yadā samāpatati/ 
 
38",jyotish,0.7,auto-linked from brihat_samhita
chunk:brihat_samhita:287,mentions,raga:bhairava,brihat_samhita,287,"ātrau dvitīya^yāme piśāca^saṅghān nipīḍayati// 
 
38.05ab/ turaga^kariṇas tṛtīye vinihanyād yāyinaś caturthe ca/ 
 
38.0",jyotish,0.7,auto-linked from brihat_samhita
chunk:brihat_samhita:288,mentions,graha:mangala,brihat_samhita,288,"śinoḥ kumbha^siṃha^*saṃsthitayoḥ[K.sthitayoḥ]/ 
 
39.03cd/ siṃha^ghaṭa^saṃsthayor vā niṣpattir grīṣma^sasyasya// 
 
39.0",jyotish,0.7,auto-linked from brihat_samhita
chunk:brihat_samhita:289,mentions,graha:mangala,brihat_samhita,289,"gavi śaśī sūryo +alimukhe kuja^arkajau makare/ 
 
39.07cd/ niṣpattir asti mahatī paścāt paracakra^bhaya^rogam// 
 
39.08",jyotish,0.7,auto-linked from brihat_samhita
chunk:brihat_samhita:295,mentions,plant:mahua,brihat_samhita,295,"grīṣmaja^dhānyasya saṃgrahaṃ *kṛtvā[K.kuryāt]/ 
 
41.03cd/ vana^mūla^phalasya vṛṣe caturthamāse tayor lābhaḥ// 
 
41.04a",jyotish,0.7,auto-linked from brihat_samhita
chunk:brihat_samhita:299,mentions,vastu:deity_asura,brihat_samhita,299,"āḥ kṣīrodaṃ gatvā te tuṣṭuvuḥ surāḥ sa^indrāḥ/ 
 
42.03cd/ śrīvatsa^aṅkaṃ kaustubha^maṇi^kirana^udbhāsita^uraskam// 
 
4",jyotish,0.7,auto-linked from brihat_samhita
chunk:brihat_samhita:299,mentions,plant:lotus,brihat_samhita,299,"āḥ kṣīrodaṃ gatvā te tuṣṭuvuḥ surāḥ sa^indrāḥ/ 
 
42.03cd/ śrīvatsa^aṅkaṃ kaustubha^maṇi^kirana^udbhāsita^uraskam// 
 
4",jyotish,0.7,auto-linked from brihat_samhita
chunk:brihat_samhita:305,mentions,guna:sattva,brihat_samhita,305,"ta^āpaṇagṛhaṃ prabhūta^puṇyāha^veda^nirghoṣam/ 
 
42.26cd/ naṭa^nartaka^geyajñair ākīrṇa^catuṣpathaṃ nagaram// 
 
42.27a",jyotish,0.7,auto-linked from brihat_samhita
chunk:brihat_samhita:306,mentions,element:water,brihat_samhita,306,"īṣadharaḥ purohitaḥ śākra^vaiṣṇavair mantraiḥ/ 
 
42.30cd/ juhuyād agniṃ sāmvatsaro nimittāni gṛhṇīyāt// 
 
42.31ab/ iṣṭ",jyotish,0.7,auto-linked from brihat_samhita
chunk:brihat_samhita:312,mentions,plant:arka,brihat_samhita,312,"ataḥ prathamāt prathamād aṣṭāṃśāṣṭāṃśahīnāni// 
 
42.51ab/ kuryād ahani caturthe pūraṇam indradhvajasya śāstrajñaḥ/ 
 
4",jyotish,0.7,auto-linked from brihat_samhita
chunk:brihat_samhita:312,mentions,deity:skanda,brihat_samhita,312,"ataḥ prathamāt prathamād aṣṭāṃśāṣṭāṃśahīnāni// 
 
42.51ab/ kuryād ahani caturthe pūraṇam indradhvajasya śāstrajñaḥ/ 
 
4",jyotish,0.7,auto-linked from brihat_samhita
chunk:brihat_samhita:316,mentions,plant:mahua,brihat_samhita,316,"42.62a kravyāda^kauśika^kapotaka^kāka^kaṅkaiḥ 
 
42.62b ketusthitair mahad uśanti bhayaṃ nṛpasya/ 
 
42.62c cāṣeṇa ca^ap",jyotish,0.7,auto-linked from brihat_samhita
chunk:brihat_samhita:318,mentions,plant:arka,brihat_samhita,318,"/ 
 
42.67c prakṛtibhiḥ saha lakṣma visarjayed 
 
42.67d balabhidaḥ svabala^abhivivṛddhaye// 
 
42.68ab/ uparicara^vasu^",jyotish,0.7,auto-linked from brihat_samhita
chunk:brihat_samhita:319,mentions,plant:fig,brihat_samhita,319,"āśvayuje vā kuryān nīrājana^saṃjñitāṃ śāntim// 
 
43.03ab/ nagara^uttarapūrvadiśi praśastabhūmau praśastadārumayam/ 
 
4",jyotish,0.7,auto-linked from brihat_samhita
chunk:brihat_samhita:321,mentions,plant:mahua,brihat_samhita,321,"ṃ sapūrṇakośāṃ kaṭambharā^trāyamāṇa^sahadevīḥ/ 
 
43.10cd/ nāgakusumaṃ svaguptāṃ śatāvarīṃ somarājīṃ ca// 
 
43.11ab/ ka",jyotish,0.7,auto-linked from brihat_samhita
chunk:brihat_samhita:321,mentions,plant:khadira,brihat_samhita,321,"ṃ sapūrṇakośāṃ kaṭambharā^trāyamāṇa^sahadevīḥ/ 
 
43.10cd/ nāgakusumaṃ svaguptāṃ śatāvarīṃ somarājīṃ ca// 
 
43.11ab/ ka",jyotish,0.7,auto-linked from brihat_samhita
chunk:brihat_samhita:321,mentions,plant:fig,brihat_samhita,321,"ṃ sapūrṇakośāṃ kaṭambharā^trāyamāṇa^sahadevīḥ/ 
 
43.10cd/ nāgakusumaṃ svaguptāṃ śatāvarīṃ somarājīṃ ca// 
 
43.11ab/ ka",jyotish,0.7,auto-linked from brihat_samhita
chunk:brihat_samhita:326,mentions,parampara:krishna,brihat_samhita,326,"vāji^kuñjaraṃ nirmala^praharaṇa^aṃśu^bhāsuram/ 
 
43.28cd/ nirvikāram ari^pakṣa^bhīṣaṇaṃ yasya sainyam acirāt sa gāṃ jay",jyotish,0.7,auto-linked from brihat_samhita
chunk:brihat_samhita:327,mentions,rasa:madhura,brihat_samhita,327,"/ pīto gopīta iti kleśakaraḥ khañjano dṛṣṭaḥ// 
 
44.04ab/ atha madhura^surabhi^phala^kusuma^taruṣu salilāśayeṣu puṇyeṣu",jyotish,0.7,auto-linked from brihat_samhita
chunk:brihat_samhita:327,mentions,vastu:deity_bhujaga,brihat_samhita,327,"/ pīto gopīta iti kleśakaraḥ khañjano dṛṣṭaḥ// 
 
44.04ab/ atha madhura^surabhi^phala^kusuma^taruṣu salilāśayeṣu puṇyeṣu",jyotish,0.7,auto-linked from brihat_samhita
chunk:brihat_samhita:327,mentions,plant:lotus,brihat_samhita,327,"/ pīto gopīta iti kleśakaraḥ khañjano dṛṣṭaḥ// 
 
44.04ab/ atha madhura^surabhi^phala^kusuma^taruṣu salilāśayeṣu puṇyeṣu",jyotish,0.7,auto-linked from brihat_samhita
chunk:brihat_samhita:330,mentions,graha:guru,brihat_samhita,330,"bhapradeśe khagam avalokya mahītale vidadhyāt/ 
 
44.14cd/ surabhi^kusuma^dhūpa^yuktam arghaṃ śubham *abhinandim[K.ū.abh",jyotish,0.7,auto-linked from brihat_samhita
chunk:brihat_samhita:330,mentions,bhava:santa,brihat_samhita,330,"bhapradeśe khagam avalokya mahītale vidadhyāt/ 
 
44.14cd/ surabhi^kusuma^dhūpa^yuktam arghaṃ śubham *abhinandim[K.ū.abh",jyotish,0.7,auto-linked from brihat_samhita
chunk:brihat_samhita:332,mentions,deity:rudra,brihat_samhita,332,"hira^bhavaṃ tat^śāntibhir āhataṃ śamam upaiti/ 
 
45.05cd/ nābhasam upaiti mṛdutāṃ śāmyati no divyam ity eke// 
 
45.06a",jyotish,0.7,auto-linked from brihat_samhita
chunk:brihat_samhita:332,mentions,graha:ketu,brihat_samhita,332,"hira^bhavaṃ tat^śāntibhir āhataṃ śamam upaiti/ 
 
45.05cd/ nābhasam upaiti mṛdutāṃ śāmyati no divyam ity eke// 
 
45.06a",jyotish,0.7,auto-linked from brihat_samhita
chunk:brihat_samhita:333,mentions,graha:ketu,brihat_samhita,333,"trā^śakaṭākṣa^cakra^yuga^ketu^bhaṅga^patanāni/ 
 
45.09cd/ samparyāsana^sādana^*saṅgaś[K.saṅgāś] ca na deśa^nṛpa^śubhadā",jyotish,0.7,auto-linked from brihat_samhita
chunk:brihat_samhita:333,mentions,deity:brahma,brihat_samhita,333,"trā^śakaṭākṣa^cakra^yuga^ketu^bhaṅga^patanāni/ 
 
45.09cd/ samparyāsana^sādana^*saṅgaś[K.saṅgāś] ca na deśa^nṛpa^śubhadā",jyotish,0.7,auto-linked from brihat_samhita
chunk:brihat_samhita:333,mentions,deity:rudra,brihat_samhita,333,"trā^śakaṭākṣa^cakra^yuga^ketu^bhaṅga^patanāni/ 
 
45.09cd/ samparyāsana^sādana^*saṅgaś[K.saṅgāś] ca na deśa^nṛpa^śubhadā",jyotish,0.7,auto-linked from brihat_samhita
chunk:brihat_samhita:333,mentions,graha:guru,brihat_samhita,333,"trā^śakaṭākṣa^cakra^yuga^ketu^bhaṅga^patanāni/ 
 
45.09cd/ samparyāsana^sādana^*saṅgaś[K.saṅgāś] ca na deśa^nṛpa^śubhadā",jyotish,0.7,auto-linked from brihat_samhita
chunk:brihat_samhita:333,mentions,deity:skanda,brihat_samhita,333,"trā^śakaṭākṣa^cakra^yuga^ketu^bhaṅga^patanāni/ 
 
45.09cd/ samparyāsana^sādana^*saṅgaś[K.saṅgāś] ca na deśa^nṛpa^śubhadā",jyotish,0.7,auto-linked from brihat_samhita
chunk:brihat_samhita:335,mentions,element:water,brihat_samhita,335,"kaṃ juhuyād vidhivan mantraiś ca tal^liṅgaiḥ// 
 
45.17a iti vibudha^vikāre śāntayaḥ saptarātraṃ 
 
45.17b dvija^vibudha",jyotish,0.7,auto-linked from brihat_samhita
chunk:brihat_samhita:336,mentions,guna:rajas,brihat_samhita,336,"ya^grāma^pureṣu ca nāśo vahner bhayaṃ kurute// 
 
45.20ab/ prāsāda^bhavana^toraṇa^ketv^ādiṣv ananalena dagdheṣu/ 
 
45.2",jyotish,0.7,auto-linked from brihat_samhita
chunk:brihat_samhita:336,mentions,deity:agni,brihat_samhita,336,"ya^grāma^pureṣu ca nāśo vahner bhayaṃ kurute// 
 
45.20ab/ prāsāda^bhavana^toraṇa^ketv^ādiṣv ananalena dagdheṣu/ 
 
45.2",jyotish,0.7,auto-linked from brihat_samhita
chunk:brihat_samhita:337,mentions,bhava:raudra,brihat_samhita,337,"ana^sarpaṇa^svanāḥ kośa^nirgamana^vepanāni vā/ 
 
45.23cd/ vaikṛtāni yadi vā^āyudhe +aparāṇy āśu raudra^raṇa^saṅkulaṃ va",jyotish,0.7,auto-linked from brihat_samhita
chunk:brihat_samhita:338,mentions,bhava:virya,brihat_samhita,338,"vṛkṣāt kṣīrasrāve sarvadravya^kṣayo bhavati// 
 
45.27ab/ madye vāhana^nāśaḥ saṃgrāmaḥ śoṇite madhuni rogaḥ/ 
 
45.27cd/",jyotish,0.7,auto-linked from brihat_samhita
chunk:brihat_samhita:341,mentions,vastu:deity_roga,brihat_samhita,341,"d kṛtvā na doṣaṃ samupaiti *tajjam[K.tajjān]// 
 
45.38ab/ durbhikṣam *anāvṛṣṭāv ativṛṣṭau[K.anāvṛṣṭyām ativṛṣṭyām] kṣud",jyotish,0.7,auto-linked from brihat_samhita
chunk:brihat_samhita:343,mentions,vastu:deity_parjanya,brihat_samhita,343,"yady amale +arke chāyā na dṛśyate pratīpā vā/ 
 
45.43cd/ deśasya tadā sumahad^bhayam āyātaṃ vinirdeśyam// 
 
45.44ab/ v",jyotish,0.7,auto-linked from brihat_samhita
chunk:brihat_samhita:350,mentions,plant:mahua,brihat_samhita,350,"dvāreṣu ca pakṣi^saṅgha^*sampātaḥ[K.sampātāḥ]/ 
 
45.69cd/ madhu^valmīka^ambhoruha^*samudbhavaś[K.samudbhavāś] ca^api nā",jyotish,0.7,auto-linked from brihat_samhita
chunk:brihat_samhita:352,mentions,devi:nitya,brihat_samhita,352,"ntaḥ praharante tatra^api bhayaṃ bhavaty āśu// 
 
45.77ab/ aṅgāra^gairika^ādyair vikṛta^preta^abhilekhanaṃ yasmin/ 
 
45",jyotish,0.7,auto-linked from brihat_samhita
chunk:brihat_samhita:353,mentions,plant:arka,brihat_samhita,353,"ca *māhendrīṃ[K.mahendrībhiḥ] ca samarcayet// 
 
45.81ab/ narapati^deśa^vināśe ketor udaye +atha vā grahe +arkendvoḥ/ 
 ",jyotish,0.7,auto-linked from brihat_samhita
chunk:brihat_samhita:353,mentions,plant:mahua,brihat_samhita,353,"ca *māhendrīṃ[K.mahendrībhiḥ] ca samarcayet// 
 
45.81ab/ narapati^deśa^vināśe ketor udaye +atha vā grahe +arkendvoḥ/ 
 ",jyotish,0.7,auto-linked from brihat_samhita
chunk:brihat_samhita:354,mentions,plant:mahua,brihat_samhita,354,"o^pakṣi^mada^vṛddhiś ca śivāya madhu^mādhave// 
 
45.85ab/ tārā^ulkā^pāta^kaluṣaṃ kapila^arkendu^maṇḍalam/ 
 
45.85cd/ a",jyotish,0.7,auto-linked from brihat_samhita
chunk:brihat_samhita:355,mentions,vastu:deity_gandharva,brihat_samhita,355,"aṇaṃ ca^adri^gehānāṃ varṣāsu na bhaya^āvaham// 
 
45.89ab/ divya^strī^bhūta^gandharva^vimāna^adbhuta^darśanam/ 
 
45.89c",jyotish,0.7,auto-linked from brihat_samhita
chunk:brihat_samhita:355,mentions,bhava:adbhuta,brihat_samhita,355,"aṇaṃ ca^adri^gehānāṃ varṣāsu na bhaya^āvaham// 
 
45.89ab/ divya^strī^bhūta^gandharva^vimāna^adbhuta^darśanam/ 
 
45.89c",jyotish,0.7,auto-linked from brihat_samhita
chunk:brihat_samhita:356,mentions,bhava:adbhuta,brihat_samhita,356,"ima^pāta^anila^utpātā virūpa^adbhuta^darśanam/ 
 
45.93cd/ kṛṣṇa^añjana^ābham ākāśaṃ tārā^ulkā^pāta^piñjaram// 
 
45.94a",jyotish,0.7,auto-linked from brihat_samhita
chunk:brihat_samhita:356,mentions,parampara:krishna,brihat_samhita,356,"ima^pāta^anila^utpātā virūpa^adbhuta^darśanam/ 
 
45.93cd/ kṛṣṇa^añjana^ābham ākāśaṃ tārā^ulkā^pāta^piñjaram// 
 
45.94a",jyotish,0.7,auto-linked from brihat_samhita
chunk:brihat_samhita:356,mentions,nakshatra:chitra,brihat_samhita,356,"ima^pāta^anila^utpātā virūpa^adbhuta^darśanam/ 
 
45.93cd/ kṛṣṇa^añjana^ābham ākāśaṃ tārā^ulkā^pāta^piñjaram// 
 
45.94a",jyotish,0.7,auto-linked from brihat_samhita
chunk:brihat_samhita:367,mentions,rasa:tikta,brihat_samhita,367,"ā śāntiḥ svayambhuvā suraguror mahendra^arthe/ 
 
47.02cd/ tāṃ prāpya vṛddhagargaḥ prāha yathā bhāgureḥ śṛṇuta// 
 
47.0",jyotish,0.7,auto-linked from brihat_samhita
chunk:brihat_samhita:369,mentions,plant:lotus,brihat_samhita,369,"ndīvara^nayane sarasi sahasrākṣa^kānti^dhare// 
 
47.10ab/ protphulla^kamala^vadanāḥ kalahaṃsa^*kala[K.kalasvana]^prabhā",jyotish,0.7,auto-linked from brihat_samhita
chunk:brihat_samhita:373,mentions,vastu:deity_gandharva,brihat_samhita,373,"d/ nānā^ratnākaravatīṃ sthānāni vividhāni ca// 
 
47.25ab/ purohito yathāsthānaṃ nāgān yakṣān surān pitṝn/ 
 
47.25cd/ g",jyotish,0.7,auto-linked from brihat_samhita
chunk:brihat_samhita:375,mentions,plant:mahua,brihat_samhita,375,"ibudhān *ratnaḥ[U.ratnaiḥ] stuti^praṇāmaiś ca/ 
 
47.32cd/ gandharvān apsaraso gandhair mālyaiś ca susugandhaiḥ// 
 
47.",jyotish,0.7,auto-linked from brihat_samhita
chunk:brihat_samhita:381,mentions,parampara:brahma,brihat_samhita,381,"rās tvām abhiṣiñcantu ye ca siddhāḥ purātanāḥ/ 
 
47.55cd/ brahmā viṣṇuś ca *rudraś[K.śambhuś] ca sādhyāś ca samarudgaṇā",jyotish,0.7,auto-linked from brihat_samhita
chunk:brihat_samhita:385,mentions,graha:guru,brihat_samhita,385,"harvakalpa^*āhitaiḥ[K.vihitaiḥ] sarudragaṇaiḥ/ 
 
47.71cd/ kauṣmāṇḍa^mahārauhiṇa^kuberahṛdyaiḥ samṛddhyā ca// 
 
47.72ab",jyotish,0.7,auto-linked from brihat_samhita
chunk:brihat_samhita:397,mentions,dosha:pitta,brihat_samhita,397,"ja^mada^ghṛta^kuṅkuma^kunda^campaka^sagandhaḥ/ 
 
49.21cd/ śubhado +aniṣṭo gomūtra^paṅka^medaḥ^sadṛśa^gandhaḥ// 
 
49.22",jyotish,0.7,auto-linked from brihat_samhita
chunk:brihat_samhita:398,mentions,dosha:pitta,brihat_samhita,398,"49.24c jhaṣa^pitta^mṛga^aśva^basta^dugdhaiḥ 
 
49.24d kari^hasta^cchidaye satāla^garbhaiḥ// 
 
49.25a ārkaṃ payo huḍuviṣ",jyotish,0.7,auto-linked from brihat_samhita
chunk:brihat_samhita:398,mentions,nakshatra:hasta,brihat_samhita,398,"49.24c jhaṣa^pitta^mṛga^aśva^basta^dugdhaiḥ 
 
49.24d kari^hasta^cchidaye satāla^garbhaiḥ// 
 
49.25a ārkaṃ payo huḍuviṣ",jyotish,0.7,auto-linked from brihat_samhita
chunk:brihat_samhita:405,mentions,vastu:deity_mitra,brihat_samhita,405,"mbū^plakṣa^āmra^*badara[K.badari]^jātiphalaiḥ/ 
 
50.17cd/ dhana^kanaka^puruṣa^loha^aṃśuka^rūpya^*audumbara^āptir[K.udum",jyotish,0.7,auto-linked from brihat_samhita
chunk:brihat_samhita:422,mentions,nakshatra:hasta,brihat_samhita,422,"anti śāstrakārā hastaśatād ucchritaṃ parataḥ// 
 
52.17ab/ senāpati^nṛpatīnāṃ saptati^sahite dvidhā^kṛte vyāse/ 
 
52.17",jyotish,0.7,auto-linked from brihat_samhita
chunk:brihat_samhita:422,mentions,vastu:deity_tithi,brihat_samhita,422,"anti śāstrakārā hastaśatād ucchritaṃ parataḥ// 
 
52.17ab/ senāpati^nṛpatīnāṃ saptati^sahite dvidhā^kṛte vyāse/ 
 
52.17",jyotish,0.7,auto-linked from brihat_samhita
chunk:brihat_samhita:424,mentions,nakshatra:hasta,brihat_samhita,424,"^bhāga^yutaḥ sasaptatir nṛpa^baleśayor vyāsaḥ/ 
 
52.24cd/ ucchrāyo +aṅgulatulyo dvārasyārdhena viṣkambhaḥ// 
 
52.25ab/",jyotish,0.7,auto-linked from brihat_samhita
chunk:brihat_samhita:428,mentions,vastu:deity_parjanya,brihat_samhita,428,"ḍākhyam udakpūrve vāta^ākhyaṃ prāgyutā yāmyā// 
 
52.40ab/ pūrvāpare tu śāle gṛhacullī dakṣiṇottare kācam/ 
 
52.40cd/ s",jyotish,0.7,auto-linked from brihat_samhita
chunk:brihat_samhita:428,mentions,vastu:deity_jayanta,brihat_samhita,428,"ḍākhyam udakpūrve vāta^ākhyaṃ prāgyutā yāmyā// 
 
52.40ab/ pūrvāpare tu śāle gṛhacullī dakṣiṇottare kācam/ 
 
52.40cd/ s",jyotish,0.7,auto-linked from brihat_samhita
chunk:brihat_samhita:428,mentions,deity:indra,brihat_samhita,428,"ḍākhyam udakpūrve vāta^ākhyaṃ prāgyutā yāmyā// 
 
52.40ab/ pūrvāpare tu śāle gṛhacullī dakṣiṇottare kācam/ 
 
52.40cd/ s",jyotish,0.7,auto-linked from brihat_samhita
chunk:brihat_samhita:429,mentions,vastu:deity_vitatha,brihat_samhita,429,"śānyādyāḥ]^kramaśo dakṣiṇapūrve +anilaḥ koṇe// 
 
52.44ab/ pūṣā vitatha^bṛhatkṣata^yama^gandharva^ākhya^bhṛṅgarāja^mṛgāḥ",jyotish,0.7,auto-linked from brihat_samhita
chunk:brihat_samhita:429,mentions,vastu:deity_yama,brihat_samhita,429,"śānyādyāḥ]^kramaśo dakṣiṇapūrve +anilaḥ koṇe// 
 
52.44ab/ pūṣā vitatha^bṛhatkṣata^yama^gandharva^ākhya^bhṛṅgarāja^mṛgāḥ",jyotish,0.7,auto-linked from brihat_samhita
chunk:brihat_samhita:429,mentions,vastu:deity_gandharva,brihat_samhita,429,"śānyādyāḥ]^kramaśo dakṣiṇapūrve +anilaḥ koṇe// 
 
52.44ab/ pūṣā vitatha^bṛhatkṣata^yama^gandharva^ākhya^bhṛṅgarāja^mṛgāḥ",jyotish,0.7,auto-linked from brihat_samhita
chunk:brihat_samhita:429,mentions,vastu:deity_kusumadanta,brihat_samhita,429,"śānyādyāḥ]^kramaśo dakṣiṇapūrve +anilaḥ koṇe// 
 
52.44ab/ pūṣā vitatha^bṛhatkṣata^yama^gandharva^ākhya^bhṛṅgarāja^mṛgāḥ",jyotish,0.7,auto-linked from brihat_samhita
chunk:brihat_samhita:429,mentions,vastu:deity_soma,brihat_samhita,429,"śānyādyāḥ]^kramaśo dakṣiṇapūrve +anilaḥ koṇe// 
 
52.44ab/ pūṣā vitatha^bṛhatkṣata^yama^gandharva^ākhya^bhṛṅgarāja^mṛgāḥ",jyotish,0.7,auto-linked from brihat_samhita
chunk:brihat_samhita:429,mentions,parampara:brahma,brihat_samhita,429,"śānyādyāḥ]^kramaśo dakṣiṇapūrve +anilaḥ koṇe// 
 
52.44ab/ pūṣā vitatha^bṛhatkṣata^yama^gandharva^ākhya^bhṛṅgarāja^mṛgāḥ",jyotish,0.7,auto-linked from brihat_samhita
chunk:brihat_samhita:430,mentions,deity:rudra,brihat_samhita,430,"ipatis tasmān mitro +anyo rāja^yakṣma^nāmā ca/ 
 
52.47cd/ *pṛthivī[K.pṛthvī]dharāpavatsāv ity ete brahmaṇaḥ paridhau// ",jyotish,0.7,auto-linked from brihat_samhita
chunk:brihat_samhita:431,mentions,parampara:brahma,brihat_samhita,431,"hā puruṣo +ayam avāṅ^mukho +asya śirasi śikhī/ 
 
52.51cd/ āpo mukhe stane +asyāryamā hy urasy āpavatsaś ca// 
 
52.52ab",jyotish,0.7,auto-linked from brihat_samhita
chunk:brihat_samhita:432,mentions,parampara:brahma,brihat_samhita,432,"ṛdaye brahmā pitā^*aṅghrigataḥ[K.aṅgrigataḥ]// 
 
52.55ab/ aṣṭa^aṣṭakapadam atha vā kṛtvā rekhāś ca koṇagās tiryak/ 
 
5",jyotish,0.7,auto-linked from brihat_samhita
chunk:brihat_samhita:437,mentions,bhava:virya,brihat_samhita,437,"paratā^anṛtatvaṃ krauryaṃ cauryaṃ ca pūrveṇa// 
 
52.71ab/ alpasutatvaṃ praiṣyaṃ nīcatvaṃ bhakṣya^pāna^suta^vṛddhiḥ/ 
 
",jyotish,0.7,auto-linked from brihat_samhita
chunk:brihat_samhita:437,mentions,vastu:deity_roga,brihat_samhita,437,"paratā^anṛtatvaṃ krauryaṃ cauryaṃ ca pūrveṇa// 
 
52.71ab/ alpasutatvaṃ praiṣyaṃ nīcatvaṃ bhakṣya^pāna^suta^vṛddhiḥ/ 
 
",jyotish,0.7,auto-linked from brihat_samhita
chunk:brihat_samhita:440,mentions,plant:fig,brihat_samhita,440,"carakī vidārināmā^atha pūtanā rākṣasī ca^iti// 
 
52.82ab/ purabhavanagrāmāṇāṃ ye koṇās teṣu nivasatāṃ doṣāḥ/ 
52.82cd/ ",jyotish,0.7,auto-linked from brihat_samhita
chunk:brihat_samhita:443,mentions,rasa:madhura,brihat_samhita,443,"ti diśi yasya śastā sā bhūmis tasya varṇasya// 
 
52.93ab/ śvabhroṣitaṃ na kusumaṃ yasya[K.yasmin] pramlāyate +anuvarṇas",jyotish,0.7,auto-linked from brihat_samhita
chunk:brihat_samhita:443,mentions,rasa:amla,brihat_samhita,443,"ti diśi yasya śastā sā bhūmis tasya varṇasya// 
 
52.93ab/ śvabhroṣitaṃ na kusumaṃ yasya[K.yasmin] pramlāyate +anuvarṇas",jyotish,0.7,auto-linked from brihat_samhita
chunk:brihat_samhita:450,mentions,plant:neem,brihat_samhita,450,"strīdauṣṭyaṃ naiḥsvyaṃ vittātmaja^vivṛddhiḥ// 
 
52.118ab/ khaga^nilaya^bhagna^saṃśuṣka^dagdha^devālaya^śmaśāna^sthān/ 
",jyotish,0.7,auto-linked from brihat_samhita
chunk:brihat_samhita:451,mentions,graha:guru,brihat_samhita,451,"ṣṭhābhe bheko nīle sarpas tathā+aruṇe saraṭaḥ/ 
 
52.121cd/ mudgābhe +aśmā kapile tu mūṣako +ambhaś ca khaḍgābhe// 
 
52",jyotish,0.7,auto-linked from brihat_samhita
chunk:brihat_samhita:451,mentions,element:water,brihat_samhita,451,"ṣṭhābhe bheko nīle sarpas tathā+aruṇe saraṭaḥ/ 
 
52.121cd/ mudgābhe +aśmā kapile tu mūṣako +ambhaś ca khaḍgābhe// 
 
52",jyotish,0.7,auto-linked from brihat_samhita
chunk:brihat_samhita:452,mentions,element:water,brihat_samhita,452,"dakārgalaṃ[K.dagārgalaṃ] yena jala^upalabdhiḥ/ 
 
53.01cd/ puṃsāṃ yathā^aṅgeṣu śirās tatha^eva kṣitāv api pronnata^nimna",jyotish,0.7,auto-linked from brihat_samhita
chunk:brihat_samhita:452,mentions,vastu:deity_yama,brihat_samhita,452,"dakārgalaṃ[K.dagārgalaṃ] yena jala^upalabdhiḥ/ 
 
53.01cd/ puṃsāṃ yathā^aṅgeṣu śirās tatha^eva kṣitāv api pronnata^nimna",jyotish,0.7,auto-linked from brihat_samhita
chunk:brihat_samhita:456,mentions,plant:bael,brihat_samhita,456,"eṇa yadi badaryā valmīko dṛśyate jalaṃ paścāt/ 
 
53.16cd/ puruṣais tribhir ādeśyaṃ śvetā gṛhagodhikā^ardhanare// 
 
53.",jyotish,0.7,auto-linked from brihat_samhita
chunk:brihat_samhita:464,mentions,plant:bael,brihat_samhita,464,"a^dūrvā mṛdavaś ca yatra tasmin jalaṃ puruṣe// 
 
53.48ab/ bhārṅgī trivṛtā dantī sūkarapādī ca lakṣmaṇā ca^eva/ 
 
53.48",jyotish,0.7,auto-linked from brihat_samhita
chunk:brihat_samhita:469,mentions,nakshatra:hasta,brihat_samhita,469,"dakṣiṇato vahati śirā sakṣāraṃ bhūri pānīyam// 
 
53.67ab/ uttarataś ca karīrasya^ahigṛhaṃ[K.karīrād ahinilaye] dakṣiṇe ",jyotish,0.7,auto-linked from brihat_samhita
chunk:brihat_samhita:470,mentions,nakshatra:hasta,brihat_samhita,470,"^dvaye tu yāmye pañcadaśa^nara^avasāne +ambu// 
 
53.71ab/ kṣāraṃ payo +atra nakulo +ardha^mānave tāmra^sannibhaś ca^aśm",jyotish,0.7,auto-linked from brihat_samhita
chunk:brihat_samhita:471,mentions,nakshatra:hasta,brihat_samhita,471,"ṭādaśabhiḥ puruṣair aiśānī bahu^jalā ca śirā// 
 
53.75ab/ pīlu^sametā badarī hasta^traya^sammite diśi prācyām// 
 
53.7",jyotish,0.7,auto-linked from brihat_samhita
chunk:brihat_samhita:472,mentions,nakshatra:hasta,brihat_samhita,472,"mīkadambaka]^yutā valmīke yatra dṛśyate dūrvā/ 
 
53.78cd/ hasta^dvayena[K.hastatrayena] yāmye narair jalaṃ pañcaviṃśaty",jyotish,0.7,auto-linked from brihat_samhita
chunk:brihat_samhita:473,mentions,nakshatra:hasta,brihat_samhita,473,"ara^ante śata^ardha^saṃkhyair naraiḥ salilam// 
 
53.82ab/ ekasthāḥ pañca yadā valmīkā madhyamo bhavet^śvetaḥ/ 
 
53.82c",jyotish,0.7,auto-linked from brihat_samhita
chunk:brihat_samhita:478,mentions,plant:arjuna,brihat_samhita,478,"ḍrāḥ 
 
53.100d kāśāḥ kuśā vā nalikā nalo vā// 
 
53.101a kharjūra^jambū^arjuna^vetasāḥ syuḥ 
 
53.101b kṣīra^anvitā vā ",jyotish,0.7,auto-linked from brihat_samhita
chunk:brihat_samhita:479,mentions,parampara:krishna,brihat_samhita,479,"/ 
 
53.103c tasyāṃ prabhūtaṃ surasaṃ ca toyaṃ 
 
53.103d kṛṣṇa^atha vā yatra ca raktamṛd vā// 
 
53.104a saśarkarā tāmr",jyotish,0.7,auto-linked from brihat_samhita
chunk:brihat_samhita:479,mentions,plant:arjuna,brihat_samhita,479,"/ 
 
53.103c tasyāṃ prabhūtaṃ surasaṃ ca toyaṃ 
 
53.103d kṛṣṇa^atha vā yatra ca raktamṛd vā// 
 
53.104a saśarkarā tāmr",jyotish,0.7,auto-linked from brihat_samhita
chunk:brihat_samhita:479,mentions,plant:bael,brihat_samhita,479,"/ 
 
53.103c tasyāṃ prabhūtaṃ surasaṃ ca toyaṃ 
 
53.103d kṛṣṇa^atha vā yatra ca raktamṛd vā// 
 
53.104a saśarkarā tāmr",jyotish,0.7,auto-linked from brihat_samhita
chunk:brihat_samhita:479,mentions,deity:agni,brihat_samhita,479,"/ 
 
53.103c tasyāṃ prabhūtaṃ surasaṃ ca toyaṃ 
 
53.103d kṛṣṇa^atha vā yatra ca raktamṛd vā// 
 
53.104a saśarkarā tāmr",jyotish,0.7,auto-linked from brihat_samhita
chunk:brihat_samhita:480,mentions,plant:fig,brihat_samhita,480,"rṇā 
 
53.106b yā nirjalā sā vasudhā pradiṣṭā/ 
 
53.106c rakta^aṅkurāḥ kṣīra^yutāḥ karīrā 
 
53.106d raktā dharā cej ja",jyotish,0.7,auto-linked from brihat_samhita
chunk:brihat_samhita:481,mentions,deity:agni,brihat_samhita,481,"/ 
 
53.109a tāmraiḥ sametā pṛṣatair vicitrair 
 
53.109b āpāṇḍu^bhasma^uṣṭra^khara^anurūpā/ 
 
53.109c bhṛṅga^upama^aṅg",jyotish,0.7,auto-linked from brihat_samhita
chunk:brihat_samhita:481,mentions,graha:chandra,brihat_samhita,481,"/ 
 
53.109a tāmraiḥ sametā pṛṣatair vicitrair 
 
53.109b āpāṇḍu^bhasma^uṣṭra^khara^anurūpā/ 
 
53.109c bhṛṅga^upama^aṅg",jyotish,0.7,auto-linked from brihat_samhita
chunk:brihat_samhita:486,mentions,element:water,brihat_samhita,486,"hā^anurādhā^puṣya^dhaniṣṭhā^uttarāṇi rohiṇyaḥ/ 
 
53.123cd/ śatabhiṣag ity ārambhe kūpānāṃ śasyate bhagaṇaḥ// 
 
53.124a",jyotish,0.7,auto-linked from brihat_samhita
chunk:brihat_samhita:487,mentions,element:water,brihat_samhita,487,"yasmād ato jala^prānteṣv ārāmān viniveśayet// 
 
54.02ab/ mṛdvī bhūḥ sarvavṛkṣāṇāṃ hitā tasyām tilān vapet/ 
 
54.02cd/ ",jyotish,0.7,auto-linked from brihat_samhita
chunk:brihat_samhita:487,mentions,plant:jackfruit,brihat_samhita,487,"yasmād ato jala^prānteṣv ārāmān viniveśayet// 
 
54.02ab/ mṛdvī bhūḥ sarvavṛkṣāṇāṃ hitā tasyām tilān vapet/ 
 
54.02cd/ ",jyotish,0.7,auto-linked from brihat_samhita
chunk:brihat_samhita:489,mentions,plant:kadamba,brihat_samhita,489,"arṣāsu ca bhuvaḥ śoṣe sektavyā ropitā drumāḥ// 
 
54.10ab/ jambū^vetasa^vānīra^kadamba^udumbara^arjunāḥ/ 
 
54.10cd/ bīj",jyotish,0.7,auto-linked from brihat_samhita
chunk:brihat_samhita:489,mentions,plant:fig,brihat_samhita,489,"arṣāsu ca bhuvaḥ śoṣe sektavyā ropitā drumāḥ// 
 
54.10ab/ jambū^vetasa^vānīra^kadamba^udumbara^arjunāḥ/ 
 
54.10cd/ bīj",jyotish,0.7,auto-linked from brihat_samhita
chunk:brihat_samhita:490,mentions,element:water,brihat_samhita,490,"b/ śīta^vāta^ātapai rogo jāyate pāṇḍu^patratā/ 
 
54.14cd/ avṛddhiś ca pravālānāṃ[U.prabālānām] śākhāśoṣo rasasrutiḥ// 
",jyotish,0.7,auto-linked from brihat_samhita
chunk:brihat_samhita:491,mentions,nakshatra:hasta,brihat_samhita,491,"ta^rātra^uṣitair etaiḥ sekaḥ kāryo vanaspateḥ/ 
 
54.18cd/ valmī^gulma^latānāṃ ca phala^puṣpāya sarvadā// 
 
54.19a vāsa",jyotish,0.7,auto-linked from brihat_samhita
chunk:brihat_samhita:491,mentions,element:water,brihat_samhita,491,"ta^rātra^uṣitair etaiḥ sekaḥ kāryo vanaspateḥ/ 
 
54.18cd/ valmī^gulma^latānāṃ ca phala^puṣpāya sarvadā// 
 
54.19a vāsa",jyotish,0.7,auto-linked from brihat_samhita
chunk:brihat_samhita:492,mentions,plant:wood_apple,brihat_samhita,492,"itaiś ca secitā dhūpitā ca satataṃ haridrayā// 
 
54.22a kapittha^vallī^karaṇāya mūlāny 
 
54.22b āsphota^dhātrī^dhava^v",jyotish,0.7,auto-linked from brihat_samhita
chunk:brihat_samhita:492,mentions,nakshatra:hasta,brihat_samhita,492,"itaiś ca secitā dhūpitā ca satataṃ haridrayā// 
 
54.22a kapittha^vallī^karaṇāya mūlāny 
 
54.22b āsphota^dhātrī^dhava^v",jyotish,0.7,auto-linked from brihat_samhita
chunk:brihat_samhita:492,mentions,element:water,brihat_samhita,492,"itaiś ca secitā dhūpitā ca satataṃ haridrayā// 
 
54.22a kapittha^vallī^karaṇāya mūlāny 
 
54.22b āsphota^dhātrī^dhava^v",jyotish,0.7,auto-linked from brihat_samhita
chunk:brihat_samhita:492,mentions,plant:mahua,brihat_samhita,492,"itaiś ca secitā dhūpitā ca satataṃ haridrayā// 
 
54.22a kapittha^vallī^karaṇāya mūlāny 
 
54.22b āsphota^dhātrī^dhava^v",jyotish,0.7,auto-linked from brihat_samhita
chunk:brihat_samhita:493,mentions,plant:mahua,brihat_samhita,493,"54.24c śuṣkaṃ pradagdhaṃ madhu^sarpiṣā tat 
 
54.24d pralepayed bhasma^samanvitana[K.ū.samanvitena]// 
 
54.25a cūrṇīkṛt",jyotish,0.7,auto-linked from brihat_samhita
chunk:brihat_samhita:494,mentions,element:water,brihat_samhita,494,"la[K.aṅkolla]^sambhūta^phala^kalkena bhāvitam/ 
 
54.27cd/ etat tailena vā bījaṃ ślaiṣmātaka[K.ū.śleṣmātaka]^phalena vā/",jyotish,0.7,auto-linked from brihat_samhita
chunk:brihat_samhita:495,mentions,element:water,brihat_samhita,495,"akā^jala^mṛd^yoge nyuptāny ahnā phala^karāṇi// 
 
54.31ab/ dhruva^mṛdu^mūla^viśākhā gurubhaṃ śravaṇas tathā^aśvinī hasta",jyotish,0.7,auto-linked from brihat_samhita
chunk:brihat_samhita:504,mentions,plant:wood_apple,brihat_samhita,504,"d/ santapto dātavyo varṣa^sahasrāyuta^sthāyī// 
 
56.05ab/ lākṣā^kunduru^guggulu^gṛhadhūma^kapittha^bilva^madhyāni/ 
 
5",jyotish,0.7,auto-linked from brihat_samhita
chunk:brihat_samhita:504,mentions,plant:bael,brihat_samhita,504,"d/ santapto dātavyo varṣa^sahasrāyuta^sthāyī// 
 
56.05ab/ lākṣā^kunduru^guggulu^gṛhadhūma^kapittha^bilva^madhyāni/ 
 
5",jyotish,0.7,auto-linked from brihat_samhita
chunk:brihat_samhita:504,mentions,plant:neem,brihat_samhita,504,"d/ santapto dātavyo varṣa^sahasrāyuta^sthāyī// 
 
56.05ab/ lākṣā^kunduru^guggulu^gṛhadhūma^kapittha^bilva^madhyāni/ 
 
5",jyotish,0.7,auto-linked from brihat_samhita
chunk:brihat_samhita:509,mentions,nakshatra:chitra,brihat_samhita,509,"t pariṇāhāc caturdaśa^āyāmato +aṅgulāni śiraḥ/ 
 
57.14cd/ dvādaśa tu citra^karmaṇi dṛśyante viṃśatir adṛśyāḥ// 
 
57.15",jyotish,0.7,auto-linked from brihat_samhita
chunk:brihat_samhita:516,mentions,vastu:deity_vara,brihat_samhita,516,"ṣṭabhujāyāḥ] kamaṇḍaluś cāpam ambujaṃ śāstram/ 
 
57.39cd/ vara^śara^darpaṇa^yuktāḥ savya^bhujāḥ sa^akṣa^sūtrāś ca// 
 
",jyotish,0.7,auto-linked from brihat_samhita
chunk:brihat_samhita:516,mentions,parampara:brahma,brihat_samhita,516,"ṣṭabhujāyāḥ] kamaṇḍaluś cāpam ambujaṃ śāstram/ 
 
57.39cd/ vara^śara^darpaṇa^yuktāḥ savya^bhujāḥ sa^akṣa^sūtrāś ca// 
 
",jyotish,0.7,auto-linked from brihat_samhita
chunk:brihat_samhita:518,mentions,plant:lotus,brihat_samhita,518,"e bāhubhyāṃ[K.pāṇibhyāṃ] paṅkaje mukuṭa^dhārī/ 
 
57.47cd/ kuṇḍala^bhūṣita^vadanaḥ pralamba^hāro viyadga[K's tr. viyaṅga",jyotish,0.7,auto-linked from brihat_samhita
chunk:brihat_samhita:518,mentions,nakshatra:hasta,brihat_samhita,518,"e bāhubhyāṃ[K.pāṇibhyāṃ] paṅkaje mukuṭa^dhārī/ 
 
57.47cd/ kuṇḍala^bhūṣita^vadanaḥ pralamba^hāro viyadga[K's tr. viyaṅga",jyotish,0.7,auto-linked from brihat_samhita
chunk:brihat_samhita:521,mentions,deity:agni,brihat_samhita,521,"ajamukhaḥ pralamba^jaṭharaḥ kuṭhāradhārī syāt/ 
 
K.58.58cd/ ekaviṣāṇo bibhran mūlakakandaṃ sunīladalakandam//] 
 
 
 
 ",jyotish,0.7,auto-linked from brihat_samhita
chunk:brihat_samhita:522,mentions,deity:agni,brihat_samhita,522,"asti^nipīḍita^śuṣka^agni^pluṣṭa^madhunilayāḥ// 
 
58.04ab/ taravo varjayitavyāḥ śubhadāḥ syuḥ snigdha^patra^kusuma^phalā",jyotish,0.7,auto-linked from brihat_samhita
chunk:brihat_samhita:522,mentions,plant:khadira,brihat_samhita,522,"asti^nipīḍita^śuṣka^agni^pluṣṭa^madhunilayāḥ// 
 
58.04ab/ taravo varjayitavyāḥ śubhadāḥ syuḥ snigdha^patra^kusuma^phalā",jyotish,0.7,auto-linked from brihat_samhita
chunk:brihat_samhita:522,mentions,plant:arjuna,brihat_samhita,522,"asti^nipīḍita^śuṣka^agni^pluṣṭa^madhunilayāḥ// 
 
58.04ab/ taravo varjayitavyāḥ śubhadāḥ syuḥ snigdha^patra^kusuma^phalā",jyotish,0.7,auto-linked from brihat_samhita
chunk:brihat_samhita:523,mentions,vastu:deity_bhujaga,brihat_samhita,523,"ratimā vā drumavat sthāpyā yathā diśaṃ yasmāt/ 
 
58.07cd/ tasmāc cihnayitavyā diśo drumasya^ūrdhvam atha vā^adhaḥ/ 
 
5",jyotish,0.7,auto-linked from brihat_samhita
chunk:brihat_samhita:523,mentions,vastu:deity_asura,brihat_samhita,523,"ratimā vā drumavat sthāpyā yathā diśaṃ yasmāt/ 
 
58.07cd/ tasmāc cihnayitavyā diśo drumasya^ūrdhvam atha vā^adhaḥ/ 
 
5",jyotish,0.7,auto-linked from brihat_samhita
chunk:brihat_samhita:527,mentions,plant:fig,brihat_samhita,527,"rogān upadravāṃś ca kṣayam[K.akṣayān] kurute// 
 
59.07ab/ maṇḍapa^madhye sthaṇḍilam upalipya^āstīrya sikatayā^atha kuśa",jyotish,0.7,auto-linked from brihat_samhita
chunk:brihat_samhita:528,mentions,deity:indra,brihat_samhita,528,"nātāṃ suvarṇa^ratna^ambubhiś ca sa^sugandhaiḥ/ 
 
59.10cd/ nānā^tūrya^ninādaiḥ puṇyāhair veda^nirghoṣaiḥ// 
 
59.11ab/ a",jyotish,0.7,auto-linked from brihat_samhita
chunk:brihat_samhita:528,mentions,deity:agni,brihat_samhita,528,"nātāṃ suvarṇa^ratna^ambubhiś ca sa^sugandhaiḥ/ 
 
59.10cd/ nānā^tūrya^ninādaiḥ puṇyāhair veda^nirghoṣaiḥ// 
 
59.11ab/ a",jyotish,0.7,auto-linked from brihat_samhita
chunk:brihat_samhita:530,mentions,bhava:santa,brihat_samhita,530,"prabhūtaṃ sampūjya brāhmaṇāṃś ca sabhyāṃś ca/ 
 
59.17cd/ dattvā hiraṇya^śakalaṃ vinikṣipet piṇḍikā^śvabhre/ 
 
59.18ab/",jyotish,0.7,auto-linked from brihat_samhita
chunk:brihat_samhita:533,mentions,parampara:krishna,brihat_samhita,533,"udāḥ kṛśa^dehā na^iṣṭā hīna^adhika^aṅgyaś ca// 
 
60.05ab/ vṛṣabho +apy evaṃ sthūla^atilamba^vṛṣaṇaḥ śirā^tata^kroḍaḥ/ 
",jyotish,0.7,auto-linked from brihat_samhita
chunk:brihat_samhita:536,mentions,plant:lotus,brihat_samhita,536,"śe savalir mārjāra^mukhaḥ sitaś ca dakṣiṇataḥ/ 
 
60.15cd/ kamala^utpala^lākṣā^ābhaḥ suvāladhir vāji^tulya^javaḥ// 
 
60",jyotish,0.7,auto-linked from brihat_samhita
chunk:brihat_samhita:538,mentions,plant:mahua,brihat_samhita,538,"ṛhe// 
 
61.02a pāde pāde pañca pañca^agrapāde 
 
61.02b vāme yasyāḥ ṣaṇnakhā mallikākṣyāḥ/ 
 
61.02c vakraṃ pucchaṃ piṅ",jyotish,0.7,auto-linked from brihat_samhita
chunk:brihat_samhita:539,mentions,plant:mahua,brihat_samhita,539,"astaḥ saṃgrāme madhu^madhupa^varṇaś ca jayakṛd 
 
62.02d na śasto yo +ato +anyaḥ kṛśa^tanu^ravaḥ khañja^caraṇaḥ// 
 
62.",jyotish,0.7,auto-linked from brihat_samhita
chunk:brihat_samhita:539,mentions,devi:vijaya,brihat_samhita,539,"astaḥ saṃgrāme madhu^madhupa^varṇaś ca jayakṛd 
 
62.02d na śasto yo +ato +anyaḥ kṛśa^tanu^ravaḥ khañja^caraṇaḥ// 
 
62.",jyotish,0.7,auto-linked from brihat_samhita
chunk:brihat_samhita:539,mentions,yantra:bindu,brihat_samhita,539,"astaḥ saṃgrāme madhu^madhupa^varṇaś ca jayakṛd 
 
62.02d na śasto yo +ato +anyaḥ kṛśa^tanu^ravaḥ khañja^caraṇaḥ// 
 
62.",jyotish,0.7,auto-linked from brihat_samhita
chunk:brihat_samhita:540,mentions,yantra:bindu,brihat_samhita,540,"śyāma^tanur vā bindu^vicitro +avyaṅga^śarīraḥ/ 
 
63.02cd/ sarpa^śirā vā sthūlagalo yaḥ so +api nṛpāṇāṃ rāṣṭra^vivṛddhya",jyotish,0.7,auto-linked from brihat_samhita
chunk:brihat_samhita:541,mentions,parampara:krishna,brihat_samhita,541,"maṇḍalam asitaṃ śuklasya śubhaphalaṃ bhavati/ 
 
64.02cd/ ṛṣya^nibha^kṛṣṇa^lohita^varṇānāṃ śvetam ati[K.api]śubhadam// 
",jyotish,0.7,auto-linked from brihat_samhita
chunk:brihat_samhita:542,mentions,parampara:krishna,brihat_samhita,542,"rdhā vā mūrdhani vā kṛttikā[K.ṭikkikā] yasya// 
 
64.06ab/ sa^pṛṣata^kaṇṭha^śirā vā tila^piṣṭa^nibhaś ca tāmradṛk śastaḥ",jyotish,0.7,auto-linked from brihat_samhita
chunk:brihat_samhita:546,mentions,nakshatra:hasta,brihat_samhita,546,"ca viddhi// 
 
 
 
 66 hastilakṣaṇādhyāyaḥ 
 
 
 
66.01a madhv^ābha^dantāḥ suvibhakta^dehā 
 
66.01b na ca^*upadigdhā na",jyotish,0.7,auto-linked from brihat_samhita
chunk:brihat_samhita:549,mentions,plant:lotus,brihat_samhita,549,"kha^aṅgān 
 
66.09b kubja^vāmanaka^meṣa^viṣāṇān/ 
 
66.09c dṛśya^kośa^phala^puṣkara^hīnān 
 
66.09d śyāva^nīla^śabala^as",jyotish,0.7,auto-linked from brihat_samhita
chunk:brihat_samhita:550,mentions,plant:lotus,brihat_samhita,550,"67.02a asvedanau mṛdutalau kamala^udara^ābhau 
 
67.02b śliṣṭa^aṅgulī rucira^tāmra^nakhau supārṣṇī/ 
 
67.02c uṣṇau śirā",jyotish,0.7,auto-linked from brihat_samhita
chunk:brihat_samhita:550,mentions,vastu:deity_vara,brihat_samhita,550,"67.02a asvedanau mṛdutalau kamala^udara^ābhau 
 
67.02b śliṣṭa^aṅgulī rucira^tāmra^nakhau supārṣṇī/ 
 
67.02c uṣṇau śirā",jyotish,0.7,auto-linked from brihat_samhita
chunk:brihat_samhita:551,mentions,vastu:deity_vara,brihat_samhita,551,"67.04b dvirada^kara^pratimair vara^ūrubhiś ca/ 
 
67.04c upacita^sama^jānavaś ca bhūpā 
 
67.04d dhana^rahitāḥ śva^śṛgāl",jyotish,0.7,auto-linked from brihat_samhita
chunk:brihat_samhita:552,mentions,element:water,brihat_samhita,552,"ya^rahitaḥ sthūle *+api hīno[K.vihīno] dhanair 
 
67.07b meḍhre vāmanate suta^artha^rahito vakre +anyathā putravān/ 
 
6",jyotish,0.7,auto-linked from brihat_samhita
chunk:brihat_samhita:554,mentions,plant:mahua,brihat_samhita,554,"dhya^nimnaiḥ kanyā^pitaro bhavanti niḥsvāś ca/ 
 
67.13cd/ bahu^paśu^bhājo madhya^unnataiś ca na^atyulbaṇair dhaninaḥ// ",jyotish,0.7,auto-linked from brihat_samhita
chunk:brihat_samhita:560,mentions,nakshatra:hasta,brihat_samhita,560,"sadṛśau vṛttāv ā^jānv^avalambinau samau pīnau/ 
 
67.35cd/ bāhū pṛthivī^īśānām adhanānāṃ[K.adhamānāṃ] romaśau hrasvau// ",jyotish,0.7,auto-linked from brihat_samhita
chunk:brihat_samhita:568,mentions,plant:mahua,brihat_samhita,568,"kta^anta^vilocanāḥ[K.vilocanāḥ] śriyaḥ bhājaḥ/ 
 
67.64cd/ madhu^piṅgalair mahārthā mārjāra^vilocanaiḥ pāpāḥ// 
 
67.65a",jyotish,0.7,auto-linked from brihat_samhita
chunk:brihat_samhita:576,mentions,deity:agni,brihat_samhita,576,"67.90d dharmasya ca^ahany ahani pravṛttim// 
 
67.91a snigdhā sita^accha^haritā nayana^abhirāmā 
 
67.91b saubhāgya^mārd",jyotish,0.7,auto-linked from brihat_samhita
chunk:brihat_samhita:577,mentions,element:water,brihat_samhita,577,"ayati vadha^bandha^vyādhy^anartha^artha^nāśān/ 
 
67.93c sphaṭika^sadṛśa^rūpā bhāgya^yuktā^ātyudārā 
 
67.93d nidhir iva",jyotish,0.7,auto-linked from brihat_samhita
chunk:brihat_samhita:577,mentions,vastu:deity_yama,brihat_samhita,577,"ayati vadha^bandha^vyādhy^anartha^artha^nāśān/ 
 
67.93c sphaṭika^sadṛśa^rūpā bhāgya^yuktā^ātyudārā 
 
67.93d nidhir iva",jyotish,0.7,auto-linked from brihat_samhita
chunk:brihat_samhita:578,mentions,graha:guru,brihat_samhita,578,"havanti ca sārā medo^majjā^tvag^asthi^śukrāṇi/ 
 
67.96cd/ rudhiraṃ māṃsaṃ ca^iti prāṇa^bhṛtāṃ tat samāsa^phalam// 
 
67",jyotish,0.7,auto-linked from brihat_samhita
chunk:brihat_samhita:579,mentions,graha:guru,brihat_samhita,579,"u^guru^śukrāḥ subhagā vidvāṃso rūpavantaś ca// 
 
67.100ab/ upacita^deho vidvān dhanī surūpaś ca māṃsa^sāro yaḥ/ 
 
67.1",jyotish,0.7,auto-linked from brihat_samhita
chunk:brihat_samhita:581,mentions,element:water,brihat_samhita,581,"ro +ativāḍhyānām adhyardhaḥ sarva^dharaṇīśaḥ// 
 
67.107ab/ viṃśati^varṣā nārī puruṣaḥ khalu pañca^viṃśatibhir abdaiḥ/ 
",jyotish,0.7,auto-linked from brihat_samhita
chunk:brihat_samhita:581,mentions,deity:agni,brihat_samhita,581,"ro +ativāḍhyānām adhyardhaḥ sarva^dharaṇīśaḥ// 
 
67.107ab/ viṃśati^varṣā nārī puruṣaḥ khalu pañca^viṃśatibhir abdaiḥ/ 
",jyotish,0.7,auto-linked from brihat_samhita
chunk:brihat_samhita:582,mentions,deity:agni,brihat_samhita,582,"/ 
 
67.110a agni^prakṛtyā capalo +ati^tīkṣṇaś 
 
67.110b caṇḍaḥ kṣudha^ālur bahu^bhojanaś ca/ 
 
67.110c vāyoḥ svabhāve",jyotish,0.7,auto-linked from brihat_samhita
chunk:brihat_samhita:582,mentions,guna:sattva,brihat_samhita,582,"/ 
 
67.110a agni^prakṛtyā capalo +ati^tīkṣṇaś 
 
67.110b caṇḍaḥ kṣudha^ālur bahu^bhojanaś ca/ 
 
67.110c vāyoḥ svabhāve",jyotish,0.7,auto-linked from brihat_samhita
chunk:brihat_samhita:585,mentions,graha:chandra,brihat_samhita,585,"ñca puruṣāḥ praśastā jāyante tān ahaṃ vakṣye// 
 
68.02ab/ jīvena bhavati haṃsaḥ saureṇa śaśaḥ kujena rucakaś ca/ 
 
68.",jyotish,0.7,auto-linked from brihat_samhita
chunk:brihat_samhita:585,mentions,guna:sattva,brihat_samhita,585,"ñca puruṣāḥ praśastā jāyante tān ahaṃ vakṣye// 
 
68.02ab/ jīvena bhavati haṃsaḥ saureṇa śaśaḥ kujena rucakaś ca/ 
 
68.",jyotish,0.7,auto-linked from brihat_samhita
chunk:brihat_samhita:586,mentions,guna:sattva,brihat_samhita,586,"ṇaḥ saurād eṣāṃ guṇa^doṣaiḥ sādhv^asādhutvam// 
 
68.06ab/ saṅkīrṇāḥ syur na nṛpā daśāsu teṣāṃ bhavanti sukha^bhājaḥ/ 
 ",jyotish,0.7,auto-linked from brihat_samhita
chunk:brihat_samhita:587,mentions,guna:sattva,brihat_samhita,587,"ūraḥ// 
 
68.09a tamo^adhiko vañcayitā pareṣāṃ 
 
68.09b mūrkho +alasaḥ krodha^paro +ati^nidraḥ/ 
 
68.09c miśrair guṇai",jyotish,0.7,auto-linked from brihat_samhita
chunk:brihat_samhita:587,mentions,guna:rajas,brihat_samhita,587,"ūraḥ// 
 
68.09a tamo^adhiko vañcayitā pareṣāṃ 
 
68.09b mūrkho +alasaḥ krodha^paro +ati^nidraḥ/ 
 
68.09c miśrair guṇai",jyotish,0.7,auto-linked from brihat_samhita
chunk:brihat_samhita:589,mentions,guna:sattva,brihat_samhita,589,"/ 
 
68.14a tvak^śukra^sāraḥ pṛthu^pīna^vakṣāḥ 
 
68.14b sattva^adhiko vyāghra^mukhaḥ sthiraś ca/ 
 
68.14c kṣama^anvito",jyotish,0.7,auto-linked from brihat_samhita
chunk:brihat_samhita:589,mentions,parampara:krishna,brihat_samhita,589,"/ 
 
68.14a tvak^śukra^sāraḥ pṛthu^pīna^vakṣāḥ 
 
68.14b sattva^adhiko vyāghra^mukhaḥ sthiraś ca/ 
 
68.14c kṣama^anvito",jyotish,0.7,auto-linked from brihat_samhita
chunk:brihat_samhita:592,mentions,plant:mahua,brihat_samhita,592,"^vīṇā 
 
68.22b paryaṅka^mālā^muraja^anurūpāḥ/ 
 
68.22c śūla^upamāś ca^ūrdhva^gatāś ca rekhāḥ 
 
68.22d śaśasya pāda^up",jyotish,0.7,auto-linked from brihat_samhita
chunk:brihat_samhita:594,mentions,deity:indra,brihat_samhita,594,"krūraḥ śreṣṭho mantrī caura^svāmī vyāyāmī ca// 
 
68.28a yanmātram āsyaṃ rucakasya dīrghaṃ 
 
68.28b madhya^pradeśe catu",jyotish,0.7,auto-linked from brihat_samhita
chunk:brihat_samhita:594,mentions,graha:guru,brihat_samhita,594,"krūraḥ śreṣṭho mantrī caura^svāmī vyāyāmī ca// 
 
68.28a yanmātram āsyaṃ rucakasya dīrghaṃ 
 
68.28b madhya^pradeśe catu",jyotish,0.7,auto-linked from brihat_samhita
chunk:brihat_samhita:598,mentions,plant:lotus,brihat_samhita,598,"39a sācī^iti[K.sāmīti] yaḥ so +ativirūpa^dehaḥ 
 
68.39b śaśa^anugāmī khalu durbhagaś ca/ 
 
68.39c dātā mahārambha^samā",jyotish,0.7,auto-linked from brihat_samhita
chunk:brihat_samhita:599,mentions,plant:lotus,brihat_samhita,599,"01c śliṣṭa^aṅgulī kamala^kānti^talau ca yasyās 
 
69.01d tām udvahed yadi bhuvo +adhipatitvam icchet// 
 
69.02a matsya^",jyotish,0.7,auto-linked from brihat_samhita
chunk:brihat_samhita:606,mentions,parampara:krishna,brihat_samhita,606,"69.20b śvaśuraṃ hanty udare sphijoḥ patiṃ ca/ 
 
69.20c atiroma^caya^anvita^uttara^oṣṭhī 
 
69.20d na śubhā bhartur atīv",jyotish,0.7,auto-linked from brihat_samhita
chunk:brihat_samhita:608,mentions,plant:palasha,brihat_samhita,608,"e ca sa^bhruṇī sa^lalāṭaṃ daśamaṃ śiras tathā/ 
 
69.26cd/ aśubheṣv aśubhaṃ daśāphalaṃ caraṇa^ādyeṣu śubheṣu śobhanam// ",jyotish,0.7,auto-linked from brihat_samhita
chunk:brihat_samhita:609,mentions,element:water,brihat_samhita,609,"^āhvaye nṛpād bhayaṃ dhana^āgamāya ca^uttarā// 
 
70.04ab[K.71.9ab]/ kareṇa karma^siddhayaḥ śubha^āgamas tu citrayā/ 
 
",jyotish,0.7,auto-linked from brihat_samhita
chunk:brihat_samhita:613,mentions,nakshatra:hasta,brihat_samhita,613,"reṣu/ 
 
71.01c āpīta^varṇāś ca bhavanti tāsāṃ 
 
71.01d kṛṣṇāś ca lāṅgūla^bhavāḥ sitāś ca// 
 
71.02a sneho mṛdutvaṃ ba",jyotish,0.7,auto-linked from brihat_samhita
chunk:brihat_samhita:614,mentions,plant:mahua,brihat_samhita,614,"kuśa^vetra^cāpa^vitāna^kunta^dhvaja^cāmarāṇām/ 
 
71.04cd/ vyāpīta^tantrī^madhu^kṛṣṇa^varṇā varṇa^krameṇa^eva hitāya daṇ",jyotish,0.7,auto-linked from brihat_samhita
chunk:brihat_samhita:614,mentions,parampara:krishna,brihat_samhita,614,"kuśa^vetra^cāpa^vitāna^kunta^dhvaja^cāmarāṇām/ 
 
71.04cd/ vyāpīta^tantrī^madhu^kṛṣṇa^varṇā varṇa^krameṇa^eva hitāya daṇ",jyotish,0.7,auto-linked from brihat_samhita
chunk:brihat_samhita:614,mentions,vastu:deity_roga,brihat_samhita,614,"kuśa^vetra^cāpa^vitāna^kunta^dhvaja^cāmarāṇām/ 
 
71.04cd/ vyāpīta^tantrī^madhu^kṛṣṇa^varṇā varṇa^krameṇa^eva hitāya daṇ",jyotish,0.7,auto-linked from brihat_samhita
chunk:brihat_samhita:626,mentions,plant:mahua,brihat_samhita,626,"nugatasya lokaḥ sarva^upakāra^anugato narasya/ 
 
74.09cd/ kṛtvā^upakāraṃ dviṣatāṃ vipatsu yā kīrtir alpena na sā śubhen",jyotish,0.7,auto-linked from brihat_samhita
chunk:brihat_samhita:627,mentions,plant:mahua,brihat_samhita,627,"ha^raśmayaḥ sa^utpalaṃ madhu mada^alasā priyā/ 
 
75.02cd/ vallakī smarakathā rahaḥ srajo varga eṣa madanasya vāgurā// 
",jyotish,0.7,auto-linked from brihat_samhita
chunk:brihat_samhita:630,mentions,rasa:tikta,brihat_samhita,630,"ya 
 
75.10d mandāgnitā ced idam atra cūrṇam// 
 
75.11ab/ sa^ajamoda^lavaṇā harītakī śṛṅgavera^sahitā ca pippalī/ 
 
75",jyotish,0.7,auto-linked from brihat_samhita
chunk:brihat_samhita:630,mentions,bhava:virya,brihat_samhita,630,"ya 
 
75.10d mandāgnitā ced idam atra cūrṇam// 
 
75.11ab/ sa^ajamoda^lavaṇā harītakī śṛṅgavera^sahitā ca pippalī/ 
 
75",jyotish,0.7,auto-linked from brihat_samhita
chunk:brihat_samhita:631,mentions,rasa:amla,brihat_samhita,631,"ra^bhūṣaṇa^ādyaṃ na śobhate śukla^śiroruhasya/ 
 
76.01cd/ yasmād ato mūrdhaja^rāgasevāṃ kuryād yatha^eva^añjana^bhūṣaṇā",jyotish,0.7,auto-linked from brihat_samhita
chunk:brihat_samhita:631,mentions,plant:arka,brihat_samhita,631,"ra^bhūṣaṇa^ādyaṃ na śobhate śukla^śiroruhasya/ 
 
76.01cd/ yasmād ato mūrdhaja^rāgasevāṃ kuryād yatha^eva^añjana^bhūṣaṇā",jyotish,0.7,auto-linked from brihat_samhita
chunk:brihat_samhita:632,mentions,rasa:amla,brihat_samhita,632,"r 
 
76.04b loha^amla^gandhaṃ śiraso +apanīya/ 
 
76.04c hṛdyaiś ca gandhair vividhaiś ca dhūpair 
 
76.04d antaḥpure rā",jyotish,0.7,auto-linked from brihat_samhita
chunk:brihat_samhita:634,mentions,plant:mahua,brihat_samhita,634,"76.10b guḍa^utpalaiḥ śailaka^mustaka^anvitaiḥ/ 
 
76.10c navānta^pāda^ādi^vivardhitaiḥ kramād 
 
76.10d bhavanti dhūpā b",jyotish,0.7,auto-linked from brihat_samhita
chunk:brihat_samhita:638,mentions,plant:mahua,brihat_samhita,638,"agarāṇāṃ māṃsyāś ca kṛta^eka^sapta^ṣaḍ^bhāgāḥ/ 
 
76.24cd/ sapta^ṛtu^veda^candrair malaya^nakha^śrīka^kundurukāḥ// 
 
76",jyotish,0.7,auto-linked from brihat_samhita
chunk:brihat_samhita:640,mentions,plant:mahua,brihat_samhita,640,"ptāhaṃ gomūtre harītakī^cūrṇa^saṃyute kṣiptvā/ 
 
76.31cd/ gandhodake ca bhūyo vinikṣiped dantakāṣṭhāni// 
 
76.32ab/ el",jyotish,0.7,auto-linked from brihat_samhita
chunk:brihat_samhita:640,mentions,vastu:deity_yama,brihat_samhita,640,"ptāhaṃ gomūtre harītakī^cūrṇa^saṃyute kṣiptvā/ 
 
76.31cd/ gandhodake ca bhūyo vinikṣiped dantakāṣṭhāni// 
 
76.32ab/ el",jyotish,0.7,auto-linked from brihat_samhita
chunk:brihat_samhita:645,mentions,vastu:deity_roga,brihat_samhita,645,"ṣuṇikā pravrajitā dāsī dhātrī kumārikā rajikā/ 
 
77.09cd/ mālākārī duṣṭāṅganā sakhī nāpitī dūtyaḥ// 
 
77.10ab/ kulajan",jyotish,0.7,auto-linked from brihat_samhita
chunk:brihat_samhita:647,mentions,dosha:kapha,brihat_samhita,647,"samaṃ tyajantī bāhu^upadhāna^stana^dāna^dakṣā/ 
 
77.15cd/ sugandha^keśā susamīpa^rāgā supte +anusuptā prathamaṃ vibuddh",jyotish,0.7,auto-linked from brihat_samhita
chunk:brihat_samhita:650,mentions,element:water,brihat_samhita,650,"gam// 
 
77.26a na nakhadaśanavikṣatāni kuryād 
 
77.26b ṛtusamaye puruṣaḥ striyāḥ kathañ cit/ 
 
77.26c ṛtur api daśa ṣ",jyotish,0.7,auto-linked from brihat_samhita
chunk:brihat_samhita:650,mentions,plant:mahua,brihat_samhita,650,"gam// 
 
77.26a na nakhadaśanavikṣatāni kuryād 
 
77.26b ṛtusamaye puruṣaḥ striyāḥ kathañ cit/ 
 
77.26c ṛtur api daśa ṣ",jyotish,0.7,auto-linked from brihat_samhita
chunk:brihat_samhita:651,mentions,plant:mahua,brihat_samhita,651,"la^hasti^prapātitā madhu^vihaṅga^kṛta^nilayāḥ/ 
 
78.03cd/ caitya^śmaśāna^pathija^ūrdhvaśuṣka^vallī^nibaddhāś ca// 
 
78",jyotish,0.7,auto-linked from brihat_samhita
chunk:brihat_samhita:651,mentions,vastu:deity_vyaya,brihat_samhita,651,"la^hasti^prapātitā madhu^vihaṅga^kṛta^nilayāḥ/ 
 
78.03cd/ caitya^śmaśāna^pathija^ūrdhvaśuṣka^vallī^nibaddhāś ca// 
 
78",jyotish,0.7,auto-linked from brihat_samhita
chunk:brihat_samhita:655,mentions,devi:vijaya,brihat_samhita,655,"ndana^candana^vṛkṣāṇāṃ spandanāt^śubhāḥ pādāḥ/ 
 
78.18cd/ phala^taruṇā śayanāsanam iṣṭaphalaṃ bhavati sarveṇa// 
 
78.1",jyotish,0.7,auto-linked from brihat_samhita
chunk:brihat_samhita:665,mentions,vastu:deity_bhujaga,brihat_samhita,665,"7b putra^arthinībhir abalābhir uśanti tajjñāḥ/ 
 
79.17c śṛṅgāṭaka^tripuṭa^dhānyakavat sthitaṃ yac 
 
79.17d śroṇīnibhaṃ",jyotish,0.7,auto-linked from brihat_samhita
chunk:brihat_samhita:667,mentions,parampara:krishna,brihat_samhita,667,"visaṃsthānam[K.bṛhadvisaṃsthānam] api haimam// 
 
80.06ab/ viṣamam kṛṣṇa^śvetaṃ[K.kṛṣṇam śvetam] laghu kauberaṃ pramāṇa^",jyotish,0.7,auto-linked from brihat_samhita
chunk:brihat_samhita:667,mentions,plant:lotus,brihat_samhita,667,"visaṃsthānam[K.bṛhadvisaṃsthānam] api haimam// 
 
80.06ab/ viṣamam kṛṣṇa^śvetaṃ[K.kṛṣṇam śvetam] laghu kauberaṃ pramāṇa^",jyotish,0.7,auto-linked from brihat_samhita
chunk:brihat_samhita:670,mentions,parampara:krishna,brihat_samhita,670,"ṃjṇāḥ parato nigarāś cūrṇāś ca^aśītipūrvāṇām// 
 
80.18ab/ etad^guṇayuktānāṃ dharaṇa^dhṛtānāṃ prakīrtitaṃ[K.prakītitam] ",jyotish,0.7,auto-linked from brihat_samhita
chunk:brihat_samhita:671,mentions,devi:vijaya,brihat_samhita,671,"avo bṛhatpramāṇā bahusaṃsthānāḥ prabhāyuktāḥ// 
 
80.22ab/ naiṣām arghaḥ kāryo na ca vedho +atīva te prabhāyuktāḥ/ 
 
80",jyotish,0.7,auto-linked from brihat_samhita
chunk:brihat_samhita:672,mentions,vastu:deity_bhujaga,brihat_samhita,672,"gdhā nīladyutayo bhavanti muktāḥ phaṇasyānte// 
 
80.26ab/ śaste +avanipradeśe rajatamaye bhājane sthite ca yadi/ 
 
80.",jyotish,0.7,auto-linked from brihat_samhita
chunk:brihat_samhita:676,mentions,vastu:deity_roga,brihat_samhita,676,"ā mandadyutayo lekhākīrṇāḥ sadhātavaḥ khaṇḍāḥ/ 
 
81.04cd/ durviddhā na manojñāḥ saśarkarāś ca^iti maṇidoṣāḥ// 
 
81.05a",jyotish,0.7,auto-linked from brihat_samhita
chunk:brihat_samhita:687,mentions,rasa:madhura,brihat_samhita,687,"ya^prāsāda^maṅgalya^manojña^sthāna^saṃsthitāḥ/ 
 
85.17cd/ śreṣṭhā madhura^sakṣīra^phala^puṣpa^drumeṣu ca// 
 
85.18ab/ ",jyotish,0.7,auto-linked from brihat_samhita
chunk:brihat_samhita:687,mentions,vastu:deity_java,brihat_samhita,687,"ya^prāsāda^maṅgalya^manojña^sthāna^saṃsthitāḥ/ 
 
85.17cd/ śreṣṭhā madhura^sakṣīra^phala^puṣpa^drumeṣu ca// 
 
85.18ab/ ",jyotish,0.7,auto-linked from brihat_samhita
chunk:brihat_samhita:687,mentions,guna:sattva,brihat_samhita,687,"ya^prāsāda^maṅgalya^manojña^sthāna^saṃsthitāḥ/ 
 
85.17cd/ śreṣṭhā madhura^sakṣīra^phala^puṣpa^drumeṣu ca// 
 
85.18ab/ ",jyotish,0.7,auto-linked from brihat_samhita
chunk:brihat_samhita:691,mentions,raga:bhairava,brihat_samhita,691,"aiṣṇavaś carakaś ca^eva vājināṃ rakṣaṇe rataḥ/ 
 
85.33cd/ *dvātriṃśad evaṃ[K.evaṃ dvātriṃśato] bhedāḥ syuḥ pūrvadigbhiḥ",jyotish,0.7,auto-linked from brihat_samhita
chunk:brihat_samhita:691,mentions,bhava:santa,brihat_samhita,691,"aiṣṇavaś carakaś ca^eva vājināṃ rakṣaṇe rataḥ/ 
 
85.33cd/ *dvātriṃśad evaṃ[K.evaṃ dvātriṃśato] bhedāḥ syuḥ pūrvadigbhiḥ",jyotish,0.7,auto-linked from brihat_samhita
chunk:brihat_samhita:692,mentions,bhava:santa,brihat_samhita,692,"śubhāḥ śānta[K.śāntā]^hṛṣṭa^prakṛti^pūritāḥ// 
 
85.37ab/ śivā śyāmā ralā chucchuḥ piṅgalā gṛhagodhikā/ 
 
85.37cd/ sūka",jyotish,0.7,auto-linked from brihat_samhita
chunk:brihat_samhita:695,mentions,bhava:santa,brihat_samhita,695,"arva eva viparyastā grāhyāḥ sārtheṣu yoṣitām// 
 
85.50ab/ nṛpa^sandarśane grāhyaḥ praveśe +api prayāṇavat/ 
 
85.50cd/ ",jyotish,0.7,auto-linked from brihat_samhita
chunk:brihat_samhita:696,mentions,vastu:deity_tithi,brihat_samhita,696,"54ab/ visarjayati yady eka ekaś ca pratiṣedhati/ 
 
85.54cd/ sa virodho +aśubho yātur grāhyo yo[K.ū.vā] balavattaraḥ// 
",jyotish,0.7,auto-linked from brihat_samhita
chunk:brihat_samhita:696,mentions,plant:arka,brihat_samhita,696,"54ab/ visarjayati yady eka ekaś ca pratiṣedhati/ 
 
85.54cd/ sa virodho +aśubho yātur grāhyo yo[K.ū.vā] balavattaraḥ// 
",jyotish,0.7,auto-linked from brihat_samhita
chunk:brihat_samhita:697,mentions,plant:arka,brihat_samhita,697,"^vāyv^arka^bha^sthāna^ceṣṭā^dīptā yathākramam/ 
 
85.58cd/ dhana^sainya^bala^aṅga^iṣṭa^karmaṇāṃ syur bhayaṅkarāḥ// 
 
85",jyotish,0.7,auto-linked from brihat_samhita
chunk:brihat_samhita:701,mentions,vastu:deity_yama,brihat_samhita,701,"rgha^abja^muṣitāgreṣu nara^nau^śibikā^āgamaḥ// 
 
85.74ab/ śakaṭena^unnatasthe vā[K.ca] chāyāsthe chatra^saṃyute[K.chatr",jyotish,0.7,auto-linked from brihat_samhita
chunk:brihat_samhita:702,mentions,parampara:krishna,brihat_samhita,702,"nikūjita^kalaha^ambho^nigaḍa^mantra^go^śabdāḥ/ 
 
85.77cd/ varṇās tu[K.ca] rakta^pītaka^kṛṣṇa^sitāḥ koṇagā miśrāḥ// 
 
8",jyotish,0.7,auto-linked from brihat_samhita
chunk:brihat_samhita:703,mentions,plant:khadira,brihat_samhita,703,"85.80b meṣāvya^yāna^makha^gokula^saṃśrayāsu/ 
 
85.80c nyagrodha^raktataru^rodhraka^kīcakākhyāś 
 
85.80d cūtadrumāḥ kha",jyotish,0.7,auto-linked from brihat_samhita
chunk:brihat_samhita:703,mentions,plant:bael,brihat_samhita,703,"85.80b meṣāvya^yāna^makha^gokula^saṃśrayāsu/ 
 
85.80c nyagrodha^raktataru^rodhraka^kīcakākhyāś 
 
85.80d cūtadrumāḥ kha",jyotish,0.7,auto-linked from brihat_samhita
chunk:brihat_samhita:707,mentions,nakshatra:chitra,brihat_samhita,707,"vāptir anantaram upagacchati sārtha^vāhaś ca// 
 
86.15ab/ veśyā^vaṭu^dāsa^samāgamaḥ pare śukla[K.śuṣka]^puṣpa^phala^lab",jyotish,0.7,auto-linked from brihat_samhita
chunk:brihat_samhita:713,mentions,nakshatra:chitra,brihat_samhita,713,"pare pare śastra^pusta^*vārtānām[K.vārttānām]/ 
 
86.37cd/ koṇe pustakanāśaḥ pare viṣa^stena^vāyu^bhayam// 
 
86.38ab/ p",jyotish,0.7,auto-linked from brihat_samhita
chunk:brihat_samhita:713,mentions,deity:agni,brihat_samhita,713,"pare pare śastra^pusta^*vārtānām[K.vārttānām]/ 
 
86.37cd/ koṇe pustakanāśaḥ pare viṣa^stena^vāyu^bhayam// 
 
86.38ab/ p",jyotish,0.7,auto-linked from brihat_samhita
chunk:brihat_samhita:716,mentions,vastu:deity_bhujaga,brihat_samhita,716,"au 
 
87.02b valgulī^ulūkau śaśakaś ca rātrau/ 
 
87.02c sarve svakāla^utkrama^cāriṇaḥ syur 
87.02d deśasya nāśāya nṛpa^",jyotish,0.7,auto-linked from brihat_samhita
chunk:brihat_samhita:718,mentions,nakshatra:chitra,brihat_samhita,718,"nvana uktaḥ kroḍaḥ syāt sūkaro +atha gaurusrā/ 
 
87.09cd/ śvā sārameya ukto jātyā caṭikā ca sūkarikā// 
 
87.10ab/ evaṃ",jyotish,0.7,auto-linked from brihat_samhita
chunk:brihat_samhita:719,mentions,nakshatra:chitra,brihat_samhita,719,"urasya varṣāc citra^kapotasya ca^eva ṣaṇmāsāt/ 
 
87.13cd/ kuṅkuma^dhūmrasya phalaṃ sadyaḥ pākaṃ kapotasya// 
 
87.14ab/",jyotish,0.7,auto-linked from brihat_samhita
chunk:brihat_samhita:720,mentions,nakshatra:hasta,brihat_samhita,720,"evalaṃ karakara^iti na tv artha^siddhi^karaḥ// 
 
87.17ab/ koṭukli^iti kṣemyaḥ svaraḥ kaṭukli^iti vṛṣṭaye tasyāḥ/ 
 
87.",jyotish,0.7,auto-linked from brihat_samhita
chunk:brihat_samhita:729,mentions,vastu:deity_vara,brihat_samhita,729,"dayāmy ahaṃ yat tvāṃ tan me vyākhyātum arhasi/ 
 
87.44cd/ svaceṣṭitena kalyāṇi yathā vedmi nirākulam// 
 
87.45a ity ev",jyotish,0.7,auto-linked from brihat_samhita
chunk:brihat_samhita:732,mentions,nakshatra:hasta,brihat_samhita,732,"u sammūtraṇe +avarṇa^jaḥ[K.varṇajaḥ] saṅkaraḥ/ 
 
88.01c gamana^mukham upānahaṃ sampragṛhya^upatiṣṭhed yadā syād tadā si",jyotish,0.7,auto-linked from brihat_samhita
chunk:brihat_samhita:733,mentions,plant:arka,brihat_samhita,733,"a^ādibhir vyāpadaḥ ke cid āhuḥ savastre śubham 
 
88.01d praviśati tu gṛhaṃ sa^śuṣka^asthi^vaktre pradhānasya tasmin vad",jyotish,0.7,auto-linked from brihat_samhita
chunk:brihat_samhita:735,mentions,vastu:deity_roga,brihat_samhita,735,"88.06a uccaiḥ svarāḥ syus tṛṇa^kūṭa^saṃsthāḥ 
 
88.06b prāsāda^veśma^uttama^saṃsthitā vā/ 
 
88.06c varṣāsu vṛṣṭiṃ katha",jyotish,0.7,auto-linked from brihat_samhita
chunk:brihat_samhita:752,mentions,devi:vijaya,brihat_samhita,752,"sa^vardhamāna^cchatra^dhvaja^cāmara^anurūpeṣu/ 
 
93.02cd/ chede dṛṣṭeṣv ārogya^vijaya^dhana^vṛddhi^saukhyāni// 
 
93.03",jyotish,0.7,auto-linked from brihat_samhita
chunk:brihat_samhita:754,mentions,vastu:deity_tithi,brihat_samhita,754,"m atra dakṣiṇe bhūpa^deśa^bala^vidrava^pradam/ 
 
93.09cd/ vāmataḥ suta^purohita^ibhayān[K.ibhapān] hanti sāṭavika^dāra^",jyotish,0.7,auto-linked from brihat_samhita
chunk:brihat_samhita:755,mentions,devi:tvarita,brihat_samhita,755,"śvasiti mṛdu sudīrghaṃ nyasta^hastaḥ pṛthivyām/ 
 
93.12c druta^mukulita^dṛṣṭiḥ svapna^śīlo vilomo 
 
93.12d bhayakṛd ah",jyotish,0.7,auto-linked from brihat_samhita
chunk:brihat_samhita:757,mentions,vastu:deity_roga,brihat_samhita,757,"hāyāṃ śaradi bhavet prathama^vṛṣṭir aparasyām/ 
 
94.03cd/ yāmya^uttarayor madhyāt[K.madhyā] pradhāna^vṛṣṭis taror upari",jyotish,0.7,auto-linked from brihat_samhita
chunk:brihat_samhita:760,mentions,plant:arjuna,brihat_samhita,760,"^lābhaḥ sikatā^dhānya^ārdramṛt^kusuma^pūrvaiḥ/ 
 
94.13cd/ bhayado jana^saṃvāsād yadi bhāṇḍāny apanayet kākaḥ// 
 
94.14",jyotish,0.7,auto-linked from brihat_samhita
chunk:brihat_samhita:761,mentions,vastu:deity_mitra,brihat_samhita,761,"ṛṣṭiṃ durdinam anṛtau snātāś ca pāṃśu^jalaiḥ// 
 
94.17ab/ dāruṇa^nādas taru^koṭara^upago vāyaso mahā^bhayadaḥ/ 
 
94.17",jyotish,0.7,auto-linked from brihat_samhita
chunk:brihat_samhita:766,mentions,deity:agni,brihat_samhita,766,"asthe valmīkage +atha vā darśanaṃ bhujaṅgasya/ 
 
94.35cd/ sadyo jvaro mahiṣage viruvati gulme phalaṃ svalpam// 
 
94.36",jyotish,0.7,auto-linked from brihat_samhita
chunk:brihat_samhita:767,mentions,vastu:deity_bhujaga,brihat_samhita,767,"ca pṛṣṭhato vā gomaya^saṃsthe dhana^prāptiḥ// 
 
94.39ab/ mṛta^puruṣa^aṅga^avayava^sthito +abhiviruvan[K.+abhivāśan] kar",jyotish,0.7,auto-linked from brihat_samhita
chunk:brihat_samhita:767,mentions,deity:agni,brihat_samhita,767,"ca pṛṣṭhato vā gomaya^saṃsthe dhana^prāptiḥ// 
 
94.39ab/ mṛta^puruṣa^aṅga^avayava^sthito +abhiviruvan[K.+abhivāśan] kar",jyotish,0.7,auto-linked from brihat_samhita
chunk:brihat_samhita:770,mentions,vastu:deity_mitra,brihat_samhita,770,"at tathā vidheyaṃ guṇa^doṣa^phalaṃ yiyāsūnām// 
 
94.50ab/ kā iti kākasya rutaṃ sva^nilaya^saṃsthasya niṣphalaṃ proktam/",jyotish,0.7,auto-linked from brihat_samhita
chunk:brihat_samhita:772,mentions,plant:mahua,brihat_samhita,772,"ākuli ciṇṭici kekeka^iti puraṃ ca^iti doṣāya// 
 
94.57a kāka^dvayasya^api samānam etat 
 
94.57b phalaṃ yaduktaṃ ruta^c",jyotish,0.7,auto-linked from brihat_samhita
chunk:brihat_samhita:775,mentions,element:water,brihat_samhita,775,"// 
 
95.02a dvividhaṃ kathayanti saṃsthitānām 
 
95.02b āgāmi^sthira^saṃjñitaṃ ca kāryam/ 
 
95.02c nṛpa^dūta^cara^anya",jyotish,0.7,auto-linked from brihat_samhita
chunk:brihat_samhita:776,mentions,plant:arka,brihat_samhita,776,"a// 
 
95.05a āpya^udaya^ṛkṣa^kṣaṇa^dig^jaleṣu 
 
95.05b pakṣa^avasāneṣu ca ye pradīptāḥ/ 
 
95.05c sarve +api te vṛṣṭik",jyotish,0.7,auto-linked from brihat_samhita
chunk:brihat_samhita:776,mentions,vastu:deity_yama,brihat_samhita,776,"a// 
 
95.05a āpya^udaya^ṛkṣa^kṣaṇa^dig^jaleṣu 
 
95.05b pakṣa^avasāneṣu ca ye pradīptāḥ/ 
 
95.05c sarve +api te vṛṣṭik",jyotish,0.7,auto-linked from brihat_samhita
chunk:brihat_samhita:778,mentions,plant:arka,brihat_samhita,778,"95.10d puṃsaḥ pradhānasya hi kāraṇaṃ tat// 
 
95.11ab/ prārambhamāṇeṣu[K.prārabhyamāṇeṣu] ca sarva^kāryeṣv arka^anvitād ",jyotish,0.7,auto-linked from brihat_samhita
chunk:brihat_samhita:779,mentions,graha:mangala,brihat_samhita,779,"āt]/ 
 
95.13c evaṃ proktaṃ yan mayā janmakāle 
 
95.13d cihnaṃ rūpaṃ tat tad asmin vicintyam// 
 
95.ṝ1a ataḥ paraṃ lok",jyotish,0.7,auto-linked from brihat_samhita
chunk:brihat_samhita:782,mentions,bhava:virya,brihat_samhita,782,"ātrām 
 
95.ṝ9b adhaś ca pṛṣṭha^udaya^śabditeṣu/ 
 
95.ṝ9c tīryak ca vindyād ubhaya^udaye tāṃ 
 
95.ṝ9d dīrgheṣu dīrghām",jyotish,0.7,auto-linked from brihat_samhita
chunk:brihat_samhita:789,mentions,graha:mangala,brihat_samhita,789,"95.ṝ31a kendrāṇi vā kendra^gata^aṃśakaiḥ svaiḥ 
 
95.ṝ31b pṛthak pṛthak saṃguṇitāni kṛtvā/ 
 
95.ṝ31c trikṛd^vibhaktaṃ v",jyotish,0.7,auto-linked from brihat_samhita
chunk:brihat_samhita:790,mentions,graha:mangala,brihat_samhita,790,"95.15a ka^ādyās tu vargāḥ kuja^śukra^saumya^ 
 
95.15b jīva^arkajānāṃ kramaśaḥ pradiṣṭāḥ/ 
 
95.15c varṇa^aṣṭakaṃ ya^ādi",jyotish,0.7,auto-linked from brihat_samhita
chunk:brihat_samhita:790,mentions,graha:chandra,brihat_samhita,790,"95.15a ka^ādyās tu vargāḥ kuja^śukra^saumya^ 
 
95.15b jīva^arkajānāṃ kramaśaḥ pradiṣṭāḥ/ 
 
95.15c varṇa^aṣṭakaṃ ya^ādi",jyotish,0.7,auto-linked from brihat_samhita
chunk:brihat_samhita:790,mentions,plant:arka,brihat_samhita,790,"95.15a ka^ādyās tu vargāḥ kuja^śukra^saumya^ 
 
95.15b jīva^arkajānāṃ kramaśaḥ pradiṣṭāḥ/ 
 
95.15c varṇa^aṣṭakaṃ ya^ādi",jyotish,0.7,auto-linked from brihat_samhita
chunk:brihat_samhita:795,mentions,graha:chandra,brihat_samhita,795,"ravaṇa^ādīnāṃ pāko nakṣatrāṇāṃ yathāsaṅkhyam// 
 
96.17a nigadita^samaye na dṛśyate ced 
 
96.17b adhikataraṃ dviguṇe pr",jyotish,0.7,auto-linked from brihat_samhita
chunk:brihat_samhita:795,mentions,deity:agni,brihat_samhita,795,"ravaṇa^ādīnāṃ pāko nakṣatrāṇāṃ yathāsaṅkhyam// 
 
96.17a nigadita^samaye na dṛśyate ced 
 
96.17b adhikataraṃ dviguṇe pr",jyotish,0.7,auto-linked from brihat_samhita
chunk:brihat_samhita:795,mentions,deity:rudra,brihat_samhita,795,"ravaṇa^ādīnāṃ pāko nakṣatrāṇāṃ yathāsaṅkhyam// 
 
96.17a nigadita^samaye na dṛśyate ced 
 
96.17b adhikataraṃ dviguṇe pr",jyotish,0.7,auto-linked from brihat_samhita
chunk:brihat_samhita:796,mentions,vastu:deity_yama,brihat_samhita,796,"kramaśo +aśviny^ādīnāṃ kālas tārā^pramāṇena// 
 
97.03ab/ nakṣatrajam udvāhe phalam abdais tārakā^mitaiḥ sadasat/ 
 
97.",jyotish,0.7,auto-linked from brihat_samhita
chunk:brihat_samhita:796,mentions,vastu:deity_aditi,brihat_samhita,796,"kramaśo +aśviny^ādīnāṃ kālas tārā^pramāṇena// 
 
97.03ab/ nakṣatrajam udvāhe phalam abdais tārakā^mitaiḥ sadasat/ 
 
97.",jyotish,0.7,auto-linked from brihat_samhita
chunk:brihat_samhita:796,mentions,parampara:brahma,brihat_samhita,796,"kramaśo +aśviny^ādīnāṃ kālas tārā^pramāṇena// 
 
97.03ab/ nakṣatrajam udvāhe phalam abdais tārakā^mitaiḥ sadasat/ 
 
97.",jyotish,0.7,auto-linked from brihat_samhita
chunk:brihat_samhita:797,mentions,vastu:deity_bhujaga,brihat_samhita,797,"ānti^taru^nagara^dharma^bīja^dhruva^ārambhān// 
 
97.07ab/ mūla^śiva^śakra^bhujaga^adhipāni tīkṣṇāni teṣu siddhyanti/ 
9",jyotish,0.7,auto-linked from brihat_samhita
chunk:brihat_samhita:797,mentions,nakshatra:hasta,brihat_samhita,797,"ānti^taru^nagara^dharma^bīja^dhruva^ārambhān// 
 
97.07ab/ mūla^śiva^śakra^bhujaga^adhipāni tīkṣṇāni teṣu siddhyanti/ 
9",jyotish,0.7,auto-linked from brihat_samhita
chunk:brihat_samhita:798,mentions,nakshatra:hasta,brihat_samhita,798,"v] +anūrādhā^citrā^pauṣṇa^aindavāni mitrārthe/ 
 
97.10cd/ suratavidhi^vastra^bhūṣaṇa^maṅgala^gīteṣu ca hitāni// 
 
97.1",jyotish,0.7,auto-linked from brihat_samhita
chunk:brihat_samhita:798,mentions,graha:guru,brihat_samhita,798,"v] +anūrādhā^citrā^pauṣṇa^aindavāni mitrārthe/ 
 
97.10cd/ suratavidhi^vastra^bhūṣaṇa^maṅgala^gīteṣu ca hitāni// 
 
97.1",jyotish,0.7,auto-linked from brihat_samhita
chunk:brihat_samhita:799,mentions,graha:mangala,brihat_samhita,799,"97.13b abhyakta^bhukta^raṇakāla^nirāsanānām/ 
 
97.13c sandhyā^*niśā^śani^kuja^arka^tithau[K.niśoḥ kujayamārkadine] ca r",jyotish,0.7,auto-linked from brihat_samhita
chunk:brihat_samhita:799,mentions,plant:arka,brihat_samhita,799,"97.13b abhyakta^bhukta^raṇakāla^nirāsanānām/ 
 
97.13c sandhyā^*niśā^śani^kuja^arka^tithau[K.niśoḥ kujayamārkadine] ca r",jyotish,0.7,auto-linked from brihat_samhita
chunk:brihat_samhita:800,mentions,graha:budha,brihat_samhita,800,"itra^tiṣya^tvāṣṭre tathā ca^uḍugaṇādhipa^ṛkṣe/ 
 
97.15cd/ saṃskāra^dīkṣā^vrata^mekhalādi kuryād gurau śukra^budha^induy",jyotish,0.7,auto-linked from brihat_samhita
chunk:brihat_samhita:801,mentions,vastu:deity_yama,brihat_samhita,801,"udaye ca bhavanaṃ kāryaṃ praveśo +api vā// 
 
 
 
 98 tithikarmaguṇādhyāyaḥ 
 
 
 
98.01ab/ kamalaja^vidhātṛ^hari^yama^ś",jyotish,0.7,auto-linked from brihat_samhita
chunk:brihat_samhita:802,mentions,deity:indra,brihat_samhita,802,"vatāsadṛśam// 
 
 
 
 99 karaṇaguṇādhyāyaḥ 
 
 
 
99.01ab/ vava^vālava^kaulava[K.bavabālavakaulaba]^taitila^ākhya^gara^v",jyotish,0.7,auto-linked from brihat_samhita
chunk:brihat_samhita:802,mentions,vastu:deity_mitra,brihat_samhita,802,"vatāsadṛśam// 
 
 
 
 99 karaṇaguṇādhyāyaḥ 
 
 
 
99.01ab/ vava^vālava^kaulava[K.bavabālavakaulaba]^taitila^ākhya^gara^v",jyotish,0.7,auto-linked from brihat_samhita
chunk:brihat_samhita:802,mentions,parampara:krishna,brihat_samhita,802,"vatāsadṛśam// 
 
 
 
 99 karaṇaguṇādhyāyaḥ 
 
 
 
99.01ab/ vava^vālava^kaulava[K.bavabālavakaulaba]^taitila^ākhya^gara^v",jyotish,0.7,auto-linked from brihat_samhita
chunk:brihat_samhita:802,mentions,deity:kali,brihat_samhita,802,"vatāsadṛśam// 
 
 
 
 99 karaṇaguṇādhyāyaḥ 
 
 
 
99.01ab/ vava^vālava^kaulava[K.bavabālavakaulaba]^taitila^ākhya^gara^v",jyotish,0.7,auto-linked from brihat_samhita
chunk:brihat_samhita:803,mentions,vastu:deity_mitra,brihat_samhita,803,"rīti^mitra^varaṇāni ca kaulave[K.kaulabe] syuḥ 
 
99.03d saubhāgya^saṃśraya^gṛhāṇi ca taitila^ākhye// 
 
99.04a kṛṣi^bīj",jyotish,0.7,auto-linked from brihat_samhita
chunk:brihat_samhita:804,mentions,nakshatra:hasta,brihat_samhita,804,"i[K.iṣṭa]puṣṭikaraṇaṃ maṅgalya^siddhi^kriyāḥ// 
 
99.06ab[K.omitted]/ lābhe tṛtīye ca śubhaiḥ samete pāpair vihīne śubha",jyotish,0.7,auto-linked from brihat_samhita
chunk:brihat_samhita:805,mentions,plant:arka,brihat_samhita,805,"r dvi^nava^aṣṭa^rāśi^rahite cāra^anukule ravau 
 
99.08b candre ca^arka^kuja^arki^śukra^viyute madhye +atha vā pāpayoḥ/ ",jyotish,0.7,auto-linked from brihat_samhita
chunk:brihat_samhita:805,mentions,graha:mangala,brihat_samhita,805,"r dvi^nava^aṣṭa^rāśi^rahite cāra^anukule ravau 
 
99.08b candre ca^arka^kuja^arki^śukra^viyute madhye +atha vā pāpayoḥ/ ",jyotish,0.7,auto-linked from brihat_samhita
chunk:brihat_samhita:805,mentions,vastu:deity_satya,brihat_samhita,805,"r dvi^nava^aṣṭa^rāśi^rahite cāra^anukule ravau 
 
99.08b candre ca^arka^kuja^arki^śukra^viyute madhye +atha vā pāpayoḥ/ ",jyotish,0.7,auto-linked from brihat_samhita
chunk:brihat_samhita:806,mentions,vastu:deity_satya,brihat_samhita,806,"huk paradāraratas tejasvī kṛttikāsu vikhyātaḥ/ 
 
100.02cd/ rohiṇyāṃ satya^śuciḥ priyaṃvadaḥ *sthiraḥ svarūpaś ca[K.sthi",jyotish,0.7,auto-linked from brihat_samhita
chunk:brihat_samhita:806,mentions,bhava:raudra,brihat_samhita,806,"huk paradāraratas tejasvī kṛttikāsu vikhyātaḥ/ 
 
100.02cd/ rohiṇyāṃ satya^śuciḥ priyaṃvadaḥ *sthiraḥ svarūpaś ca[K.sthi",jyotish,0.7,auto-linked from brihat_samhita
chunk:brihat_samhita:808,mentions,vastu:deity_mitra,brihat_samhita,808,"dho dyutimān vacanapaṭuḥ kalahakṛd viśākhāsu// 
 
100.09cd/ āḍhyo videśavāsī kṣudhālur aṭano +anurādhāsu// 
 
100.10ab/ ",jyotish,0.7,auto-linked from brihat_samhita
chunk:brihat_samhita:812,mentions,graha:guru,brihat_samhita,812,".01d āyuḥkṣayaṃ prakurute +atha vibhāvarīśaḥ// 
 
102.02a kurvanti bhāskara^śanaiścara^rāhu^bhaumā 
 
102.02b dāridrya^d",jyotish,0.7,auto-linked from brihat_samhita
chunk:brihat_samhita:814,mentions,graha:budha,brihat_samhita,814,"102.06c candraḥ karoti vidhavām uśanā daridrām 
 
102.06d ṛddhāṃ śaśāṅka^tanayaḥ kalahapriyāṃ ca// 
102.07a saura^āra^jī",jyotish,0.7,auto-linked from brihat_samhita
chunk:brihat_samhita:816,mentions,vastu:deity_vyaya,brihat_samhita,816,"11b putra^anvitāṃ kṣitisuto ravijo dhanāḍhyām/ 
 
102.11c āyuṣmatīṃ suraguruḥ śaśijaḥ samṛddhāṃ 
 
102.11d rāhuḥ karoty ",jyotish,0.7,auto-linked from brihat_samhita
chunk:brihat_samhita:816,mentions,vastu:deity_tithi,brihat_samhita,816,"11b putra^anvitāṃ kṣitisuto ravijo dhanāḍhyām/ 
 
102.11c āyuṣmatīṃ suraguruḥ śaśijaḥ samṛddhāṃ 
 
102.11d rāhuḥ karoty ",jyotish,0.7,auto-linked from brihat_samhita
chunk:brihat_samhita:817,mentions,vastu:deity_tithi,brihat_samhita,817,"kṣaṃ na ca tithi^karaṇaṃ naiva lagnaṃ na yogaḥ 
 
102.13d khyātaḥ puṃsāṃ sukhārthaṃ śamayati duritāny utthitaṃ gorajas t",jyotish,0.7,auto-linked from brihat_samhita
chunk:brihat_samhita:819,mentions,vastu:deity_roga,brihat_samhita,819,"tīye diśati ca na sukhaṃ vañcanāṃ dṛgrujaṃ ca/ 
 
103.05c sthānaprāptiṃ tṛtīye *dhana^nicaya^mudā kalya^kṛc[K.dhananicay",jyotish,0.7,auto-linked from brihat_samhita
chunk:brihat_samhita:820,mentions,devi:vijaya,brihat_samhita,820,"^aṣṭamasthe bhavati suvadanā na svāpi vanitā// 
 
103.07a ravāv āpaddainyaṃ rug iti navame vitta[K.citta]ceṣṭāvirodho 
 ",jyotish,0.7,auto-linked from brihat_samhita
chunk:brihat_samhita:822,mentions,dosha:pitta,brihat_samhita,822,"doṣān antye[K.ante] karoti ca[K.hi] savyayān// 
 
103.11ab/ kuje +abhighātaḥ prathame dvitīye narendrapīḍā kalahāridoṣai",jyotish,0.7,auto-linked from brihat_samhita
chunk:brihat_samhita:826,mentions,vastu:deity_mitra,brihat_samhita,826,".22a saubhāgyaṃ vijayam atha unnatiṃ ca ṣaṣṭhe 
 
103.22b vaivarṇyaṃ kalaham atīva saptame jñaḥ/ 
 
103.22c mṛtyusthe ja",jyotish,0.7,auto-linked from brihat_samhita
chunk:brihat_samhita:830,mentions,deity:rudra,brihat_samhita,830,"rabhi^manojña^gandha^kusuma^ambarair upacayam/ 
 
103.32c śayana^gṛha^āsana^aśana^yutasya ca anukurute 
 
103.32d samada",jyotish,0.7,auto-linked from brihat_samhita
chunk:brihat_samhita:830,mentions,deity:indra,brihat_samhita,830,"rabhi^manojña^gandha^kusuma^ambarair upacayam/ 
 
103.32c śayana^gṛha^āsana^aśana^yutasya ca anukurute 
 
103.32d samada",jyotish,0.7,auto-linked from brihat_samhita
chunk:brihat_samhita:831,mentions,deity:rudra,brihat_samhita,831,"samājaṃ rudra^indra^vajra^pratimāṃ ca śaktim// 
 
103.35ab/ janayati śukraḥ pañcamasaṃstho guru^paritoṣaṃ bandhujana^āpt",jyotish,0.7,auto-linked from brihat_samhita
chunk:brihat_samhita:831,mentions,deity:indra,brihat_samhita,831,"samājaṃ rudra^indra^vajra^pratimāṃ ca śaktim// 
 
103.35ab/ janayati śukraḥ pañcamasaṃstho guru^paritoṣaṃ bandhujana^āpt",jyotish,0.7,auto-linked from brihat_samhita
chunk:brihat_samhita:831,mentions,graha:guru,brihat_samhita,831,"samājaṃ rudra^indra^vajra^pratimāṃ ca śaktim// 
 
103.35ab/ janayati śukraḥ pañcamasaṃstho guru^paritoṣaṃ bandhujana^āpt",jyotish,0.7,auto-linked from brihat_samhita
chunk:brihat_samhita:831,mentions,vastu:deity_mitra,brihat_samhita,831,"samājaṃ rudra^indra^vajra^pratimāṃ ca śaktim// 
 
103.35ab/ janayati śukraḥ pañcamasaṃstho guru^paritoṣaṃ bandhujana^āpt",jyotish,0.7,auto-linked from brihat_samhita
chunk:brihat_samhita:831,mentions,vastu:deity_roga,brihat_samhita,831,"samājaṃ rudra^indra^vajra^pratimāṃ ca śaktim// 
 
103.35ab/ janayati śukraḥ pañcamasaṃstho guru^paritoṣaṃ bandhujana^āpt",jyotish,0.7,auto-linked from brihat_samhita
chunk:brihat_samhita:834,mentions,vastu:deity_roga,brihat_samhita,834,"103.43b pracura^kalaha^yuktaś ca arkaputre/ 
 
103.43c vinihata^ripu^rogaḥ ṣaṣṭhayāte 
 
103.43d pibati ca vanitā^āsyaṃ ",jyotish,0.7,auto-linked from brihat_samhita
chunk:brihat_samhita:842,mentions,deity:agni,brihat_samhita,842,".mātuṅga]puṣpa^ambara^ārambha^siddhir bhavet// 
 
103.61c kṣititanaya^dine prasiddhyanti[K.prasidhyanti] dhātvākarādīni ",jyotish,0.7,auto-linked from brihat_samhita
chunk:brihat_samhita:842,mentions,deity:durga,brihat_samhita,842,".mātuṅga]puṣpa^ambara^ārambha^siddhir bhavet// 
 
103.61c kṣititanaya^dine prasiddhyanti[K.prasidhyanti] dhātvākarādīni ",jyotish,0.7,auto-linked from brihat_samhita
chunk:brihat_samhita:844,mentions,nakshatra:chitra,brihat_samhita,844,"ita^gharma^nivāraṇa^cāmara^bhūṣaṇa^bhūpatayaḥ/ 
 
103.62c vibudha^bhavana^dharmasamāśraya^maṅgala^śāstra^manojña^balapra",jyotish,0.7,auto-linked from brihat_samhita
chunk:brihat_samhita:848,mentions,plant:lotus,brihat_samhita,848,"prabhṛti kramād upavasann aṅga^ṛkṣanāmasv api 
 
104.08d kuryāt keśava^pūjanaṃ svavidhinā dhiṣṇyasya pūjāṃ tathā// 
 
10",jyotish,0.7,auto-linked from brihat_samhita
chunk:brihat_samhita:848,mentions,graha:chandra,brihat_samhita,848,"prabhṛti kramād upavasann aṅga^ṛkṣanāmasv api 
 
104.08d kuryāt keśava^pūjanaṃ svavidhinā dhiṣṇyasya pūjāṃ tathā// 
 
10",jyotish,0.7,auto-linked from brihat_samhita
chunk:brihat_samhita:849,mentions,vastu:deity_vara,brihat_samhita,849,"nabhārā^nata^madhyā pradakṣiṇāvartayā nābhyā// 
 
104.12ab/ kadalī^kāṇḍa^nibha^ūruḥ[K.ū.ūrūḥ] suśroṇī vara^kukundarā sub",jyotish,0.7,auto-linked from brihat_samhita
chunk:brihat_samhita:852,mentions,graha:guru,brihat_samhita,852,".05b lekhyād bahuśruta^mukha^ādhigama^krameṇa/ 
 
105.05c yadvā mayā kukṛtam alpam iha^ākṛtaṃ vā 
 
105.05d kāryaṃ tad a",jyotish,0.7,auto-linked from brihat_samhita
chunk:brihat_samhita:852,mentions,graha:budha,brihat_samhita,852,".05b lekhyād bahuśruta^mukha^ādhigama^krameṇa/ 
 
105.05c yadvā mayā kukṛtam alpam iha^ākṛtaṃ vā 
 
105.05d kāryaṃ tad a",jyotish,0.7,auto-linked from brihat_samhita
chunk:brihat_samhita:855,mentions,vastu:deity_tithi,brihat_samhita,855,"ṣā mauktika^lakṣaṇam atha padmarāga^marakatayoḥ/ 
 
106.10cd/ dīpasya lakṣaṇaṃ dantadhāvanaṃ śākunaṃ miśram// 
 
106.11a",jyotish,0.7,auto-linked from brihat_samhita
chunk:surya_siddhanta:0,mentions,graha:surya,surya_siddhanta,0,"Suryasiddhanta 
 
 
 

Suryasiddhanta 
 
Input by Michio Yano 
version 1.00 February 13,2002 
 
Texts used in this e-ver",jyotish,0.7,auto-linked from surya_siddhanta
chunk:surya_siddhanta:0,mentions,deity:krishna,surya_siddhanta,0,"Suryasiddhanta 
 
 
 

Suryasiddhanta 
 
Input by Michio Yano 
version 1.00 February 13,2002 
 
Texts used in this e-ver",jyotish,0.7,auto-linked from surya_siddhanta
chunk:surya_siddhanta:0,mentions,graha:chandra,surya_siddhanta,0,"Suryasiddhanta 
 
 
 

Suryasiddhanta 
 
Input by Michio Yano 
version 1.00 February 13,2002 
 
Texts used in this e-ver",jyotish,0.7,auto-linked from surya_siddhanta
chunk:surya_siddhanta:87,mentions,deity:brahma,surya_siddhanta,87,"śṛṇuṣvaikamanā bhūtvā guhyam adhyātma saṃjñitam/ 
12.11b: pravakṣyāmy atibhaktānāṃ nādeyaṃ vidyate mama// 
 
12.12a: vās",jyotish,0.7,auto-linked from surya_siddhanta
chunk:surya_siddhanta:87,mentions,nakshatra:purva_ashadha,surya_siddhanta,87,"śṛṇuṣvaikamanā bhūtvā guhyam adhyātma saṃjñitam/ 
12.11b: pravakṣyāmy atibhaktānāṃ nādeyaṃ vidyate mama// 
 
12.12a: vās",jyotish,0.7,auto-linked from surya_siddhanta
chunk:surya_siddhanta:105,mentions,tala:tisra,surya_siddhanta,105,"dinakarasya karaprasāraH// 
 
 
[jyotiṣopaniṣad] 
13.01a: atha gupte śucau deśe snātaH śucir alaṅkṛtaH/ 
13.01b: sampūjy",jyotish,0.7,auto-linked from surya_siddhanta
chunk:surya_siddhanta:106,mentions,tala:tisra,surya_siddhanta,106,"bhagaṇāṃśāṅgulaiH kāryā dalitais tisra eva tāH/ 
13.05b: svāhorātrārdhakarṇaiś ca tatpramāṇānumānataH// 
 
13.06a: krānt",jyotish,0.7,auto-linked from surya_siddhanta
chunk:gheranda_samhita:27,mentions,bija:bija_master_2,gheranda_samhita,27,".1! 
 viparītakaraṇī yonir vajrolī śakticālanī ! 
 taḍāgī māṇḍukī mudrā śāṃbhavī pañcadhāraṇā !!3.2! 
 aśvinī pāśinī kāk",yoga,0.7,auto-linked from gheranda_samhita
chunk:gheranda_samhita:40,mentions,devi:nitya,gheranda_samhita,40,"mukhaṃ saṃmudritaṃ kṛtvā jihvāmūlaṃ pracālayet ! 
 śanair grased amṛtaṃ tan māṇḍukīṃ mudrikāṃ viduḥ !!3.62! 
 valitaṃ pa",yoga,0.7,auto-linked from gheranda_samhita
chunk:gheranda_samhita:40,mentions,parampara:brahma,gheranda_samhita,40,"mukhaṃ saṃmudritaṃ kṛtvā jihvāmūlaṃ pracālayet ! 
 śanair grased amṛtaṃ tan māṇḍukīṃ mudrikāṃ viduḥ !!3.62! 
 valitaṃ pa",yoga,0.7,auto-linked from gheranda_samhita
chunk:gheranda_samhita:41,mentions,deity:brahma,gheranda_samhita,41,"yaṃ satyaṃ punaḥ satyaṃ satyam uktaṃ maheśvara ! 
 śāṃbhavīṃ yo vijānīyāt sa ca brahma na cānyathā !!3.67! 
 kathitā śāṃ",yoga,0.7,auto-linked from gheranda_samhita
chunk:gheranda_samhita:43,mentions,deity:indra,gheranda_samhita,43,"ddhihāniḥ syāt satyaṃ vacmi ca tattvataḥ !!3.74! 
 yan nābhisthitam indra=gopasadṛśaṃ bījatrikoṇānvitaṃ @ ! 
 tattvaṃ te",yoga,0.7,auto-linked from gheranda_samhita
chunk:gheranda_samhita:74,mentions,deity:brahma,gheranda_samhita,74,"apāparimāṇe @ ca yāvat siddhiḥ prajāyate !!5.98! 
 prāṇāyāmaṃ kevalīṃ nāma tadā vadati yogavit ! 
 kumbhake kevale siddh",yoga,0.7,auto-linked from gheranda_samhita
chunk:gheranda_samhita:77,mentions,deity:brahma,gheranda_samhita,77,"tropari haṃsayugmaṃ pādukā tatra vartate !!6.12! 
 dhyāyettatra guruṃ devaṃ vibhujaṃ ca trilocanam ! 
 śvetāmbaradharaṃ ",yoga,0.7,auto-linked from gheranda_samhita
chunk:gheranda_samhita:80,mentions,deity:brahma,gheranda_samhita,80,"a yogī ! 
 suśobhanābhyāsam upaiti sadyaḥ !!7.2! 
 ghaṭād bhinnaṃ manaḥ kṛtvā aikyaṃ kuryāt parātmani ! 
 samādhiṃ taṃ v",yoga,0.7,auto-linked from gheranda_samhita
chunk:gheranda_samhita:80,mentions,yantra:bindu,gheranda_samhita,80,"a yogī ! 
 suśobhanābhyāsam upaiti sadyaḥ !!7.2! 
 ghaṭād bhinnaṃ manaḥ kṛtvā aikyaṃ kuryāt parātmani ! 
 samādhiṃ taṃ v",yoga,0.7,auto-linked from gheranda_samhita
chunk:gheranda_samhita:83,mentions,deity:brahma,gheranda_samhita,83,"iti te kathitaṃ caṇḍa samādhir muktilakṣaṇam ! 
 rājayogaḥ samādhiḥ syād ekātmany eva sādhanam ! 
 unmanī sahajāvasthā s",yoga,0.7,auto-linked from gheranda_samhita
chunk:hatha_yoga_pradipika:3,mentions,devi:nitya,hatha_yoga_pradipika,3,"bhrāntyā bahumata-dhvānte rāja-yogam ajānatām / 
haṭha-pradīpikāṃ dhatte svātmārāmaḥ kṛpākaraḥ // HYP_1.3 // 
haṭha-vidy",yoga,0.7,auto-linked from hatha_yoga_pradipika
chunk:hatha_yoga_pradipika:4,mentions,element:water,hatha_yoga_pradipika,4,"allāmaḥ prabhudevaś ca ghoḍā colī ca ṭiṃṭiṇiḥ / 
bhānukī nāradevaś ca khaṇḍaḥ kāpālikas tathā // HYP_1.8 // 
ity ādayo m",yoga,0.7,auto-linked from hatha_yoga_pradipika
chunk:hatha_yoga_pradipika:6,mentions,vastu:deity_yama,hatha_yoga_pradipika,6,"hāt sāhasād dhairyāt tattva-jñānāś ca niścayāt / 
jana-saṅga-parityāgāt ṣaḍbhir yogaḥ prasiddhyati // HYP_1.16 // 
 
ath",yoga,0.7,auto-linked from hatha_yoga_pradipika
chunk:hatha_yoga_pradipika:9,mentions,graha:chandra,hatha_yoga_pradipika,9,"-khaṇḍanāstram / 
abhyāsataḥ kuṇḍalinī-prabodhaṃ 
candra-sthiratvaṃ ca dadāti puṃsām // HYP_1.29 // 
prasārya pādau bhuv",yoga,0.7,auto-linked from hatha_yoga_pradipika
chunk:hatha_yoga_pradipika:11,mentions,vastu:deity_yoni,hatha_yoga_pradipika,11,"dhāsane sadā // HYP_1.36 // 
 
atha siddhāsanam- 
yoni-sthānakam aṅghri-mūla-ghaṭitaṃ kṛtvā dṛḍhaṃ vinyaset 
meṇḍhre pād",yoga,0.7,auto-linked from hatha_yoga_pradipika
chunk:hatha_yoga_pradipika:17,mentions,rasa:amla,hatha_yoga_pradipika,17,"susnigdha-madhurāhāraś caturthāṃśa-vivarjitaḥ / 
bhujyate śiva-samprītyai mitāhāraḥ sa ucyate // HYP_1.60 // 
 
kaṭvāmla",yoga,0.7,auto-linked from hatha_yoga_pradipika
chunk:hatha_yoga_pradipika:23,mentions,vastu:deity_roga,hatha_yoga_pradipika,23,"dṛḍhībhūte na tādṛṅ-niyama-grahaḥ // HYP_2.14 // 
yathā siṃho gajo vyāghro bhaved vaśyaḥ śanaiḥ śanaiḥ / 
tathaiva sevit",yoga,0.7,auto-linked from hatha_yoga_pradipika
chunk:hatha_yoga_pradipika:25,mentions,nakshatra:hasta,hatha_yoga_pradipika,25,"yogi-puṅgavaiḥ // HYP_2.23 // 
 
tatra dhautiḥ- 
catur-aṅgula-vistāraṃ hasta-pañca-daśāyatam / 
gurūpadiṣṭa-mārgeṇa sikt",yoga,0.7,auto-linked from hatha_yoga_pradipika
chunk:hatha_yoga_pradipika:25,mentions,dosha:pitta,hatha_yoga_pradipika,25,"yogi-puṅgavaiḥ // HYP_2.23 // 
 
tatra dhautiḥ- 
catur-aṅgula-vistāraṃ hasta-pañca-daśāyatam / 
gurūpadiṣṭa-mārgeṇa sikt",yoga,0.7,auto-linked from hatha_yoga_pradipika
chunk:hatha_yoga_pradipika:26,mentions,element:water,hatha_yoga_pradipika,26,"a-prabhāveṇa kṣīyante sakalāmayāḥ // HYP_2.27 // 
dhāntvadriyāntaḥ-karaṇa-prasādaṃ 
dadhāc ca kāntiṃ dahana-pradīptam / ",yoga,0.7,auto-linked from hatha_yoga_pradipika
chunk:hatha_yoga_pradipika:27,mentions,dosha:kapha,hatha_yoga_pradipika,27,"aryantam ācāryais trāṭakaṃ smṛtam // HYP_2.31 // 
mocanaṃ netra-rogāṇāṃ tandādrīṇāṃ kapāṭakam / 
yatnatas trāṭakaṃ gopya",yoga,0.7,auto-linked from hatha_yoga_pradipika
chunk:hatha_yoga_pradipika:28,mentions,dosha:kapha,hatha_yoga_pradipika,28,"ir vikhyātā kapha-doṣa-viśoṣaṇī // HYP_2.35 // 
 
ṣaṭ-karma-nirgata-sthaulya-kapha-doṣa-malādikaḥ / 
prāṇāyāmaṃ tataḥ ku",yoga,0.7,auto-linked from hatha_yoga_pradipika
chunk:hatha_yoga_pradipika:30,mentions,deity:brahma,hatha_yoga_pradipika,30,"āpnuyāt // HYP_2.43 // 
 
atha kumbhaka-bhedāḥ-- 
sūrya-bhedanam ujjāyī sītkārī śītalī tathā / 
bhastrikā bhrāmarī mūrcc",yoga,0.7,auto-linked from hatha_yoga_pradipika
chunk:hatha_yoga_pradipika:34,mentions,dosha:pitta,hatha_yoga_pradipika,34,"rayec cāpi hṛt-padmāvadhi mārutam // HYP_2.61 // 
punar virecayet tadvat pūrayec ca punaḥ punaḥ / 
yathaiva lohakāreṇa b",yoga,0.7,auto-linked from hatha_yoga_pradipika
chunk:hatha_yoga_pradipika:35,mentions,deity:brahma,hatha_yoga_pradipika,35,"uṇḍalī bodhakaṃ kṣipraṃ pavanaṃ sukhadaṃ hitam / 
brahma-nāḍī-mukhe saṃstha-kaphādy-argala-nāśanam // HYP_2.66 // 
samya",yoga,0.7,auto-linked from hatha_yoga_pradipika
chunk:hatha_yoga_pradipika:37,mentions,yantra:bindu,hatha_yoga_pradipika,37,"-kumbhena yatheṣṭaṃ vāyu-dhāraṇāt // HYP_2.74 // 
rāja-yoga-padaṃ cāpi labhate nātra saṃśayaḥ / 
kumbhakāt kuṇḍalī-bodha",yoga,0.7,auto-linked from hatha_yoga_pradipika
chunk:hatha_yoga_pradipika:38,mentions,graha:guru,hatha_yoga_pradipika,38,"viśuddhir haṭha-siddhi-lakṣaṇam // HYP_2.78 // 
 
iti haṭha-pradīpikāyāṃ dvitīyopadeśaḥ / 
 
 
tṛtīyopadeśaḥ 
 
sa-śaila",yoga,0.7,auto-linked from hatha_yoga_pradipika
chunk:hatha_yoga_pradipika:38,mentions,deity:brahma,hatha_yoga_pradipika,38,"viśuddhir haṭha-siddhi-lakṣaṇam // HYP_2.78 // 
 
iti haṭha-pradīpikāyāṃ dvitīyopadeśaḥ / 
 
 
tṛtīyopadeśaḥ 
 
sa-śaila",yoga,0.7,auto-linked from hatha_yoga_pradipika
chunk:hatha_yoga_pradipika:39,mentions,deity:brahma,hatha_yoga_pradipika,39,"tasmāt sarva-prayatnena prabodhayitum īśvarīm / 
brahma-dvāra-mukhe suptāṃ mudrābhyāsaṃ samācaret // HYP_3.5 // 
mahāmud",yoga,0.7,auto-linked from hatha_yoga_pradipika
chunk:hatha_yoga_pradipika:42,mentions,vastu:deity_yoni,hatha_yoga_pradipika,42,"ya kasyacit // HYP_3.18 // 
 
atha mahā-bandhaḥ- 
pārṣṇiṃ vāmasya pādasya yoni-sthāne niyojayet / 
vāmorūpari saṃsthāpya",yoga,0.7,auto-linked from hatha_yoga_pradipika
chunk:hatha_yoga_pradipika:43,mentions,nakshatra:hasta,hatha_yoga_pradipika,43,"ayaṃ tu sarva-nāḍīnām ūrdhvaṃ gati-nirodhakaḥ / 
ayaṃ khalu mahā-bandho mahā-siddhi-pradāyakaḥ // HYP_3.23 // 
kāla-pāśa",yoga,0.7,auto-linked from hatha_yoga_pradipika
chunk:hatha_yoga_pradipika:44,mentions,vastu:deity_soma,hatha_yoga_pradipika,44,"tikramya vāyuḥ sphurati madhyagaḥ // HYP_3.27 // 
soma-sūryāgni-sambandho jāyate cāmṛtāya vai / 
mṛtāvasthā samutpannā t",yoga,0.7,auto-linked from hatha_yoga_pradipika
chunk:hatha_yoga_pradipika:47,mentions,vastu:deity_yoni,hatha_yoga_pradipika,47,"cittaṃ carati khe yasmāj jihvā carati khe gatā / 
tenaiṣā khecarī nāma mudrā siddhair nirūpitā // HYP_3.41 // 
khecaryā ",yoga,0.7,auto-linked from hatha_yoga_pradipika
chunk:hatha_yoga_pradipika:47,mentions,vastu:deity_soma,hatha_yoga_pradipika,47,"cittaṃ carati khe yasmāj jihvā carati khe gatā / 
tenaiṣā khecarī nāma mudrā siddhair nirūpitā // HYP_3.41 // 
khecaryā ",yoga,0.7,auto-linked from hatha_yoga_pradipika
chunk:hatha_yoga_pradipika:48,mentions,vastu:deity_soma,hatha_yoga_pradipika,48,"i daṣṭasya viṣaṃ tasya na sarpati // HYP_3.45 // 
indhanāni yathā vahnis taila-varti ca dīpakaḥ / 
tathā soma-kalā-pūrṇa",yoga,0.7,auto-linked from hatha_yoga_pradipika
chunk:hatha_yoga_pradipika:53,mentions,deity:brahma,hatha_yoga_pradipika,53,"/ 
apāna-prāṇayor aikyaṃ kṣayo mūtra-purīṣayoḥ / 
yuvā bhavati vṛddho'pi satataṃ mūla-bandhanāt // HYP_3.65 // 
apāna ūr",yoga,0.7,auto-linked from hatha_yoga_pradipika
chunk:hatha_yoga_pradipika:56,mentions,graha:guru,hatha_yoga_pradipika,56,"jñeyaṃ na tu śāstrārtha-koṭibhiḥ // HYP_3.78 // 
ūrdhva-nābher adhas tālor ūrdhvaṃ bhānur adhaḥ śaśī / 
karaṇī viparītāk",yoga,0.7,auto-linked from hatha_yoga_pradipika
chunk:hatha_yoga_pradipika:58,mentions,yantra:bindu,hatha_yoga_pradipika,58,"nārī-bhage padad-bindum abhyāsenordhvam āharet / 
calitaṃ ca nijaṃ bindum ūrdhvam ākṛṣya rakṣayet // HYP_3.87 // 
evaṃ s",yoga,0.7,auto-linked from hatha_yoga_pradipika
chunk:hatha_yoga_pradipika:62,mentions,deity:brahma,hatha_yoga_pradipika,62,"udghāṭayet kapāṭaṃ tu yathā kuṃcikayā haṭhāt / 
kuṇḍalinyā tathā yogī mokṣadvāraṃ vibhedayet // HYP_3.105 // 
yena mārge",yoga,0.7,auto-linked from hatha_yoga_pradipika
chunk:hatha_yoga_pradipika:65,mentions,vastu:deity_yama,hatha_yoga_pradipika,65,"rāṇo'yaṃ suṣumṇāṃ vrajati svataḥ // HYP_3.118 // 
tasmāt saṃcālayen nityaṃ sukha-suptām arundhatīm / 
tasyāḥ saṃcālanena",yoga,0.7,auto-linked from hatha_yoga_pradipika
chunk:hatha_yoga_pradipika:67,mentions,yantra:bindu,hatha_yoga_pradipika,67,"// 
iti mudrā daśa proktā ādināthena śambhunā / 
ekaikā tāsu yamināṃ mahā-siddhi-pradāyinī // HYP_3.128 // 
upadeśaṃ hi ",yoga,0.7,auto-linked from hatha_yoga_pradipika
chunk:hatha_yoga_pradipika:69,mentions,graha:guru,hatha_yoga_pradipika,69,"at-samaṃ ca dvayor aikyaṃ jīvātma-paramātmanoḥ / 
pranaṣṭa-sarva-saṅkalpaḥ samādhiḥ so'bhidhīyate // HYP_4.7 // 
rāja-yo",yoga,0.7,auto-linked from hatha_yoga_pradipika
chunk:hatha_yoga_pradipika:71,mentions,deity:brahma,hatha_yoga_pradipika,71,"tvā suṣumṇāsad-bhedaṃ kṛtvā vāyuṃ ca madhyagam / 
sthitvā sadaiva susthāne brahma-randhre nirodhayet // HYP_4.16 // 
sūr",yoga,0.7,auto-linked from hatha_yoga_pradipika
chunk:hatha_yoga_pradipika:73,mentions,yantra:bindu,hatha_yoga_pradipika,73,"d aparasya nāśa 
eka-pravṛtter apara-pravṛttiḥ / 
adhvas tayoś cendriya-varga-vṛttiḥ 
pradhvas tayor mokṣa-padasya siddh",yoga,0.7,auto-linked from hatha_yoga_pradipika
chunk:hatha_yoga_pradipika:82,mentions,graha:chandra,hatha_yoga_pradipika,82,"evaṃ nānā-vidhopāyāḥ samyak svānubhavānvitāḥ / 
samādhi-mārgāḥ kathitāḥ pūrvācāryair mahātmabhiḥ // HYP_4.63 // 
suṣumṇā",yoga,0.7,auto-linked from hatha_yoga_pradipika
chunk:hatha_yoga_pradipika:83,mentions,deity:brahma,hatha_yoga_pradipika,83,"e karṇe nādam antāstham ekadhīḥ // HYP_4.67 // 
 
śravaṇa-puṭa-nayana-yugala- 
ghrāṇa-mukhānāṃ nirodhanaṃ kāryam / 
śudd",yoga,0.7,auto-linked from hatha_yoga_pradipika
chunk:hatha_yoga_pradipika:84,mentions,deity:rudra,hatha_yoga_pradipika,84,"gavān bhavet // HYP_4.71 // 
 
atha ghaṭāvasthā- 
dvitīyāyāṃ ghaṭīkṛtya vāyur bhavati madhyagaḥ / 
dṛḍhāsano bhaved yogī",yoga,0.7,auto-linked from hatha_yoga_pradipika
chunk:hatha_yoga_pradipika:90,mentions,deity:brahma,hatha_yoga_pradipika,90,"artitaṃ cittaṃ nādena saha līyate // HYP_4.98 // 
ghaṇṭādināda-sakta-stabdhāntaḥ-karaṇa-hariṇasya / 
praharaṇam api suka",yoga,0.7,auto-linked from hatha_yoga_pradipika
chunk:yoga_sutras:2,mentions,deity:rama,yoga_sutras,2,"āda. Critically edited with introduction by .... 
Polakam Sri Rama Sastri .... and S. R. Krishnamurthi Sastri. Madras: 
",yoga,0.7,auto-linked from yoga_sutras
chunk:yoga_sutras:7,mentions,bhava:virya,yoga_sutras,7,"bhava-pratyayo videha-prakṛti-layānām ||1.19|| 
śraddhā-vīrya-smṛti-samādhi-prajñā-pūrvaka itareṣām ||1.20|| 
tīvra-saṃv",yoga,0.7,auto-linked from yoga_sutras
chunk:yoga_sutras:11,mentions,devi:nitya,yoga_sutras,11,"hi-bhāvanārthaḥ kleśa-tanūkaraṇārthaś ca ||2.2|| 
avidyāsmitā-rāga-dveṣābhiniveśāḥ kleśāḥ [ ] ||2.3|| 
avidyā kṣetram ut",yoga,0.7,auto-linked from yoga_sutras
chunk:yoga_sutras:13,mentions,vastu:deity_yama,yoga_sutras,13,"ṭam apy anaṣṭaṃ tad, anya-sādhāraṇatvāt ||2.22|| 
sva-svāmi-śaktyoḥ sva-rūpopalabdhi-hetuḥ saṃyogaḥ ||2.23|| 
tasya hetu",yoga,0.7,auto-linked from yoga_sutras
chunk:yoga_sutras:14,mentions,vastu:deity_satya,yoga_sutras,14,"avacchinnāḥ [ ] sārvabhaumā mahā-vratam ||2.31|| 
śauca-saṃtoṣa-tapaḥ-svādhyāyeśvara-praṇidhānāni niyamāḥ ||2.32|| 
vita",yoga,0.7,auto-linked from yoga_sutras
chunk:yoga_sutras:14,mentions,bhava:virya,yoga_sutras,14,"avacchinnāḥ [ ] sārvabhaumā mahā-vratam ||2.31|| 
śauca-saṃtoṣa-tapaḥ-svādhyāyeśvara-praṇidhānāni niyamāḥ ||2.32|| 
vita",yoga,0.7,auto-linked from yoga_sutras
chunk:yoga_sutras:15,mentions,guna:sattva,yoga_sutras,15,"graha-sthairye janma-kathaṃtā-saṃbodhaḥ ||2.39|| 
śaucāt svāṅga-jugupsā parair asaṃsargaḥ ||2.40|| 
sattva-śuddhi-sauman",yoga,0.7,auto-linked from yoga_sutras
chunk:yoga_sutras:20,mentions,guna:sattva,yoga_sutras,20,".29|| 
kaṇṭha-kūpe kṣut-pipāsā-nivṛttiḥ ||3.30|| 
kūrma-nāḍyāṃ sthairyam ||3.31|| mūrdha-jyotiṣi siddha-darśanam ||3.32|",yoga,0.7,auto-linked from yoga_sutras
chunk:yoga_sutras:20,mentions,element:water,yoga_sutras,20,".29|| 
kaṇṭha-kūpe kṣut-pipāsā-nivṛttiḥ ||3.30|| 
kūrma-nāḍyāṃ sthairyam ||3.31|| mūrdha-jyotiṣi siddha-darśanam ||3.32|",yoga,0.7,auto-linked from yoga_sutras
chunk:yoga_sutras:22,mentions,guna:sattva,yoga_sutras,22,"ṃ [ ] vikaraṇa-bhāvaḥ pradhāna-jayaś ca ||3.48|| 
sattva-puruṣānyatā-khyāti-mātrasya sarva-bhāvādhiṣṭhātṛtvaṃsarva-jñātṛ",yoga,0.7,auto-linked from yoga_sutras
